Freq,Level
20.000000,-42.702549
21.000000,-41.013205
22.000000,-39.402464
23.000000,-37.863336
24.000000,-36.389723
25.000000,-34.976274
26.000000,-33.618270
27.000000,-32.311523
28.000000,-31.052305
29.000000,-29.837279
30.000000,-28.663449
31.000000,-27.528111
32.000000,-26.428823
33.000000,-25.363364
34.000000,-24.329715
35.000000,-23.326030
36.000000,-22.350623
37.000000,-21.401942
38.000000,-20.478563
39.000000,-19.579170
40.000000,-18.702549
41.000000,-17.847575
42.000000,-17.013205
43.000000,-16.198469
44.000000,-15.402464
45.000000,-14.624349
46.000000,-13.863336
47.000000,-13.118690
48.000000,-12.389723
49.000000,-11.675787
50.000000,-10.976274
51.000000,-10.290615
52.000000,-9.618270
53.000000,-8.958732
54.000000,-8.311523
55.000000,-7.676190
56.000000,-7.052305
57.000000,-6.439462
58.000000,-5.837279
59.000000,-5.245390
60.000000,-4.663449
61.000000,-4.091127
62.000000,-3.528111
63.000000,-2.974105
64.000000,-2.428823
65.000000,-1.891995
66.000000,-1.363364
67.000000,-0.842682
68.000000,-0.329715
69.000000,0.175764
70.000000,0.673970
71.000000,1.165108
72.000000,1.649377
73.000000,2.126967
74.000000,2.598058
75.000000,3.062826
76.000000,3.521437
77.000000,3.974054
78.000000,4.420830
79.000000,4.861915
80.000000,5.297451
81.000000,5.727577
82.000000,6.152425
83.000000,6.572124
84.000000,6.986795
85.000000,7.396560
86.000000,7.801531
87.000000,8.201821
88.000000,8.597536
89.000000,8.988780
90.000000,9.375651
91.000000,9.758249
92.000000,10.136664
93.000000,10.510989
94.000000,10.881310
95.000000,11.247712
96.000000,11.610277
97.000000,11.969085
98.000000,12.324213
99.000000,12.675736
100.000000,13.023726
101.000000,13.368253
102.000000,13.709385
103.000000,14.047190
104.000000,14.381730
105.000000,14.713070
106.000000,15.041268
107.000000,15.366385
108.000000,15.688477
109.000000,16.007601
110.000000,16.323810
111.000000,16.637158
112.000000,16.947695
113.000000,17.255472
114.000000,17.560538
115.000000,17.862938
116.000000,18.162721
117.000000,18.459930
118.000000,18.754610
119.000000,19.046803
120.000000,19.336551
121.000000,19.623895
122.000000,19.908873
123.000000,20.191525
124.000000,20.471889
125.000000,20.750000
126.000000,21.025895
127.000000,21.299610
128.000000,21.571177
129.000000,21.840631
130.000000,22.108005
131.000000,22.373329
132.000000,22.636636
133.000000,22.897956
134.000000,23.157318
135.000000,23.414751
136.000000,23.670285
137.000000,23.923947
138.000000,24.175764
139.000000,24.425763
140.000000,24.673970
141.000000,24.920410
142.000000,25.165108
143.000000,25.408089
144.000000,25.649377
145.000000,25.888995
146.000000,26.126967
147.000000,26.363313
148.000000,26.598058
149.000000,26.831222
150.000000,27.062826
151.000000,27.292891
152.000000,27.521437
153.000000,27.748485
154.000000,27.974054
155.000000,28.198163
156.000000,28.420830
157.000000,28.642075
158.000000,28.861915
159.000000,29.080368
160.000000,29.297451
161.000000,29.513182
162.000000,29.727577
163.000000,29.940653
164.000000,30.152425
165.000000,30.362910
166.000000,30.572124
167.000000,30.780080
168.000000,30.986795
169.000000,31.192284
170.000000,31.396560
171.000000,31.599638
172.000000,31.801531
173.000000,32.002255
174.000000,32.201821
175.000000,32.400244
176.000000,32.597536
177.000000,32.793710
178.000000,32.988780
179.000000,33.182756
180.000000,33.375651
181.000000,33.567478
182.000000,33.758249
183.000000,33.947973
184.000000,34.136664
185.000000,34.324332
186.000000,34.510989
187.000000,34.696644
188.000000,34.881310
189.000000,35.064995
190.000000,35.247712
191.000000,35.429469
192.000000,35.610277
193.000000,35.790146
194.000000,35.969085
195.000000,36.147105
196.000000,36.324213
197.000000,36.500421
198.000000,36.675736
199.000000,36.850168
200.000000,37.023726
201.000000,37.196418
202.000000,37.368253
203.000000,37.539239
204.000000,37.709385
205.000000,37.878700
206.000000,38.047190
207.000000,38.214864
208.000000,38.381730
209.000000,38.547796
210.000000,38.713070
211.000000,38.877558
212.000000,39.041268
213.000000,39.204208
214.000000,39.366385
215.000000,39.527806
216.000000,39.688477
217.000000,39.848407
218.000000,40.007601
219.000000,40.166067
220.000000,40.323810
221.000000,40.480839
222.000000,40.637158
223.000000,40.792775
224.000000,40.947695
225.000000,41.101926
226.000000,41.255472
227.000000,41.408341
228.000000,41.560538
229.000000,41.712068
230.000000,41.862938
231.000000,42.013154
232.000000,42.162721
233.000000,42.311645
234.000000,42.459930
235.000000,42.607584
236.000000,42.754610
237.000000,42.901015
238.000000,43.046803
239.000000,43.191981
240.000000,43.336551
241.000000,43.480521
242.000000,43.623895
243.000000,43.766677
244.000000,43.908873
245.000000,44.050488
246.000000,44.191525
247.000000,44.331991
248.000000,44.471889
249.000000,44.611224
250.000000,44.750000
251.000000,44.747236
252.000000,44.744482
253.000000,44.741740
254.000000,44.739008
255.000000,44.736287
256.000000,44.733576
257.000000,44.730877
258.000000,44.728187
259.000000,44.725508
260.000000,44.722840
261.000000,44.720182
262.000000,44.717533
263.000000,44.714895
264.000000,44.712267
265.000000,44.709649
266.000000,44.707041
267.000000,44.704442
268.000000,44.701854
269.000000,44.699275
270.000000,44.696705
271.000000,44.694145
272.000000,44.691594
273.000000,44.689053
274.000000,44.686521
275.000000,44.683998
276.000000,44.681485
277.000000,44.678980
278.000000,44.676485
279.000000,44.673998
280.000000,44.671521
281.000000,44.669052
282.000000,44.666592
283.000000,44.664141
284.000000,44.661698
285.000000,44.659264
286.000000,44.656838
287.000000,44.654421
288.000000,44.652012
289.000000,44.649612
290.000000,44.647220
291.000000,44.644836
292.000000,44.642461
293.000000,44.640093
294.000000,44.637734
295.000000,44.635382
296.000000,44.633039
297.000000,44.630703
298.000000,44.628376
299.000000,44.626056
300.000000,44.623743
301.000000,44.621439
302.000000,44.619142
303.000000,44.616853
304.000000,44.614571
305.000000,44.612297
306.000000,44.610030
307.000000,44.607771
308.000000,44.605519
309.000000,44.603274
310.000000,44.601037
311.000000,44.598806
312.000000,44.596583
313.000000,44.594367
314.000000,44.592158
315.000000,44.589957
316.000000,44.587762
317.000000,44.585574
318.000000,44.583393
319.000000,44.581218
320.000000,44.579051
321.000000,44.576890
322.000000,44.574736
323.000000,44.572589
324.000000,44.570448
325.000000,44.568314
326.000000,44.566187
327.000000,44.564066
328.000000,44.561951
329.000000,44.559843
330.000000,44.557742
331.000000,44.555647
332.000000,44.553558
333.000000,44.551475
334.000000,44.549398
335.000000,44.547328
336.000000,44.545264
337.000000,44.543206
338.000000,44.541154
339.000000,44.539109
340.000000,44.537069
341.000000,44.535035
342.000000,44.533007
343.000000,44.530985
344.000000,44.528969
345.000000,44.526959
346.000000,44.524955
347.000000,44.522956
348.000000,44.520964
349.000000,44.518977
350.000000,44.516995
351.000000,44.515019
352.000000,44.513049
353.000000,44.511085
354.000000,44.509126
355.000000,44.507172
356.000000,44.505224
357.000000,44.503282
358.000000,44.501345
359.000000,44.499413
360.000000,44.497487
361.000000,44.495566
362.000000,44.493650
363.000000,44.491740
364.000000,44.489835
365.000000,44.487935
366.000000,44.486041
367.000000,44.484151
368.000000,44.482267
369.000000,44.480387
370.000000,44.478513
371.000000,44.476644
372.000000,44.474780
373.000000,44.472921
374.000000,44.471067
375.000000,44.469218
376.000000,44.467374
377.000000,44.465535
378.000000,44.463700
379.000000,44.461871
380.000000,44.460046
381.000000,44.458226
382.000000,44.456411
383.000000,44.454600
384.000000,44.452794
385.000000,44.450993
386.000000,44.449197
387.000000,44.447405
388.000000,44.445618
389.000000,44.443836
390.000000,44.442058
391.000000,44.440285
392.000000,44.438516
393.000000,44.436751
394.000000,44.434992
395.000000,44.433236
396.000000,44.431485
397.000000,44.429739
398.000000,44.427997
399.000000,44.426259
400.000000,44.424525
401.000000,44.422796
402.000000,44.421072
403.000000,44.419351
404.000000,44.417635
405.000000,44.415923
406.000000,44.414215
407.000000,44.412512
408.000000,44.410812
409.000000,44.409117
410.000000,44.407426
411.000000,44.405739
412.000000,44.404056
413.000000,44.402377
414.000000,44.400703
415.000000,44.399032
416.000000,44.397365
417.000000,44.395703
418.000000,44.394044
419.000000,44.392389
420.000000,44.390739
421.000000,44.389092
422.000000,44.387449
423.000000,44.385810
424.000000,44.384175
425.000000,44.382543
426.000000,44.380916
427.000000,44.379292
428.000000,44.377672
429.000000,44.376056
430.000000,44.374444
431.000000,44.372835
432.000000,44.371230
433.000000,44.369629
434.000000,44.368032
435.000000,44.366438
436.000000,44.364848
437.000000,44.363262
438.000000,44.361679
439.000000,44.360099
440.000000,44.358524
441.000000,44.356952
442.000000,44.355383
443.000000,44.353818
444.000000,44.352257
445.000000,44.350699
446.000000,44.349145
447.000000,44.347594
448.000000,44.346046
449.000000,44.344502
450.000000,44.342961
451.000000,44.341424
452.000000,44.339891
453.000000,44.338360
454.000000,44.336833
455.000000,44.335310
456.000000,44.333789
457.000000,44.332272
458.000000,44.330759
459.000000,44.329248
460.000000,44.327741
461.000000,44.326237
462.000000,44.324737
463.000000,44.323240
464.000000,44.321746
465.000000,44.320255
466.000000,44.318767
467.000000,44.317283
468.000000,44.315801
469.000000,44.314323
470.000000,44.312848
471.000000,44.311376
472.000000,44.309908
473.000000,44.308442
474.000000,44.306980
475.000000,44.305520
476.000000,44.304064
477.000000,44.302611
478.000000,44.301160
479.000000,44.299713
480.000000,44.298269
481.000000,44.296828
482.000000,44.295390
483.000000,44.293954
484.000000,44.292522
485.000000,44.291093
486.000000,44.289666
487.000000,44.288243
488.000000,44.286823
489.000000,44.285405
490.000000,44.283990
491.000000,44.282578
492.000000,44.281169
493.000000,44.279763
494.000000,44.278360
495.000000,44.276960
496.000000,44.275562
497.000000,44.274167
498.000000,44.272776
499.000000,44.271386
500.000000,44.270000
501.000000,44.286546
502.000000,44.303058
503.000000,44.319538
504.000000,44.335985
505.000000,44.352399
506.000000,44.368781
507.000000,44.385131
508.000000,44.401448
509.000000,44.417734
510.000000,44.433987
511.000000,44.450208
512.000000,44.466398
513.000000,44.482556
514.000000,44.498683
515.000000,44.514778
516.000000,44.530843
517.000000,44.546876
518.000000,44.562878
519.000000,44.578849
520.000000,44.594789
521.000000,44.610699
522.000000,44.626579
523.000000,44.642428
524.000000,44.658246
525.000000,44.674035
526.000000,44.689793
527.000000,44.705522
528.000000,44.721220
529.000000,44.736889
530.000000,44.752529
531.000000,44.768139
532.000000,44.783719
533.000000,44.799271
534.000000,44.814793
535.000000,44.830286
536.000000,44.845750
537.000000,44.861186
538.000000,44.876592
539.000000,44.891970
540.000000,44.907320
541.000000,44.922641
542.000000,44.937934
543.000000,44.953198
544.000000,44.968435
545.000000,44.983643
546.000000,44.998824
547.000000,45.013977
548.000000,45.029102
549.000000,45.044200
550.000000,45.059270
551.000000,45.074313
552.000000,45.089329
553.000000,45.104317
554.000000,45.119278
555.000000,45.134213
556.000000,45.149120
557.000000,45.164001
558.000000,45.178855
559.000000,45.193682
560.000000,45.208483
561.000000,45.223257
562.000000,45.238005
563.000000,45.252727
564.000000,45.267423
565.000000,45.282093
566.000000,45.296737
567.000000,45.311354
568.000000,45.325947
569.000000,45.340513
570.000000,45.355054
571.000000,45.369570
572.000000,45.384060
573.000000,45.398524
574.000000,45.412964
575.000000,45.427378
576.000000,45.441768
577.000000,45.456132
578.000000,45.470472
579.000000,45.484786
580.000000,45.499076
581.000000,45.513342
582.000000,45.527583
583.000000,45.541799
584.000000,45.555991
585.000000,45.570159
586.000000,45.584303
587.000000,45.598422
588.000000,45.612517
589.000000,45.626589
590.000000,45.640637
591.000000,45.654660
592.000000,45.668661
593.000000,45.682637
594.000000,45.696590
595.000000,45.710519
596.000000,45.724426
597.000000,45.738308
598.000000,45.752168
599.000000,45.766004
600.000000,45.779817
601.000000,45.793608
602.000000,45.807375
603.000000,45.821120
604.000000,45.834841
605.000000,45.848540
606.000000,45.862217
607.000000,45.875871
608.000000,45.889502
609.000000,45.903111
610.000000,45.916698
611.000000,45.930262
612.000000,45.943804
613.000000,45.957325
614.000000,45.970823
615.000000,45.984299
616.000000,45.997753
617.000000,46.011185
618.000000,46.024596
619.000000,46.037985
620.000000,46.051352
621.000000,46.064698
622.000000,46.078022
623.000000,46.091325
624.000000,46.104607
625.000000,46.117867
626.000000,46.131106
627.000000,46.144324
628.000000,46.157521
629.000000,46.170697
630.000000,46.183852
631.000000,46.196986
632.000000,46.210100
633.000000,46.223192
634.000000,46.236264
635.000000,46.249316
636.000000,46.262346
637.000000,46.275357
638.000000,46.288347
639.000000,46.301316
640.000000,46.314265
641.000000,46.327195
642.000000,46.340103
643.000000,46.352992
644.000000,46.365861
645.000000,46.378710
646.000000,46.391539
647.000000,46.404348
648.000000,46.417137
649.000000,46.429907
650.000000,46.442657
651.000000,46.455387
652.000000,46.468098
653.000000,46.480789
654.000000,46.493461
655.000000,46.506113
656.000000,46.518747
657.000000,46.531361
658.000000,46.543955
659.000000,46.556531
660.000000,46.569088
661.000000,46.581625
662.000000,46.594144
663.000000,46.606644
664.000000,46.619125
665.000000,46.631587
666.000000,46.644030
667.000000,46.656455
668.000000,46.668861
669.000000,46.681248
670.000000,46.693617
671.000000,46.705968
672.000000,46.718300
673.000000,46.730614
674.000000,46.742910
675.000000,46.755187
676.000000,46.767446
677.000000,46.779687
678.000000,46.791910
679.000000,46.804115
680.000000,46.816302
681.000000,46.828471
682.000000,46.840623
683.000000,46.852756
684.000000,46.864872
685.000000,46.876970
686.000000,46.889050
687.000000,46.901113
688.000000,46.913158
689.000000,46.925186
690.000000,46.937196
691.000000,46.949189
692.000000,46.961164
693.000000,46.973122
694.000000,46.985063
695.000000,46.996987
696.000000,47.008894
697.000000,47.020783
698.000000,47.032656
699.000000,47.044511
700.000000,47.056350
701.000000,47.068172
702.000000,47.079976
703.000000,47.091764
704.000000,47.103536
705.000000,47.115290
706.000000,47.127028
707.000000,47.138749
708.000000,47.150454
709.000000,47.162142
710.000000,47.173814
711.000000,47.185469
712.000000,47.197108
713.000000,47.208731
714.000000,47.220337
715.000000,47.231927
716.000000,47.243501
717.000000,47.255058
718.000000,47.266600
719.000000,47.278125
720.000000,47.289635
721.000000,47.301128
722.000000,47.312606
723.000000,47.324068
724.000000,47.335514
725.000000,47.346944
726.000000,47.358358
727.000000,47.369757
728.000000,47.381139
729.000000,47.392507
730.000000,47.403858
731.000000,47.415195
732.000000,47.426515
733.000000,47.437820
734.000000,47.449110
735.000000,47.460385
736.000000,47.471644
737.000000,47.482888
738.000000,47.494116
739.000000,47.505330
740.000000,47.516528
741.000000,47.527711
742.000000,47.538879
743.000000,47.550032
744.000000,47.561170
745.000000,47.572293
746.000000,47.583401
747.000000,47.594494
748.000000,47.605572
749.000000,47.616636
750.000000,47.627685
751.000000,47.638719
752.000000,47.649738
753.000000,47.660743
754.000000,47.671733
755.000000,47.682709
756.000000,47.693670
757.000000,47.704616
758.000000,47.715548
759.000000,47.726466
760.000000,47.737369
761.000000,47.748258
762.000000,47.759133
763.000000,47.769993
764.000000,47.780840
765.000000,47.791672
766.000000,47.802490
767.000000,47.813293
768.000000,47.824083
769.000000,47.834859
770.000000,47.845620
771.000000,47.856368
772.000000,47.867102
773.000000,47.877821
774.000000,47.888527
775.000000,47.899220
776.000000,47.909898
777.000000,47.920563
778.000000,47.931213
779.000000,47.941851
780.000000,47.952474
781.000000,47.963084
782.000000,47.973681
783.000000,47.984263
784.000000,47.994833
785.000000,48.005389
786.000000,48.015931
787.000000,48.026460
788.000000,48.036976
789.000000,48.047478
790.000000,48.057967
791.000000,48.068443
792.000000,48.078905
793.000000,48.089355
794.000000,48.099791
795.000000,48.110214
796.000000,48.120624
797.000000,48.131020
798.000000,48.141404
799.000000,48.151775
800.000000,48.162133
801.000000,48.172478
802.000000,48.182810
803.000000,48.193129
804.000000,48.203435
805.000000,48.213728
806.000000,48.224009
807.000000,48.234277
808.000000,48.244532
809.000000,48.254775
810.000000,48.265004
811.000000,48.275222
812.000000,48.285426
813.000000,48.295618
814.000000,48.305798
815.000000,48.315965
816.000000,48.326120
817.000000,48.336262
818.000000,48.346392
819.000000,48.356509
820.000000,48.366614
821.000000,48.376707
822.000000,48.386787
823.000000,48.396855
824.000000,48.406911
825.000000,48.416955
826.000000,48.426987
827.000000,48.437006
828.000000,48.447013
829.000000,48.457009
830.000000,48.466992
831.000000,48.476963
832.000000,48.486922
833.000000,48.496869
834.000000,48.506805
835.000000,48.516728
836.000000,48.526640
837.000000,48.536539
838.000000,48.546427
839.000000,48.556303
840.000000,48.566167
841.000000,48.576020
842.000000,48.585861
843.000000,48.595690
844.000000,48.605508
845.000000,48.615313
846.000000,48.625108
847.000000,48.634890
848.000000,48.644662
849.000000,48.654421
850.000000,48.664169
851.000000,48.673906
852.000000,48.683631
853.000000,48.693345
854.000000,48.703048
855.000000,48.712739
856.000000,48.722419
857.000000,48.732087
858.000000,48.741744
859.000000,48.751390
860.000000,48.761025
861.000000,48.770649
862.000000,48.780261
863.000000,48.789862
864.000000,48.799452
865.000000,48.809031
866.000000,48.818599
867.000000,48.828156
868.000000,48.837702
869.000000,48.847237
870.000000,48.856761
871.000000,48.866274
872.000000,48.875776
873.000000,48.885267
874.000000,48.894748
875.000000,48.904217
876.000000,48.913676
877.000000,48.923124
878.000000,48.932561
879.000000,48.941987
880.000000,48.951403
881.000000,48.960808
882.000000,48.970202
883.000000,48.979586
884.000000,48.988959
885.000000,48.998321
886.000000,49.007673
887.000000,49.017014
888.000000,49.026345
889.000000,49.035666
890.000000,49.044975
891.000000,49.054275
892.000000,49.063564
893.000000,49.072842
894.000000,49.082110
895.000000,49.091368
896.000000,49.100615
897.000000,49.109853
898.000000,49.119079
899.000000,49.128296
900.000000,49.137502
901.000000,49.146698
902.000000,49.155884
903.000000,49.165060
904.000000,49.174225
905.000000,49.183381
906.000000,49.192526
907.000000,49.201661
908.000000,49.210787
909.000000,49.219902
910.000000,49.229007
911.000000,49.238102
912.000000,49.247187
913.000000,49.256262
914.000000,49.265327
915.000000,49.274383
916.000000,49.283428
917.000000,49.292463
918.000000,49.301489
919.000000,49.310505
920.000000,49.319511
921.000000,49.328507
922.000000,49.337494
923.000000,49.346471
924.000000,49.355438
925.000000,49.364395
926.000000,49.373343
927.000000,49.382281
928.000000,49.391209
929.000000,49.400128
930.000000,49.409037
931.000000,49.417937
932.000000,49.426827
933.000000,49.435707
934.000000,49.444578
935.000000,49.453440
936.000000,49.462292
937.000000,49.471134
938.000000,49.479967
939.000000,49.488791
940.000000,49.497605
941.000000,49.506410
942.000000,49.515206
943.000000,49.523992
944.000000,49.532769
945.000000,49.541537
946.000000,49.550295
947.000000,49.559045
948.000000,49.567784
949.000000,49.576515
950.000000,49.585237
951.000000,49.593949
952.000000,49.602652
953.000000,49.611346
954.000000,49.620031
955.000000,49.628707
956.000000,49.637374
957.000000,49.646031
958.000000,49.654680
959.000000,49.663320
960.000000,49.671950
961.000000,49.680572
962.000000,49.689185
963.000000,49.697788
964.000000,49.706383
965.000000,49.714969
966.000000,49.723546
967.000000,49.732114
968.000000,49.740673
969.000000,49.749224
970.000000,49.757765
971.000000,49.766298
972.000000,49.774822
973.000000,49.783337
974.000000,49.791844
975.000000,49.800341
976.000000,49.808831
977.000000,49.817311
978.000000,49.825783
979.000000,49.834246
980.000000,49.842700
981.000000,49.851146
982.000000,49.859583
983.000000,49.868011
984.000000,49.876431
985.000000,49.884843
986.000000,49.893246
987.000000,49.901640
988.000000,49.910026
989.000000,49.918404
990.000000,49.926772
991.000000,49.935133
992.000000,49.943485
993.000000,49.951829
994.000000,49.960164
995.000000,49.968491
996.000000,49.976809
997.000000,49.985119
998.000000,49.993421
999.000000,50.001715
1000.000000,50.010000
1001.000000,50.027751
1002.000000,50.045484
1003.000000,50.063199
1004.000000,50.080897
1005.000000,50.098577
1006.000000,50.116239
1007.000000,50.133884
1008.000000,50.151511
1009.000000,50.169121
1010.000000,50.186714
1011.000000,50.204289
1012.000000,50.221846
1013.000000,50.239387
1014.000000,50.256910
1015.000000,50.274415
1016.000000,50.291904
1017.000000,50.309375
1018.000000,50.326829
1019.000000,50.344266
1020.000000,50.361686
1021.000000,50.379089
1022.000000,50.396475
1023.000000,50.413844
1024.000000,50.431195
1025.000000,50.448530
1026.000000,50.465848
1027.000000,50.483149
1028.000000,50.500434
1029.000000,50.517701
1030.000000,50.534952
1031.000000,50.552186
1032.000000,50.569403
1033.000000,50.586604
1034.000000,50.603787
1035.000000,50.620955
1036.000000,50.638105
1037.000000,50.655240
1038.000000,50.672357
1039.000000,50.689459
1040.000000,50.706543
1041.000000,50.723612
1042.000000,50.740663
1043.000000,50.757699
1044.000000,50.774718
1045.000000,50.791721
1046.000000,50.808708
1047.000000,50.825678
1048.000000,50.842633
1049.000000,50.859571
1050.000000,50.876493
1051.000000,50.893398
1052.000000,50.910288
1053.000000,50.927162
1054.000000,50.944020
1055.000000,50.960861
1056.000000,50.977687
1057.000000,50.994497
1058.000000,51.011291
1059.000000,51.028069
1060.000000,51.044831
1061.000000,51.061578
1062.000000,51.078308
1063.000000,51.095023
1064.000000,51.111722
1065.000000,51.128406
1066.000000,51.145074
1067.000000,51.161726
1068.000000,51.178362
1069.000000,51.194983
1070.000000,51.211589
1071.000000,51.228179
1072.000000,51.244753
1073.000000,51.261312
1074.000000,51.277856
1075.000000,51.294384
1076.000000,51.310897
1077.000000,51.327395
1078.000000,51.343877
1079.000000,51.360344
1080.000000,51.376795
1081.000000,51.393232
1082.000000,51.409653
1083.000000,51.426059
1084.000000,51.442450
1085.000000,51.458826
1086.000000,51.475187
1087.000000,51.491532
1088.000000,51.507863
1089.000000,51.524179
1090.000000,51.540479
1091.000000,51.556765
1092.000000,51.573036
1093.000000,51.589292
1094.000000,51.605533
1095.000000,51.621759
1096.000000,51.637970
1097.000000,51.654167
1098.000000,51.670349
1099.000000,51.686516
1100.000000,51.702668
1101.000000,51.718806
1102.000000,51.734929
1103.000000,51.751038
1104.000000,51.767132
1105.000000,51.783211
1106.000000,51.799276
1107.000000,51.815326
1108.000000,51.831362
1109.000000,51.847383
1110.000000,51.863390
1111.000000,51.879382
1112.000000,51.895360
1113.000000,51.911324
1114.000000,51.927273
1115.000000,51.943208
1116.000000,51.959129
1117.000000,51.975035
1118.000000,51.990928
1119.000000,52.006806
1120.000000,52.022669
1121.000000,52.038519
1122.000000,52.054355
1123.000000,52.070176
1124.000000,52.085983
1125.000000,52.101777
1126.000000,52.117556
1127.000000,52.133321
1128.000000,52.149073
1129.000000,52.164810
1130.000000,52.180533
1131.000000,52.196243
1132.000000,52.211938
1133.000000,52.227620
1134.000000,52.243288
1135.000000,52.258942
1136.000000,52.274582
1137.000000,52.290209
1138.000000,52.305822
1139.000000,52.321421
1140.000000,52.337006
1141.000000,52.352578
1142.000000,52.368136
1143.000000,52.383681
1144.000000,52.399212
1145.000000,52.414729
1146.000000,52.430233
1147.000000,52.445723
1148.000000,52.461200
1149.000000,52.476663
1150.000000,52.492113
1151.000000,52.507549
1152.000000,52.522972
1153.000000,52.538382
1154.000000,52.553778
1155.000000,52.569161
1156.000000,52.584531
1157.000000,52.599887
1158.000000,52.615230
1159.000000,52.630560
1160.000000,52.645876
1161.000000,52.661180
1162.000000,52.676470
1163.000000,52.691747
1164.000000,52.707011
1165.000000,52.722262
1166.000000,52.737499
1167.000000,52.752724
1168.000000,52.767936
1169.000000,52.783134
1170.000000,52.798320
1171.000000,52.813493
1172.000000,52.828652
1173.000000,52.843799
1174.000000,52.858933
1175.000000,52.874054
1176.000000,52.889162
1177.000000,52.904257
1178.000000,52.919340
1179.000000,52.934409
1180.000000,52.949466
1181.000000,52.964510
1182.000000,52.979542
1183.000000,52.994560
1184.000000,53.009566
1185.000000,53.024560
1186.000000,53.039540
1187.000000,53.054508
1188.000000,53.069464
1189.000000,53.084407
1190.000000,53.099337
1191.000000,53.114255
1192.000000,53.129160
1193.000000,53.144053
1194.000000,53.158933
1195.000000,53.173801
1196.000000,53.188656
1197.000000,53.203499
1198.000000,53.218330
1199.000000,53.233148
1200.000000,53.247954
1201.000000,53.262747
1202.000000,53.277528
1203.000000,53.292297
1204.000000,53.307054
1205.000000,53.321798
1206.000000,53.336530
1207.000000,53.351250
1208.000000,53.365958
1209.000000,53.380653
1210.000000,53.395337
1211.000000,53.410008
1212.000000,53.424667
1213.000000,53.439314
1214.000000,53.453949
1215.000000,53.468572
1216.000000,53.483183
1217.000000,53.497782
1218.000000,53.512369
1219.000000,53.526944
1220.000000,53.541507
1221.000000,53.556058
1222.000000,53.570597
1223.000000,53.585124
1224.000000,53.599640
1225.000000,53.614143
1226.000000,53.628635
1227.000000,53.643115
1228.000000,53.657583
1229.000000,53.672039
1230.000000,53.686484
1231.000000,53.700917
1232.000000,53.715338
1233.000000,53.729747
1234.000000,53.744145
1235.000000,53.758531
1236.000000,53.772905
1237.000000,53.787268
1238.000000,53.801619
1239.000000,53.815959
1240.000000,53.830287
1241.000000,53.844603
1242.000000,53.858908
1243.000000,53.873202
1244.000000,53.887484
1245.000000,53.901754
1246.000000,53.916013
1247.000000,53.930261
1248.000000,53.944497
1249.000000,53.958722
1250.000000,53.972935
1251.000000,53.987137
1252.000000,54.001327
1253.000000,54.015507
1254.000000,54.029675
1255.000000,54.043831
1256.000000,54.057977
1257.000000,54.072111
1258.000000,54.086234
1259.000000,54.100346
1260.000000,54.114446
1261.000000,54.128535
1262.000000,54.142614
1263.000000,54.156681
1264.000000,54.170736
1265.000000,54.184781
1266.000000,54.198815
1267.000000,54.212837
1268.000000,54.226849
1269.000000,54.240849
1270.000000,54.254839
1271.000000,54.268817
1272.000000,54.282785
1273.000000,54.296741
1274.000000,54.310687
1275.000000,54.324621
1276.000000,54.338545
1277.000000,54.352457
1278.000000,54.366359
1279.000000,54.380250
1280.000000,54.394130
1281.000000,54.408000
1282.000000,54.421858
1283.000000,54.435706
1284.000000,54.449542
1285.000000,54.463369
1286.000000,54.477184
1287.000000,54.490988
1288.000000,54.504782
1289.000000,54.518565
1290.000000,54.532338
1291.000000,54.546100
1292.000000,54.559851
1293.000000,54.573591
1294.000000,54.587321
1295.000000,54.601040
1296.000000,54.614749
1297.000000,54.628447
1298.000000,54.642135
1299.000000,54.655812
1300.000000,54.669478
1301.000000,54.683134
1302.000000,54.696780
1303.000000,54.710415
1304.000000,54.724039
1305.000000,54.737653
1306.000000,54.751257
1307.000000,54.764850
1308.000000,54.778433
1309.000000,54.792005
1310.000000,54.805567
1311.000000,54.819119
1312.000000,54.832661
1313.000000,54.846192
1314.000000,54.859713
1315.000000,54.873223
1316.000000,54.886723
1317.000000,54.900213
1318.000000,54.913693
1319.000000,54.927163
1320.000000,54.940622
1321.000000,54.954071
1322.000000,54.967510
1323.000000,54.980939
1324.000000,54.994357
1325.000000,55.007766
1326.000000,55.021164
1327.000000,55.034553
1328.000000,55.047931
1329.000000,55.061299
1330.000000,55.074657
1331.000000,55.088005
1332.000000,55.101343
1333.000000,55.114671
1334.000000,55.127989
1335.000000,55.141297
1336.000000,55.154595
1337.000000,55.167883
1338.000000,55.181162
1339.000000,55.194430
1340.000000,55.207688
1341.000000,55.220937
1342.000000,55.234175
1343.000000,55.247404
1344.000000,55.260623
1345.000000,55.273832
1346.000000,55.287031
1347.000000,55.300221
1348.000000,55.313400
1349.000000,55.326570
1350.000000,55.339730
1351.000000,55.352881
1352.000000,55.366021
1353.000000,55.379152
1354.000000,55.392273
1355.000000,55.405385
1356.000000,55.418487
1357.000000,55.431579
1358.000000,55.444662
1359.000000,55.457735
1360.000000,55.470798
1361.000000,55.483852
1362.000000,55.496896
1363.000000,55.509930
1364.000000,55.522955
1365.000000,55.535971
1366.000000,55.548977
1367.000000,55.561973
1368.000000,55.574960
1369.000000,55.587937
1370.000000,55.600905
1371.000000,55.613864
1372.000000,55.626813
1373.000000,55.639752
1374.000000,55.652682
1375.000000,55.665603
1376.000000,55.678515
1377.000000,55.691417
1378.000000,55.704309
1379.000000,55.717192
1380.000000,55.730066
1381.000000,55.742931
1382.000000,55.755786
1383.000000,55.768632
1384.000000,55.781469
1385.000000,55.794296
1386.000000,55.807115
1387.000000,55.819923
1388.000000,55.832723
1389.000000,55.845514
1390.000000,55.858295
1391.000000,55.871067
1392.000000,55.883830
1393.000000,55.896584
1394.000000,55.909328
1395.000000,55.922064
1396.000000,55.934790
1397.000000,55.947507
1398.000000,55.960215
1399.000000,55.972914
1400.000000,55.985604
1401.000000,55.998285
1402.000000,56.010957
1403.000000,56.023620
1404.000000,56.036274
1405.000000,56.048918
1406.000000,56.061554
1407.000000,56.074181
1408.000000,56.086799
1409.000000,56.099408
1410.000000,56.112007
1411.000000,56.124598
1412.000000,56.137180
1413.000000,56.149754
1414.000000,56.162318
1415.000000,56.174873
1416.000000,56.187420
1417.000000,56.199957
1418.000000,56.212486
1419.000000,56.225006
1420.000000,56.237517
1421.000000,56.250020
1422.000000,56.262513
1423.000000,56.274998
1424.000000,56.287474
1425.000000,56.299941
1426.000000,56.312400
1427.000000,56.324849
1428.000000,56.337291
1429.000000,56.349723
1430.000000,56.362146
1431.000000,56.374561
1432.000000,56.386968
1433.000000,56.399365
1434.000000,56.411754
1435.000000,56.424135
1436.000000,56.436506
1437.000000,56.448869
1438.000000,56.461224
1439.000000,56.473570
1440.000000,56.485907
1441.000000,56.498236
1442.000000,56.510556
1443.000000,56.522868
1444.000000,56.535171
1445.000000,56.547465
1446.000000,56.559752
1447.000000,56.572029
1448.000000,56.584298
1449.000000,56.596559
1450.000000,56.608811
1451.000000,56.621055
1452.000000,56.633290
1453.000000,56.645517
1454.000000,56.657736
1455.000000,56.669946
1456.000000,56.682147
1457.000000,56.694341
1458.000000,56.706526
1459.000000,56.718702
1460.000000,56.730871
1461.000000,56.743031
1462.000000,56.755182
1463.000000,56.767325
1464.000000,56.779460
1465.000000,56.791587
1466.000000,56.803706
1467.000000,56.815816
1468.000000,56.827918
1469.000000,56.840011
1470.000000,56.852097
1471.000000,56.864174
1472.000000,56.876243
1473.000000,56.888304
1474.000000,56.900357
1475.000000,56.912401
1476.000000,56.924437
1477.000000,56.936466
1478.000000,56.948486
1479.000000,56.960497
1480.000000,56.972501
1481.000000,56.984497
1482.000000,56.996484
1483.000000,57.008464
1484.000000,57.020435
1485.000000,57.032399
1486.000000,57.044354
1487.000000,57.056301
1488.000000,57.068240
1489.000000,57.080172
1490.000000,57.092095
1491.000000,57.104010
1492.000000,57.115917
1493.000000,57.127816
1494.000000,57.139708
1495.000000,57.151591
1496.000000,57.163466
1497.000000,57.175334
1498.000000,57.187193
1499.000000,57.199045
1500.000000,57.210888
1501.000000,57.222724
1502.000000,57.234552
1503.000000,57.246372
1504.000000,57.258184
1505.000000,57.269989
1506.000000,57.281785
1507.000000,57.293574
1508.000000,57.305354
1509.000000,57.317127
1510.000000,57.328893
1511.000000,57.340650
1512.000000,57.352400
1513.000000,57.364142
1514.000000,57.375876
1515.000000,57.387602
1516.000000,57.399321
1517.000000,57.411032
1518.000000,57.422735
1519.000000,57.434430
1520.000000,57.446118
1521.000000,57.457798
1522.000000,57.469470
1523.000000,57.481135
1524.000000,57.492792
1525.000000,57.504442
1526.000000,57.516084
1527.000000,57.527718
1528.000000,57.539344
1529.000000,57.550963
1530.000000,57.562575
1531.000000,57.574178
1532.000000,57.585775
1533.000000,57.597363
1534.000000,57.608944
1535.000000,57.620518
1536.000000,57.632084
1537.000000,57.643642
1538.000000,57.655193
1539.000000,57.666737
1540.000000,57.678273
1541.000000,57.689801
1542.000000,57.701322
1543.000000,57.712836
1544.000000,57.724342
1545.000000,57.735840
1546.000000,57.747331
1547.000000,57.758815
1548.000000,57.770291
1549.000000,57.781760
1550.000000,57.793222
1551.000000,57.804676
1552.000000,57.816123
1553.000000,57.827562
1554.000000,57.838994
1555.000000,57.850418
1556.000000,57.861836
1557.000000,57.873246
1558.000000,57.884648
1559.000000,57.896044
1560.000000,57.907432
1561.000000,57.918812
1562.000000,57.930186
1563.000000,57.941552
1564.000000,57.952911
1565.000000,57.964262
1566.000000,57.975607
1567.000000,57.986944
1568.000000,57.998274
1569.000000,58.009596
1570.000000,58.020912
1571.000000,58.032220
1572.000000,58.043521
1573.000000,58.054815
1574.000000,58.066102
1575.000000,58.077381
1576.000000,58.088653
1577.000000,58.099919
1578.000000,58.111177
1579.000000,58.122428
1580.000000,58.133671
1581.000000,58.144908
1582.000000,58.156138
1583.000000,58.167360
1584.000000,58.178575
1585.000000,58.189784
1586.000000,58.200985
1587.000000,58.212179
1588.000000,58.223366
1589.000000,58.234546
1590.000000,58.245719
1591.000000,58.256886
1592.000000,58.268045
1593.000000,58.279197
1594.000000,58.290342
1595.000000,58.301480
1596.000000,58.312611
1597.000000,58.323735
1598.000000,58.334852
1599.000000,58.345962
1600.000000,58.357065
1601.000000,58.368161
1602.000000,58.379251
1603.000000,58.390333
1604.000000,58.401409
1605.000000,58.412477
1606.000000,58.423539
1607.000000,58.434594
1608.000000,58.445642
1609.000000,58.456683
1610.000000,58.467717
1611.000000,58.478744
1612.000000,58.489765
1613.000000,58.500779
1614.000000,58.511786
1615.000000,58.522786
1616.000000,58.533779
1617.000000,58.544765
1618.000000,58.555745
1619.000000,58.566718
1620.000000,58.577684
1621.000000,58.588643
1622.000000,58.599596
1623.000000,58.610542
1624.000000,58.621481
1625.000000,58.632413
1626.000000,58.643339
1627.000000,58.654257
1628.000000,58.665170
1629.000000,58.676075
1630.000000,58.686974
1631.000000,58.697866
1632.000000,58.708751
1633.000000,58.719630
1634.000000,58.730502
1635.000000,58.741368
1636.000000,58.752227
1637.000000,58.763079
1638.000000,58.773924
1639.000000,58.784763
1640.000000,58.795595
1641.000000,58.806421
1642.000000,58.817240
1643.000000,58.828053
1644.000000,58.838859
1645.000000,58.849658
1646.000000,58.860451
1647.000000,58.871237
1648.000000,58.882017
1649.000000,58.892790
1650.000000,58.903557
1651.000000,58.914317
1652.000000,58.925070
1653.000000,58.935818
1654.000000,58.946558
1655.000000,58.957292
1656.000000,58.968020
1657.000000,58.978741
1658.000000,58.989456
1659.000000,59.000164
1660.000000,59.010866
1661.000000,59.021561
1662.000000,59.032250
1663.000000,59.042932
1664.000000,59.053608
1665.000000,59.064278
1666.000000,59.074941
1667.000000,59.085598
1668.000000,59.096248
1669.000000,59.106892
1670.000000,59.117530
1671.000000,59.128161
1672.000000,59.138786
1673.000000,59.149405
1674.000000,59.160017
1675.000000,59.170623
1676.000000,59.181223
1677.000000,59.191816
1678.000000,59.202403
1679.000000,59.212983
1680.000000,59.223558
1681.000000,59.234126
1682.000000,59.244688
1683.000000,59.255243
1684.000000,59.265792
1685.000000,59.276335
1686.000000,59.286872
1687.000000,59.297402
1688.000000,59.307926
1689.000000,59.318444
1690.000000,59.328956
1691.000000,59.339462
1692.000000,59.349961
1693.000000,59.360454
1694.000000,59.370941
1695.000000,59.381422
1696.000000,59.391896
1697.000000,59.402365
1698.000000,59.412827
1699.000000,59.423283
1700.000000,59.433733
1701.000000,59.444176
1702.000000,59.454614
1703.000000,59.465046
1704.000000,59.475471
1705.000000,59.485890
1706.000000,59.496303
1707.000000,59.506710
1708.000000,59.517111
1709.000000,59.527506
1710.000000,59.537895
1711.000000,59.548277
1712.000000,59.558654
1713.000000,59.569025
1714.000000,59.579389
1715.000000,59.589748
1716.000000,59.600100
1717.000000,59.610446
1718.000000,59.620787
1719.000000,59.631121
1720.000000,59.641449
1721.000000,59.651772
1722.000000,59.662088
1723.000000,59.672398
1724.000000,59.682703
1725.000000,59.693001
1726.000000,59.703294
1727.000000,59.713580
1728.000000,59.723861
1729.000000,59.734135
1730.000000,59.744404
1731.000000,59.754666
1732.000000,59.764923
1733.000000,59.775174
1734.000000,59.785419
1735.000000,59.795658
1736.000000,59.805891
1737.000000,59.816118
1738.000000,59.826340
1739.000000,59.836555
1740.000000,59.846765
1741.000000,59.856968
1742.000000,59.867166
1743.000000,59.877358
1744.000000,59.887544
1745.000000,59.897725
1746.000000,59.907899
1747.000000,59.918068
1748.000000,59.928231
1749.000000,59.938388
1750.000000,59.948539
1751.000000,59.958685
1752.000000,59.968824
1753.000000,59.978958
1754.000000,59.989086
1755.000000,59.999208
1756.000000,60.009325
1757.000000,60.019436
1758.000000,60.029541
1759.000000,60.039640
1760.000000,60.049734
1761.000000,60.059821
1762.000000,60.069903
1763.000000,60.079980
1764.000000,60.090050
1765.000000,60.100115
1766.000000,60.110175
1767.000000,60.120228
1768.000000,60.130276
1769.000000,60.140318
1770.000000,60.150355
1771.000000,60.160385
1772.000000,60.170411
1773.000000,60.180430
1774.000000,60.190444
1775.000000,60.200452
1776.000000,60.210455
1777.000000,60.220452
1778.000000,60.230443
1779.000000,60.240429
1780.000000,60.250409
1781.000000,60.260383
1782.000000,60.270352
1783.000000,60.280316
1784.000000,60.290273
1785.000000,60.300225
1786.000000,60.310172
1787.000000,60.320113
1788.000000,60.330048
1789.000000,60.339978
1790.000000,60.349903
1791.000000,60.359821
1792.000000,60.369735
1793.000000,60.379642
1794.000000,60.389544
1795.000000,60.399441
1796.000000,60.409332
1797.000000,60.419218
1798.000000,60.429098
1799.000000,60.438973
1800.000000,60.448842
1801.000000,60.458706
1802.000000,60.468564
1803.000000,60.478417
1804.000000,60.488264
1805.000000,60.498106
1806.000000,60.507942
1807.000000,60.517773
1808.000000,60.527598
1809.000000,60.537419
1810.000000,60.547233
1811.000000,60.557042
1812.000000,60.566846
1813.000000,60.576645
1814.000000,60.586438
1815.000000,60.596225
1816.000000,60.606007
1817.000000,60.615784
1818.000000,60.625556
1819.000000,60.635322
1820.000000,60.645082
1821.000000,60.654838
1822.000000,60.664588
1823.000000,60.674332
1824.000000,60.684072
1825.000000,60.693805
1826.000000,60.703534
1827.000000,60.713257
1828.000000,60.722975
1829.000000,60.732688
1830.000000,60.742395
1831.000000,60.752097
1832.000000,60.761794
1833.000000,60.771486
1834.000000,60.781172
1835.000000,60.790853
1836.000000,60.800528
1837.000000,60.810199
1838.000000,60.819864
1839.000000,60.829523
1840.000000,60.839178
1841.000000,60.848827
1842.000000,60.858471
1843.000000,60.868110
1844.000000,60.877744
1845.000000,60.887372
1846.000000,60.896995
1847.000000,60.906613
1848.000000,60.916226
1849.000000,60.925834
1850.000000,60.935436
1851.000000,60.945033
1852.000000,60.954625
1853.000000,60.964212
1854.000000,60.973794
1855.000000,60.983370
1856.000000,60.992942
1857.000000,61.002508
1858.000000,61.012069
1859.000000,61.021625
1860.000000,61.031175
1861.000000,61.040721
1862.000000,61.050261
1863.000000,61.059797
1864.000000,61.069327
1865.000000,61.078852
1866.000000,61.088372
1867.000000,61.097887
1868.000000,61.107397
1869.000000,61.116901
1870.000000,61.126401
1871.000000,61.135896
1872.000000,61.145385
1873.000000,61.154870
1874.000000,61.164349
1875.000000,61.173823
1876.000000,61.183292
1877.000000,61.192757
1878.000000,61.202216
1879.000000,61.211670
1880.000000,61.221119
1881.000000,61.230563
1882.000000,61.240002
1883.000000,61.249436
1884.000000,61.258865
1885.000000,61.268289
1886.000000,61.277708
1887.000000,61.287122
1888.000000,61.296531
1889.000000,61.305935
1890.000000,61.315335
1891.000000,61.324729
1892.000000,61.334118
1893.000000,61.343502
1894.000000,61.352881
1895.000000,61.362256
1896.000000,61.371625
1897.000000,61.380989
1898.000000,61.390349
1899.000000,61.399703
1900.000000,61.409053
1901.000000,61.418398
1902.000000,61.427737
1903.000000,61.437072
1904.000000,61.446402
1905.000000,61.455727
1906.000000,61.465047
1907.000000,61.474363
1908.000000,61.483673
1909.000000,61.492979
1910.000000,61.502279
1911.000000,61.511575
1912.000000,61.520866
1913.000000,61.530152
1914.000000,61.539433
1915.000000,61.548709
1916.000000,61.557981
1917.000000,61.567248
1918.000000,61.576509
1919.000000,61.585766
1920.000000,61.595019
1921.000000,61.604266
1922.000000,61.613509
1923.000000,61.622746
1924.000000,61.631979
1925.000000,61.641207
1926.000000,61.650431
1927.000000,61.659649
1928.000000,61.668863
1929.000000,61.678072
1930.000000,61.687276
1931.000000,61.696476
1932.000000,61.705671
1933.000000,61.714861
1934.000000,61.724046
1935.000000,61.733226
1936.000000,61.742402
1937.000000,61.751573
1938.000000,61.760739
1939.000000,61.769901
1940.000000,61.779057
1941.000000,61.788209
1942.000000,61.797357
1943.000000,61.806499
1944.000000,61.815637
1945.000000,61.824771
1946.000000,61.833899
1947.000000,61.843023
1948.000000,61.852142
1949.000000,61.861257
1950.000000,61.870366
1951.000000,61.879472
1952.000000,61.888572
1953.000000,61.897668
1954.000000,61.906759
1955.000000,61.915846
1956.000000,61.924927
1957.000000,61.934005
1958.000000,61.943077
1959.000000,61.952145
1960.000000,61.961208
1961.000000,61.970267
1962.000000,61.979321
1963.000000,61.988371
1964.000000,61.997416
1965.000000,62.006456
1966.000000,62.015491
1967.000000,62.024523
1968.000000,62.033549
1969.000000,62.042571
1970.000000,62.051588
1971.000000,62.060601
1972.000000,62.069609
1973.000000,62.078613
1974.000000,62.087612
1975.000000,62.096606
1976.000000,62.105596
1977.000000,62.114581
1978.000000,62.123562
1979.000000,62.132539
1980.000000,62.141510
1981.000000,62.150478
1982.000000,62.159440
1983.000000,62.168398
1984.000000,62.177352
1985.000000,62.186301
1986.000000,62.195246
1987.000000,62.204186
1988.000000,62.213122
1989.000000,62.222053
1990.000000,62.230979
1991.000000,62.239902
1992.000000,62.248819
1993.000000,62.257732
1994.000000,62.266641
1995.000000,62.275545
1996.000000,62.284445
1997.000000,62.293341
1998.000000,62.302232
1999.000000,62.311118
2000.000000,62.320000
2001.000000,62.325055
2002.000000,62.330108
2003.000000,62.335159
2004.000000,62.340206
2005.000000,62.345252
2006.000000,62.350294
2007.000000,62.355335
2008.000000,62.360372
2009.000000,62.365408
2010.000000,62.370440
2011.000000,62.375471
2012.000000,62.380498
2013.000000,62.385524
2014.000000,62.390546
2015.000000,62.395567
2016.000000,62.400584
2017.000000,62.405600
2018.000000,62.410612
2019.000000,62.415623
2020.000000,62.420631
2021.000000,62.425636
2022.000000,62.430639
2023.000000,62.435639
2024.000000,62.440637
2025.000000,62.445633
2026.000000,62.450626
2027.000000,62.455616
2028.000000,62.460604
2029.000000,62.465590
2030.000000,62.470573
2031.000000,62.475554
2032.000000,62.480532
2033.000000,62.485508
2034.000000,62.490481
2035.000000,62.495452
2036.000000,62.500420
2037.000000,62.505386
2038.000000,62.510350
2039.000000,62.515311
2040.000000,62.520270
2041.000000,62.525226
2042.000000,62.530180
2043.000000,62.535131
2044.000000,62.540080
2045.000000,62.545027
2046.000000,62.549971
2047.000000,62.554913
2048.000000,62.559852
2049.000000,62.564789
2050.000000,62.569724
2051.000000,62.574656
2052.000000,62.579585
2053.000000,62.584513
2054.000000,62.589438
2055.000000,62.594360
2056.000000,62.599280
2057.000000,62.604198
2058.000000,62.609113
2059.000000,62.614026
2060.000000,62.618937
2061.000000,62.623845
2062.000000,62.628751
2063.000000,62.633654
2064.000000,62.638555
2065.000000,62.643454
2066.000000,62.648350
2067.000000,62.653244
2068.000000,62.658136
2069.000000,62.663025
2070.000000,62.667912
2071.000000,62.672796
2072.000000,62.677678
2073.000000,62.682558
2074.000000,62.687435
2075.000000,62.692310
2076.000000,62.697183
2077.000000,62.702054
2078.000000,62.706922
2079.000000,62.711787
2080.000000,62.716651
2081.000000,62.721512
2082.000000,62.726370
2083.000000,62.731227
2084.000000,62.736080
2085.000000,62.740932
2086.000000,62.745781
2087.000000,62.750629
2088.000000,62.755473
2089.000000,62.760316
2090.000000,62.765156
2091.000000,62.769993
2092.000000,62.774829
2093.000000,62.779662
2094.000000,62.784493
2095.000000,62.789321
2096.000000,62.794147
2097.000000,62.798971
2098.000000,62.803793
2099.000000,62.808612
2100.000000,62.813429
2101.000000,62.818244
2102.000000,62.823056
2103.000000,62.827866
2104.000000,62.832674
2105.000000,62.837480
2106.000000,62.842283
2107.000000,62.847084
2108.000000,62.851883
2109.000000,62.856679
2110.000000,62.861473
2111.000000,62.866265
2112.000000,62.871055
2113.000000,62.875842
2114.000000,62.880627
2115.000000,62.885410
2116.000000,62.890191
2117.000000,62.894969
2118.000000,62.899745
2119.000000,62.904519
2120.000000,62.909290
2121.000000,62.914060
2122.000000,62.918827
2123.000000,62.923592
2124.000000,62.928354
2125.000000,62.933115
2126.000000,62.937873
2127.000000,62.942628
2128.000000,62.947382
2129.000000,62.952133
2130.000000,62.956883
2131.000000,62.961629
2132.000000,62.966374
2133.000000,62.971117
2134.000000,62.975857
2135.000000,62.980595
2136.000000,62.985331
2137.000000,62.990064
2138.000000,62.994796
2139.000000,62.999525
2140.000000,63.004252
2141.000000,63.008976
2142.000000,63.013699
2143.000000,63.018419
2144.000000,63.023137
2145.000000,63.027853
2146.000000,63.032567
2147.000000,63.037279
2148.000000,63.041988
2149.000000,63.046695
2150.000000,63.051400
2151.000000,63.056103
2152.000000,63.060803
2153.000000,63.065502
2154.000000,63.070198
2155.000000,63.074892
2156.000000,63.079584
2157.000000,63.084273
2158.000000,63.088961
2159.000000,63.093646
2160.000000,63.098329
2161.000000,63.103010
2162.000000,63.107689
2163.000000,63.112366
2164.000000,63.117040
2165.000000,63.121713
2166.000000,63.126383
2167.000000,63.131051
2168.000000,63.135717
2169.000000,63.140381
2170.000000,63.145042
2171.000000,63.149702
2172.000000,63.154359
2173.000000,63.159014
2174.000000,63.163667
2175.000000,63.168318
2176.000000,63.172967
2177.000000,63.177613
2178.000000,63.182258
2179.000000,63.186900
2180.000000,63.191540
2181.000000,63.196178
2182.000000,63.200814
2183.000000,63.205448
2184.000000,63.210080
2185.000000,63.214709
2186.000000,63.219337
2187.000000,63.223962
2188.000000,63.228585
2189.000000,63.233206
2190.000000,63.237825
2191.000000,63.242442
2192.000000,63.247057
2193.000000,63.251670
2194.000000,63.256280
2195.000000,63.260889
2196.000000,63.265495
2197.000000,63.270099
2198.000000,63.274702
2199.000000,63.279302
2200.000000,63.283900
2201.000000,63.288496
2202.000000,63.293089
2203.000000,63.297681
2204.000000,63.302271
2205.000000,63.306858
2206.000000,63.311444
2207.000000,63.316027
2208.000000,63.320609
2209.000000,63.325188
2210.000000,63.329765
2211.000000,63.334340
2212.000000,63.338913
2213.000000,63.343484
2214.000000,63.348053
2215.000000,63.352620
2216.000000,63.357185
2217.000000,63.361747
2218.000000,63.366308
2219.000000,63.370867
2220.000000,63.375423
2221.000000,63.379978
2222.000000,63.384530
2223.000000,63.389081
2224.000000,63.393629
2225.000000,63.398175
2226.000000,63.402720
2227.000000,63.407262
2228.000000,63.411802
2229.000000,63.416340
2230.000000,63.420876
2231.000000,63.425411
2232.000000,63.429943
2233.000000,63.434473
2234.000000,63.439001
2235.000000,63.443527
2236.000000,63.448051
2237.000000,63.452572
2238.000000,63.457092
2239.000000,63.461610
2240.000000,63.466126
2241.000000,63.470640
2242.000000,63.475152
2243.000000,63.479662
2244.000000,63.484169
2245.000000,63.488675
2246.000000,63.493179
2247.000000,63.497681
2248.000000,63.502181
2249.000000,63.506678
2250.000000,63.511174
2251.000000,63.515668
2252.000000,63.520160
2253.000000,63.524650
2254.000000,63.529137
2255.000000,63.533623
2256.000000,63.538107
2257.000000,63.542589
2258.000000,63.547069
2259.000000,63.551547
2260.000000,63.556023
2261.000000,63.560497
2262.000000,63.564968
2263.000000,63.569438
2264.000000,63.573906
2265.000000,63.578372
2266.000000,63.582837
2267.000000,63.587299
2268.000000,63.591759
2269.000000,63.596217
2270.000000,63.600673
2271.000000,63.605127
2272.000000,63.609579
2273.000000,63.614030
2274.000000,63.618478
2275.000000,63.622924
2276.000000,63.627369
2277.000000,63.631811
2278.000000,63.636252
2279.000000,63.640690
2280.000000,63.645127
2281.000000,63.649562
2282.000000,63.653995
2283.000000,63.658425
2284.000000,63.662854
2285.000000,63.667281
2286.000000,63.671706
2287.000000,63.676129
2288.000000,63.680550
2289.000000,63.684969
2290.000000,63.689387
2291.000000,63.693802
2292.000000,63.698215
2293.000000,63.702627
2294.000000,63.707036
2295.000000,63.711444
2296.000000,63.715850
2297.000000,63.720254
2298.000000,63.724655
2299.000000,63.729055
2300.000000,63.733453
2301.000000,63.737849
2302.000000,63.742244
2303.000000,63.746636
2304.000000,63.751026
2305.000000,63.755415
2306.000000,63.759802
2307.000000,63.764186
2308.000000,63.768569
2309.000000,63.772950
2310.000000,63.777329
2311.000000,63.781706
2312.000000,63.786081
2313.000000,63.790455
2314.000000,63.794826
2315.000000,63.799195
2316.000000,63.803563
2317.000000,63.807929
2318.000000,63.812293
2319.000000,63.816655
2320.000000,63.821015
2321.000000,63.825373
2322.000000,63.829729
2323.000000,63.834084
2324.000000,63.838437
2325.000000,63.842787
2326.000000,63.847136
2327.000000,63.851483
2328.000000,63.855828
2329.000000,63.860172
2330.000000,63.864513
2331.000000,63.868853
2332.000000,63.873190
2333.000000,63.877526
2334.000000,63.881860
2335.000000,63.886192
2336.000000,63.890522
2337.000000,63.894851
2338.000000,63.899177
2339.000000,63.903502
2340.000000,63.907825
2341.000000,63.912146
2342.000000,63.916465
2343.000000,63.920782
2344.000000,63.925098
2345.000000,63.929411
2346.000000,63.933723
2347.000000,63.938033
2348.000000,63.942341
2349.000000,63.946647
2350.000000,63.950952
2351.000000,63.955255
2352.000000,63.959555
2353.000000,63.963854
2354.000000,63.968151
2355.000000,63.972447
2356.000000,63.976740
2357.000000,63.981032
2358.000000,63.985322
2359.000000,63.989610
2360.000000,63.993896
2361.000000,63.998180
2362.000000,64.002463
2363.000000,64.006744
2364.000000,64.011023
2365.000000,64.015300
2366.000000,64.019575
2367.000000,64.023849
2368.000000,64.028120
2369.000000,64.032390
2370.000000,64.036658
2371.000000,64.040925
2372.000000,64.045189
2373.000000,64.049452
2374.000000,64.053713
2375.000000,64.057972
2376.000000,64.062229
2377.000000,64.066485
2378.000000,64.070738
2379.000000,64.074990
2380.000000,64.079241
2381.000000,64.083489
2382.000000,64.087736
2383.000000,64.091980
2384.000000,64.096223
2385.000000,64.100465
2386.000000,64.104704
2387.000000,64.108942
2388.000000,64.113178
2389.000000,64.117412
2390.000000,64.121644
2391.000000,64.125875
2392.000000,64.130104
2393.000000,64.134331
2394.000000,64.138556
2395.000000,64.142780
2396.000000,64.147002
2397.000000,64.151222
2398.000000,64.155440
2399.000000,64.159656
2400.000000,64.163871
2401.000000,64.168084
2402.000000,64.172295
2403.000000,64.176505
2404.000000,64.180713
2405.000000,64.184919
2406.000000,64.189123
2407.000000,64.193325
2408.000000,64.197526
2409.000000,64.201725
2410.000000,64.205922
2411.000000,64.210118
2412.000000,64.214312
2413.000000,64.218504
2414.000000,64.222694
2415.000000,64.226883
2416.000000,64.231069
2417.000000,64.235254
2418.000000,64.239438
2419.000000,64.243619
2420.000000,64.247799
2421.000000,64.251978
2422.000000,64.256154
2423.000000,64.260329
2424.000000,64.264502
2425.000000,64.268673
2426.000000,64.272843
2427.000000,64.277011
2428.000000,64.281177
2429.000000,64.285341
2430.000000,64.289504
2431.000000,64.293665
2432.000000,64.297824
2433.000000,64.301982
2434.000000,64.306137
2435.000000,64.310292
2436.000000,64.314444
2437.000000,64.318595
2438.000000,64.322744
2439.000000,64.326891
2440.000000,64.331037
2441.000000,64.335181
2442.000000,64.339323
2443.000000,64.343464
2444.000000,64.347602
2445.000000,64.351740
2446.000000,64.355875
2447.000000,64.360009
2448.000000,64.364141
2449.000000,64.368271
2450.000000,64.372400
2451.000000,64.376527
2452.000000,64.380652
2453.000000,64.384776
2454.000000,64.388898
2455.000000,64.393018
2456.000000,64.397137
2457.000000,64.401254
2458.000000,64.405369
2459.000000,64.409483
2460.000000,64.413595
2461.000000,64.417705
2462.000000,64.421814
2463.000000,64.425921
2464.000000,64.430026
2465.000000,64.434129
2466.000000,64.438231
2467.000000,64.442332
2468.000000,64.446430
2469.000000,64.450527
2470.000000,64.454622
2471.000000,64.458716
2472.000000,64.462808
2473.000000,64.466898
2474.000000,64.470987
2475.000000,64.475074
2476.000000,64.479159
2477.000000,64.483243
2478.000000,64.487325
2479.000000,64.491405
2480.000000,64.495484
2481.000000,64.499561
2482.000000,64.503637
2483.000000,64.507711
2484.000000,64.511783
2485.000000,64.515853
2486.000000,64.519922
2487.000000,64.523990
2488.000000,64.528055
2489.000000,64.532119
2490.000000,64.536182
2491.000000,64.540242
2492.000000,64.544302
2493.000000,64.548359
2494.000000,64.552415
2495.000000,64.556469
2496.000000,64.560522
2497.000000,64.564573
2498.000000,64.568622
2499.000000,64.572670
2500.000000,64.576716
2501.000000,64.580760
2502.000000,64.584803
2503.000000,64.588845
2504.000000,64.592884
2505.000000,64.596922
2506.000000,64.600959
2507.000000,64.604994
2508.000000,64.609027
2509.000000,64.613058
2510.000000,64.617088
2511.000000,64.621117
2512.000000,64.625144
2513.000000,64.629169
2514.000000,64.633192
2515.000000,64.637214
2516.000000,64.641235
2517.000000,64.645254
2518.000000,64.649271
2519.000000,64.653286
2520.000000,64.657300
2521.000000,64.661313
2522.000000,64.665324
2523.000000,64.669333
2524.000000,64.673340
2525.000000,64.677347
2526.000000,64.681351
2527.000000,64.685354
2528.000000,64.689355
2529.000000,64.693355
2530.000000,64.697353
2531.000000,64.701350
2532.000000,64.705345
2533.000000,64.709338
2534.000000,64.713330
2535.000000,64.717320
2536.000000,64.721309
2537.000000,64.725296
2538.000000,64.729281
2539.000000,64.733265
2540.000000,64.737248
2541.000000,64.741229
2542.000000,64.745208
2543.000000,64.749186
2544.000000,64.753162
2545.000000,64.757136
2546.000000,64.761109
2547.000000,64.765081
2548.000000,64.769051
2549.000000,64.773019
2550.000000,64.776986
2551.000000,64.780951
2552.000000,64.784915
2553.000000,64.788877
2554.000000,64.792837
2555.000000,64.796796
2556.000000,64.800754
2557.000000,64.804710
2558.000000,64.808664
2559.000000,64.812617
2560.000000,64.816568
2561.000000,64.820518
2562.000000,64.824466
2563.000000,64.828413
2564.000000,64.832358
2565.000000,64.836301
2566.000000,64.840243
2567.000000,64.844184
2568.000000,64.848123
2569.000000,64.852060
2570.000000,64.855996
2571.000000,64.859931
2572.000000,64.863863
2573.000000,64.867795
2574.000000,64.871724
2575.000000,64.875653
2576.000000,64.879579
2577.000000,64.883505
2578.000000,64.887428
2579.000000,64.891351
2580.000000,64.895271
2581.000000,64.899190
2582.000000,64.903108
2583.000000,64.907024
2584.000000,64.910939
2585.000000,64.914852
2586.000000,64.918763
2587.000000,64.922673
2588.000000,64.926582
2589.000000,64.930489
2590.000000,64.934394
2591.000000,64.938298
2592.000000,64.942201
2593.000000,64.946102
2594.000000,64.950001
2595.000000,64.953899
2596.000000,64.957796
2597.000000,64.961691
2598.000000,64.965584
2599.000000,64.969476
2600.000000,64.973366
2601.000000,64.977255
2602.000000,64.981143
2603.000000,64.985029
2604.000000,64.988913
2605.000000,64.992796
2606.000000,64.996678
2607.000000,65.000558
2608.000000,65.004437
2609.000000,65.008314
2610.000000,65.012189
2611.000000,65.016063
2612.000000,65.019936
2613.000000,65.023807
2614.000000,65.027677
2615.000000,65.031545
2616.000000,65.035411
2617.000000,65.039277
2618.000000,65.043140
2619.000000,65.047003
2620.000000,65.050863
2621.000000,65.054723
2622.000000,65.058580
2623.000000,65.062437
2624.000000,65.066292
2625.000000,65.070145
2626.000000,65.073997
2627.000000,65.077848
2628.000000,65.081697
2629.000000,65.085544
2630.000000,65.089390
2631.000000,65.093235
2632.000000,65.097078
2633.000000,65.100920
2634.000000,65.104760
2635.000000,65.108599
2636.000000,65.112436
2637.000000,65.116272
2638.000000,65.120106
2639.000000,65.123939
2640.000000,65.127771
2641.000000,65.131601
2642.000000,65.135430
2643.000000,65.139257
2644.000000,65.143082
2645.000000,65.146907
2646.000000,65.150730
2647.000000,65.154551
2648.000000,65.158371
2649.000000,65.162189
2650.000000,65.166006
2651.000000,65.169822
2652.000000,65.173636
2653.000000,65.177449
2654.000000,65.181260
2655.000000,65.185070
2656.000000,65.188879
2657.000000,65.192686
2658.000000,65.196491
2659.000000,65.200295
2660.000000,65.204098
2661.000000,65.207899
2662.000000,65.211699
2663.000000,65.215498
2664.000000,65.219295
2665.000000,65.223090
2666.000000,65.226884
2667.000000,65.230677
2668.000000,65.234468
2669.000000,65.238258
2670.000000,65.242047
2671.000000,65.245834
2672.000000,65.249619
2673.000000,65.253403
2674.000000,65.257186
2675.000000,65.260968
2676.000000,65.264748
2677.000000,65.268526
2678.000000,65.272303
2679.000000,65.276079
2680.000000,65.279853
2681.000000,65.283626
2682.000000,65.287398
2683.000000,65.291168
2684.000000,65.294937
2685.000000,65.298704
2686.000000,65.302470
2687.000000,65.306234
2688.000000,65.309997
2689.000000,65.313759
2690.000000,65.317519
2691.000000,65.321278
2692.000000,65.325036
2693.000000,65.328792
2694.000000,65.332546
2695.000000,65.336300
2696.000000,65.340052
2697.000000,65.343802
2698.000000,65.347551
2699.000000,65.351299
2700.000000,65.355045
2701.000000,65.358790
2702.000000,65.362534
2703.000000,65.366276
2704.000000,65.370017
2705.000000,65.373756
2706.000000,65.377494
2707.000000,65.381231
2708.000000,65.384966
2709.000000,65.388700
2710.000000,65.392433
2711.000000,65.396164
2712.000000,65.399894
2713.000000,65.403622
2714.000000,65.407349
2715.000000,65.411075
2716.000000,65.414799
2717.000000,65.418522
2718.000000,65.422244
2719.000000,65.425964
2720.000000,65.429683
2721.000000,65.433400
2722.000000,65.437116
2723.000000,65.440831
2724.000000,65.444544
2725.000000,65.448256
2726.000000,65.451967
2727.000000,65.455676
2728.000000,65.459384
2729.000000,65.463090
2730.000000,65.466796
2731.000000,65.470499
2732.000000,65.474202
2733.000000,65.477903
2734.000000,65.481603
2735.000000,65.485301
2736.000000,65.488998
2737.000000,65.492694
2738.000000,65.496388
2739.000000,65.500081
2740.000000,65.503773
2741.000000,65.507463
2742.000000,65.511152
2743.000000,65.514840
2744.000000,65.518526
2745.000000,65.522211
2746.000000,65.525895
2747.000000,65.529577
2748.000000,65.533258
2749.000000,65.536937
2750.000000,65.540616
2751.000000,65.544293
2752.000000,65.547968
2753.000000,65.551642
2754.000000,65.555315
2755.000000,65.558987
2756.000000,65.562657
2757.000000,65.566326
2758.000000,65.569993
2759.000000,65.573660
2760.000000,65.577325
2761.000000,65.580988
2762.000000,65.584650
2763.000000,65.588311
2764.000000,65.591971
2765.000000,65.595629
2766.000000,65.599286
2767.000000,65.602942
2768.000000,65.606596
2769.000000,65.610249
2770.000000,65.613901
2771.000000,65.617551
2772.000000,65.621200
2773.000000,65.624848
2774.000000,65.628494
2775.000000,65.632139
2776.000000,65.635783
2777.000000,65.639426
2778.000000,65.643067
2779.000000,65.646707
2780.000000,65.650345
2781.000000,65.653982
2782.000000,65.657618
2783.000000,65.661253
2784.000000,65.664886
2785.000000,65.668518
2786.000000,65.672149
2787.000000,65.675778
2788.000000,65.679406
2789.000000,65.683033
2790.000000,65.686659
2791.000000,65.690283
2792.000000,65.693906
2793.000000,65.697527
2794.000000,65.701147
2795.000000,65.704766
2796.000000,65.708384
2797.000000,65.712001
2798.000000,65.715616
2799.000000,65.719230
2800.000000,65.722842
2801.000000,65.726453
2802.000000,65.730063
2803.000000,65.733672
2804.000000,65.737279
2805.000000,65.740885
2806.000000,65.744490
2807.000000,65.748094
2808.000000,65.751696
2809.000000,65.755297
2810.000000,65.758897
2811.000000,65.762495
2812.000000,65.766092
2813.000000,65.769688
2814.000000,65.773283
2815.000000,65.776876
2816.000000,65.780468
2817.000000,65.784059
2818.000000,65.787648
2819.000000,65.791236
2820.000000,65.794823
2821.000000,65.798409
2822.000000,65.801993
2823.000000,65.805576
2824.000000,65.809158
2825.000000,65.812739
2826.000000,65.816318
2827.000000,65.819896
2828.000000,65.823473
2829.000000,65.827048
2830.000000,65.830622
2831.000000,65.834195
2832.000000,65.837767
2833.000000,65.841338
2834.000000,65.844907
2835.000000,65.848475
2836.000000,65.852041
2837.000000,65.855607
2838.000000,65.859171
2839.000000,65.862734
2840.000000,65.866295
2841.000000,65.869856
2842.000000,65.873415
2843.000000,65.876973
2844.000000,65.880529
2845.000000,65.884085
2846.000000,65.887639
2847.000000,65.891192
2848.000000,65.894744
2849.000000,65.898294
2850.000000,65.901843
2851.000000,65.905391
2852.000000,65.908938
2853.000000,65.912483
2854.000000,65.916027
2855.000000,65.919570
2856.000000,65.923112
2857.000000,65.926652
2858.000000,65.930191
2859.000000,65.933729
2860.000000,65.937266
2861.000000,65.940802
2862.000000,65.944336
2863.000000,65.947869
2864.000000,65.951401
2865.000000,65.954931
2866.000000,65.958461
2867.000000,65.961989
2868.000000,65.965516
2869.000000,65.969041
2870.000000,65.972566
2871.000000,65.976089
2872.000000,65.979611
2873.000000,65.983132
2874.000000,65.986651
2875.000000,65.990169
2876.000000,65.993686
2877.000000,65.997202
2878.000000,66.000717
2879.000000,66.004230
2880.000000,66.007742
2881.000000,66.011253
2882.000000,66.014763
2883.000000,66.018272
2884.000000,66.021779
2885.000000,66.025285
2886.000000,66.028790
2887.000000,66.032293
2888.000000,66.035796
2889.000000,66.039297
2890.000000,66.042797
2891.000000,66.046296
2892.000000,66.049794
2893.000000,66.053290
2894.000000,66.056785
2895.000000,66.060279
2896.000000,66.063772
2897.000000,66.067263
2898.000000,66.070754
2899.000000,66.074243
2900.000000,66.077731
2901.000000,66.081218
2902.000000,66.084703
2903.000000,66.088187
2904.000000,66.091671
2905.000000,66.095153
2906.000000,66.098633
2907.000000,66.102113
2908.000000,66.105591
2909.000000,66.109068
2910.000000,66.112544
2911.000000,66.116019
2912.000000,66.119493
2913.000000,66.122965
2914.000000,66.126436
2915.000000,66.129906
2916.000000,66.133375
2917.000000,66.136843
2918.000000,66.140309
2919.000000,66.143774
2920.000000,66.147238
2921.000000,66.150701
2922.000000,66.154163
2923.000000,66.157623
2924.000000,66.161083
2925.000000,66.164541
2926.000000,66.167998
2927.000000,66.171453
2928.000000,66.174908
2929.000000,66.178361
2930.000000,66.181814
2931.000000,66.185265
2932.000000,66.188715
2933.000000,66.192163
2934.000000,66.195611
2935.000000,66.199057
2936.000000,66.202502
2937.000000,66.205946
2938.000000,66.209389
2939.000000,66.212831
2940.000000,66.216271
2941.000000,66.219711
2942.000000,66.223149
2943.000000,66.226586
2944.000000,66.230021
2945.000000,66.233456
2946.000000,66.236890
2947.000000,66.240322
2948.000000,66.243753
2949.000000,66.247183
2950.000000,66.250612
2951.000000,66.254039
2952.000000,66.257466
2953.000000,66.260891
2954.000000,66.264315
2955.000000,66.267738
2956.000000,66.271160
2957.000000,66.274581
2958.000000,66.278001
2959.000000,66.281419
2960.000000,66.284836
2961.000000,66.288252
2962.000000,66.291667
2963.000000,66.295081
2964.000000,66.298494
2965.000000,66.301905
2966.000000,66.305315
2967.000000,66.308725
2968.000000,66.312133
2969.000000,66.315539
2970.000000,66.318945
2971.000000,66.322350
2972.000000,66.325753
2973.000000,66.329155
2974.000000,66.332557
2975.000000,66.335957
2976.000000,66.339355
2977.000000,66.342753
2978.000000,66.346150
2979.000000,66.349545
2980.000000,66.352939
2981.000000,66.356333
2982.000000,66.359725
2983.000000,66.363115
2984.000000,66.366505
2985.000000,66.369894
2986.000000,66.373281
2987.000000,66.376668
2988.000000,66.380053
2989.000000,66.383437
2990.000000,66.386820
2991.000000,66.390202
2992.000000,66.393582
2993.000000,66.396962
2994.000000,66.400340
2995.000000,66.403718
2996.000000,66.407094
2997.000000,66.410469
2998.000000,66.413843
2999.000000,66.417215
3000.000000,66.420587
3001.000000,66.423958
3002.000000,66.427327
3003.000000,66.430695
3004.000000,66.434063
3005.000000,66.437429
3006.000000,66.440794
3007.000000,66.444157
3008.000000,66.447520
3009.000000,66.450882
3010.000000,66.454242
3011.000000,66.457601
3012.000000,66.460960
3013.000000,66.464317
3014.000000,66.467673
3015.000000,66.471028
3016.000000,66.474381
3017.000000,66.477734
3018.000000,66.481086
3019.000000,66.484436
3020.000000,66.487785
3021.000000,66.491134
3022.000000,66.494481
3023.000000,66.497827
3024.000000,66.501172
3025.000000,66.504515
3026.000000,66.507858
3027.000000,66.511200
3028.000000,66.514540
3029.000000,66.517879
3030.000000,66.521218
3031.000000,66.524555
3032.000000,66.527891
3033.000000,66.531226
3034.000000,66.534560
3035.000000,66.537893
3036.000000,66.541224
3037.000000,66.544555
3038.000000,66.547884
3039.000000,66.551213
3040.000000,66.554540
3041.000000,66.557866
3042.000000,66.561191
3043.000000,66.564515
3044.000000,66.567838
3045.000000,66.571160
3046.000000,66.574481
3047.000000,66.577800
3048.000000,66.581119
3049.000000,66.584436
3050.000000,66.587753
3051.000000,66.591068
3052.000000,66.594382
3053.000000,66.597695
3054.000000,66.601007
3055.000000,66.604318
3056.000000,66.607628
3057.000000,66.610937
3058.000000,66.614245
3059.000000,66.617551
3060.000000,66.620857
3061.000000,66.624161
3062.000000,66.627465
3063.000000,66.630767
3064.000000,66.634068
3065.000000,66.637368
3066.000000,66.640667
3067.000000,66.643965
3068.000000,66.647262
3069.000000,66.650558
3070.000000,66.653853
3071.000000,66.657147
3072.000000,66.660439
3073.000000,66.663731
3074.000000,66.667021
3075.000000,66.670311
3076.000000,66.673599
3077.000000,66.676886
3078.000000,66.680173
3079.000000,66.683458
3080.000000,66.686742
3081.000000,66.690025
3082.000000,66.693307
3083.000000,66.696588
3084.000000,66.699867
3085.000000,66.703146
3086.000000,66.706424
3087.000000,66.709700
3088.000000,66.712976
3089.000000,66.716250
3090.000000,66.719524
3091.000000,66.722796
3092.000000,66.726068
3093.000000,66.729338
3094.000000,66.732607
3095.000000,66.735875
3096.000000,66.739142
3097.000000,66.742408
3098.000000,66.745673
3099.000000,66.748937
3100.000000,66.752200
3101.000000,66.755462
3102.000000,66.758723
3103.000000,66.761983
3104.000000,66.765241
3105.000000,66.768499
3106.000000,66.771755
3107.000000,66.775011
3108.000000,66.778265
3109.000000,66.781519
3110.000000,66.784771
3111.000000,66.788023
3112.000000,66.791273
3113.000000,66.794522
3114.000000,66.797770
3115.000000,66.801017
3116.000000,66.804264
3117.000000,66.807509
3118.000000,66.810753
3119.000000,66.813996
3120.000000,66.817238
3121.000000,66.820479
3122.000000,66.823718
3123.000000,66.826957
3124.000000,66.830195
3125.000000,66.833432
3126.000000,66.836668
3127.000000,66.839902
3128.000000,66.843136
3129.000000,66.846369
3130.000000,66.849600
3131.000000,66.852831
3132.000000,66.856060
3133.000000,66.859289
3134.000000,66.862516
3135.000000,66.865743
3136.000000,66.868968
3137.000000,66.872193
3138.000000,66.875416
3139.000000,66.878638
3140.000000,66.881860
3141.000000,66.885080
3142.000000,66.888299
3143.000000,66.891517
3144.000000,66.894735
3145.000000,66.897951
3146.000000,66.901166
3147.000000,66.904380
3148.000000,66.907593
3149.000000,66.910805
3150.000000,66.914016
3151.000000,66.917226
3152.000000,66.920435
3153.000000,66.923643
3154.000000,66.926850
3155.000000,66.930056
3156.000000,66.933261
3157.000000,66.936465
3158.000000,66.939668
3159.000000,66.942870
3160.000000,66.946071
3161.000000,66.949271
3162.000000,66.952470
3163.000000,66.955668
3164.000000,66.958865
3165.000000,66.962061
3166.000000,66.965255
3167.000000,66.968449
3168.000000,66.971642
3169.000000,66.974834
3170.000000,66.978025
3171.000000,66.981215
3172.000000,66.984403
3173.000000,66.987591
3174.000000,66.990778
3175.000000,66.993964
3176.000000,66.997148
3177.000000,67.000332
3178.000000,67.003515
3179.000000,67.006697
3180.000000,67.009878
3181.000000,67.013057
3182.000000,67.016236
3183.000000,67.019414
3184.000000,67.022591
3185.000000,67.025767
3186.000000,67.028941
3187.000000,67.032115
3188.000000,67.035288
3189.000000,67.038460
3190.000000,67.041631
3191.000000,67.044800
3192.000000,67.047969
3193.000000,67.051137
3194.000000,67.054304
3195.000000,67.057470
3196.000000,67.060635
3197.000000,67.063798
3198.000000,67.066961
3199.000000,67.070123
3200.000000,67.073284
3201.000000,67.076444
3202.000000,67.079603
3203.000000,67.082761
3204.000000,67.085918
3205.000000,67.089074
3206.000000,67.092229
3207.000000,67.095383
3208.000000,67.098536
3209.000000,67.101688
3210.000000,67.104839
3211.000000,67.107989
3212.000000,67.111138
3213.000000,67.114286
3214.000000,67.117433
3215.000000,67.120579
3216.000000,67.123725
3217.000000,67.126869
3218.000000,67.130012
3219.000000,67.133154
3220.000000,67.136295
3221.000000,67.139436
3222.000000,67.142575
3223.000000,67.145713
3224.000000,67.148851
3225.000000,67.151987
3226.000000,67.155123
3227.000000,67.158257
3228.000000,67.161390
3229.000000,67.164523
3230.000000,67.167654
3231.000000,67.170785
3232.000000,67.173915
3233.000000,67.177043
3234.000000,67.180171
3235.000000,67.183298
3236.000000,67.186423
3237.000000,67.189548
3238.000000,67.192672
3239.000000,67.195795
3240.000000,67.198917
3241.000000,67.202038
3242.000000,67.205157
3243.000000,67.208276
3244.000000,67.211394
3245.000000,67.214512
3246.000000,67.217628
3247.000000,67.220743
3248.000000,67.223857
3249.000000,67.226970
3250.000000,67.230082
3251.000000,67.233194
3252.000000,67.236304
3253.000000,67.239413
3254.000000,67.242522
3255.000000,67.245629
3256.000000,67.248736
3257.000000,67.251841
3258.000000,67.254946
3259.000000,67.258050
3260.000000,67.261152
3261.000000,67.264254
3262.000000,67.267355
3263.000000,67.270455
3264.000000,67.273554
3265.000000,67.276652
3266.000000,67.279749
3267.000000,67.282845
3268.000000,67.285940
3269.000000,67.289034
3270.000000,67.292127
3271.000000,67.295220
3272.000000,67.298311
3273.000000,67.301401
3274.000000,67.304491
3275.000000,67.307579
3276.000000,67.310667
3277.000000,67.313753
3278.000000,67.316839
3279.000000,67.319924
3280.000000,67.323008
3281.000000,67.326091
3282.000000,67.329172
3283.000000,67.332253
3284.000000,67.335333
3285.000000,67.338413
3286.000000,67.341491
3287.000000,67.344568
3288.000000,67.347644
3289.000000,67.350720
3290.000000,67.353794
3291.000000,67.356867
3292.000000,67.359940
3293.000000,67.363012
3294.000000,67.366082
3295.000000,67.369152
3296.000000,67.372221
3297.000000,67.375289
3298.000000,67.378356
3299.000000,67.381422
3300.000000,67.384487
3301.000000,67.387551
3302.000000,67.390614
3303.000000,67.393677
3304.000000,67.396738
3305.000000,67.399798
3306.000000,67.402858
3307.000000,67.405917
3308.000000,67.408974
3309.000000,67.412031
3310.000000,67.415087
3311.000000,67.418142
3312.000000,67.421196
3313.000000,67.424249
3314.000000,67.427301
3315.000000,67.430352
3316.000000,67.433402
3317.000000,67.436452
3318.000000,67.439500
3319.000000,67.442548
3320.000000,67.445595
3321.000000,67.448640
3322.000000,67.451685
3323.000000,67.454729
3324.000000,67.457772
3325.000000,67.460814
3326.000000,67.463855
3327.000000,67.466895
3328.000000,67.469935
3329.000000,67.472973
3330.000000,67.476010
3331.000000,67.479047
3332.000000,67.482083
3333.000000,67.485117
3334.000000,67.488151
3335.000000,67.491184
3336.000000,67.494216
3337.000000,67.497247
3338.000000,67.500278
3339.000000,67.503307
3340.000000,67.506335
3341.000000,67.509363
3342.000000,67.512389
3343.000000,67.515415
3344.000000,67.518440
3345.000000,67.521464
3346.000000,67.524486
3347.000000,67.527509
3348.000000,67.530530
3349.000000,67.533550
3350.000000,67.536569
3351.000000,67.539588
3352.000000,67.542605
3353.000000,67.545622
3354.000000,67.548638
3355.000000,67.551652
3356.000000,67.554666
3357.000000,67.557679
3358.000000,67.560692
3359.000000,67.563703
3360.000000,67.566713
3361.000000,67.569723
3362.000000,67.572731
3363.000000,67.575739
3364.000000,67.578746
3365.000000,67.581752
3366.000000,67.584757
3367.000000,67.587761
3368.000000,67.590764
3369.000000,67.593766
3370.000000,67.596768
3371.000000,67.599768
3372.000000,67.602768
3373.000000,67.605767
3374.000000,67.608764
3375.000000,67.611761
3376.000000,67.614757
3377.000000,67.617753
3378.000000,67.620747
3379.000000,67.623740
3380.000000,67.626733
3381.000000,67.629725
3382.000000,67.632715
3383.000000,67.635705
3384.000000,67.638694
3385.000000,67.641682
3386.000000,67.644670
3387.000000,67.647656
3388.000000,67.650641
3389.000000,67.653626
3390.000000,67.656610
3391.000000,67.659593
3392.000000,67.662575
3393.000000,67.665556
3394.000000,67.668536
3395.000000,67.671515
3396.000000,67.674494
3397.000000,67.677471
3398.000000,67.680448
3399.000000,67.683424
3400.000000,67.686399
3401.000000,67.689373
3402.000000,67.692346
3403.000000,67.695318
3404.000000,67.698290
3405.000000,67.701260
3406.000000,67.704230
3407.000000,67.707199
3408.000000,67.710167
3409.000000,67.713134
3410.000000,67.716100
3411.000000,67.719065
3412.000000,67.722030
3413.000000,67.724993
3414.000000,67.727956
3415.000000,67.730918
3416.000000,67.733879
3417.000000,67.736839
3418.000000,67.739798
3419.000000,67.742757
3420.000000,67.745714
3421.000000,67.748671
3422.000000,67.751627
3423.000000,67.754582
3424.000000,67.757536
3425.000000,67.760489
3426.000000,67.763441
3427.000000,67.766393
3428.000000,67.769343
3429.000000,67.772293
3430.000000,67.775242
3431.000000,67.778190
3432.000000,67.781137
3433.000000,67.784084
3434.000000,67.787029
3435.000000,67.789974
3436.000000,67.792918
3437.000000,67.795860
3438.000000,67.798803
3439.000000,67.801744
3440.000000,67.804684
3441.000000,67.807624
3442.000000,67.810562
3443.000000,67.813500
3444.000000,67.816437
3445.000000,67.819373
3446.000000,67.822308
3447.000000,67.825243
3448.000000,67.828176
3449.000000,67.831109
3450.000000,67.834040
3451.000000,67.836971
3452.000000,67.839902
3453.000000,67.842831
3454.000000,67.845759
3455.000000,67.848687
3456.000000,67.851614
3457.000000,67.854539
3458.000000,67.857464
3459.000000,67.860389
3460.000000,67.863312
3461.000000,67.866234
3462.000000,67.869156
3463.000000,67.872077
3464.000000,67.874997
3465.000000,67.877916
3466.000000,67.880834
3467.000000,67.883752
3468.000000,67.886668
3469.000000,67.889584
3470.000000,67.892499
3471.000000,67.895413
3472.000000,67.898326
3473.000000,67.901239
3474.000000,67.904150
3475.000000,67.907061
3476.000000,67.909971
3477.000000,67.912880
3478.000000,67.915788
3479.000000,67.918695
3480.000000,67.921602
3481.000000,67.924508
3482.000000,67.927413
3483.000000,67.930317
3484.000000,67.933220
3485.000000,67.936122
3486.000000,67.939024
3487.000000,67.941924
3488.000000,67.944824
3489.000000,67.947723
3490.000000,67.950622
3491.000000,67.953519
3492.000000,67.956415
3493.000000,67.959311
3494.000000,67.962206
3495.000000,67.965100
3496.000000,67.967993
3497.000000,67.970886
3498.000000,67.973777
3499.000000,67.976668
3500.000000,67.979558
3501.000000,67.982447
3502.000000,67.985335
3503.000000,67.988223
3504.000000,67.991109
3505.000000,67.993995
3506.000000,67.996880
3507.000000,67.999764
3508.000000,68.002648
3509.000000,68.005530
3510.000000,68.008412
3511.000000,68.011293
3512.000000,68.014173
3513.000000,68.017052
3514.000000,68.019930
3515.000000,68.022808
3516.000000,68.025685
3517.000000,68.028561
3518.000000,68.031436
3519.000000,68.034310
3520.000000,68.037184
3521.000000,68.040056
3522.000000,68.042928
3523.000000,68.045799
3524.000000,68.048670
3525.000000,68.051539
3526.000000,68.054408
3527.000000,68.057275
3528.000000,68.060142
3529.000000,68.063009
3530.000000,68.065874
3531.000000,68.068739
3532.000000,68.071602
3533.000000,68.074465
3534.000000,68.077327
3535.000000,68.080189
3536.000000,68.083049
3537.000000,68.085909
3538.000000,68.088768
3539.000000,68.091626
3540.000000,68.094483
3541.000000,68.097339
3542.000000,68.100195
3543.000000,68.103050
3544.000000,68.105904
3545.000000,68.108757
3546.000000,68.111610
3547.000000,68.114461
3548.000000,68.117312
3549.000000,68.120162
3550.000000,68.123011
3551.000000,68.125860
3552.000000,68.128707
3553.000000,68.131554
3554.000000,68.134400
3555.000000,68.137245
3556.000000,68.140090
3557.000000,68.142933
3558.000000,68.145776
3559.000000,68.148618
3560.000000,68.151459
3561.000000,68.154300
3562.000000,68.157139
3563.000000,68.159978
3564.000000,68.162816
3565.000000,68.165654
3566.000000,68.168490
3567.000000,68.171326
3568.000000,68.174160
3569.000000,68.176995
3570.000000,68.179828
3571.000000,68.182660
3572.000000,68.185492
3573.000000,68.188323
3574.000000,68.191153
3575.000000,68.193982
3576.000000,68.196811
3577.000000,68.199638
3578.000000,68.202465
3579.000000,68.205291
3580.000000,68.208117
3581.000000,68.210941
3582.000000,68.213765
3583.000000,68.216588
3584.000000,68.219410
3585.000000,68.222232
3586.000000,68.225052
3587.000000,68.227872
3588.000000,68.230691
3589.000000,68.233509
3590.000000,68.236327
3591.000000,68.239143
3592.000000,68.241959
3593.000000,68.244774
3594.000000,68.247589
3595.000000,68.250402
3596.000000,68.253215
3597.000000,68.256027
3598.000000,68.258838
3599.000000,68.261649
3600.000000,68.264458
3601.000000,68.267267
3602.000000,68.270075
3603.000000,68.272883
3604.000000,68.275689
3605.000000,68.278495
3606.000000,68.281300
3607.000000,68.284104
3608.000000,68.286907
3609.000000,68.289710
3610.000000,68.292512
3611.000000,68.295313
3612.000000,68.298113
3613.000000,68.300913
3614.000000,68.303712
3615.000000,68.306509
3616.000000,68.309307
3617.000000,68.312103
3618.000000,68.314899
3619.000000,68.317694
3620.000000,68.320488
3621.000000,68.323281
3622.000000,68.326074
3623.000000,68.328865
3624.000000,68.331657
3625.000000,68.334447
3626.000000,68.337236
3627.000000,68.340025
3628.000000,68.342813
3629.000000,68.345600
3630.000000,68.348387
3631.000000,68.351172
3632.000000,68.353957
3633.000000,68.356741
3634.000000,68.359525
3635.000000,68.362307
3636.000000,68.365089
3637.000000,68.367870
3638.000000,68.370650
3639.000000,68.373430
3640.000000,68.376209
3641.000000,68.378987
3642.000000,68.381764
3643.000000,68.384540
3644.000000,68.387316
3645.000000,68.390091
3646.000000,68.392865
3647.000000,68.395638
3648.000000,68.398411
3649.000000,68.401183
3650.000000,68.403954
3651.000000,68.406725
3652.000000,68.409494
3653.000000,68.412263
3654.000000,68.415031
3655.000000,68.417799
3656.000000,68.420565
3657.000000,68.423331
3658.000000,68.426096
3659.000000,68.428860
3660.000000,68.431624
3661.000000,68.434387
3662.000000,68.437149
3663.000000,68.439910
3664.000000,68.442671
3665.000000,68.445431
3666.000000,68.448190
3667.000000,68.450948
3668.000000,68.453705
3669.000000,68.456462
3670.000000,68.459218
3671.000000,68.461974
3672.000000,68.464728
3673.000000,68.467482
3674.000000,68.470235
3675.000000,68.472987
3676.000000,68.475739
3677.000000,68.478490
3678.000000,68.481240
3679.000000,68.483989
3680.000000,68.486737
3681.000000,68.489485
3682.000000,68.492232
3683.000000,68.494979
3684.000000,68.497724
3685.000000,68.500469
3686.000000,68.503213
3687.000000,68.505956
3688.000000,68.508699
3689.000000,68.511441
3690.000000,68.514182
3691.000000,68.516922
3692.000000,68.519662
3693.000000,68.522401
3694.000000,68.525139
3695.000000,68.527876
3696.000000,68.530613
3697.000000,68.533349
3698.000000,68.536084
3699.000000,68.538818
3700.000000,68.541552
3701.000000,68.544285
3702.000000,68.547017
3703.000000,68.549749
3704.000000,68.552480
3705.000000,68.555210
3706.000000,68.557939
3707.000000,68.560667
3708.000000,68.563395
3709.000000,68.566122
3710.000000,68.568848
3711.000000,68.571574
3712.000000,68.574299
3713.000000,68.577023
3714.000000,68.579746
3715.000000,68.582469
3716.000000,68.585191
3717.000000,68.587912
3718.000000,68.590633
3719.000000,68.593352
3720.000000,68.596071
3721.000000,68.598790
3722.000000,68.601507
3723.000000,68.604224
3724.000000,68.606940
3725.000000,68.609655
3726.000000,68.612370
3727.000000,68.615084
3728.000000,68.617797
3729.000000,68.620509
3730.000000,68.623221
3731.000000,68.625932
3732.000000,68.628642
3733.000000,68.631352
3734.000000,68.634061
3735.000000,68.636769
3736.000000,68.639476
3737.000000,68.642183
3738.000000,68.644889
3739.000000,68.647594
3740.000000,68.650298
3741.000000,68.653002
3742.000000,68.655705
3743.000000,68.658407
3744.000000,68.661109
3745.000000,68.663810
3746.000000,68.666510
3747.000000,68.669209
3748.000000,68.671908
3749.000000,68.674606
3750.000000,68.677303
3751.000000,68.680000
3752.000000,68.682695
3753.000000,68.685390
3754.000000,68.688085
3755.000000,68.690778
3756.000000,68.693471
3757.000000,68.696164
3758.000000,68.698855
3759.000000,68.701546
3760.000000,68.704236
3761.000000,68.706925
3762.000000,68.709614
3763.000000,68.712302
3764.000000,68.714989
3765.000000,68.717676
3766.000000,68.720361
3767.000000,68.723046
3768.000000,68.725731
3769.000000,68.728414
3770.000000,68.731097
3771.000000,68.733780
3772.000000,68.736461
3773.000000,68.739142
3774.000000,68.741822
3775.000000,68.744501
3776.000000,68.747180
3777.000000,68.749858
3778.000000,68.752535
3779.000000,68.755212
3780.000000,68.757888
3781.000000,68.760563
3782.000000,68.763237
3783.000000,68.765911
3784.000000,68.768584
3785.000000,68.771256
3786.000000,68.773928
3787.000000,68.776599
3788.000000,68.779269
3789.000000,68.781938
3790.000000,68.784607
3791.000000,68.787275
3792.000000,68.789942
3793.000000,68.792609
3794.000000,68.795275
3795.000000,68.797940
3796.000000,68.800605
3797.000000,68.803269
3798.000000,68.805932
3799.000000,68.808594
3800.000000,68.811256
3801.000000,68.813917
3802.000000,68.816577
3803.000000,68.819237
3804.000000,68.821896
3805.000000,68.824554
3806.000000,68.827212
3807.000000,68.829869
3808.000000,68.832525
3809.000000,68.835180
3810.000000,68.837835
3811.000000,68.840489
3812.000000,68.843142
3813.000000,68.845795
3814.000000,68.848447
3815.000000,68.851098
3816.000000,68.853749
3817.000000,68.856399
3818.000000,68.859048
3819.000000,68.861696
3820.000000,68.864344
3821.000000,68.866991
3822.000000,68.869638
3823.000000,68.872283
3824.000000,68.874928
3825.000000,68.877573
3826.000000,68.880216
3827.000000,68.882859
3828.000000,68.885502
3829.000000,68.888143
3830.000000,68.890784
3831.000000,68.893424
3832.000000,68.896064
3833.000000,68.898703
3834.000000,68.901341
3835.000000,68.903978
3836.000000,68.906615
3837.000000,68.909251
3838.000000,68.911887
3839.000000,68.914521
3840.000000,68.917155
3841.000000,68.919789
3842.000000,68.922421
3843.000000,68.925053
3844.000000,68.927684
3845.000000,68.930315
3846.000000,68.932945
3847.000000,68.935574
3848.000000,68.938203
3849.000000,68.940831
3850.000000,68.943458
3851.000000,68.946084
3852.000000,68.948710
3853.000000,68.951335
3854.000000,68.953960
3855.000000,68.956583
3856.000000,68.959206
3857.000000,68.961829
3858.000000,68.964451
3859.000000,68.967072
3860.000000,68.969692
3861.000000,68.972312
3862.000000,68.974931
3863.000000,68.977549
3864.000000,68.980167
3865.000000,68.982784
3866.000000,68.985400
3867.000000,68.988015
3868.000000,68.990630
3869.000000,68.993245
3870.000000,68.995858
3871.000000,68.998471
3872.000000,69.001083
3873.000000,69.003695
3874.000000,69.006306
3875.000000,69.008916
3876.000000,69.011526
3877.000000,69.014135
3878.000000,69.016743
3879.000000,69.019350
3880.000000,69.021957
3881.000000,69.024563
3882.000000,69.027169
3883.000000,69.029774
3884.000000,69.032378
3885.000000,69.034981
3886.000000,69.037584
3887.000000,69.040186
3888.000000,69.042788
3889.000000,69.045389
3890.000000,69.047989
3891.000000,69.050588
3892.000000,69.053187
3893.000000,69.055785
3894.000000,69.058383
3895.000000,69.060980
3896.000000,69.063576
3897.000000,69.066171
3898.000000,69.068766
3899.000000,69.071360
3900.000000,69.073954
3901.000000,69.076546
3902.000000,69.079139
3903.000000,69.081730
3904.000000,69.084321
3905.000000,69.086911
3906.000000,69.089501
3907.000000,69.092089
3908.000000,69.094678
3909.000000,69.097265
3910.000000,69.099852
3911.000000,69.102438
3912.000000,69.105024
3913.000000,69.107609
3914.000000,69.110193
3915.000000,69.112776
3916.000000,69.115359
3917.000000,69.117941
3918.000000,69.120523
3919.000000,69.123104
3920.000000,69.125684
3921.000000,69.128264
3922.000000,69.130843
3923.000000,69.133421
3924.000000,69.135999
3925.000000,69.138576
3926.000000,69.141152
3927.000000,69.143727
3928.000000,69.146302
3929.000000,69.148877
3930.000000,69.151450
3931.000000,69.154024
3932.000000,69.156596
3933.000000,69.159168
3934.000000,69.161739
3935.000000,69.164309
3936.000000,69.166879
3937.000000,69.169448
3938.000000,69.172016
3939.000000,69.174584
3940.000000,69.177151
3941.000000,69.179718
3942.000000,69.182284
3943.000000,69.184849
3944.000000,69.187413
3945.000000,69.189977
3946.000000,69.192541
3947.000000,69.195103
3948.000000,69.197665
3949.000000,69.200226
3950.000000,69.202787
3951.000000,69.205347
3952.000000,69.207906
3953.000000,69.210465
3954.000000,69.213023
3955.000000,69.215581
3956.000000,69.218137
3957.000000,69.220694
3958.000000,69.223249
3959.000000,69.225804
3960.000000,69.228358
3961.000000,69.230912
3962.000000,69.233464
3963.000000,69.236017
3964.000000,69.238568
3965.000000,69.241119
3966.000000,69.243670
3967.000000,69.246219
3968.000000,69.248768
3969.000000,69.251317
3970.000000,69.253864
3971.000000,69.256412
3972.000000,69.258958
3973.000000,69.261504
3974.000000,69.264049
3975.000000,69.266594
3976.000000,69.269137
3977.000000,69.271681
3978.000000,69.274223
3979.000000,69.276765
3980.000000,69.279307
3981.000000,69.281847
3982.000000,69.284387
3983.000000,69.286927
3984.000000,69.289466
3985.000000,69.292004
3986.000000,69.294541
3987.000000,69.297078
3988.000000,69.299615
3989.000000,69.302150
3990.000000,69.304685
3991.000000,69.307219
3992.000000,69.309753
3993.000000,69.312286
3994.000000,69.314819
3995.000000,69.317350
3996.000000,69.319882
3997.000000,69.322412
3998.000000,69.324942
3999.000000,69.327471
4000.000000,69.330000
4001.000000,69.328846
4002.000000,69.327692
4003.000000,69.326539
4004.000000,69.325386
4005.000000,69.324233
4006.000000,69.323080
4007.000000,69.321928
4008.000000,69.320776
4009.000000,69.319624
4010.000000,69.318473
4011.000000,69.317322
4012.000000,69.316171
4013.000000,69.315020
4014.000000,69.313870
4015.000000,69.312720
4016.000000,69.311570
4017.000000,69.310421
4018.000000,69.309272
4019.000000,69.308123
4020.000000,69.306974
4021.000000,69.305826
4022.000000,69.304678
4023.000000,69.303530
4024.000000,69.302383
4025.000000,69.301236
4026.000000,69.300089
4027.000000,69.298942
4028.000000,69.297796
4029.000000,69.296650
4030.000000,69.295505
4031.000000,69.294359
4032.000000,69.293214
4033.000000,69.292069
4034.000000,69.290925
4035.000000,69.289780
4036.000000,69.288636
4037.000000,69.287493
4038.000000,69.286349
4039.000000,69.285206
4040.000000,69.284063
4041.000000,69.282920
4042.000000,69.281778
4043.000000,69.280636
4044.000000,69.279494
4045.000000,69.278353
4046.000000,69.277212
4047.000000,69.276071
4048.000000,69.274930
4049.000000,69.273790
4050.000000,69.272650
4051.000000,69.271510
4052.000000,69.270371
4053.000000,69.269231
4054.000000,69.268093
4055.000000,69.266954
4056.000000,69.265816
4057.000000,69.264677
4058.000000,69.263540
4059.000000,69.262402
4060.000000,69.261265
4061.000000,69.260128
4062.000000,69.258991
4063.000000,69.257855
4064.000000,69.256719
4065.000000,69.255583
4066.000000,69.254447
4067.000000,69.253312
4068.000000,69.252177
4069.000000,69.251042
4070.000000,69.249908
4071.000000,69.248774
4072.000000,69.247640
4073.000000,69.246506
4074.000000,69.245373
4075.000000,69.244240
4076.000000,69.243107
4077.000000,69.241975
4078.000000,69.240842
4079.000000,69.239710
4080.000000,69.238579
4081.000000,69.237447
4082.000000,69.236316
4083.000000,69.235185
4084.000000,69.234055
4085.000000,69.232925
4086.000000,69.231795
4087.000000,69.230665
4088.000000,69.229535
4089.000000,69.228406
4090.000000,69.227277
4091.000000,69.226149
4092.000000,69.225020
4093.000000,69.223892
4094.000000,69.222764
4095.000000,69.221637
4096.000000,69.220510
4097.000000,69.219383
4098.000000,69.218256
4099.000000,69.217130
4100.000000,69.216003
4101.000000,69.214878
4102.000000,69.213752
4103.000000,69.212627
4104.000000,69.211502
4105.000000,69.210377
4106.000000,69.209252
4107.000000,69.208128
4108.000000,69.207004
4109.000000,69.205881
4110.000000,69.204757
4111.000000,69.203634
4112.000000,69.202511
4113.000000,69.201389
4114.000000,69.200266
4115.000000,69.199144
4116.000000,69.198022
4117.000000,69.196901
4118.000000,69.195780
4119.000000,69.194659
4120.000000,69.193538
4121.000000,69.192418
4122.000000,69.191298
4123.000000,69.190178
4124.000000,69.189058
4125.000000,69.187939
4126.000000,69.186820
4127.000000,69.185701
4128.000000,69.184582
4129.000000,69.183464
4130.000000,69.182346
4131.000000,69.181229
4132.000000,69.180111
4133.000000,69.178994
4134.000000,69.177877
4135.000000,69.176761
4136.000000,69.175644
4137.000000,69.174528
4138.000000,69.173412
4139.000000,69.172297
4140.000000,69.171182
4141.000000,69.170067
4142.000000,69.168952
4143.000000,69.167837
4144.000000,69.166723
4145.000000,69.165609
4146.000000,69.164496
4147.000000,69.163382
4148.000000,69.162269
4149.000000,69.161156
4150.000000,69.160044
4151.000000,69.158931
4152.000000,69.157819
4153.000000,69.156708
4154.000000,69.155596
4155.000000,69.154485
4156.000000,69.153374
4157.000000,69.152263
4158.000000,69.151153
4159.000000,69.150043
4160.000000,69.148933
4161.000000,69.147823
4162.000000,69.146714
4163.000000,69.145605
4164.000000,69.144496
4165.000000,69.143387
4166.000000,69.142279
4167.000000,69.141171
4168.000000,69.140063
4169.000000,69.138956
4170.000000,69.137848
4171.000000,69.136741
4172.000000,69.135635
4173.000000,69.134528
4174.000000,69.133422
4175.000000,69.132316
4176.000000,69.131211
4177.000000,69.130105
4178.000000,69.129000
4179.000000,69.127895
4180.000000,69.126791
4181.000000,69.125686
4182.000000,69.124582
4183.000000,69.123478
4184.000000,69.122375
4185.000000,69.121272
4186.000000,69.120169
4187.000000,69.119066
4188.000000,69.117963
4189.000000,69.116861
4190.000000,69.115759
4191.000000,69.114658
4192.000000,69.113556
4193.000000,69.112455
4194.000000,69.111354
4195.000000,69.110253
4196.000000,69.109153
4197.000000,69.108053
4198.000000,69.106953
4199.000000,69.105853
4200.000000,69.104754
4201.000000,69.103655
4202.000000,69.102556
4203.000000,69.101458
4204.000000,69.100359
4205.000000,69.099261
4206.000000,69.098164
4207.000000,69.097066
4208.000000,69.095969
4209.000000,69.094872
4210.000000,69.093775
4211.000000,69.092679
4212.000000,69.091583
4213.000000,69.090487
4214.000000,69.089391
4215.000000,69.088296
4216.000000,69.087200
4217.000000,69.086106
4218.000000,69.085011
4219.000000,69.083917
4220.000000,69.082822
4221.000000,69.081729
4222.000000,69.080635
4223.000000,69.079542
4224.000000,69.078449
4225.000000,69.077356
4226.000000,69.076263
4227.000000,69.075171
4228.000000,69.074079
4229.000000,69.072987
4230.000000,69.071895
4231.000000,69.070804
4232.000000,69.069713
4233.000000,69.068622
4234.000000,69.067532
4235.000000,69.066442
4236.000000,69.065352
4237.000000,69.064262
4238.000000,69.063173
4239.000000,69.062083
4240.000000,69.060994
4241.000000,69.059906
4242.000000,69.058817
4243.000000,69.057729
4244.000000,69.056641
4245.000000,69.055553
4246.000000,69.054466
4247.000000,69.053379
4248.000000,69.052292
4249.000000,69.051205
4250.000000,69.050119
4251.000000,69.049033
4252.000000,69.047947
4253.000000,69.046861
4254.000000,69.045776
4255.000000,69.044691
4256.000000,69.043606
4257.000000,69.042521
4258.000000,69.041437
4259.000000,69.040353
4260.000000,69.039269
4261.000000,69.038185
4262.000000,69.037102
4263.000000,69.036019
4264.000000,69.034936
4265.000000,69.033854
4266.000000,69.032771
4267.000000,69.031689
4268.000000,69.030607
4269.000000,69.029526
4270.000000,69.028445
4271.000000,69.027364
4272.000000,69.026283
4273.000000,69.025202
4274.000000,69.024122
4275.000000,69.023042
4276.000000,69.021962
4277.000000,69.020883
4278.000000,69.019803
4279.000000,69.018724
4280.000000,69.017645
4281.000000,69.016567
4282.000000,69.015489
4283.000000,69.014411
4284.000000,69.013333
4285.000000,69.012255
4286.000000,69.011178
4287.000000,69.010101
4288.000000,69.009024
4289.000000,69.007948
4290.000000,69.006872
4291.000000,69.005796
4292.000000,69.004720
4293.000000,69.003644
4294.000000,69.002569
4295.000000,69.001494
4296.000000,69.000419
4297.000000,68.999345
4298.000000,68.998270
4299.000000,68.997196
4300.000000,68.996123
4301.000000,68.995049
4302.000000,68.993976
4303.000000,68.992903
4304.000000,68.991830
4305.000000,68.990758
4306.000000,68.989685
4307.000000,68.988613
4308.000000,68.987542
4309.000000,68.986470
4310.000000,68.985399
4311.000000,68.984328
4312.000000,68.983257
4313.000000,68.982187
4314.000000,68.981116
4315.000000,68.980046
4316.000000,68.978976
4317.000000,68.977907
4318.000000,68.976838
4319.000000,68.975769
4320.000000,68.974700
4321.000000,68.973631
4322.000000,68.972563
4323.000000,68.971495
4324.000000,68.970427
4325.000000,68.969360
4326.000000,68.968292
4327.000000,68.967225
4328.000000,68.966158
4329.000000,68.965092
4330.000000,68.964026
4331.000000,68.962959
4332.000000,68.961894
4333.000000,68.960828
4334.000000,68.959763
4335.000000,68.958698
4336.000000,68.957633
4337.000000,68.956568
4338.000000,68.955504
4339.000000,68.954440
4340.000000,68.953376
4341.000000,68.952312
4342.000000,68.951249
4343.000000,68.950186
4344.000000,68.949123
4345.000000,68.948060
4346.000000,68.946998
4347.000000,68.945936
4348.000000,68.944874
4349.000000,68.943812
4350.000000,68.942751
4351.000000,68.941690
4352.000000,68.940629
4353.000000,68.939568
4354.000000,68.938507
4355.000000,68.937447
4356.000000,68.936387
4357.000000,68.935328
4358.000000,68.934268
4359.000000,68.933209
4360.000000,68.932150
4361.000000,68.931091
4362.000000,68.930033
4363.000000,68.928974
4364.000000,68.927916
4365.000000,68.926859
4366.000000,68.925801
4367.000000,68.924744
4368.000000,68.923687
4369.000000,68.922630
4370.000000,68.921574
4371.000000,68.920517
4372.000000,68.919461
4373.000000,68.918405
4374.000000,68.917350
4375.000000,68.916294
4376.000000,68.915239
4377.000000,68.914184
4378.000000,68.913130
4379.000000,68.912075
4380.000000,68.911021
4381.000000,68.909967
4382.000000,68.908914
4383.000000,68.907860
4384.000000,68.906807
4385.000000,68.905754
4386.000000,68.904701
4387.000000,68.903649
4388.000000,68.902597
4389.000000,68.901545
4390.000000,68.900493
4391.000000,68.899441
4392.000000,68.898390
4393.000000,68.897339
4394.000000,68.896288
4395.000000,68.895238
4396.000000,68.894188
4397.000000,68.893137
4398.000000,68.892088
4399.000000,68.891038
4400.000000,68.889989
4401.000000,68.888940
4402.000000,68.887891
4403.000000,68.886842
4404.000000,68.885794
4405.000000,68.884746
4406.000000,68.883698
4407.000000,68.882650
4408.000000,68.881602
4409.000000,68.880555
4410.000000,68.879508
4411.000000,68.878462
4412.000000,68.877415
4413.000000,68.876369
4414.000000,68.875323
4415.000000,68.874277
4416.000000,68.873231
4417.000000,68.872186
4418.000000,68.871141
4419.000000,68.870096
4420.000000,68.869052
4421.000000,68.868007
4422.000000,68.866963
4423.000000,68.865919
4424.000000,68.864876
4425.000000,68.863832
4426.000000,68.862789
4427.000000,68.861746
4428.000000,68.860703
4429.000000,68.859661
4430.000000,68.858619
4431.000000,68.857577
4432.000000,68.856535
4433.000000,68.855493
4434.000000,68.854452
4435.000000,68.853411
4436.000000,68.852370
4437.000000,68.851329
4438.000000,68.850289
4439.000000,68.849249
4440.000000,68.848209
4441.000000,68.847169
4442.000000,68.846130
4443.000000,68.845091
4444.000000,68.844052
4445.000000,68.843013
4446.000000,68.841975
4447.000000,68.840936
4448.000000,68.839898
4449.000000,68.838860
4450.000000,68.837823
4451.000000,68.836786
4452.000000,68.835749
4453.000000,68.834712
4454.000000,68.833675
4455.000000,68.832639
4456.000000,68.831602
4457.000000,68.830567
4458.000000,68.829531
4459.000000,68.828495
4460.000000,68.827460
4461.000000,68.826425
4462.000000,68.825390
4463.000000,68.824356
4464.000000,68.823322
4465.000000,68.822287
4466.000000,68.821254
4467.000000,68.820220
4468.000000,68.819187
4469.000000,68.818153
4470.000000,68.817121
4471.000000,68.816088
4472.000000,68.815055
4473.000000,68.814023
4474.000000,68.812991
4475.000000,68.811959
4476.000000,68.810928
4477.000000,68.809897
4478.000000,68.808866
4479.000000,68.807835
4480.000000,68.806804
4481.000000,68.805774
4482.000000,68.804744
4483.000000,68.803714
4484.000000,68.802684
4485.000000,68.801654
4486.000000,68.800625
4487.000000,68.799596
4488.000000,68.798567
4489.000000,68.797539
4490.000000,68.796511
4491.000000,68.795482
4492.000000,68.794455
4493.000000,68.793427
4494.000000,68.792400
4495.000000,68.791372
4496.000000,68.790345
4497.000000,68.789319
4498.000000,68.788292
4499.000000,68.787266
4500.000000,68.786240
4501.000000,68.785214
4502.000000,68.784189
4503.000000,68.783163
4504.000000,68.782138
4505.000000,68.781113
4506.000000,68.780089
4507.000000,68.779064
4508.000000,68.778040
4509.000000,68.777016
4510.000000,68.775992
4511.000000,68.774969
4512.000000,68.773945
4513.000000,68.772922
4514.000000,68.771899
4515.000000,68.770877
4516.000000,68.769854
4517.000000,68.768832
4518.000000,68.767810
4519.000000,68.766789
4520.000000,68.765767
4521.000000,68.764746
4522.000000,68.763725
4523.000000,68.762704
4524.000000,68.761683
4525.000000,68.760663
4526.000000,68.759643
4527.000000,68.758623
4528.000000,68.757603
4529.000000,68.756584
4530.000000,68.755565
4531.000000,68.754546
4532.000000,68.753527
4533.000000,68.752508
4534.000000,68.751490
4535.000000,68.750472
4536.000000,68.749454
4537.000000,68.748436
4538.000000,68.747419
4539.000000,68.746402
4540.000000,68.745385
4541.000000,68.744368
4542.000000,68.743351
4543.000000,68.742335
4544.000000,68.741319
4545.000000,68.740303
4546.000000,68.739287
4547.000000,68.738272
4548.000000,68.737257
4549.000000,68.736242
4550.000000,68.735227
4551.000000,68.734213
4552.000000,68.733198
4553.000000,68.732184
4554.000000,68.731170
4555.000000,68.730157
4556.000000,68.729143
4557.000000,68.728130
4558.000000,68.727117
4559.000000,68.726104
4560.000000,68.725092
4561.000000,68.724079
4562.000000,68.723067
4563.000000,68.722056
4564.000000,68.721044
4565.000000,68.720032
4566.000000,68.719021
4567.000000,68.718010
4568.000000,68.717000
4569.000000,68.715989
4570.000000,68.714979
4571.000000,68.713969
4572.000000,68.712959
4573.000000,68.711949
4574.000000,68.710940
4575.000000,68.709930
4576.000000,68.708921
4577.000000,68.707913
4578.000000,68.706904
4579.000000,68.705896
4580.000000,68.704888
4581.000000,68.703880
4582.000000,68.702872
4583.000000,68.701865
4584.000000,68.700857
4585.000000,68.699850
4586.000000,68.698844
4587.000000,68.697837
4588.000000,68.696831
4589.000000,68.695825
4590.000000,68.694819
4591.000000,68.693813
4592.000000,68.692808
4593.000000,68.691802
4594.000000,68.690797
4595.000000,68.689792
4596.000000,68.688788
4597.000000,68.687783
4598.000000,68.686779
4599.000000,68.685775
4600.000000,68.684772
4601.000000,68.683768
4602.000000,68.682765
4603.000000,68.681762
4604.000000,68.680759
4605.000000,68.679756
4606.000000,68.678754
4607.000000,68.677752
4608.000000,68.676750
4609.000000,68.675748
4610.000000,68.674746
4611.000000,68.673745
4612.000000,68.672744
4613.000000,68.671743
4614.000000,68.670742
4615.000000,68.669742
4616.000000,68.668742
4617.000000,68.667742
4618.000000,68.666742
4619.000000,68.665742
4620.000000,68.664743
4621.000000,68.663744
4622.000000,68.662745
4623.000000,68.661746
4624.000000,68.660748
4625.000000,68.659749
4626.000000,68.658751
4627.000000,68.657753
4628.000000,68.656756
4629.000000,68.655758
4630.000000,68.654761
4631.000000,68.653764
4632.000000,68.652767
4633.000000,68.651771
4634.000000,68.650774
4635.000000,68.649778
4636.000000,68.648782
4637.000000,68.647786
4638.000000,68.646791
4639.000000,68.645796
4640.000000,68.644801
4641.000000,68.643806
4642.000000,68.642811
4643.000000,68.641817
4644.000000,68.640822
4645.000000,68.639828
4646.000000,68.638835
4647.000000,68.637841
4648.000000,68.636848
4649.000000,68.635855
4650.000000,68.634862
4651.000000,68.633869
4652.000000,68.632876
4653.000000,68.631884
4654.000000,68.630892
4655.000000,68.629900
4656.000000,68.628909
4657.000000,68.627917
4658.000000,68.626926
4659.000000,68.625935
4660.000000,68.624944
4661.000000,68.623954
4662.000000,68.622963
4663.000000,68.621973
4664.000000,68.620983
4665.000000,68.619993
4666.000000,68.619004
4667.000000,68.618015
4668.000000,68.617025
4669.000000,68.616037
4670.000000,68.615048
4671.000000,68.614059
4672.000000,68.613071
4673.000000,68.612083
4674.000000,68.611095
4675.000000,68.610108
4676.000000,68.609120
4677.000000,68.608133
4678.000000,68.607146
4679.000000,68.606159
4680.000000,68.605173
4681.000000,68.604186
4682.000000,68.603200
4683.000000,68.602214
4684.000000,68.601229
4685.000000,68.600243
4686.000000,68.599258
4687.000000,68.598273
4688.000000,68.597288
4689.000000,68.596303
4690.000000,68.595319
4691.000000,68.594334
4692.000000,68.593350
4693.000000,68.592367
4694.000000,68.591383
4695.000000,68.590399
4696.000000,68.589416
4697.000000,68.588433
4698.000000,68.587451
4699.000000,68.586468
4700.000000,68.585486
4701.000000,68.584503
4702.000000,68.583521
4703.000000,68.582540
4704.000000,68.581558
4705.000000,68.580577
4706.000000,68.579596
4707.000000,68.578615
4708.000000,68.577634
4709.000000,68.576654
4710.000000,68.575673
4711.000000,68.574693
4712.000000,68.573713
4713.000000,68.572734
4714.000000,68.571754
4715.000000,68.570775
4716.000000,68.569796
4717.000000,68.568817
4718.000000,68.567839
4719.000000,68.566860
4720.000000,68.565882
4721.000000,68.564904
4722.000000,68.563926
4723.000000,68.562949
4724.000000,68.561971
4725.000000,68.560994
4726.000000,68.560017
4727.000000,68.559040
4728.000000,68.558064
4729.000000,68.557088
4730.000000,68.556111
4731.000000,68.555135
4732.000000,68.554160
4733.000000,68.553184
4734.000000,68.552209
4735.000000,68.551234
4736.000000,68.550259
4737.000000,68.549284
4738.000000,68.548310
4739.000000,68.547335
4740.000000,68.546361
4741.000000,68.545388
4742.000000,68.544414
4743.000000,68.543440
4744.000000,68.542467
4745.000000,68.541494
4746.000000,68.540521
4747.000000,68.539549
4748.000000,68.538576
4749.000000,68.537604
4750.000000,68.536632
4751.000000,68.535660
4752.000000,68.534689
4753.000000,68.533717
4754.000000,68.532746
4755.000000,68.531775
4756.000000,68.530804
4757.000000,68.529834
4758.000000,68.528863
4759.000000,68.527893
4760.000000,68.526923
4761.000000,68.525953
4762.000000,68.524984
4763.000000,68.524014
4764.000000,68.523045
4765.000000,68.522076
4766.000000,68.521107
4767.000000,68.520139
4768.000000,68.519170
4769.000000,68.518202
4770.000000,68.517234
4771.000000,68.516267
4772.000000,68.515299
4773.000000,68.514332
4774.000000,68.513365
4775.000000,68.512398
4776.000000,68.511431
4777.000000,68.510464
4778.000000,68.509498
4779.000000,68.508532
4780.000000,68.507566
4781.000000,68.506600
4782.000000,68.505635
4783.000000,68.504669
4784.000000,68.503704
4785.000000,68.502739
4786.000000,68.501775
4787.000000,68.500810
4788.000000,68.499846
4789.000000,68.498882
4790.000000,68.497918
4791.000000,68.496954
4792.000000,68.495991
4793.000000,68.495027
4794.000000,68.494064
4795.000000,68.493101
4796.000000,68.492139
4797.000000,68.491176
4798.000000,68.490214
4799.000000,68.489252
4800.000000,68.488290
4801.000000,68.487328
4802.000000,68.486367
4803.000000,68.485405
4804.000000,68.484444
4805.000000,68.483483
4806.000000,68.482523
4807.000000,68.481562
4808.000000,68.480602
4809.000000,68.479642
4810.000000,68.478682
4811.000000,68.477722
4812.000000,68.476763
4813.000000,68.475803
4814.000000,68.474844
4815.000000,68.473885
4816.000000,68.472927
4817.000000,68.471968
4818.000000,68.471010
4819.000000,68.470052
4820.000000,68.469094
4821.000000,68.468136
4822.000000,68.467179
4823.000000,68.466221
4824.000000,68.465264
4825.000000,68.464307
4826.000000,68.463351
4827.000000,68.462394
4828.000000,68.461438
4829.000000,68.460482
4830.000000,68.459526
4831.000000,68.458570
4832.000000,68.457615
4833.000000,68.456659
4834.000000,68.455704
4835.000000,68.454749
4836.000000,68.453794
4837.000000,68.452840
4838.000000,68.451886
4839.000000,68.450931
4840.000000,68.449977
4841.000000,68.449024
4842.000000,68.448070
4843.000000,68.447117
4844.000000,68.446164
4845.000000,68.445211
4846.000000,68.444258
4847.000000,68.443305
4848.000000,68.442353
4849.000000,68.441401
4850.000000,68.440449
4851.000000,68.439497
4852.000000,68.438545
4853.000000,68.437594
4854.000000,68.436643
4855.000000,68.435692
4856.000000,68.434741
4857.000000,68.433790
4858.000000,68.432840
4859.000000,68.431890
4860.000000,68.430940
4861.000000,68.429990
4862.000000,68.429040
4863.000000,68.428091
4864.000000,68.427142
4865.000000,68.426193
4866.000000,68.425244
4867.000000,68.424295
4868.000000,68.423347
4869.000000,68.422398
4870.000000,68.421450
4871.000000,68.420502
4872.000000,68.419555
4873.000000,68.418607
4874.000000,68.417660
4875.000000,68.416713
4876.000000,68.415766
4877.000000,68.414819
4878.000000,68.413873
4879.000000,68.412926
4880.000000,68.411980
4881.000000,68.411034
4882.000000,68.410089
4883.000000,68.409143
4884.000000,68.408198
4885.000000,68.407253
4886.000000,68.406308
4887.000000,68.405363
4888.000000,68.404418
4889.000000,68.403474
4890.000000,68.402530
4891.000000,68.401586
4892.000000,68.400642
4893.000000,68.399698
4894.000000,68.398755
4895.000000,68.397812
4896.000000,68.396869
4897.000000,68.395926
4898.000000,68.394983
4899.000000,68.394041
4900.000000,68.393098
4901.000000,68.392156
4902.000000,68.391214
4903.000000,68.390273
4904.000000,68.389331
4905.000000,68.388390
4906.000000,68.387449
4907.000000,68.386508
4908.000000,68.385567
4909.000000,68.384627
4910.000000,68.383686
4911.000000,68.382746
4912.000000,68.381806
4913.000000,68.380866
4914.000000,68.379927
4915.000000,68.378987
4916.000000,68.378048
4917.000000,68.377109
4918.000000,68.376170
4919.000000,68.375232
4920.000000,68.374293
4921.000000,68.373355
4922.000000,68.372417
4923.000000,68.371479
4924.000000,68.370542
4925.000000,68.369604
4926.000000,68.368667
4927.000000,68.367730
4928.000000,68.366793
4929.000000,68.365856
4930.000000,68.364920
4931.000000,68.363983
4932.000000,68.363047
4933.000000,68.362111
4934.000000,68.361175
4935.000000,68.360240
4936.000000,68.359304
4937.000000,68.358369
4938.000000,68.357434
4939.000000,68.356499
4940.000000,68.355565
4941.000000,68.354630
4942.000000,68.353696
4943.000000,68.352762
4944.000000,68.351828
4945.000000,68.350894
4946.000000,68.349961
4947.000000,68.349028
4948.000000,68.348094
4949.000000,68.347161
4950.000000,68.346229
4951.000000,68.345296
4952.000000,68.344364
4953.000000,68.343432
4954.000000,68.342500
4955.000000,68.341568
4956.000000,68.340636
4957.000000,68.339705
4958.000000,68.338774
4959.000000,68.337842
4960.000000,68.336912
4961.000000,68.335981
4962.000000,68.335050
4963.000000,68.334120
4964.000000,68.333190
4965.000000,68.332260
4966.000000,68.331330
4967.000000,68.330401
4968.000000,68.329471
4969.000000,68.328542
4970.000000,68.327613
4971.000000,68.326684
4972.000000,68.325756
4973.000000,68.324827
4974.000000,68.323899
4975.000000,68.322971
4976.000000,68.322043
4977.000000,68.321116
4978.000000,68.320188
4979.000000,68.319261
4980.000000,68.318334
4981.000000,68.317407
4982.000000,68.316480
4983.000000,68.315553
4984.000000,68.314627
4985.000000,68.313701
4986.000000,68.312775
4987.000000,68.311849
4988.000000,68.310923
4989.000000,68.309998
4990.000000,68.309073
4991.000000,68.308148
4992.000000,68.307223
4993.000000,68.306298
4994.000000,68.305373
4995.000000,68.304449
4996.000000,68.303525
4997.000000,68.302601
4998.000000,68.301677
4999.000000,68.300754
5000.000000,68.299830
5001.000000,68.298907
5002.000000,68.297984
5003.000000,68.297061
5004.000000,68.296138
5005.000000,68.295216
5006.000000,68.294293
5007.000000,68.293371
5008.000000,68.292449
5009.000000,68.291528
5010.000000,68.290606
5011.000000,68.289685
5012.000000,68.288763
5013.000000,68.287842
5014.000000,68.286922
5015.000000,68.286001
5016.000000,68.285080
5017.000000,68.284160
5018.000000,68.283240
5019.000000,68.282320
5020.000000,68.281400
5021.000000,68.280481
5022.000000,68.279562
5023.000000,68.278642
5024.000000,68.277723
5025.000000,68.276804
5026.000000,68.275886
5027.000000,68.274967
5028.000000,68.274049
5029.000000,68.273131
5030.000000,68.272213
5031.000000,68.271295
5032.000000,68.270378
5033.000000,68.269460
5034.000000,68.268543
5035.000000,68.267626
5036.000000,68.266709
5037.000000,68.265793
5038.000000,68.264876
5039.000000,68.263960
5040.000000,68.263044
5041.000000,68.262128
5042.000000,68.261212
5043.000000,68.260297
5044.000000,68.259382
5045.000000,68.258466
5046.000000,68.257551
5047.000000,68.256637
5048.000000,68.255722
5049.000000,68.254807
5050.000000,68.253893
5051.000000,68.252979
5052.000000,68.252065
5053.000000,68.251151
5054.000000,68.250238
5055.000000,68.249325
5056.000000,68.248411
5057.000000,68.247498
5058.000000,68.246585
5059.000000,68.245673
5060.000000,68.244760
5061.000000,68.243848
5062.000000,68.242936
5063.000000,68.242024
5064.000000,68.241112
5065.000000,68.240201
5066.000000,68.239289
5067.000000,68.238378
5068.000000,68.237467
5069.000000,68.236556
5070.000000,68.235646
5071.000000,68.234735
5072.000000,68.233825
5073.000000,68.232915
5074.000000,68.232005
5075.000000,68.231095
5076.000000,68.230185
5077.000000,68.229276
5078.000000,68.228367
5079.000000,68.227458
5080.000000,68.226549
5081.000000,68.225640
5082.000000,68.224732
5083.000000,68.223823
5084.000000,68.222915
5085.000000,68.222007
5086.000000,68.221099
5087.000000,68.220192
5088.000000,68.219284
5089.000000,68.218377
5090.000000,68.217470
5091.000000,68.216563
5092.000000,68.215656
5093.000000,68.214750
5094.000000,68.213843
5095.000000,68.212937
5096.000000,68.212031
5097.000000,68.211125
5098.000000,68.210220
5099.000000,68.209314
5100.000000,68.208409
5101.000000,68.207504
5102.000000,68.206599
5103.000000,68.205694
5104.000000,68.204789
5105.000000,68.203885
5106.000000,68.202981
5107.000000,68.202077
5108.000000,68.201173
5109.000000,68.200269
5110.000000,68.199365
5111.000000,68.198462
5112.000000,68.197559
5113.000000,68.196656
5114.000000,68.195753
5115.000000,68.194850
5116.000000,68.193948
5117.000000,68.193046
5118.000000,68.192144
5119.000000,68.191242
5120.000000,68.190340
5121.000000,68.189438
5122.000000,68.188537
5123.000000,68.187636
5124.000000,68.186734
5125.000000,68.185834
5126.000000,68.184933
5127.000000,68.184032
5128.000000,68.183132
5129.000000,68.182232
5130.000000,68.181332
5131.000000,68.180432
5132.000000,68.179532
5133.000000,68.178633
5134.000000,68.177733
5135.000000,68.176834
5136.000000,68.175935
5137.000000,68.175037
5138.000000,68.174138
5139.000000,68.173240
5140.000000,68.172341
5141.000000,68.171443
5142.000000,68.170545
5143.000000,68.169648
5144.000000,68.168750
5145.000000,68.167853
5146.000000,68.166955
5147.000000,68.166058
5148.000000,68.165161
5149.000000,68.164265
5150.000000,68.163368
5151.000000,68.162472
5152.000000,68.161576
5153.000000,68.160680
5154.000000,68.159784
5155.000000,68.158888
5156.000000,68.157993
5157.000000,68.157097
5158.000000,68.156202
5159.000000,68.155307
5160.000000,68.154413
5161.000000,68.153518
5162.000000,68.152624
5163.000000,68.151729
5164.000000,68.150835
5165.000000,68.149941
5166.000000,68.149048
5167.000000,68.148154
5168.000000,68.147261
5169.000000,68.146367
5170.000000,68.145474
5171.000000,68.144581
5172.000000,68.143689
5173.000000,68.142796
5174.000000,68.141904
5175.000000,68.141012
5176.000000,68.140120
5177.000000,68.139228
5178.000000,68.138336
5179.000000,68.137445
5180.000000,68.136553
5181.000000,68.135662
5182.000000,68.134771
5183.000000,68.133880
5184.000000,68.132990
5185.000000,68.132099
5186.000000,68.131209
5187.000000,68.130319
5188.000000,68.129429
5189.000000,68.128539
5190.000000,68.127649
5191.000000,68.126760
5192.000000,68.125871
5193.000000,68.124982
5194.000000,68.124093
5195.000000,68.123204
5196.000000,68.122315
5197.000000,68.121427
5198.000000,68.120539
5199.000000,68.119651
5200.000000,68.118763
5201.000000,68.117875
5202.000000,68.116988
5203.000000,68.116100
5204.000000,68.115213
5205.000000,68.114326
5206.000000,68.113439
5207.000000,68.112552
5208.000000,68.111666
5209.000000,68.110779
5210.000000,68.109893
5211.000000,68.109007
5212.000000,68.108121
5213.000000,68.107236
5214.000000,68.106350
5215.000000,68.105465
5216.000000,68.104580
5217.000000,68.103695
5218.000000,68.102810
5219.000000,68.101925
5220.000000,68.101041
5221.000000,68.100156
5222.000000,68.099272
5223.000000,68.098388
5224.000000,68.097504
5225.000000,68.096621
5226.000000,68.095737
5227.000000,68.094854
5228.000000,68.093971
5229.000000,68.093088
5230.000000,68.092205
5231.000000,68.091322
5232.000000,68.090440
5233.000000,68.089558
5234.000000,68.088675
5235.000000,68.087793
5236.000000,68.086912
5237.000000,68.086030
5238.000000,68.085149
5239.000000,68.084267
5240.000000,68.083386
5241.000000,68.082505
5242.000000,68.081624
5243.000000,68.080744
5244.000000,68.079863
5245.000000,68.078983
5246.000000,68.078103
5247.000000,68.077223
5248.000000,68.076343
5249.000000,68.075464
5250.000000,68.074584
5251.000000,68.073705
5252.000000,68.072826
5253.000000,68.071947
5254.000000,68.071068
5255.000000,68.070190
5256.000000,68.069311
5257.000000,68.068433
5258.000000,68.067555
5259.000000,68.066677
5260.000000,68.065799
5261.000000,68.064921
5262.000000,68.064044
5263.000000,68.063167
5264.000000,68.062290
5265.000000,68.061413
5266.000000,68.060536
5267.000000,68.059659
5268.000000,68.058783
5269.000000,68.057907
5270.000000,68.057031
5271.000000,68.056155
5272.000000,68.055279
5273.000000,68.054403
5274.000000,68.053528
5275.000000,68.052652
5276.000000,68.051777
5277.000000,68.050902
5278.000000,68.050028
5279.000000,68.049153
5280.000000,68.048279
5281.000000,68.047404
5282.000000,68.046530
5283.000000,68.045656
5284.000000,68.044783
5285.000000,68.043909
5286.000000,68.043035
5287.000000,68.042162
5288.000000,68.041289
5289.000000,68.040416
5290.000000,68.039543
5291.000000,68.038671
5292.000000,68.037798
5293.000000,68.036926
5294.000000,68.036054
5295.000000,68.035182
5296.000000,68.034310
5297.000000,68.033438
5298.000000,68.032567
5299.000000,68.031696
5300.000000,68.030824
5301.000000,68.029953
5302.000000,68.029083
5303.000000,68.028212
5304.000000,68.027342
5305.000000,68.026471
5306.000000,68.025601
5307.000000,68.024731
5308.000000,68.023861
5309.000000,68.022992
5310.000000,68.022122
5311.000000,68.021253
5312.000000,68.020384
5313.000000,68.019515
5314.000000,68.018646
5315.000000,68.017777
5316.000000,68.016908
5317.000000,68.016040
5318.000000,68.015172
5319.000000,68.014304
5320.000000,68.013436
5321.000000,68.012568
5322.000000,68.011701
5323.000000,68.010833
5324.000000,68.009966
5325.000000,68.009099
5326.000000,68.008232
5327.000000,68.007366
5328.000000,68.006499
5329.000000,68.005633
5330.000000,68.004766
5331.000000,68.003900
5332.000000,68.003034
5333.000000,68.002169
5334.000000,68.001303
5335.000000,68.000438
5336.000000,67.999572
5337.000000,67.998707
5338.000000,67.997842
5339.000000,67.996977
5340.000000,67.996113
5341.000000,67.995248
5342.000000,67.994384
5343.000000,67.993520
5344.000000,67.992656
5345.000000,67.991792
5346.000000,67.990929
5347.000000,67.990065
5348.000000,67.989202
5349.000000,67.988339
5350.000000,67.987476
5351.000000,67.986613
5352.000000,67.985750
5353.000000,67.984888
5354.000000,67.984025
5355.000000,67.983163
5356.000000,67.982301
5357.000000,67.981439
5358.000000,67.980577
5359.000000,67.979716
5360.000000,67.978854
5361.000000,67.977993
5362.000000,67.977132
5363.000000,67.976271
5364.000000,67.975410
5365.000000,67.974550
5366.000000,67.973689
5367.000000,67.972829
5368.000000,67.971969
5369.000000,67.971109
5370.000000,67.970249
5371.000000,67.969390
5372.000000,67.968530
5373.000000,67.967671
5374.000000,67.966812
5375.000000,67.965953
5376.000000,67.965094
5377.000000,67.964235
5378.000000,67.963377
5379.000000,67.962518
5380.000000,67.961660
5381.000000,67.960802
5382.000000,67.959944
5383.000000,67.959087
5384.000000,67.958229
5385.000000,67.957372
5386.000000,67.956514
5387.000000,67.955657
5388.000000,67.954800
5389.000000,67.953944
5390.000000,67.953087
5391.000000,67.952231
5392.000000,67.951374
5393.000000,67.950518
5394.000000,67.949662
5395.000000,67.948807
5396.000000,67.947951
5397.000000,67.947095
5398.000000,67.946240
5399.000000,67.945385
5400.000000,67.944530
5401.000000,67.943675
5402.000000,67.942820
5403.000000,67.941966
5404.000000,67.941111
5405.000000,67.940257
5406.000000,67.939403
5407.000000,67.938549
5408.000000,67.937696
5409.000000,67.936842
5410.000000,67.935988
5411.000000,67.935135
5412.000000,67.934282
5413.000000,67.933429
5414.000000,67.932576
5415.000000,67.931724
5416.000000,67.930871
5417.000000,67.930019
5418.000000,67.929167
5419.000000,67.928315
5420.000000,67.927463
5421.000000,67.926611
5422.000000,67.925760
5423.000000,67.924908
5424.000000,67.924057
5425.000000,67.923206
5426.000000,67.922355
5427.000000,67.921504
5428.000000,67.920654
5429.000000,67.919803
5430.000000,67.918953
5431.000000,67.918103
5432.000000,67.917253
5433.000000,67.916403
5434.000000,67.915553
5435.000000,67.914704
5436.000000,67.913855
5437.000000,67.913005
5438.000000,67.912156
5439.000000,67.911307
5440.000000,67.910459
5441.000000,67.909610
5442.000000,67.908762
5443.000000,67.907913
5444.000000,67.907065
5445.000000,67.906217
5446.000000,67.905370
5447.000000,67.904522
5448.000000,67.903675
5449.000000,67.902827
5450.000000,67.901980
5451.000000,67.901133
5452.000000,67.900286
5453.000000,67.899440
5454.000000,67.898593
5455.000000,67.897747
5456.000000,67.896900
5457.000000,67.896054
5458.000000,67.895208
5459.000000,67.894363
5460.000000,67.893517
5461.000000,67.892671
5462.000000,67.891826
5463.000000,67.890981
5464.000000,67.890136
5465.000000,67.889291
5466.000000,67.888447
5467.000000,67.887602
5468.000000,67.886758
5469.000000,67.885913
5470.000000,67.885069
5471.000000,67.884225
5472.000000,67.883382
5473.000000,67.882538
5474.000000,67.881695
5475.000000,67.880851
5476.000000,67.880008
5477.000000,67.879165
5478.000000,67.878322
5479.000000,67.877480
5480.000000,67.876637
5481.000000,67.875795
5482.000000,67.874953
5483.000000,67.874110
5484.000000,67.873269
5485.000000,67.872427
5486.000000,67.871585
5487.000000,67.870744
5488.000000,67.869902
5489.000000,67.869061
5490.000000,67.868220
5491.000000,67.867379
5492.000000,67.866539
5493.000000,67.865698
5494.000000,67.864858
5495.000000,67.864018
5496.000000,67.863178
5497.000000,67.862338
5498.000000,67.861498
5499.000000,67.860658
5500.000000,67.859819
5501.000000,67.858980
5502.000000,67.858140
5503.000000,67.857301
5504.000000,67.856462
5505.000000,67.855624
5506.000000,67.854785
5507.000000,67.853947
5508.000000,67.853109
5509.000000,67.852271
5510.000000,67.851433
5511.000000,67.850595
5512.000000,67.849757
5513.000000,67.848920
5514.000000,67.848082
5515.000000,67.847245
5516.000000,67.846408
5517.000000,67.845571
5518.000000,67.844735
5519.000000,67.843898
5520.000000,67.843062
5521.000000,67.842225
5522.000000,67.841389
5523.000000,67.840553
5524.000000,67.839717
5525.000000,67.838882
5526.000000,67.838046
5527.000000,67.837211
5528.000000,67.836376
5529.000000,67.835541
5530.000000,67.834706
5531.000000,67.833871
5532.000000,67.833036
5533.000000,67.832202
5534.000000,67.831368
5535.000000,67.830533
5536.000000,67.829699
5537.000000,67.828866
5538.000000,67.828032
5539.000000,67.827198
5540.000000,67.826365
5541.000000,67.825532
5542.000000,67.824699
5543.000000,67.823866
5544.000000,67.823033
5545.000000,67.822200
5546.000000,67.821368
5547.000000,67.820535
5548.000000,67.819703
5549.000000,67.818871
5550.000000,67.818039
5551.000000,67.817207
5552.000000,67.816376
5553.000000,67.815544
5554.000000,67.814713
5555.000000,67.813882
5556.000000,67.813051
5557.000000,67.812220
5558.000000,67.811389
5559.000000,67.810559
5560.000000,67.809728
5561.000000,67.808898
5562.000000,67.808068
5563.000000,67.807238
5564.000000,67.806408
5565.000000,67.805579
5566.000000,67.804749
5567.000000,67.803920
5568.000000,67.803091
5569.000000,67.802261
5570.000000,67.801433
5571.000000,67.800604
5572.000000,67.799775
5573.000000,67.798947
5574.000000,67.798118
5575.000000,67.797290
5576.000000,67.796462
5577.000000,67.795634
5578.000000,67.794807
5579.000000,67.793979
5580.000000,67.793152
5581.000000,67.792324
5582.000000,67.791497
5583.000000,67.790670
5584.000000,67.789843
5585.000000,67.789017
5586.000000,67.788190
5587.000000,67.787364
5588.000000,67.786538
5589.000000,67.785711
5590.000000,67.784885
5591.000000,67.784060
5592.000000,67.783234
5593.000000,67.782409
5594.000000,67.781583
5595.000000,67.780758
5596.000000,67.779933
5597.000000,67.779108
5598.000000,67.778283
5599.000000,67.777459
5600.000000,67.776634
5601.000000,67.775810
5602.000000,67.774986
5603.000000,67.774162
5604.000000,67.773338
5605.000000,67.772514
5606.000000,67.771690
5607.000000,67.770867
5608.000000,67.770044
5609.000000,67.769221
5610.000000,67.768398
5611.000000,67.767575
5612.000000,67.766752
5613.000000,67.765929
5614.000000,67.765107
5615.000000,67.764285
5616.000000,67.763463
5617.000000,67.762641
5618.000000,67.761819
5619.000000,67.760997
5620.000000,67.760176
5621.000000,67.759354
5622.000000,67.758533
5623.000000,67.757712
5624.000000,67.756891
5625.000000,67.756070
5626.000000,67.755249
5627.000000,67.754429
5628.000000,67.753609
5629.000000,67.752788
5630.000000,67.751968
5631.000000,67.751148
5632.000000,67.750329
5633.000000,67.749509
5634.000000,67.748689
5635.000000,67.747870
5636.000000,67.747051
5637.000000,67.746232
5638.000000,67.745413
5639.000000,67.744594
5640.000000,67.743775
5641.000000,67.742957
5642.000000,67.742139
5643.000000,67.741320
5644.000000,67.740502
5645.000000,67.739685
5646.000000,67.738867
5647.000000,67.738049
5648.000000,67.737232
5649.000000,67.736414
5650.000000,67.735597
5651.000000,67.734780
5652.000000,67.733963
5653.000000,67.733147
5654.000000,67.732330
5655.000000,67.731514
5656.000000,67.730697
5657.000000,67.729881
5658.000000,67.729065
5659.000000,67.728249
5660.000000,67.727433
5661.000000,67.726618
5662.000000,67.725802
5663.000000,67.724987
5664.000000,67.724172
5665.000000,67.723357
5666.000000,67.722542
5667.000000,67.721727
5668.000000,67.720913
5669.000000,67.720098
5670.000000,67.719284
5671.000000,67.718470
5672.000000,67.717656
5673.000000,67.716842
5674.000000,67.716028
5675.000000,67.715215
5676.000000,67.714401
5677.000000,67.713588
5678.000000,67.712775
5679.000000,67.711962
5680.000000,67.711149
5681.000000,67.710336
5682.000000,67.709524
5683.000000,67.708711
5684.000000,67.707899
5685.000000,67.707087
5686.000000,67.706275
5687.000000,67.705463
5688.000000,67.704651
5689.000000,67.703840
5690.000000,67.703028
5691.000000,67.702217
5692.000000,67.701406
5693.000000,67.700595
5694.000000,67.699784
5695.000000,67.698973
5696.000000,67.698163
5697.000000,67.697352
5698.000000,67.696542
5699.000000,67.695732
5700.000000,67.694922
5701.000000,67.694112
5702.000000,67.693302
5703.000000,67.692493
5704.000000,67.691683
5705.000000,67.690874
5706.000000,67.690065
5707.000000,67.689256
5708.000000,67.688447
5709.000000,67.687638
5710.000000,67.686830
5711.000000,67.686021
5712.000000,67.685213
5713.000000,67.684405
5714.000000,67.683597
5715.000000,67.682789
5716.000000,67.681981
5717.000000,67.681173
5718.000000,67.680366
5719.000000,67.679559
5720.000000,67.678752
5721.000000,67.677944
5722.000000,67.677138
5723.000000,67.676331
5724.000000,67.675524
5725.000000,67.674718
5726.000000,67.673911
5727.000000,67.673105
5728.000000,67.672299
5729.000000,67.671493
5730.000000,67.670688
5731.000000,67.669882
5732.000000,67.669076
5733.000000,67.668271
5734.000000,67.667466
5735.000000,67.666661
5736.000000,67.665856
5737.000000,67.665051
5738.000000,67.664247
5739.000000,67.663442
5740.000000,67.662638
5741.000000,67.661833
5742.000000,67.661029
5743.000000,67.660225
5744.000000,67.659422
5745.000000,67.658618
5746.000000,67.657814
5747.000000,67.657011
5748.000000,67.656208
5749.000000,67.655405
5750.000000,67.654602
5751.000000,67.653799
5752.000000,67.652996
5753.000000,67.652194
5754.000000,67.651391
5755.000000,67.650589
5756.000000,67.649787
5757.000000,67.648985
5758.000000,67.648183
5759.000000,67.647381
5760.000000,67.646580
5761.000000,67.645778
5762.000000,67.644977
5763.000000,67.644176
5764.000000,67.643375
5765.000000,67.642574
5766.000000,67.641773
5767.000000,67.640973
5768.000000,67.640172
5769.000000,67.639372
5770.000000,67.638572
5771.000000,67.637772
5772.000000,67.636972
5773.000000,67.636172
5774.000000,67.635372
5775.000000,67.634573
5776.000000,67.633774
5777.000000,67.632974
5778.000000,67.632175
5779.000000,67.631376
5780.000000,67.630578
5781.000000,67.629779
5782.000000,67.628980
5783.000000,67.628182
5784.000000,67.627384
5785.000000,67.626586
5786.000000,67.625788
5787.000000,67.624990
5788.000000,67.624192
5789.000000,67.623395
5790.000000,67.622597
5791.000000,67.621800
5792.000000,67.621003
5793.000000,67.620206
5794.000000,67.619409
5795.000000,67.618612
5796.000000,67.617816
5797.000000,67.617019
5798.000000,67.616223
5799.000000,67.615427
5800.000000,67.614631
5801.000000,67.613835
5802.000000,67.613039
5803.000000,67.612243
5804.000000,67.611448
5805.000000,67.610653
5806.000000,67.609857
5807.000000,67.609062
5808.000000,67.608267
5809.000000,67.607473
5810.000000,67.606678
5811.000000,67.605883
5812.000000,67.605089
5813.000000,67.604295
5814.000000,67.603501
5815.000000,67.602707
5816.000000,67.601913
5817.000000,67.601119
5818.000000,67.600325
5819.000000,67.599532
5820.000000,67.598739
5821.000000,67.597946
5822.000000,67.597153
5823.000000,67.596360
5824.000000,67.595567
5825.000000,67.594774
5826.000000,67.593982
5827.000000,67.593189
5828.000000,67.592397
5829.000000,67.591605
5830.000000,67.590813
5831.000000,67.590021
5832.000000,67.589230
5833.000000,67.588438
5834.000000,67.587647
5835.000000,67.586856
5836.000000,67.586064
5837.000000,67.585273
5838.000000,67.584483
5839.000000,67.583692
5840.000000,67.582901
5841.000000,67.582111
5842.000000,67.581320
5843.000000,67.580530
5844.000000,67.579740
5845.000000,67.578950
5846.000000,67.578161
5847.000000,67.577371
5848.000000,67.576581
5849.000000,67.575792
5850.000000,67.575003
5851.000000,67.574214
5852.000000,67.573425
5853.000000,67.572636
5854.000000,67.571847
5855.000000,67.571059
5856.000000,67.570270
5857.000000,67.569482
5858.000000,67.568694
5859.000000,67.567906
5860.000000,67.567118
5861.000000,67.566330
5862.000000,67.565543
5863.000000,67.564755
5864.000000,67.563968
5865.000000,67.563180
5866.000000,67.562393
5867.000000,67.561606
5868.000000,67.560820
5869.000000,67.560033
5870.000000,67.559246
5871.000000,67.558460
5872.000000,67.557674
5873.000000,67.556888
5874.000000,67.556102
5875.000000,67.555316
5876.000000,67.554530
5877.000000,67.553744
5878.000000,67.552959
5879.000000,67.552174
5880.000000,67.551388
5881.000000,67.550603
5882.000000,67.549818
5883.000000,67.549033
5884.000000,67.548249
5885.000000,67.547464
5886.000000,67.546680
5887.000000,67.545896
5888.000000,67.545111
5889.000000,67.544327
5890.000000,67.543544
5891.000000,67.542760
5892.000000,67.541976
5893.000000,67.541193
5894.000000,67.540409
5895.000000,67.539626
5896.000000,67.538843
5897.000000,67.538060
5898.000000,67.537277
5899.000000,67.536495
5900.000000,67.535712
5901.000000,67.534930
5902.000000,67.534147
5903.000000,67.533365
5904.000000,67.532583
5905.000000,67.531801
5906.000000,67.531020
5907.000000,67.530238
5908.000000,67.529457
5909.000000,67.528675
5910.000000,67.527894
5911.000000,67.527113
5912.000000,67.526332
5913.000000,67.525551
5914.000000,67.524770
5915.000000,67.523990
5916.000000,67.523209
5917.000000,67.522429
5918.000000,67.521649
5919.000000,67.520869
5920.000000,67.520089
5921.000000,67.519309
5922.000000,67.518530
5923.000000,67.517750
5924.000000,67.516971
5925.000000,67.516192
5926.000000,67.515412
5927.000000,67.514633
5928.000000,67.513855
5929.000000,67.513076
5930.000000,67.512297
5931.000000,67.511519
5932.000000,67.510740
5933.000000,67.509962
5934.000000,67.509184
5935.000000,67.508406
5936.000000,67.507629
5937.000000,67.506851
5938.000000,67.506073
5939.000000,67.505296
5940.000000,67.504519
5941.000000,67.503741
5942.000000,67.502964
5943.000000,67.502188
5944.000000,67.501411
5945.000000,67.500634
5946.000000,67.499858
5947.000000,67.499081
5948.000000,67.498305
5949.000000,67.497529
5950.000000,67.496753
5951.000000,67.495977
5952.000000,67.495202
5953.000000,67.494426
5954.000000,67.493650
5955.000000,67.492875
5956.000000,67.492100
5957.000000,67.491325
5958.000000,67.490550
5959.000000,67.489775
5960.000000,67.489001
5961.000000,67.488226
5962.000000,67.487452
5963.000000,67.486677
5964.000000,67.485903
5965.000000,67.485129
5966.000000,67.484355
5967.000000,67.483582
5968.000000,67.482808
5969.000000,67.482034
5970.000000,67.481261
5971.000000,67.480488
5972.000000,67.479715
5973.000000,67.478942
5974.000000,67.478169
5975.000000,67.477396
5976.000000,67.476624
5977.000000,67.475851
5978.000000,67.475079
5979.000000,67.474307
5980.000000,67.473534
5981.000000,67.472763
5982.000000,67.471991
5983.000000,67.471219
5984.000000,67.470447
5985.000000,67.469676
5986.000000,67.468905
5987.000000,67.468134
5988.000000,67.467362
5989.000000,67.466592
5990.000000,67.465821
5991.000000,67.465050
5992.000000,67.464280
5993.000000,67.463509
5994.000000,67.462739
5995.000000,67.461969
5996.000000,67.461199
5997.000000,67.460429
5998.000000,67.459659
5999.000000,67.458889
6000.000000,67.458120
6001.000000,67.457351
6002.000000,67.456581
6003.000000,67.455812
6004.000000,67.455043
6005.000000,67.454274
6006.000000,67.453506
6007.000000,67.452737
6008.000000,67.451969
6009.000000,67.451200
6010.000000,67.450432
6011.000000,67.449664
6012.000000,67.448896
6013.000000,67.448128
6014.000000,67.447360
6015.000000,67.446593
6016.000000,67.445825
6017.000000,67.445058
6018.000000,67.444291
6019.000000,67.443524
6020.000000,67.442757
6021.000000,67.441990
6022.000000,67.441223
6023.000000,67.440457
6024.000000,67.439690
6025.000000,67.438924
6026.000000,67.438158
6027.000000,67.437392
6028.000000,67.436626
6029.000000,67.435860
6030.000000,67.435094
6031.000000,67.434329
6032.000000,67.433563
6033.000000,67.432798
6034.000000,67.432033
6035.000000,67.431268
6036.000000,67.430503
6037.000000,67.429738
6038.000000,67.428974
6039.000000,67.428209
6040.000000,67.427445
6041.000000,67.426680
6042.000000,67.425916
6043.000000,67.425152
6044.000000,67.424388
6045.000000,67.423625
6046.000000,67.422861
6047.000000,67.422097
6048.000000,67.421334
6049.000000,67.420571
6050.000000,67.419808
6051.000000,67.419045
6052.000000,67.418282
6053.000000,67.417519
6054.000000,67.416756
6055.000000,67.415994
6056.000000,67.415231
6057.000000,67.414469
6058.000000,67.413707
6059.000000,67.412945
6060.000000,67.412183
6061.000000,67.411421
6062.000000,67.410660
6063.000000,67.409898
6064.000000,67.409137
6065.000000,67.408376
6066.000000,67.407614
6067.000000,67.406853
6068.000000,67.406093
6069.000000,67.405332
6070.000000,67.404571
6071.000000,67.403811
6072.000000,67.403050
6073.000000,67.402290
6074.000000,67.401530
6075.000000,67.400770
6076.000000,67.400010
6077.000000,67.399250
6078.000000,67.398491
6079.000000,67.397731
6080.000000,67.396972
6081.000000,67.396213
6082.000000,67.395453
6083.000000,67.394694
6084.000000,67.393936
6085.000000,67.393177
6086.000000,67.392418
6087.000000,67.391660
6088.000000,67.390901
6089.000000,67.390143
6090.000000,67.389385
6091.000000,67.388627
6092.000000,67.387869
6093.000000,67.387111
6094.000000,67.386354
6095.000000,67.385596
6096.000000,67.384839
6097.000000,67.384081
6098.000000,67.383324
6099.000000,67.382567
6100.000000,67.381810
6101.000000,67.381054
6102.000000,67.380297
6103.000000,67.379541
6104.000000,67.378784
6105.000000,67.378028
6106.000000,67.377272
6107.000000,67.376516
6108.000000,67.375760
6109.000000,67.375004
6110.000000,67.374248
6111.000000,67.373493
6112.000000,67.372737
6113.000000,67.371982
6114.000000,67.371227
6115.000000,67.370472
6116.000000,67.369717
6117.000000,67.368962
6118.000000,67.368208
6119.000000,67.367453
6120.000000,67.366699
6121.000000,67.365944
6122.000000,67.365190
6123.000000,67.364436
6124.000000,67.363682
6125.000000,67.362928
6126.000000,67.362175
6127.000000,67.361421
6128.000000,67.360668
6129.000000,67.359915
6130.000000,67.359161
6131.000000,67.358408
6132.000000,67.357655
6133.000000,67.356903
6134.000000,67.356150
6135.000000,67.355397
6136.000000,67.354645
6137.000000,67.353893
6138.000000,67.353140
6139.000000,67.352388
6140.000000,67.351636
6141.000000,67.350884
6142.000000,67.350133
6143.000000,67.349381
6144.000000,67.348630
6145.000000,67.347878
6146.000000,67.347127
6147.000000,67.346376
6148.000000,67.345625
6149.000000,67.344874
6150.000000,67.344123
6151.000000,67.343373
6152.000000,67.342622
6153.000000,67.341872
6154.000000,67.341122
6155.000000,67.340372
6156.000000,67.339622
6157.000000,67.338872
6158.000000,67.338122
6159.000000,67.337372
6160.000000,67.336623
6161.000000,67.335873
6162.000000,67.335124
6163.000000,67.334375
6164.000000,67.333626
6165.000000,67.332877
6166.000000,67.332128
6167.000000,67.331380
6168.000000,67.330631
6169.000000,67.329883
6170.000000,67.329134
6171.000000,67.328386
6172.000000,67.327638
6173.000000,67.326890
6174.000000,67.326142
6175.000000,67.325395
6176.000000,67.324647
6177.000000,67.323900
6178.000000,67.323152
6179.000000,67.322405
6180.000000,67.321658
6181.000000,67.320911
6182.000000,67.320164
6183.000000,67.319418
6184.000000,67.318671
6185.000000,67.317924
6186.000000,67.317178
6187.000000,67.316432
6188.000000,67.315686
6189.000000,67.314940
6190.000000,67.314194
6191.000000,67.313448
6192.000000,67.312702
6193.000000,67.311957
6194.000000,67.311212
6195.000000,67.310466
6196.000000,67.309721
6197.000000,67.308976
6198.000000,67.308231
6199.000000,67.307486
6200.000000,67.306742
6201.000000,67.305997
6202.000000,67.305253
6203.000000,67.304508
6204.000000,67.303764
6205.000000,67.303020
6206.000000,67.302276
6207.000000,67.301532
6208.000000,67.300789
6209.000000,67.300045
6210.000000,67.299302
6211.000000,67.298558
6212.000000,67.297815
6213.000000,67.297072
6214.000000,67.296329
6215.000000,67.295586
6216.000000,67.294843
6217.000000,67.294101
6218.000000,67.293358
6219.000000,67.292616
6220.000000,67.291873
6221.000000,67.291131
6222.000000,67.290389
6223.000000,67.289647
6224.000000,67.288905
6225.000000,67.288164
6226.000000,67.287422
6227.000000,67.286681
6228.000000,67.285939
6229.000000,67.285198
6230.000000,67.284457
6231.000000,67.283716
6232.000000,67.282975
6233.000000,67.282235
6234.000000,67.281494
6235.000000,67.280753
6236.000000,67.280013
6237.000000,67.279273
6238.000000,67.278533
6239.000000,67.277793
6240.000000,67.277053
6241.000000,67.276313
6242.000000,67.275573
6243.000000,67.274834
6244.000000,67.274094
6245.000000,67.273355
6246.000000,67.272616
6247.000000,67.271877
6248.000000,67.271138
6249.000000,67.270399
6250.000000,67.269660
6251.000000,67.268922
6252.000000,67.268183
6253.000000,67.267445
6254.000000,67.266706
6255.000000,67.265968
6256.000000,67.265230
6257.000000,67.264492
6258.000000,67.263755
6259.000000,67.263017
6260.000000,67.262279
6261.000000,67.261542
6262.000000,67.260805
6263.000000,67.260068
6264.000000,67.259331
6265.000000,67.258594
6266.000000,67.257857
6267.000000,67.257120
6268.000000,67.256383
6269.000000,67.255647
6270.000000,67.254911
6271.000000,67.254174
6272.000000,67.253438
6273.000000,67.252702
6274.000000,67.251966
6275.000000,67.251231
6276.000000,67.250495
6277.000000,67.249759
6278.000000,67.249024
6279.000000,67.248289
6280.000000,67.247553
6281.000000,67.246818
6282.000000,67.246083
6283.000000,67.245349
6284.000000,67.244614
6285.000000,67.243879
6286.000000,67.243145
6287.000000,67.242410
6288.000000,67.241676
6289.000000,67.240942
6290.000000,67.240208
6291.000000,67.239474
6292.000000,67.238740
6293.000000,67.238007
6294.000000,67.237273
6295.000000,67.236540
6296.000000,67.235806
6297.000000,67.235073
6298.000000,67.234340
6299.000000,67.233607
6300.000000,67.232874
6301.000000,67.232141
6302.000000,67.231409
6303.000000,67.230676
6304.000000,67.229944
6305.000000,67.229212
6306.000000,67.228479
6307.000000,67.227747
6308.000000,67.227015
6309.000000,67.226284
6310.000000,67.225552
6311.000000,67.224820
6312.000000,67.224089
6313.000000,67.223358
6314.000000,67.222626
6315.000000,67.221895
6316.000000,67.221164
6317.000000,67.220433
6318.000000,67.219703
6319.000000,67.218972
6320.000000,67.218241
6321.000000,67.217511
6322.000000,67.216781
6323.000000,67.216050
6324.000000,67.215320
6325.000000,67.214590
6326.000000,67.213861
6327.000000,67.213131
6328.000000,67.212401
6329.000000,67.211672
6330.000000,67.210942
6331.000000,67.210213
6332.000000,67.209484
6333.000000,67.208755
6334.000000,67.208026
6335.000000,67.207297
6336.000000,67.206569
6337.000000,67.205840
6338.000000,67.205111
6339.000000,67.204383
6340.000000,67.203655
6341.000000,67.202927
6342.000000,67.202199
6343.000000,67.201471
6344.000000,67.200743
6345.000000,67.200015
6346.000000,67.199288
6347.000000,67.198561
6348.000000,67.197833
6349.000000,67.197106
6350.000000,67.196379
6351.000000,67.195652
6352.000000,67.194925
6353.000000,67.194198
6354.000000,67.193472
6355.000000,67.192745
6356.000000,67.192019
6357.000000,67.191293
6358.000000,67.190566
6359.000000,67.189840
6360.000000,67.189114
6361.000000,67.188389
6362.000000,67.187663
6363.000000,67.186937
6364.000000,67.186212
6365.000000,67.185486
6366.000000,67.184761
6367.000000,67.184036
6368.000000,67.183311
6369.000000,67.182586
6370.000000,67.181861
6371.000000,67.181137
6372.000000,67.180412
6373.000000,67.179687
6374.000000,67.178963
6375.000000,67.178239
6376.000000,67.177515
6377.000000,67.176791
6378.000000,67.176067
6379.000000,67.175343
6380.000000,67.174619
6381.000000,67.173896
6382.000000,67.173172
6383.000000,67.172449
6384.000000,67.171726
6385.000000,67.171003
6386.000000,67.170280
6387.000000,67.169557
6388.000000,67.168834
6389.000000,67.168112
6390.000000,67.167389
6391.000000,67.166667
6392.000000,67.165944
6393.000000,67.165222
6394.000000,67.164500
6395.000000,67.163778
6396.000000,67.163056
6397.000000,67.162334
6398.000000,67.161613
6399.000000,67.160891
6400.000000,67.160170
6401.000000,67.159449
6402.000000,67.158727
6403.000000,67.158006
6404.000000,67.157285
6405.000000,67.156565
6406.000000,67.155844
6407.000000,67.155123
6408.000000,67.154403
6409.000000,67.153682
6410.000000,67.152962
6411.000000,67.152242
6412.000000,67.151522
6413.000000,67.150802
6414.000000,67.150082
6415.000000,67.149362
6416.000000,67.148643
6417.000000,67.147923
6418.000000,67.147204
6419.000000,67.146485
6420.000000,67.145765
6421.000000,67.145046
6422.000000,67.144327
6423.000000,67.143609
6424.000000,67.142890
6425.000000,67.142171
6426.000000,67.141453
6427.000000,67.140734
6428.000000,67.140016
6429.000000,67.139298
6430.000000,67.138580
6431.000000,67.137862
6432.000000,67.137144
6433.000000,67.136427
6434.000000,67.135709
6435.000000,67.134992
6436.000000,67.134274
6437.000000,67.133557
6438.000000,67.132840
6439.000000,67.132123
6440.000000,67.131406
6441.000000,67.130689
6442.000000,67.129972
6443.000000,67.129256
6444.000000,67.128539
6445.000000,67.127823
6446.000000,67.127107
6447.000000,67.126390
6448.000000,67.125674
6449.000000,67.124958
6450.000000,67.124243
6451.000000,67.123527
6452.000000,67.122811
6453.000000,67.122096
6454.000000,67.121381
6455.000000,67.120665
6456.000000,67.119950
6457.000000,67.119235
6458.000000,67.118520
6459.000000,67.117805
6460.000000,67.117091
6461.000000,67.116376
6462.000000,67.115662
6463.000000,67.114947
6464.000000,67.114233
6465.000000,67.113519
6466.000000,67.112805
6467.000000,67.112091
6468.000000,67.111377
6469.000000,67.110663
6470.000000,67.109950
6471.000000,67.109236
6472.000000,67.108523
6473.000000,67.107810
6474.000000,67.107096
6475.000000,67.106383
6476.000000,67.105670
6477.000000,67.104958
6478.000000,67.104245
6479.000000,67.103532
6480.000000,67.102820
6481.000000,67.102107
6482.000000,67.101395
6483.000000,67.100683
6484.000000,67.099971
6485.000000,67.099259
6486.000000,67.098547
6487.000000,67.097835
6488.000000,67.097124
6489.000000,67.096412
6490.000000,67.095701
6491.000000,67.094990
6492.000000,67.094278
6493.000000,67.093567
6494.000000,67.092856
6495.000000,67.092146
6496.000000,67.091435
6497.000000,67.090724
6498.000000,67.090014
6499.000000,67.089303
6500.000000,67.088593
6501.000000,67.087883
6502.000000,67.087173
6503.000000,67.086463
6504.000000,67.085753
6505.000000,67.085043
6506.000000,67.084333
6507.000000,67.083624
6508.000000,67.082914
6509.000000,67.082205
6510.000000,67.081496
6511.000000,67.080787
6512.000000,67.080078
6513.000000,67.079369
6514.000000,67.078660
6515.000000,67.077951
6516.000000,67.077243
6517.000000,67.076534
6518.000000,67.075826
6519.000000,67.075118
6520.000000,67.074410
6521.000000,67.073702
6522.000000,67.072994
6523.000000,67.072286
6524.000000,67.071578
6525.000000,67.070871
6526.000000,67.070163
6527.000000,67.069456
6528.000000,67.068749
6529.000000,67.068041
6530.000000,67.067334
6531.000000,67.066627
6532.000000,67.065921
6533.000000,67.065214
6534.000000,67.064507
6535.000000,67.063801
6536.000000,67.063094
6537.000000,67.062388
6538.000000,67.061682
6539.000000,67.060976
6540.000000,67.060270
6541.000000,67.059564
6542.000000,67.058858
6543.000000,67.058153
6544.000000,67.057447
6545.000000,67.056742
6546.000000,67.056036
6547.000000,67.055331
6548.000000,67.054626
6549.000000,67.053921
6550.000000,67.053216
6551.000000,67.052512
6552.000000,67.051807
6553.000000,67.051102
6554.000000,67.050398
6555.000000,67.049694
6556.000000,67.048989
6557.000000,67.048285
6558.000000,67.047581
6559.000000,67.046877
6560.000000,67.046173
6561.000000,67.045470
6562.000000,67.044766
6563.000000,67.044063
6564.000000,67.043359
6565.000000,67.042656
6566.000000,67.041953
6567.000000,67.041250
6568.000000,67.040547
6569.000000,67.039844
6570.000000,67.039141
6571.000000,67.038439
6572.000000,67.037736
6573.000000,67.037034
6574.000000,67.036331
6575.000000,67.035629
6576.000000,67.034927
6577.000000,67.034225
6578.000000,67.033523
6579.000000,67.032821
6580.000000,67.032120
6581.000000,67.031418
6582.000000,67.030717
6583.000000,67.030015
6584.000000,67.029314
6585.000000,67.028613
6586.000000,67.027912
6587.000000,67.027211
6588.000000,67.026510
6589.000000,67.025810
6590.000000,67.025109
6591.000000,67.024408
6592.000000,67.023708
6593.000000,67.023008
6594.000000,67.022308
6595.000000,67.021607
6596.000000,67.020908
6597.000000,67.020208
6598.000000,67.019508
6599.000000,67.018808
6600.000000,67.018109
6601.000000,67.017409
6602.000000,67.016710
6603.000000,67.016011
6604.000000,67.015312
6605.000000,67.014613
6606.000000,67.013914
6607.000000,67.013215
6608.000000,67.012516
6609.000000,67.011818
6610.000000,67.011119
6611.000000,67.010421
6612.000000,67.009722
6613.000000,67.009024
6614.000000,67.008326
6615.000000,67.007628
6616.000000,67.006930
6617.000000,67.006233
6618.000000,67.005535
6619.000000,67.004838
6620.000000,67.004140
6621.000000,67.003443
6622.000000,67.002746
6623.000000,67.002048
6624.000000,67.001351
6625.000000,67.000655
6626.000000,66.999958
6627.000000,66.999261
6628.000000,66.998564
6629.000000,66.997868
6630.000000,66.997172
6631.000000,66.996475
6632.000000,66.995779
6633.000000,66.995083
6634.000000,66.994387
6635.000000,66.993691
6636.000000,66.992996
6637.000000,66.992300
6638.000000,66.991604
6639.000000,66.990909
6640.000000,66.990214
6641.000000,66.989518
6642.000000,66.988823
6643.000000,66.988128
6644.000000,66.987433
6645.000000,66.986739
6646.000000,66.986044
6647.000000,66.985349
6648.000000,66.984655
6649.000000,66.983960
6650.000000,66.983266
6651.000000,66.982572
6652.000000,66.981878
6653.000000,66.981184
6654.000000,66.980490
6655.000000,66.979796
6656.000000,66.979103
6657.000000,66.978409
6658.000000,66.977716
6659.000000,66.977022
6660.000000,66.976329
6661.000000,66.975636
6662.000000,66.974943
6663.000000,66.974250
6664.000000,66.973557
6665.000000,66.972864
6666.000000,66.972172
6667.000000,66.971479
6668.000000,66.970787
6669.000000,66.970095
6670.000000,66.969402
6671.000000,66.968710
6672.000000,66.968018
6673.000000,66.967326
6674.000000,66.966635
6675.000000,66.965943
6676.000000,66.965251
6677.000000,66.964560
6678.000000,66.963869
6679.000000,66.963177
6680.000000,66.962486
6681.000000,66.961795
6682.000000,66.961104
6683.000000,66.960413
6684.000000,66.959722
6685.000000,66.959032
6686.000000,66.958341
6687.000000,66.957651
6688.000000,66.956960
6689.000000,66.956270
6690.000000,66.955580
6691.000000,66.954890
6692.000000,66.954200
6693.000000,66.953510
6694.000000,66.952821
6695.000000,66.952131
6696.000000,66.951442
6697.000000,66.950752
6698.000000,66.950063
6699.000000,66.949374
6700.000000,66.948684
6701.000000,66.947995
6702.000000,66.947307
6703.000000,66.946618
6704.000000,66.945929
6705.000000,66.945241
6706.000000,66.944552
6707.000000,66.943864
6708.000000,66.943175
6709.000000,66.942487
6710.000000,66.941799
6711.000000,66.941111
6712.000000,66.940423
6713.000000,66.939736
6714.000000,66.939048
6715.000000,66.938360
6716.000000,66.937673
6717.000000,66.936986
6718.000000,66.936298
6719.000000,66.935611
6720.000000,66.934924
6721.000000,66.934237
6722.000000,66.933550
6723.000000,66.932864
6724.000000,66.932177
6725.000000,66.931490
6726.000000,66.930804
6727.000000,66.930118
6728.000000,66.929431
6729.000000,66.928745
6730.000000,66.928059
6731.000000,66.927373
6732.000000,66.926687
6733.000000,66.926002
6734.000000,66.925316
6735.000000,66.924631
6736.000000,66.923945
6737.000000,66.923260
6738.000000,66.922575
6739.000000,66.921890
6740.000000,66.921205
6741.000000,66.920520
6742.000000,66.919835
6743.000000,66.919150
6744.000000,66.918465
6745.000000,66.917781
6746.000000,66.917097
6747.000000,66.916412
6748.000000,66.915728
6749.000000,66.915044
6750.000000,66.914360
6751.000000,66.913676
6752.000000,66.912992
6753.000000,66.912309
6754.000000,66.911625
6755.000000,66.910942
6756.000000,66.910258
6757.000000,66.909575
6758.000000,66.908892
6759.000000,66.908209
6760.000000,66.907526
6761.000000,66.906843
6762.000000,66.906160
6763.000000,66.905477
6764.000000,66.904795
6765.000000,66.904112
6766.000000,66.903430
6767.000000,66.902748
6768.000000,66.902065
6769.000000,66.901383
6770.000000,66.900701
6771.000000,66.900019
6772.000000,66.899338
6773.000000,66.898656
6774.000000,66.897974
6775.000000,66.897293
6776.000000,66.896612
6777.000000,66.895930
6778.000000,66.895249
6779.000000,66.894568
6780.000000,66.893887
6781.000000,66.893206
6782.000000,66.892525
6783.000000,66.891845
6784.000000,66.891164
6785.000000,66.890484
6786.000000,66.889803
6787.000000,66.889123
6788.000000,66.888443
6789.000000,66.887763
6790.000000,66.887083
6791.000000,66.886403
6792.000000,66.885723
6793.000000,66.885044
6794.000000,66.884364
6795.000000,66.883685
6796.000000,66.883005
6797.000000,66.882326
6798.000000,66.881647
6799.000000,66.880968
6800.000000,66.880289
6801.000000,66.879610
6802.000000,66.878931
6803.000000,66.878253
6804.000000,66.877574
6805.000000,66.876895
6806.000000,66.876217
6807.000000,66.875539
6808.000000,66.874861
6809.000000,66.874183
6810.000000,66.873505
6811.000000,66.872827
6812.000000,66.872149
6813.000000,66.871471
6814.000000,66.870794
6815.000000,66.870116
6816.000000,66.869439
6817.000000,66.868762
6818.000000,66.868084
6819.000000,66.867407
6820.000000,66.866730
6821.000000,66.866054
6822.000000,66.865377
6823.000000,66.864700
6824.000000,66.864024
6825.000000,66.863347
6826.000000,66.862671
6827.000000,66.861994
6828.000000,66.861318
6829.000000,66.860642
6830.000000,66.859966
6831.000000,66.859290
6832.000000,66.858614
6833.000000,66.857939
6834.000000,66.857263
6835.000000,66.856588
6836.000000,66.855912
6837.000000,66.855237
6838.000000,66.854562
6839.000000,66.853887
6840.000000,66.853212
6841.000000,66.852537
6842.000000,66.851862
6843.000000,66.851187
6844.000000,66.850513
6845.000000,66.849838
6846.000000,66.849164
6847.000000,66.848490
6848.000000,66.847815
6849.000000,66.847141
6850.000000,66.846467
6851.000000,66.845793
6852.000000,66.845120
6853.000000,66.844446
6854.000000,66.843772
6855.000000,66.843099
6856.000000,66.842425
6857.000000,66.841752
6858.000000,66.841079
6859.000000,66.840406
6860.000000,66.839733
6861.000000,66.839060
6862.000000,66.838387
6863.000000,66.837714
6864.000000,66.837041
6865.000000,66.836369
6866.000000,66.835696
6867.000000,66.835024
6868.000000,66.834352
6869.000000,66.833680
6870.000000,66.833008
6871.000000,66.832336
6872.000000,66.831664
6873.000000,66.830992
6874.000000,66.830320
6875.000000,66.829649
6876.000000,66.828977
6877.000000,66.828306
6878.000000,66.827635
6879.000000,66.826964
6880.000000,66.826293
6881.000000,66.825622
6882.000000,66.824951
6883.000000,66.824280
6884.000000,66.823609
6885.000000,66.822939
6886.000000,66.822268
6887.000000,66.821598
6888.000000,66.820928
6889.000000,66.820257
6890.000000,66.819587
6891.000000,66.818917
6892.000000,66.818247
6893.000000,66.817578
6894.000000,66.816908
6895.000000,66.816238
6896.000000,66.815569
6897.000000,66.814899
6898.000000,66.814230
6899.000000,66.813561
6900.000000,66.812892
6901.000000,66.812223
6902.000000,66.811554
6903.000000,66.810885
6904.000000,66.810216
6905.000000,66.809547
6906.000000,66.808879
6907.000000,66.808210
6908.000000,66.807542
6909.000000,66.806874
6910.000000,66.806206
6911.000000,66.805538
6912.000000,66.804870
6913.000000,66.804202
6914.000000,66.803534
6915.000000,66.802866
6916.000000,66.802199
6917.000000,66.801531
6918.000000,66.800864
6919.000000,66.800197
6920.000000,66.799529
6921.000000,66.798862
6922.000000,66.798195
6923.000000,66.797528
6924.000000,66.796862
6925.000000,66.796195
6926.000000,66.795528
6927.000000,66.794862
6928.000000,66.794195
6929.000000,66.793529
6930.000000,66.792863
6931.000000,66.792197
6932.000000,66.791531
6933.000000,66.790865
6934.000000,66.790199
6935.000000,66.789533
6936.000000,66.788868
6937.000000,66.788202
6938.000000,66.787537
6939.000000,66.786871
6940.000000,66.786206
6941.000000,66.785541
6942.000000,66.784876
6943.000000,66.784211
6944.000000,66.783546
6945.000000,66.782881
6946.000000,66.782216
6947.000000,66.781552
6948.000000,66.780887
6949.000000,66.780223
6950.000000,66.779558
6951.000000,66.778894
6952.000000,66.778230
6953.000000,66.777566
6954.000000,66.776902
6955.000000,66.776238
6956.000000,66.775575
6957.000000,66.774911
6958.000000,66.774247
6959.000000,66.773584
6960.000000,66.772921
6961.000000,66.772257
6962.000000,66.771594
6963.000000,66.770931
6964.000000,66.770268
6965.000000,66.769605
6966.000000,66.768942
6967.000000,66.768280
6968.000000,66.767617
6969.000000,66.766955
6970.000000,66.766292
6971.000000,66.765630
6972.000000,66.764968
6973.000000,66.764306
6974.000000,66.763644
6975.000000,66.762982
6976.000000,66.762320
6977.000000,66.761658
6978.000000,66.760996
6979.000000,66.760335
6980.000000,66.759673
6981.000000,66.759012
6982.000000,66.758351
6983.000000,66.757690
6984.000000,66.757029
6985.000000,66.756368
6986.000000,66.755707
6987.000000,66.755046
6988.000000,66.754385
6989.000000,66.753725
6990.000000,66.753064
6991.000000,66.752404
6992.000000,66.751743
6993.000000,66.751083
6994.000000,66.750423
6995.000000,66.749763
6996.000000,66.749103
6997.000000,66.748443
6998.000000,66.747783
6999.000000,66.747124
7000.000000,66.746464
7001.000000,66.745805
7002.000000,66.745145
7003.000000,66.744486
7004.000000,66.743827
7005.000000,66.743168
7006.000000,66.742509
7007.000000,66.741850
7008.000000,66.741191
7009.000000,66.740532
7010.000000,66.739874
7011.000000,66.739215
7012.000000,66.738557
7013.000000,66.737898
7014.000000,66.737240
7015.000000,66.736582
7016.000000,66.735924
7017.000000,66.735266
7018.000000,66.734608
7019.000000,66.733950
7020.000000,66.733293
7021.000000,66.732635
7022.000000,66.731978
7023.000000,66.731320
7024.000000,66.730663
7025.000000,66.730006
7026.000000,66.729349
7027.000000,66.728692
7028.000000,66.728035
7029.000000,66.727378
7030.000000,66.726721
7031.000000,66.726064
7032.000000,66.725408
7033.000000,66.724751
7034.000000,66.724095
7035.000000,66.723439
7036.000000,66.722782
7037.000000,66.722126
7038.000000,66.721470
7039.000000,66.720814
7040.000000,66.720159
7041.000000,66.719503
7042.000000,66.718847
7043.000000,66.718192
7044.000000,66.717536
7045.000000,66.716881
7046.000000,66.716226
7047.000000,66.715571
7048.000000,66.714915
7049.000000,66.714260
7050.000000,66.713606
7051.000000,66.712951
7052.000000,66.712296
7053.000000,66.711641
7054.000000,66.710987
7055.000000,66.710333
7056.000000,66.709678
7057.000000,66.709024
7058.000000,66.708370
7059.000000,66.707716
7060.000000,66.707062
7061.000000,66.706408
7062.000000,66.705754
7063.000000,66.705100
7064.000000,66.704447
7065.000000,66.703793
7066.000000,66.703140
7067.000000,66.702487
7068.000000,66.701833
7069.000000,66.701180
7070.000000,66.700527
7071.000000,66.699874
7072.000000,66.699222
7073.000000,66.698569
7074.000000,66.697916
7075.000000,66.697264
7076.000000,66.696611
7077.000000,66.695959
7078.000000,66.695306
7079.000000,66.694654
7080.000000,66.694002
7081.000000,66.693350
7082.000000,66.692698
7083.000000,66.692046
7084.000000,66.691395
7085.000000,66.690743
7086.000000,66.690091
7087.000000,66.689440
7088.000000,66.688788
7089.000000,66.688137
7090.000000,66.687486
7091.000000,66.686835
7092.000000,66.686184
7093.000000,66.685533
7094.000000,66.684882
7095.000000,66.684231
7096.000000,66.683581
7097.000000,66.682930
7098.000000,66.682280
7099.000000,66.681629
7100.000000,66.680979
7101.000000,66.680329
7102.000000,66.679679
7103.000000,66.679029
7104.000000,66.678379
7105.000000,66.677729
7106.000000,66.677079
7107.000000,66.676430
7108.000000,66.675780
7109.000000,66.675131
7110.000000,66.674481
7111.000000,66.673832
7112.000000,66.673183
7113.000000,66.672534
7114.000000,66.671885
7115.000000,66.671236
7116.000000,66.670587
7117.000000,66.669938
7118.000000,66.669290
7119.000000,66.668641
7120.000000,66.667993
7121.000000,66.667344
7122.000000,66.666696
7123.000000,66.666048
7124.000000,66.665400
7125.000000,66.664752
7126.000000,66.664104
7127.000000,66.663456
7128.000000,66.662809
7129.000000,66.662161
7130.000000,66.661513
7131.000000,66.660866
7132.000000,66.660219
7133.000000,66.659571
7134.000000,66.658924
7135.000000,66.658277
7136.000000,66.657630
7137.000000,66.656983
7138.000000,66.656336
7139.000000,66.655690
7140.000000,66.655043
7141.000000,66.654396
7142.000000,66.653750
7143.000000,66.653104
7144.000000,66.652457
7145.000000,66.651811
7146.000000,66.651165
7147.000000,66.650519
7148.000000,66.649873
7149.000000,66.649227
7150.000000,66.648582
7151.000000,66.647936
7152.000000,66.647290
7153.000000,66.646645
7154.000000,66.646000
7155.000000,66.645354
7156.000000,66.644709
7157.000000,66.644064
7158.000000,66.643419
7159.000000,66.642774
7160.000000,66.642129
7161.000000,66.641485
7162.000000,66.640840
7163.000000,66.640195
7164.000000,66.639551
7165.000000,66.638907
7166.000000,66.638262
7167.000000,66.637618
7168.000000,66.636974
7169.000000,66.636330
7170.000000,66.635686
7171.000000,66.635042
7172.000000,66.634398
7173.000000,66.633755
7174.000000,66.633111
7175.000000,66.632468
7176.000000,66.631824
7177.000000,66.631181
7178.000000,66.630538
7179.000000,66.629895
7180.000000,66.629252
7181.000000,66.628609
7182.000000,66.627966
7183.000000,66.627323
7184.000000,66.626680
7185.000000,66.626038
7186.000000,66.625395
7187.000000,66.624753
7188.000000,66.624111
7189.000000,66.623468
7190.000000,66.622826
7191.000000,66.622184
7192.000000,66.621542
7193.000000,66.620900
7194.000000,66.620259
7195.000000,66.619617
7196.000000,66.618975
7197.000000,66.618334
7198.000000,66.617692
7199.000000,66.617051
7200.000000,66.616410
7201.000000,66.615769
7202.000000,66.615128
7203.000000,66.614487
7204.000000,66.613846
7205.000000,66.613205
7206.000000,66.612564
7207.000000,66.611924
7208.000000,66.611283
7209.000000,66.610643
7210.000000,66.610002
7211.000000,66.609362
7212.000000,66.608722
7213.000000,66.608082
7214.000000,66.607442
7215.000000,66.606802
7216.000000,66.606162
7217.000000,66.605522
7218.000000,66.604883
7219.000000,66.604243
7220.000000,66.603604
7221.000000,66.602964
7222.000000,66.602325
7223.000000,66.601686
7224.000000,66.601047
7225.000000,66.600408
7226.000000,66.599769
7227.000000,66.599130
7228.000000,66.598491
7229.000000,66.597853
7230.000000,66.597214
7231.000000,66.596575
7232.000000,66.595937
7233.000000,66.595299
7234.000000,66.594660
7235.000000,66.594022
7236.000000,66.593384
7237.000000,66.592746
7238.000000,66.592108
7239.000000,66.591471
7240.000000,66.590833
7241.000000,66.590195
7242.000000,66.589558
7243.000000,66.588920
7244.000000,66.588283
7245.000000,66.587646
7246.000000,66.587009
7247.000000,66.586372
7248.000000,66.585735
7249.000000,66.585098
7250.000000,66.584461
7251.000000,66.583824
7252.000000,66.583187
7253.000000,66.582551
7254.000000,66.581914
7255.000000,66.581278
7256.000000,66.580642
7257.000000,66.580006
7258.000000,66.579369
7259.000000,66.578733
7260.000000,66.578097
7261.000000,66.577462
7262.000000,66.576826
7263.000000,66.576190
7264.000000,66.575555
7265.000000,66.574919
7266.000000,66.574284
7267.000000,66.573648
7268.000000,66.573013
7269.000000,66.572378
7270.000000,66.571743
7271.000000,66.571108
7272.000000,66.570473
7273.000000,66.569838
7274.000000,66.569203
7275.000000,66.568569
7276.000000,66.567934
7277.000000,66.567300
7278.000000,66.566665
7279.000000,66.566031
7280.000000,66.565397
7281.000000,66.564763
7282.000000,66.564129
7283.000000,66.563495
7284.000000,66.562861
7285.000000,66.562227
7286.000000,66.561594
7287.000000,66.560960
7288.000000,66.560327
7289.000000,66.559693
7290.000000,66.559060
7291.000000,66.558427
7292.000000,66.557793
7293.000000,66.557160
7294.000000,66.556527
7295.000000,66.555894
7296.000000,66.555262
7297.000000,66.554629
7298.000000,66.553996
7299.000000,66.553364
7300.000000,66.552731
7301.000000,66.552099
7302.000000,66.551467
7303.000000,66.550834
7304.000000,66.550202
7305.000000,66.549570
7306.000000,66.548938
7307.000000,66.548307
7308.000000,66.547675
7309.000000,66.547043
7310.000000,66.546412
7311.000000,66.545780
7312.000000,66.545149
7313.000000,66.544517
7314.000000,66.543886
7315.000000,66.543255
7316.000000,66.542624
7317.000000,66.541993
7318.000000,66.541362
7319.000000,66.540731
7320.000000,66.540100
7321.000000,66.539470
7322.000000,66.538839
7323.000000,66.538209
7324.000000,66.537578
7325.000000,66.536948
7326.000000,66.536318
7327.000000,66.535688
7328.000000,66.535058
7329.000000,66.534428
7330.000000,66.533798
7331.000000,66.533168
7332.000000,66.532538
7333.000000,66.531909
7334.000000,66.531279
7335.000000,66.530650
7336.000000,66.530020
7337.000000,66.529391
7338.000000,66.528762
7339.000000,66.528133
7340.000000,66.527504
7341.000000,66.526875
7342.000000,66.526246
7343.000000,66.525617
7344.000000,66.524989
7345.000000,66.524360
7346.000000,66.523732
7347.000000,66.523103
7348.000000,66.522475
7349.000000,66.521847
7350.000000,66.521218
7351.000000,66.520590
7352.000000,66.519962
7353.000000,66.519334
7354.000000,66.518707
7355.000000,66.518079
7356.000000,66.517451
7357.000000,66.516824
7358.000000,66.516196
7359.000000,66.515569
7360.000000,66.514942
7361.000000,66.514314
7362.000000,66.513687
7363.000000,66.513060
7364.000000,66.512433
7365.000000,66.511806
7366.000000,66.511180
7367.000000,66.510553
7368.000000,66.509926
7369.000000,66.509300
7370.000000,66.508673
7371.000000,66.508047
7372.000000,66.507421
7373.000000,66.506794
7374.000000,66.506168
7375.000000,66.505542
7376.000000,66.504916
7377.000000,66.504290
7378.000000,66.503665
7379.000000,66.503039
7380.000000,66.502413
7381.000000,66.501788
7382.000000,66.501162
7383.000000,66.500537
7384.000000,66.499912
7385.000000,66.499287
7386.000000,66.498662
7387.000000,66.498037
7388.000000,66.497412
7389.000000,66.496787
7390.000000,66.496162
7391.000000,66.495537
7392.000000,66.494913
7393.000000,66.494288
7394.000000,66.493664
7395.000000,66.493040
7396.000000,66.492415
7397.000000,66.491791
7398.000000,66.491167
7399.000000,66.490543
7400.000000,66.489919
7401.000000,66.489295
7402.000000,66.488672
7403.000000,66.488048
7404.000000,66.487424
7405.000000,66.486801
7406.000000,66.486177
7407.000000,66.485554
7408.000000,66.484931
7409.000000,66.484308
7410.000000,66.483685
7411.000000,66.483062
7412.000000,66.482439
7413.000000,66.481816
7414.000000,66.481193
7415.000000,66.480571
7416.000000,66.479948
7417.000000,66.479326
7418.000000,66.478703
7419.000000,66.478081
7420.000000,66.477459
7421.000000,66.476836
7422.000000,66.476214
7423.000000,66.475592
7424.000000,66.474971
7425.000000,66.474349
7426.000000,66.473727
7427.000000,66.473105
7428.000000,66.472484
7429.000000,66.471862
7430.000000,66.471241
7431.000000,66.470620
7432.000000,66.469998
7433.000000,66.469377
7434.000000,66.468756
7435.000000,66.468135
7436.000000,66.467514
7437.000000,66.466894
7438.000000,66.466273
7439.000000,66.465652
7440.000000,66.465032
7441.000000,66.464411
7442.000000,66.463791
7443.000000,66.463170
7444.000000,66.462550
7445.000000,66.461930
7446.000000,66.461310
7447.000000,66.460690
7448.000000,66.460070
7449.000000,66.459450
7450.000000,66.458831
7451.000000,66.458211
7452.000000,66.457591
7453.000000,66.456972
7454.000000,66.456353
7455.000000,66.455733
7456.000000,66.455114
7457.000000,66.454495
7458.000000,66.453876
7459.000000,66.453257
7460.000000,66.452638
7461.000000,66.452019
7462.000000,66.451400
7463.000000,66.450782
7464.000000,66.450163
7465.000000,66.449545
7466.000000,66.448926
7467.000000,66.448308
7468.000000,66.447690
7469.000000,66.447072
7470.000000,66.446454
7471.000000,66.445836
7472.000000,66.445218
7473.000000,66.444600
7474.000000,66.443982
7475.000000,66.443365
7476.000000,66.442747
7477.000000,66.442129
7478.000000,66.441512
7479.000000,66.440895
7480.000000,66.440278
7481.000000,66.439660
7482.000000,66.439043
7483.000000,66.438426
7484.000000,66.437809
7485.000000,66.437193
7486.000000,66.436576
7487.000000,66.435959
7488.000000,66.435343
7489.000000,66.434726
7490.000000,66.434110
7491.000000,66.433493
7492.000000,66.432877
7493.000000,66.432261
7494.000000,66.431645
7495.000000,66.431029
7496.000000,66.430413
7497.000000,66.429797
7498.000000,66.429181
7499.000000,66.428566
7500.000000,66.427950
7501.000000,66.427335
7502.000000,66.426719
7503.000000,66.426104
7504.000000,66.425489
7505.000000,66.424873
7506.000000,66.424258
7507.000000,66.423643
7508.000000,66.423028
7509.000000,66.422413
7510.000000,66.421799
7511.000000,66.421184
7512.000000,66.420569
7513.000000,66.419955
7514.000000,66.419340
7515.000000,66.418726
7516.000000,66.418112
7517.000000,66.417498
7518.000000,66.416883
7519.000000,66.416269
7520.000000,66.415655
7521.000000,66.415042
7522.000000,66.414428
7523.000000,66.413814
7524.000000,66.413200
7525.000000,66.412587
7526.000000,66.411973
7527.000000,66.411360
7528.000000,66.410747
7529.000000,66.410134
7530.000000,66.409520
7531.000000,66.408907
7532.000000,66.408294
7533.000000,66.407682
7534.000000,66.407069
7535.000000,66.406456
7536.000000,66.405843
7537.000000,66.405231
7538.000000,66.404618
7539.000000,66.404006
7540.000000,66.403394
7541.000000,66.402781
7542.000000,66.402169
7543.000000,66.401557
7544.000000,66.400945
7545.000000,66.400333
7546.000000,66.399721
7547.000000,66.399110
7548.000000,66.398498
7549.000000,66.397886
7550.000000,66.397275
7551.000000,66.396663
7552.000000,66.396052
7553.000000,66.395441
7554.000000,66.394829
7555.000000,66.394218
7556.000000,66.393607
7557.000000,66.392996
7558.000000,66.392386
7559.000000,66.391775
7560.000000,66.391164
7561.000000,66.390553
7562.000000,66.389943
7563.000000,66.389332
7564.000000,66.388722
7565.000000,66.388112
7566.000000,66.387502
7567.000000,66.386891
7568.000000,66.386281
7569.000000,66.385671
7570.000000,66.385061
7571.000000,66.384452
7572.000000,66.383842
7573.000000,66.383232
7574.000000,66.382623
7575.000000,66.382013
7576.000000,66.381404
7577.000000,66.380794
7578.000000,66.380185
7579.000000,66.379576
7580.000000,66.378967
7581.000000,66.378358
7582.000000,66.377749
7583.000000,66.377140
7584.000000,66.376531
7585.000000,66.375923
7586.000000,66.375314
7587.000000,66.374705
7588.000000,66.374097
7589.000000,66.373489
7590.000000,66.372880
7591.000000,66.372272
7592.000000,66.371664
7593.000000,66.371056
7594.000000,66.370448
7595.000000,66.369840
7596.000000,66.369232
7597.000000,66.368625
7598.000000,66.368017
7599.000000,66.367409
7600.000000,66.366802
7601.000000,66.366194
7602.000000,66.365587
7603.000000,66.364980
7604.000000,66.364373
7605.000000,66.363766
7606.000000,66.363159
7607.000000,66.362552
7608.000000,66.361945
7609.000000,66.361338
7610.000000,66.360731
7611.000000,66.360125
7612.000000,66.359518
7613.000000,66.358912
7614.000000,66.358305
7615.000000,66.357699
7616.000000,66.357093
7617.000000,66.356487
7618.000000,66.355881
7619.000000,66.355275
7620.000000,66.354669
7621.000000,66.354063
7622.000000,66.353457
7623.000000,66.352852
7624.000000,66.352246
7625.000000,66.351641
7626.000000,66.351035
7627.000000,66.350430
7628.000000,66.349825
7629.000000,66.349219
7630.000000,66.348614
7631.000000,66.348009
7632.000000,66.347404
7633.000000,66.346799
7634.000000,66.346195
7635.000000,66.345590
7636.000000,66.344985
7637.000000,66.344381
7638.000000,66.343776
7639.000000,66.343172
7640.000000,66.342568
7641.000000,66.341963
7642.000000,66.341359
7643.000000,66.340755
7644.000000,66.340151
7645.000000,66.339547
7646.000000,66.338943
7647.000000,66.338340
7648.000000,66.337736
7649.000000,66.337132
7650.000000,66.336529
7651.000000,66.335925
7652.000000,66.335322
7653.000000,66.334719
7654.000000,66.334116
7655.000000,66.333512
7656.000000,66.332909
7657.000000,66.332306
7658.000000,66.331703
7659.000000,66.331101
7660.000000,66.330498
7661.000000,66.329895
7662.000000,66.329293
7663.000000,66.328690
7664.000000,66.328088
7665.000000,66.327485
7666.000000,66.326883
7667.000000,66.326281
7668.000000,66.325679
7669.000000,66.325077
7670.000000,66.324475
7671.000000,66.323873
7672.000000,66.323271
7673.000000,66.322670
7674.000000,66.322068
7675.000000,66.321466
7676.000000,66.320865
7677.000000,66.320264
7678.000000,66.319662
7679.000000,66.319061
7680.000000,66.318460
7681.000000,66.317859
7682.000000,66.317258
7683.000000,66.316657
7684.000000,66.316056
7685.000000,66.315455
7686.000000,66.314854
7687.000000,66.314254
7688.000000,66.313653
7689.000000,66.313053
7690.000000,66.312452
7691.000000,66.311852
7692.000000,66.311252
7693.000000,66.310652
7694.000000,66.310052
7695.000000,66.309452
7696.000000,66.308852
7697.000000,66.308252
7698.000000,66.307652
7699.000000,66.307053
7700.000000,66.306453
7701.000000,66.305853
7702.000000,66.305254
7703.000000,66.304655
7704.000000,66.304055
7705.000000,66.303456
7706.000000,66.302857
7707.000000,66.302258
7708.000000,66.301659
7709.000000,66.301060
7710.000000,66.300461
7711.000000,66.299863
7712.000000,66.299264
7713.000000,66.298665
7714.000000,66.298067
7715.000000,66.297468
7716.000000,66.296870
7717.000000,66.296272
7718.000000,66.295673
7719.000000,66.295075
7720.000000,66.294477
7721.000000,66.293879
7722.000000,66.293281
7723.000000,66.292684
7724.000000,66.292086
7725.000000,66.291488
7726.000000,66.290891
7727.000000,66.290293
7728.000000,66.289696
7729.000000,66.289098
7730.000000,66.288501
7731.000000,66.287904
7732.000000,66.287307
7733.000000,66.286710
7734.000000,66.286113
7735.000000,66.285516
7736.000000,66.284919
7737.000000,66.284322
7738.000000,66.283726
7739.000000,66.283129
7740.000000,66.282533
7741.000000,66.281936
7742.000000,66.281340
7743.000000,66.280744
7744.000000,66.280147
7745.000000,66.279551
7746.000000,66.278955
7747.000000,66.278359
7748.000000,66.277763
7749.000000,66.277168
7750.000000,66.276572
7751.000000,66.275976
7752.000000,66.275381
7753.000000,66.274785
7754.000000,66.274190
7755.000000,66.273594
7756.000000,66.272999
7757.000000,66.272404
7758.000000,66.271809
7759.000000,66.271214
7760.000000,66.270619
7761.000000,66.270024
7762.000000,66.269429
7763.000000,66.268834
7764.000000,66.268240
7765.000000,66.267645
7766.000000,66.267051
7767.000000,66.266456
7768.000000,66.265862
7769.000000,66.265267
7770.000000,66.264673
7771.000000,66.264079
7772.000000,66.263485
7773.000000,66.262891
7774.000000,66.262297
7775.000000,66.261703
7776.000000,66.261110
7777.000000,66.260516
7778.000000,66.259922
7779.000000,66.259329
7780.000000,66.258736
7781.000000,66.258142
7782.000000,66.257549
7783.000000,66.256956
7784.000000,66.256363
7785.000000,66.255769
7786.000000,66.255176
7787.000000,66.254584
7788.000000,66.253991
7789.000000,66.253398
7790.000000,66.252805
7791.000000,66.252213
7792.000000,66.251620
7793.000000,66.251028
7794.000000,66.250435
7795.000000,66.249843
7796.000000,66.249251
7797.000000,66.248659
7798.000000,66.248067
7799.000000,66.247475
7800.000000,66.246883
7801.000000,66.246291
7802.000000,66.245699
7803.000000,66.245108
7804.000000,66.244516
7805.000000,66.243924
7806.000000,66.243333
7807.000000,66.242742
7808.000000,66.242150
7809.000000,66.241559
7810.000000,66.240968
7811.000000,66.240377
7812.000000,66.239786
7813.000000,66.239195
7814.000000,66.238604
7815.000000,66.238013
7816.000000,66.237423
7817.000000,66.236832
7818.000000,66.236241
7819.000000,66.235651
7820.000000,66.235060
7821.000000,66.234470
7822.000000,66.233880
7823.000000,66.233290
7824.000000,66.232700
7825.000000,66.232110
7826.000000,66.231520
7827.000000,66.230930
7828.000000,66.230340
7829.000000,66.229750
7830.000000,66.229161
7831.000000,66.228571
7832.000000,66.227982
7833.000000,66.227392
7834.000000,66.226803
7835.000000,66.226214
7836.000000,66.225624
7837.000000,66.225035
7838.000000,66.224446
7839.000000,66.223857
7840.000000,66.223268
7841.000000,66.222679
7842.000000,66.222091
7843.000000,66.221502
7844.000000,66.220913
7845.000000,66.220325
7846.000000,66.219737
7847.000000,66.219148
7848.000000,66.218560
7849.000000,66.217972
7850.000000,66.217384
7851.000000,66.216795
7852.000000,66.216207
7853.000000,66.215620
7854.000000,66.215032
7855.000000,66.214444
7856.000000,66.213856
7857.000000,66.213269
7858.000000,66.212681
7859.000000,66.212094
7860.000000,66.211506
7861.000000,66.210919
7862.000000,66.210332
7863.000000,66.209744
7864.000000,66.209157
7865.000000,66.208570
7866.000000,66.207983
7867.000000,66.207397
7868.000000,66.206810
7869.000000,66.206223
7870.000000,66.205636
7871.000000,66.205050
7872.000000,66.204463
7873.000000,66.203877
7874.000000,66.203291
7875.000000,66.202704
7876.000000,66.202118
7877.000000,66.201532
7878.000000,66.200946
7879.000000,66.200360
7880.000000,66.199774
7881.000000,66.199188
7882.000000,66.198602
7883.000000,66.198017
7884.000000,66.197431
7885.000000,66.196846
7886.000000,66.196260
7887.000000,66.195675
7888.000000,66.195089
7889.000000,66.194504
7890.000000,66.193919
7891.000000,66.193334
7892.000000,66.192749
7893.000000,66.192164
7894.000000,66.191579
7895.000000,66.190994
7896.000000,66.190410
7897.000000,66.189825
7898.000000,66.189240
7899.000000,66.188656
7900.000000,66.188072
7901.000000,66.187487
7902.000000,66.186903
7903.000000,66.186319
7904.000000,66.185735
7905.000000,66.185151
7906.000000,66.184567
7907.000000,66.183983
7908.000000,66.183399
7909.000000,66.182815
7910.000000,66.182231
7911.000000,66.181648
7912.000000,66.181064
7913.000000,66.180481
7914.000000,66.179897
7915.000000,66.179314
7916.000000,66.178731
7917.000000,66.178148
7918.000000,66.177565
7919.000000,66.176982
7920.000000,66.176399
7921.000000,66.175816
7922.000000,66.175233
7923.000000,66.174650
7924.000000,66.174068
7925.000000,66.173485
7926.000000,66.172903
7927.000000,66.172320
7928.000000,66.171738
7929.000000,66.171155
7930.000000,66.170573
7931.000000,66.169991
7932.000000,66.169409
7933.000000,66.168827
7934.000000,66.168245
7935.000000,66.167663
7936.000000,66.167082
7937.000000,66.166500
7938.000000,66.165918
7939.000000,66.165337
7940.000000,66.164755
7941.000000,66.164174
7942.000000,66.163592
7943.000000,66.163011
7944.000000,66.162430
7945.000000,66.161849
7946.000000,66.161268
7947.000000,66.160687
7948.000000,66.160106
7949.000000,66.159525
7950.000000,66.158944
7951.000000,66.158364
7952.000000,66.157783
7953.000000,66.157203
7954.000000,66.156622
7955.000000,66.156042
7956.000000,66.155462
7957.000000,66.154881
7958.000000,66.154301
7959.000000,66.153721
7960.000000,66.153141
7961.000000,66.152561
7962.000000,66.151981
7963.000000,66.151401
7964.000000,66.150822
7965.000000,66.150242
7966.000000,66.149662
7967.000000,66.149083
7968.000000,66.148504
7969.000000,66.147924
7970.000000,66.147345
7971.000000,66.146766
7972.000000,66.146187
7973.000000,66.145607
7974.000000,66.145028
7975.000000,66.144450
7976.000000,66.143871
7977.000000,66.143292
7978.000000,66.142713
7979.000000,66.142135
7980.000000,66.141556
7981.000000,66.140978
7982.000000,66.140399
7983.000000,66.139821
7984.000000,66.139242
7985.000000,66.138664
7986.000000,66.138086
7987.000000,66.137508
7988.000000,66.136930
7989.000000,66.136352
7990.000000,66.135774
7991.000000,66.135197
7992.000000,66.134619
7993.000000,66.134041
7994.000000,66.133464
7995.000000,66.132886
7996.000000,66.132309
7997.000000,66.131732
7998.000000,66.131154
7999.000000,66.130577
8000.000000,66.130000
8001.000000,66.125672
8002.000000,66.121345
8003.000000,66.117018
8004.000000,66.112692
8005.000000,66.108366
8006.000000,66.104041
8007.000000,66.099717
8008.000000,66.095393
8009.000000,66.091069
8010.000000,66.086746
8011.000000,66.082424
8012.000000,66.078102
8013.000000,66.073781
8014.000000,66.069460
8015.000000,66.065140
8016.000000,66.060820
8017.000000,66.056501
8018.000000,66.052182
8019.000000,66.047864
8020.000000,66.043546
8021.000000,66.039229
8022.000000,66.034913
8023.000000,66.030597
8024.000000,66.026281
8025.000000,66.021967
8026.000000,66.017652
8027.000000,66.013338
8028.000000,66.009025
8029.000000,66.004712
8030.000000,66.000400
8031.000000,65.996089
8032.000000,65.991778
8033.000000,65.987467
8034.000000,65.983157
8035.000000,65.978847
8036.000000,65.974538
8037.000000,65.970230
8038.000000,65.965922
8039.000000,65.961615
8040.000000,65.957308
8041.000000,65.953002
8042.000000,65.948696
8043.000000,65.944391
8044.000000,65.940086
8045.000000,65.935782
8046.000000,65.931478
8047.000000,65.927175
8048.000000,65.922873
8049.000000,65.918571
8050.000000,65.914269
8051.000000,65.909968
8052.000000,65.905668
8053.000000,65.901368
8054.000000,65.897069
8055.000000,65.892770
8056.000000,65.888472
8057.000000,65.884174
8058.000000,65.879877
8059.000000,65.875580
8060.000000,65.871284
8061.000000,65.866988
8062.000000,65.862693
8063.000000,65.858399
8064.000000,65.854105
8065.000000,65.849811
8066.000000,65.845518
8067.000000,65.841226
8068.000000,65.836934
8069.000000,65.832643
8070.000000,65.828352
8071.000000,65.824062
8072.000000,65.819772
8073.000000,65.815483
8074.000000,65.811194
8075.000000,65.806906
8076.000000,65.802618
8077.000000,65.798331
8078.000000,65.794044
8079.000000,65.789758
8080.000000,65.785473
8081.000000,65.781188
8082.000000,65.776904
8083.000000,65.772620
8084.000000,65.768336
8085.000000,65.764053
8086.000000,65.759771
8087.000000,65.755489
8088.000000,65.751208
8089.000000,65.746927
8090.000000,65.742647
8091.000000,65.738367
8092.000000,65.734088
8093.000000,65.729810
8094.000000,65.725532
8095.000000,65.721254
8096.000000,65.716977
8097.000000,65.712701
8098.000000,65.708425
8099.000000,65.704149
8100.000000,65.699874
8101.000000,65.695600
8102.000000,65.691326
8103.000000,65.687053
8104.000000,65.682780
8105.000000,65.678508
8106.000000,65.674236
8107.000000,65.669965
8108.000000,65.665694
8109.000000,65.661424
8110.000000,65.657154
8111.000000,65.652885
8112.000000,65.648616
8113.000000,65.644348
8114.000000,65.640081
8115.000000,65.635814
8116.000000,65.631547
8117.000000,65.627281
8118.000000,65.623016
8119.000000,65.618751
8120.000000,65.614487
8121.000000,65.610223
8122.000000,65.605959
8123.000000,65.601697
8124.000000,65.597434
8125.000000,65.593172
8126.000000,65.588911
8127.000000,65.584651
8128.000000,65.580390
8129.000000,65.576131
8130.000000,65.571872
8131.000000,65.567613
8132.000000,65.563355
8133.000000,65.559097
8134.000000,65.554840
8135.000000,65.550584
8136.000000,65.546328
8137.000000,65.542072
8138.000000,65.537817
8139.000000,65.533563
8140.000000,65.529309
8141.000000,65.525056
8142.000000,65.520803
8143.000000,65.516550
8144.000000,65.512299
8145.000000,65.508047
8146.000000,65.503796
8147.000000,65.499546
8148.000000,65.495296
8149.000000,65.491047
8150.000000,65.486799
8151.000000,65.482550
8152.000000,65.478303
8153.000000,65.474056
8154.000000,65.469809
8155.000000,65.465563
8156.000000,65.461317
8157.000000,65.457072
8158.000000,65.452828
8159.000000,65.448584
8160.000000,65.444340
8161.000000,65.440097
8162.000000,65.435855
8163.000000,65.431613
8164.000000,65.427372
8165.000000,65.423131
8166.000000,65.418890
8167.000000,65.414651
8168.000000,65.410411
8169.000000,65.406172
8170.000000,65.401934
8171.000000,65.397696
8172.000000,65.393459
8173.000000,65.389222
8174.000000,65.384986
8175.000000,65.380750
8176.000000,65.376515
8177.000000,65.372281
8178.000000,65.368046
8179.000000,65.363813
8180.000000,65.359580
8181.000000,65.355347
8182.000000,65.351115
8183.000000,65.346884
8184.000000,65.342653
8185.000000,65.338422
8186.000000,65.334192
8187.000000,65.329963
8188.000000,65.325734
8189.000000,65.321505
8190.000000,65.317277
8191.000000,65.313050
8192.000000,65.308823
8193.000000,65.304596
8194.000000,65.300371
8195.000000,65.296145
8196.000000,65.291920
8197.000000,65.287696
8198.000000,65.283472
8199.000000,65.279249
8200.000000,65.275026
8201.000000,65.270804
8202.000000,65.266582
8203.000000,65.262361
8204.000000,65.258140
8205.000000,65.253920
8206.000000,65.249700
8207.000000,65.245481
8208.000000,65.241262
8209.000000,65.237044
8210.000000,65.232827
8211.000000,65.228610
8212.000000,65.224393
8213.000000,65.220177
8214.000000,65.215961
8215.000000,65.211746
8216.000000,65.207532
8217.000000,65.203318
8218.000000,65.199104
8219.000000,65.194891
8220.000000,65.190679
8221.000000,65.186467
8222.000000,65.182255
8223.000000,65.178044
8224.000000,65.173834
8225.000000,65.169624
8226.000000,65.165414
8227.000000,65.161205
8228.000000,65.156997
8229.000000,65.152789
8230.000000,65.148582
8231.000000,65.144375
8232.000000,65.140168
8233.000000,65.135963
8234.000000,65.131757
8235.000000,65.127552
8236.000000,65.123348
8237.000000,65.119144
8238.000000,65.114941
8239.000000,65.110738
8240.000000,65.106536
8241.000000,65.102334
8242.000000,65.098133
8243.000000,65.093932
8244.000000,65.089732
8245.000000,65.085532
8246.000000,65.081333
8247.000000,65.077134
8248.000000,65.072936
8249.000000,65.068738
8250.000000,65.064541
8251.000000,65.060344
8252.000000,65.056148
8253.000000,65.051953
8254.000000,65.047757
8255.000000,65.043563
8256.000000,65.039369
8257.000000,65.035175
8258.000000,65.030982
8259.000000,65.026789
8260.000000,65.022597
8261.000000,65.018406
8262.000000,65.014215
8263.000000,65.010024
8264.000000,65.005834
8265.000000,65.001644
8266.000000,64.997455
8267.000000,64.993267
8268.000000,64.989079
8269.000000,64.984891
8270.000000,64.980704
8271.000000,64.976518
8272.000000,64.972332
8273.000000,64.968146
8274.000000,64.963961
8275.000000,64.959777
8276.000000,64.955593
8277.000000,64.951409
8278.000000,64.947226
8279.000000,64.943044
8280.000000,64.938862
8281.000000,64.934680
8282.000000,64.930499
8283.000000,64.926319
8284.000000,64.922139
8285.000000,64.917959
8286.000000,64.913780
8287.000000,64.909602
8288.000000,64.905424
8289.000000,64.901246
8290.000000,64.897070
8291.000000,64.892893
8292.000000,64.888717
8293.000000,64.884542
8294.000000,64.880367
8295.000000,64.876192
8296.000000,64.872019
8297.000000,64.867845
8298.000000,64.863672
8299.000000,64.859500
8300.000000,64.855328
8301.000000,64.851157
8302.000000,64.846986
8303.000000,64.842815
8304.000000,64.838645
8305.000000,64.834476
8306.000000,64.830307
8307.000000,64.826139
8308.000000,64.821971
8309.000000,64.817803
8310.000000,64.813637
8311.000000,64.809470
8312.000000,64.805304
8313.000000,64.801139
8314.000000,64.796974
8315.000000,64.792810
8316.000000,64.788646
8317.000000,64.784482
8318.000000,64.780320
8319.000000,64.776157
8320.000000,64.771995
8321.000000,64.767834
8322.000000,64.763673
8323.000000,64.759513
8324.000000,64.755353
8325.000000,64.751193
8326.000000,64.747035
8327.000000,64.742876
8328.000000,64.738718
8329.000000,64.734561
8330.000000,64.730404
8331.000000,64.726248
8332.000000,64.722092
8333.000000,64.717936
8334.000000,64.713782
8335.000000,64.709627
8336.000000,64.705473
8337.000000,64.701320
8338.000000,64.697167
8339.000000,64.693015
8340.000000,64.688863
8341.000000,64.684711
8342.000000,64.680561
8343.000000,64.676410
8344.000000,64.672260
8345.000000,64.668111
8346.000000,64.663962
8347.000000,64.659813
8348.000000,64.655666
8349.000000,64.651518
8350.000000,64.647371
8351.000000,64.643225
8352.000000,64.639079
8353.000000,64.634933
8354.000000,64.630789
8355.000000,64.626644
8356.000000,64.622500
8357.000000,64.618357
8358.000000,64.614214
8359.000000,64.610071
8360.000000,64.605929
8361.000000,64.601788
8362.000000,64.597647
8363.000000,64.593506
8364.000000,64.589367
8365.000000,64.585227
8366.000000,64.581088
8367.000000,64.576950
8368.000000,64.572812
8369.000000,64.568674
8370.000000,64.564537
8371.000000,64.560401
8372.000000,64.556265
8373.000000,64.552129
8374.000000,64.547994
8375.000000,64.543859
8376.000000,64.539725
8377.000000,64.535592
8378.000000,64.531459
8379.000000,64.527326
8380.000000,64.523194
8381.000000,64.519063
8382.000000,64.514931
8383.000000,64.510801
8384.000000,64.506671
8385.000000,64.502541
8386.000000,64.498412
8387.000000,64.494283
8388.000000,64.490155
8389.000000,64.486028
8390.000000,64.481901
8391.000000,64.477774
8392.000000,64.473648
8393.000000,64.469522
8394.000000,64.465397
8395.000000,64.461272
8396.000000,64.457148
8397.000000,64.453024
8398.000000,64.448901
8399.000000,64.444778
8400.000000,64.440656
8401.000000,64.436534
8402.000000,64.432413
8403.000000,64.428292
8404.000000,64.424172
8405.000000,64.420052
8406.000000,64.415933
8407.000000,64.411814
8408.000000,64.407696
8409.000000,64.403578
8410.000000,64.399461
8411.000000,64.395344
8412.000000,64.391228
8413.000000,64.387112
8414.000000,64.382996
8415.000000,64.378881
8416.000000,64.374767
8417.000000,64.370653
8418.000000,64.366540
8419.000000,64.362427
8420.000000,64.358314
8421.000000,64.354202
8422.000000,64.350091
8423.000000,64.345980
8424.000000,64.341870
8425.000000,64.337760
8426.000000,64.333650
8427.000000,64.329541
8428.000000,64.325432
8429.000000,64.321324
8430.000000,64.317217
8431.000000,64.313110
8432.000000,64.309003
8433.000000,64.304897
8434.000000,64.300791
8435.000000,64.296686
8436.000000,64.292582
8437.000000,64.288478
8438.000000,64.284374
8439.000000,64.280271
8440.000000,64.276168
8441.000000,64.272066
8442.000000,64.267964
8443.000000,64.263863
8444.000000,64.259762
8445.000000,64.255662
8446.000000,64.251562
8447.000000,64.247463
8448.000000,64.243364
8449.000000,64.239266
8450.000000,64.235168
8451.000000,64.231070
8452.000000,64.226974
8453.000000,64.222877
8454.000000,64.218781
8455.000000,64.214686
8456.000000,64.210591
8457.000000,64.206497
8458.000000,64.202403
8459.000000,64.198309
8460.000000,64.194216
8461.000000,64.190124
8462.000000,64.186032
8463.000000,64.181940
8464.000000,64.177849
8465.000000,64.173758
8466.000000,64.169668
8467.000000,64.165579
8468.000000,64.161490
8469.000000,64.157401
8470.000000,64.153313
8471.000000,64.149225
8472.000000,64.145138
8473.000000,64.141051
8474.000000,64.136965
8475.000000,64.132879
8476.000000,64.128794
8477.000000,64.124709
8478.000000,64.120625
8479.000000,64.116541
8480.000000,64.112458
8481.000000,64.108375
8482.000000,64.104292
8483.000000,64.100211
8484.000000,64.096129
8485.000000,64.092048
8486.000000,64.087968
8487.000000,64.083888
8488.000000,64.079808
8489.000000,64.075729
8490.000000,64.071651
8491.000000,64.067573
8492.000000,64.063495
8493.000000,64.059418
8494.000000,64.055341
8495.000000,64.051265
8496.000000,64.047190
8497.000000,64.043114
8498.000000,64.039040
8499.000000,64.034966
8500.000000,64.030892
8501.000000,64.026819
8502.000000,64.022746
8503.000000,64.018673
8504.000000,64.014602
8505.000000,64.010530
8506.000000,64.006459
8507.000000,64.002389
8508.000000,63.998319
8509.000000,63.994250
8510.000000,63.990181
8511.000000,63.986112
8512.000000,63.982044
8513.000000,63.977977
8514.000000,63.973910
8515.000000,63.969843
8516.000000,63.965777
8517.000000,63.961712
8518.000000,63.957646
8519.000000,63.953582
8520.000000,63.949518
8521.000000,63.945454
8522.000000,63.941391
8523.000000,63.937328
8524.000000,63.933266
8525.000000,63.929204
8526.000000,63.925143
8527.000000,63.921082
8528.000000,63.917021
8529.000000,63.912962
8530.000000,63.908902
8531.000000,63.904843
8532.000000,63.900785
8533.000000,63.896727
8534.000000,63.892669
8535.000000,63.888612
8536.000000,63.884556
8537.000000,63.880500
8538.000000,63.876444
8539.000000,63.872389
8540.000000,63.868334
8541.000000,63.864280
8542.000000,63.860226
8543.000000,63.856173
8544.000000,63.852120
8545.000000,63.848068
8546.000000,63.844016
8547.000000,63.839965
8548.000000,63.835914
8549.000000,63.831864
8550.000000,63.827814
8551.000000,63.823764
8552.000000,63.819716
8553.000000,63.815667
8554.000000,63.811619
8555.000000,63.807571
8556.000000,63.803524
8557.000000,63.799478
8558.000000,63.795432
8559.000000,63.791386
8560.000000,63.787341
8561.000000,63.783296
8562.000000,63.779252
8563.000000,63.775208
8564.000000,63.771165
8565.000000,63.767122
8566.000000,63.763080
8567.000000,63.759038
8568.000000,63.754996
8569.000000,63.750956
8570.000000,63.746915
8571.000000,63.742875
8572.000000,63.738836
8573.000000,63.734797
8574.000000,63.730758
8575.000000,63.726720
8576.000000,63.722682
8577.000000,63.718645
8578.000000,63.714608
8579.000000,63.710572
8580.000000,63.706536
8581.000000,63.702501
8582.000000,63.698466
8583.000000,63.694432
8584.000000,63.690398
8585.000000,63.686365
8586.000000,63.682332
8587.000000,63.678299
8588.000000,63.674267
8589.000000,63.670236
8590.000000,63.666205
8591.000000,63.662174
8592.000000,63.658144
8593.000000,63.654115
8594.000000,63.650085
8595.000000,63.646057
8596.000000,63.642028
8597.000000,63.638001
8598.000000,63.633973
8599.000000,63.629947
8600.000000,63.625920
8601.000000,63.621894
8602.000000,63.617869
8603.000000,63.613844
8604.000000,63.609819
8605.000000,63.605795
8606.000000,63.601772
8607.000000,63.597749
8608.000000,63.593726
8609.000000,63.589704
8610.000000,63.585682
8611.000000,63.581661
8612.000000,63.577640
8613.000000,63.573620
8614.000000,63.569600
8615.000000,63.565581
8616.000000,63.561562
8617.000000,63.557544
8618.000000,63.553526
8619.000000,63.549508
8620.000000,63.545491
8621.000000,63.541475
8622.000000,63.537458
8623.000000,63.533443
8624.000000,63.529428
8625.000000,63.525413
8626.000000,63.521399
8627.000000,63.517385
8628.000000,63.513372
8629.000000,63.509359
8630.000000,63.505347
8631.000000,63.501335
8632.000000,63.497323
8633.000000,63.493312
8634.000000,63.489302
8635.000000,63.485292
8636.000000,63.481282
8637.000000,63.477273
8638.000000,63.473264
8639.000000,63.469256
8640.000000,63.465249
8641.000000,63.461241
8642.000000,63.457234
8643.000000,63.453228
8644.000000,63.449222
8645.000000,63.445217
8646.000000,63.441212
8647.000000,63.437207
8648.000000,63.433203
8649.000000,63.429200
8650.000000,63.425197
8651.000000,63.421194
8652.000000,63.417192
8653.000000,63.413190
8654.000000,63.409189
8655.000000,63.405188
8656.000000,63.401188
8657.000000,63.397188
8658.000000,63.393189
8659.000000,63.389190
8660.000000,63.385191
8661.000000,63.381193
8662.000000,63.377196
8663.000000,63.373199
8664.000000,63.369202
8665.000000,63.365206
8666.000000,63.361210
8667.000000,63.357215
8668.000000,63.353220
8669.000000,63.349226
8670.000000,63.345232
8671.000000,63.341239
8672.000000,63.337246
8673.000000,63.333253
8674.000000,63.329261
8675.000000,63.325270
8676.000000,63.321279
8677.000000,63.317288
8678.000000,63.313298
8679.000000,63.309308
8680.000000,63.305319
8681.000000,63.301330
8682.000000,63.297342
8683.000000,63.293354
8684.000000,63.289367
8685.000000,63.285380
8686.000000,63.281393
8687.000000,63.277407
8688.000000,63.273422
8689.000000,63.269436
8690.000000,63.265452
8691.000000,63.261468
8692.000000,63.257484
8693.000000,63.253501
8694.000000,63.249518
8695.000000,63.245535
8696.000000,63.241553
8697.000000,63.237572
8698.000000,63.233591
8699.000000,63.229610
8700.000000,63.225630
8701.000000,63.221651
8702.000000,63.217672
8703.000000,63.213693
8704.000000,63.209715
8705.000000,63.205737
8706.000000,63.201760
8707.000000,63.197783
8708.000000,63.193806
8709.000000,63.189830
8710.000000,63.185855
8711.000000,63.181880
8712.000000,63.177905
8713.000000,63.173931
8714.000000,63.169957
8715.000000,63.165984
8716.000000,63.162011
8717.000000,63.158039
8718.000000,63.154067
8719.000000,63.150096
8720.000000,63.146125
8721.000000,63.142154
8722.000000,63.138184
8723.000000,63.134215
8724.000000,63.130246
8725.000000,63.126277
8726.000000,63.122309
8727.000000,63.118341
8728.000000,63.114374
8729.000000,63.110407
8730.000000,63.106440
8731.000000,63.102474
8732.000000,63.098509
8733.000000,63.094544
8734.000000,63.090579
8735.000000,63.086615
8736.000000,63.082651
8737.000000,63.078688
8738.000000,63.074725
8739.000000,63.070763
8740.000000,63.066801
8741.000000,63.062840
8742.000000,63.058879
8743.000000,63.054918
8744.000000,63.050958
8745.000000,63.046999
8746.000000,63.043040
8747.000000,63.039081
8748.000000,63.035123
8749.000000,63.031165
8750.000000,63.027208
8751.000000,63.023251
8752.000000,63.019294
8753.000000,63.015338
8754.000000,63.011383
8755.000000,63.007428
8756.000000,63.003473
8757.000000,62.999519
8758.000000,62.995565
8759.000000,62.991612
8760.000000,62.987659
8761.000000,62.983707
8762.000000,62.979755
8763.000000,62.975803
8764.000000,62.971852
8765.000000,62.967902
8766.000000,62.963952
8767.000000,62.960002
8768.000000,62.956053
8769.000000,62.952104
8770.000000,62.948156
8771.000000,62.944208
8772.000000,62.940261
8773.000000,62.936314
8774.000000,62.932367
8775.000000,62.928421
8776.000000,62.924475
8777.000000,62.920530
8778.000000,62.916586
8779.000000,62.912641
8780.000000,62.908697
8781.000000,62.904754
8782.000000,62.900811
8783.000000,62.896869
8784.000000,62.892927
8785.000000,62.888985
8786.000000,62.885044
8787.000000,62.881103
8788.000000,62.877163
8789.000000,62.873223
8790.000000,62.869284
8791.000000,62.865345
8792.000000,62.861407
8793.000000,62.857469
8794.000000,62.853531
8795.000000,62.849594
8796.000000,62.845657
8797.000000,62.841721
8798.000000,62.837786
8799.000000,62.833850
8800.000000,62.829915
8801.000000,62.825981
8802.000000,62.822047
8803.000000,62.818114
8804.000000,62.814181
8805.000000,62.810248
8806.000000,62.806316
8807.000000,62.802384
8808.000000,62.798453
8809.000000,62.794522
8810.000000,62.790592
8811.000000,62.786662
8812.000000,62.782732
8813.000000,62.778803
8814.000000,62.774874
8815.000000,62.770946
8816.000000,62.767019
8817.000000,62.763091
8818.000000,62.759165
8819.000000,62.755238
8820.000000,62.751312
8821.000000,62.747387
8822.000000,62.743462
8823.000000,62.739537
8824.000000,62.735613
8825.000000,62.731689
8826.000000,62.727766
8827.000000,62.723843
8828.000000,62.719921
8829.000000,62.715999
8830.000000,62.712077
8831.000000,62.708156
8832.000000,62.704236
8833.000000,62.700316
8834.000000,62.696396
8835.000000,62.692477
8836.000000,62.688558
8837.000000,62.684640
8838.000000,62.680722
8839.000000,62.676804
8840.000000,62.672887
8841.000000,62.668971
8842.000000,62.665054
8843.000000,62.661139
8844.000000,62.657223
8845.000000,62.653309
8846.000000,62.649394
8847.000000,62.645480
8848.000000,62.641567
8849.000000,62.637654
8850.000000,62.633741
8851.000000,62.629829
8852.000000,62.625917
8853.000000,62.622006
8854.000000,62.618095
8855.000000,62.614185
8856.000000,62.610275
8857.000000,62.606365
8858.000000,62.602456
8859.000000,62.598547
8860.000000,62.594639
8861.000000,62.590731
8862.000000,62.586824
8863.000000,62.582917
8864.000000,62.579011
8865.000000,62.575105
8866.000000,62.571199
8867.000000,62.567294
8868.000000,62.563390
8869.000000,62.559485
8870.000000,62.555581
8871.000000,62.551678
8872.000000,62.547775
8873.000000,62.543873
8874.000000,62.539971
8875.000000,62.536069
8876.000000,62.532168
8877.000000,62.528267
8878.000000,62.524367
8879.000000,62.520467
8880.000000,62.516568
8881.000000,62.512669
8882.000000,62.508770
8883.000000,62.504872
8884.000000,62.500975
8885.000000,62.497077
8886.000000,62.493181
8887.000000,62.489284
8888.000000,62.485388
8889.000000,62.481493
8890.000000,62.477598
8891.000000,62.473703
8892.000000,62.469809
8893.000000,62.465916
8894.000000,62.462022
8895.000000,62.458129
8896.000000,62.454237
8897.000000,62.450345
8898.000000,62.446454
8899.000000,62.442563
8900.000000,62.438672
8901.000000,62.434782
8902.000000,62.430892
8903.000000,62.427003
8904.000000,62.423114
8905.000000,62.419225
8906.000000,62.415337
8907.000000,62.411450
8908.000000,62.407563
8909.000000,62.403676
8910.000000,62.399790
8911.000000,62.395904
8912.000000,62.392018
8913.000000,62.388133
8914.000000,62.384249
8915.000000,62.380365
8916.000000,62.376481
8917.000000,62.372598
8918.000000,62.368715
8919.000000,62.364833
8920.000000,62.360951
8921.000000,62.357069
8922.000000,62.353188
8923.000000,62.349308
8924.000000,62.345428
8925.000000,62.341548
8926.000000,62.337669
8927.000000,62.333790
8928.000000,62.329911
8929.000000,62.326033
8930.000000,62.322156
8931.000000,62.318279
8932.000000,62.314402
8933.000000,62.310526
8934.000000,62.306650
8935.000000,62.302774
8936.000000,62.298900
8937.000000,62.295025
8938.000000,62.291151
8939.000000,62.287277
8940.000000,62.283404
8941.000000,62.279531
8942.000000,62.275659
8943.000000,62.271787
8944.000000,62.267915
8945.000000,62.264044
8946.000000,62.260174
8947.000000,62.256304
8948.000000,62.252434
8949.000000,62.248565
8950.000000,62.244696
8951.000000,62.240827
8952.000000,62.236959
8953.000000,62.233092
8954.000000,62.229224
8955.000000,62.225358
8956.000000,62.221491
8957.000000,62.217625
8958.000000,62.213760
8959.000000,62.209895
8960.000000,62.206030
8961.000000,62.202166
8962.000000,62.198303
8963.000000,62.194439
8964.000000,62.190576
8965.000000,62.186714
8966.000000,62.182852
8967.000000,62.178990
8968.000000,62.175129
8969.000000,62.171269
8970.000000,62.167408
8971.000000,62.163549
8972.000000,62.159689
8973.000000,62.155830
8974.000000,62.151972
8975.000000,62.148113
8976.000000,62.144256
8977.000000,62.140399
8978.000000,62.136542
8979.000000,62.132685
8980.000000,62.128829
8981.000000,62.124974
8982.000000,62.121119
8983.000000,62.117264
8984.000000,62.113410
8985.000000,62.109556
8986.000000,62.105703
8987.000000,62.101850
8988.000000,62.097997
8989.000000,62.094145
8990.000000,62.090293
8991.000000,62.086442
8992.000000,62.082591
8993.000000,62.078741
8994.000000,62.074891
8995.000000,62.071041
8996.000000,62.067192
8997.000000,62.063343
8998.000000,62.059495
8999.000000,62.055647
9000.000000,62.051800
9001.000000,62.047953
9002.000000,62.044106
9003.000000,62.040260
9004.000000,62.036415
9005.000000,62.032569
9006.000000,62.028725
9007.000000,62.024880
9008.000000,62.021036
9009.000000,62.017193
9010.000000,62.013349
9011.000000,62.009507
9012.000000,62.005664
9013.000000,62.001823
9014.000000,61.997981
9015.000000,61.994140
9016.000000,61.990300
9017.000000,61.986459
9018.000000,61.982620
9019.000000,61.978780
9020.000000,61.974942
9021.000000,61.971103
9022.000000,61.967265
9023.000000,61.963428
9024.000000,61.959590
9025.000000,61.955754
9026.000000,61.951917
9027.000000,61.948081
9028.000000,61.944246
9029.000000,61.940411
9030.000000,61.936576
9031.000000,61.932742
9032.000000,61.928908
9033.000000,61.925075
9034.000000,61.921242
9035.000000,61.917410
9036.000000,61.913578
9037.000000,61.909746
9038.000000,61.905915
9039.000000,61.902084
9040.000000,61.898253
9041.000000,61.894424
9042.000000,61.890594
9043.000000,61.886765
9044.000000,61.882936
9045.000000,61.879108
9046.000000,61.875280
9047.000000,61.871453
9048.000000,61.867626
9049.000000,61.863799
9050.000000,61.859973
9051.000000,61.856147
9052.000000,61.852322
9053.000000,61.848497
9054.000000,61.844673
9055.000000,61.840849
9056.000000,61.837025
9057.000000,61.833202
9058.000000,61.829379
9059.000000,61.825557
9060.000000,61.821735
9061.000000,61.817913
9062.000000,61.814092
9063.000000,61.810272
9064.000000,61.806451
9065.000000,61.802632
9066.000000,61.798812
9067.000000,61.794993
9068.000000,61.791175
9069.000000,61.787356
9070.000000,61.783539
9071.000000,61.779721
9072.000000,61.775905
9073.000000,61.772088
9074.000000,61.768272
9075.000000,61.764457
9076.000000,61.760641
9077.000000,61.756827
9078.000000,61.753012
9079.000000,61.749198
9080.000000,61.745385
9081.000000,61.741572
9082.000000,61.737759
9083.000000,61.733947
9084.000000,61.730135
9085.000000,61.726324
9086.000000,61.722513
9087.000000,61.718702
9088.000000,61.714892
9089.000000,61.711082
9090.000000,61.707273
9091.000000,61.703464
9092.000000,61.699656
9093.000000,61.695848
9094.000000,61.692040
9095.000000,61.688233
9096.000000,61.684426
9097.000000,61.680620
9098.000000,61.676814
9099.000000,61.673008
9100.000000,61.669203
9101.000000,61.665398
9102.000000,61.661594
9103.000000,61.657790
9104.000000,61.653987
9105.000000,61.650184
9106.000000,61.646381
9107.000000,61.642579
9108.000000,61.638777
9109.000000,61.634976
9110.000000,61.631175
9111.000000,61.627374
9112.000000,61.623574
9113.000000,61.619774
9114.000000,61.615975
9115.000000,61.612176
9116.000000,61.608378
9117.000000,61.604580
9118.000000,61.600782
9119.000000,61.596985
9120.000000,61.593188
9121.000000,61.589392
9122.000000,61.585596
9123.000000,61.581800
9124.000000,61.578005
9125.000000,61.574211
9126.000000,61.570416
9127.000000,61.566622
9128.000000,61.562829
9129.000000,61.559036
9130.000000,61.555243
9131.000000,61.551451
9132.000000,61.547659
9133.000000,61.543868
9134.000000,61.540077
9135.000000,61.536287
9136.000000,61.532496
9137.000000,61.528707
9138.000000,61.524917
9139.000000,61.521128
9140.000000,61.517340
9141.000000,61.513552
9142.000000,61.509764
9143.000000,61.505977
9144.000000,61.502190
9145.000000,61.498404
9146.000000,61.494618
9147.000000,61.490832
9148.000000,61.487047
9149.000000,61.483262
9150.000000,61.479478
9151.000000,61.475694
9152.000000,61.471911
9153.000000,61.468128
9154.000000,61.464345
9155.000000,61.460563
9156.000000,61.456781
9157.000000,61.452999
9158.000000,61.449218
9159.000000,61.445438
9160.000000,61.441658
9161.000000,61.437878
9162.000000,61.434098
9163.000000,61.430320
9164.000000,61.426541
9165.000000,61.422763
9166.000000,61.418985
9167.000000,61.415208
9168.000000,61.411431
9169.000000,61.407654
9170.000000,61.403878
9171.000000,61.400103
9172.000000,61.396327
9173.000000,61.392553
9174.000000,61.388778
9175.000000,61.385004
9176.000000,61.381231
9177.000000,61.377457
9178.000000,61.373685
9179.000000,61.369912
9180.000000,61.366140
9181.000000,61.362369
9182.000000,61.358598
9183.000000,61.354827
9184.000000,61.351057
9185.000000,61.347287
9186.000000,61.343517
9187.000000,61.339748
9188.000000,61.335979
9189.000000,61.332211
9190.000000,61.328443
9191.000000,61.324676
9192.000000,61.320909
9193.000000,61.317142
9194.000000,61.313376
9195.000000,61.309610
9196.000000,61.305845
9197.000000,61.302080
9198.000000,61.298315
9199.000000,61.294551
9200.000000,61.290787
9201.000000,61.287024
9202.000000,61.283261
9203.000000,61.279499
9204.000000,61.275736
9205.000000,61.271975
9206.000000,61.268213
9207.000000,61.264452
9208.000000,61.260692
9209.000000,61.256932
9210.000000,61.253172
9211.000000,61.249413
9212.000000,61.245654
9213.000000,61.241896
9214.000000,61.238138
9215.000000,61.234380
9216.000000,61.230623
9217.000000,61.226866
9218.000000,61.223110
9219.000000,61.219354
9220.000000,61.215598
9221.000000,61.211843
9222.000000,61.208088
9223.000000,61.204334
9224.000000,61.200580
9225.000000,61.196826
9226.000000,61.193073
9227.000000,61.189320
9228.000000,61.185568
9229.000000,61.181816
9230.000000,61.178064
9231.000000,61.174313
9232.000000,61.170563
9233.000000,61.166812
9234.000000,61.163062
9235.000000,61.159313
9236.000000,61.155564
9237.000000,61.151815
9238.000000,61.148067
9239.000000,61.144319
9240.000000,61.140572
9241.000000,61.136825
9242.000000,61.133078
9243.000000,61.129332
9244.000000,61.125586
9245.000000,61.121840
9246.000000,61.118095
9247.000000,61.114351
9248.000000,61.110606
9249.000000,61.106863
9250.000000,61.103119
9251.000000,61.099376
9252.000000,61.095634
9253.000000,61.091891
9254.000000,61.088150
9255.000000,61.084408
9256.000000,61.080667
9257.000000,61.076927
9258.000000,61.073186
9259.000000,61.069447
9260.000000,61.065707
9261.000000,61.061968
9262.000000,61.058230
9263.000000,61.054492
9264.000000,61.050754
9265.000000,61.047017
9266.000000,61.043280
9267.000000,61.039543
9268.000000,61.035807
9269.000000,61.032071
9270.000000,61.028336
9271.000000,61.024601
9272.000000,61.020866
9273.000000,61.017132
9274.000000,61.013399
9275.000000,61.009665
9276.000000,61.005932
9277.000000,61.002200
9278.000000,60.998468
9279.000000,60.994736
9280.000000,60.991005
9281.000000,60.987274
9282.000000,60.983543
9283.000000,60.979813
9284.000000,60.976083
9285.000000,60.972354
9286.000000,60.968625
9287.000000,60.964897
9288.000000,60.961169
9289.000000,60.957441
9290.000000,60.953714
9291.000000,60.949987
9292.000000,60.946260
9293.000000,60.942534
9294.000000,60.938809
9295.000000,60.935083
9296.000000,60.931358
9297.000000,60.927634
9298.000000,60.923910
9299.000000,60.920186
9300.000000,60.916463
9301.000000,60.912740
9302.000000,60.909017
9303.000000,60.905295
9304.000000,60.901574
9305.000000,60.897852
9306.000000,60.894132
9307.000000,60.890411
9308.000000,60.886691
9309.000000,60.882971
9310.000000,60.879252
9311.000000,60.875533
9312.000000,60.871815
9313.000000,60.868097
9314.000000,60.864379
9315.000000,60.860662
9316.000000,60.856945
9317.000000,60.853228
9318.000000,60.849512
9319.000000,60.845796
9320.000000,60.842081
9321.000000,60.838366
9322.000000,60.834652
9323.000000,60.830938
9324.000000,60.827224
9325.000000,60.823511
9326.000000,60.819798
9327.000000,60.816085
9328.000000,60.812373
9329.000000,60.808661
9330.000000,60.804950
9331.000000,60.801239
9332.000000,60.797529
9333.000000,60.793819
9334.000000,60.790109
9335.000000,60.786399
9336.000000,60.782691
9337.000000,60.778982
9338.000000,60.775274
9339.000000,60.771566
9340.000000,60.767859
9341.000000,60.764152
9342.000000,60.760445
9343.000000,60.756739
9344.000000,60.753033
9345.000000,60.749328
9346.000000,60.745623
9347.000000,60.741919
9348.000000,60.738214
9349.000000,60.734511
9350.000000,60.730807
9351.000000,60.727104
9352.000000,60.723402
9353.000000,60.719699
9354.000000,60.715998
9355.000000,60.712296
9356.000000,60.708595
9357.000000,60.704895
9358.000000,60.701195
9359.000000,60.697495
9360.000000,60.693795
9361.000000,60.690096
9362.000000,60.686398
9363.000000,60.682699
9364.000000,60.679002
9365.000000,60.675304
9366.000000,60.671607
9367.000000,60.667910
9368.000000,60.664214
9369.000000,60.660518
9370.000000,60.656823
9371.000000,60.653128
9372.000000,60.649433
9373.000000,60.645739
9374.000000,60.642045
9375.000000,60.638351
9376.000000,60.634658
9377.000000,60.630966
9378.000000,60.627273
9379.000000,60.623581
9380.000000,60.619890
9381.000000,60.616199
9382.000000,60.612508
9383.000000,60.608818
9384.000000,60.605128
9385.000000,60.601438
9386.000000,60.597749
9387.000000,60.594060
9388.000000,60.590372
9389.000000,60.586684
9390.000000,60.582996
9391.000000,60.579309
9392.000000,60.575622
9393.000000,60.571936
9394.000000,60.568250
9395.000000,60.564564
9396.000000,60.560879
9397.000000,60.557194
9398.000000,60.553510
9399.000000,60.549826
9400.000000,60.546142
9401.000000,60.542459
9402.000000,60.538776
9403.000000,60.535093
9404.000000,60.531411
9405.000000,60.527729
9406.000000,60.524048
9407.000000,60.520367
9408.000000,60.516687
9409.000000,60.513006
9410.000000,60.509327
9411.000000,60.505647
9412.000000,60.501968
9413.000000,60.498290
9414.000000,60.494612
9415.000000,60.490934
9416.000000,60.487256
9417.000000,60.483579
9418.000000,60.479903
9419.000000,60.476226
9420.000000,60.472551
9421.000000,60.468875
9422.000000,60.465200
9423.000000,60.461525
9424.000000,60.457851
9425.000000,60.454177
9426.000000,60.450504
9427.000000,60.446831
9428.000000,60.443158
9429.000000,60.439485
9430.000000,60.435813
9431.000000,60.432142
9432.000000,60.428471
9433.000000,60.424800
9434.000000,60.421130
9435.000000,60.417460
9436.000000,60.413790
9437.000000,60.410121
9438.000000,60.406452
9439.000000,60.402783
9440.000000,60.399115
9441.000000,60.395448
9442.000000,60.391780
9443.000000,60.388114
9444.000000,60.384447
9445.000000,60.380781
9446.000000,60.377115
9447.000000,60.373450
9448.000000,60.369785
9449.000000,60.366120
9450.000000,60.362456
9451.000000,60.358792
9452.000000,60.355129
9453.000000,60.351466
9454.000000,60.347803
9455.000000,60.344141
9456.000000,60.340479
9457.000000,60.336818
9458.000000,60.333157
9459.000000,60.329496
9460.000000,60.325836
9461.000000,60.322176
9462.000000,60.318516
9463.000000,60.314857
9464.000000,60.311198
9465.000000,60.307540
9466.000000,60.303882
9467.000000,60.300224
9468.000000,60.296567
9469.000000,60.292910
9470.000000,60.289254
9471.000000,60.285598
9472.000000,60.281942
9473.000000,60.278287
9474.000000,60.274632
9475.000000,60.270977
9476.000000,60.267323
9477.000000,60.263669
9478.000000,60.260016
9479.000000,60.256363
9480.000000,60.252711
9481.000000,60.249058
9482.000000,60.245407
9483.000000,60.241755
9484.000000,60.238104
9485.000000,60.234453
9486.000000,60.230803
9487.000000,60.227153
9488.000000,60.223504
9489.000000,60.219855
9490.000000,60.216206
9491.000000,60.212558
9492.000000,60.208910
9493.000000,60.205262
9494.000000,60.201615
9495.000000,60.197968
9496.000000,60.194322
9497.000000,60.190676
9498.000000,60.187030
9499.000000,60.183385
9500.000000,60.179740
9501.000000,60.176095
9502.000000,60.172451
9503.000000,60.168807
9504.000000,60.165164
9505.000000,60.161521
9506.000000,60.157878
9507.000000,60.154236
9508.000000,60.150594
9509.000000,60.146953
9510.000000,60.143312
9511.000000,60.139671
9512.000000,60.136031
9513.000000,60.132391
9514.000000,60.128751
9515.000000,60.125112
9516.000000,60.121473
9517.000000,60.117835
9518.000000,60.114197
9519.000000,60.110559
9520.000000,60.106922
9521.000000,60.103285
9522.000000,60.099649
9523.000000,60.096013
9524.000000,60.092377
9525.000000,60.088742
9526.000000,60.085107
9527.000000,60.081472
9528.000000,60.077838
9529.000000,60.074204
9530.000000,60.070571
9531.000000,60.066938
9532.000000,60.063305
9533.000000,60.059673
9534.000000,60.056041
9535.000000,60.052409
9536.000000,60.048778
9537.000000,60.045148
9538.000000,60.041517
9539.000000,60.037887
9540.000000,60.034258
9541.000000,60.030628
9542.000000,60.027000
9543.000000,60.023371
9544.000000,60.019743
9545.000000,60.016115
9546.000000,60.012488
9547.000000,60.008861
9548.000000,60.005234
9549.000000,60.001608
9550.000000,59.997982
9551.000000,59.994357
9552.000000,59.990732
9553.000000,59.987107
9554.000000,59.983483
9555.000000,59.979859
9556.000000,59.976236
9557.000000,59.972612
9558.000000,59.968990
9559.000000,59.965367
9560.000000,59.961745
9561.000000,59.958124
9562.000000,59.954502
9563.000000,59.950881
9564.000000,59.947261
9565.000000,59.943641
9566.000000,59.940021
9567.000000,59.936402
9568.000000,59.932783
9569.000000,59.929164
9570.000000,59.925546
9571.000000,59.921928
9572.000000,59.918310
9573.000000,59.914693
9574.000000,59.911077
9575.000000,59.907460
9576.000000,59.903844
9577.000000,59.900229
9578.000000,59.896614
9579.000000,59.892999
9580.000000,59.889384
9581.000000,59.885770
9582.000000,59.882156
9583.000000,59.878543
9584.000000,59.874930
9585.000000,59.871318
9586.000000,59.867705
9587.000000,59.864094
9588.000000,59.860482
9589.000000,59.856871
9590.000000,59.853260
9591.000000,59.849650
9592.000000,59.846040
9593.000000,59.842431
9594.000000,59.838821
9595.000000,59.835213
9596.000000,59.831604
9597.000000,59.827996
9598.000000,59.824388
9599.000000,59.820781
9600.000000,59.817174
9601.000000,59.813568
9602.000000,59.809962
9603.000000,59.806356
9604.000000,59.802750
9605.000000,59.799145
9606.000000,59.795541
9607.000000,59.791936
9608.000000,59.788332
9609.000000,59.784729
9610.000000,59.781126
9611.000000,59.777523
9612.000000,59.773920
9613.000000,59.770318
9614.000000,59.766717
9615.000000,59.763115
9616.000000,59.759514
9617.000000,59.755914
9618.000000,59.752314
9619.000000,59.748714
9620.000000,59.745115
9621.000000,59.741515
9622.000000,59.737917
9623.000000,59.734319
9624.000000,59.730721
9625.000000,59.727123
9626.000000,59.723526
9627.000000,59.719929
9628.000000,59.716333
9629.000000,59.712737
9630.000000,59.709141
9631.000000,59.705546
9632.000000,59.701951
9633.000000,59.698356
9634.000000,59.694762
9635.000000,59.691168
9636.000000,59.687575
9637.000000,59.683981
9638.000000,59.680389
9639.000000,59.676796
9640.000000,59.673204
9641.000000,59.669613
9642.000000,59.666022
9643.000000,59.662431
9644.000000,59.658840
9645.000000,59.655250
9646.000000,59.651661
9647.000000,59.648071
9648.000000,59.644482
9649.000000,59.640894
9650.000000,59.637305
9651.000000,59.633718
9652.000000,59.630130
9653.000000,59.626543
9654.000000,59.622956
9655.000000,59.619370
9656.000000,59.615784
9657.000000,59.612198
9658.000000,59.608613
9659.000000,59.605028
9660.000000,59.601443
9661.000000,59.597859
9662.000000,59.594276
9663.000000,59.590692
9664.000000,59.587109
9665.000000,59.583526
9666.000000,59.579944
9667.000000,59.576362
9668.000000,59.572781
9669.000000,59.569199
9670.000000,59.565619
9671.000000,59.562038
9672.000000,59.558458
9673.000000,59.554878
9674.000000,59.551299
9675.000000,59.547720
9676.000000,59.544142
9677.000000,59.540563
9678.000000,59.536985
9679.000000,59.533408
9680.000000,59.529831
9681.000000,59.526254
9682.000000,59.522678
9683.000000,59.519102
9684.000000,59.515526
9685.000000,59.511951
9686.000000,59.508376
9687.000000,59.504801
9688.000000,59.501227
9689.000000,59.497653
9690.000000,59.494080
9691.000000,59.490507
9692.000000,59.486934
9693.000000,59.483362
9694.000000,59.479790
9695.000000,59.476218
9696.000000,59.472647
9697.000000,59.469076
9698.000000,59.465506
9699.000000,59.461936
9700.000000,59.458366
9701.000000,59.454797
9702.000000,59.451228
9703.000000,59.447659
9704.000000,59.444091
9705.000000,59.440523
9706.000000,59.436955
9707.000000,59.433388
9708.000000,59.429821
9709.000000,59.426255
9710.000000,59.422689
9711.000000,59.419123
9712.000000,59.415558
9713.000000,59.411993
9714.000000,59.408428
9715.000000,59.404864
9716.000000,59.401300
9717.000000,59.397737
9718.000000,59.394174
9719.000000,59.390611
9720.000000,59.387048
9721.000000,59.383486
9722.000000,59.379925
9723.000000,59.376363
9724.000000,59.372803
9725.000000,59.369242
9726.000000,59.365682
9727.000000,59.362122
9728.000000,59.358563
9729.000000,59.355003
9730.000000,59.351445
9731.000000,59.347886
9732.000000,59.344328
9733.000000,59.340771
9734.000000,59.337213
9735.000000,59.333657
9736.000000,59.330100
9737.000000,59.326544
9738.000000,59.322988
9739.000000,59.319433
9740.000000,59.315877
9741.000000,59.312323
9742.000000,59.308768
9743.000000,59.305214
9744.000000,59.301661
9745.000000,59.298108
9746.000000,59.294555
9747.000000,59.291002
9748.000000,59.287450
9749.000000,59.283898
9750.000000,59.280347
9751.000000,59.276796
9752.000000,59.273245
9753.000000,59.269695
9754.000000,59.266145
9755.000000,59.262595
9756.000000,59.259046
9757.000000,59.255497
9758.000000,59.251948
9759.000000,59.248400
9760.000000,59.244852
9761.000000,59.241305
9762.000000,59.237758
9763.000000,59.234211
9764.000000,59.230665
9765.000000,59.227119
9766.000000,59.223573
9767.000000,59.220028
9768.000000,59.216483
9769.000000,59.212939
9770.000000,59.209395
9771.000000,59.205851
9772.000000,59.202307
9773.000000,59.198764
9774.000000,59.195221
9775.000000,59.191679
9776.000000,59.188137
9777.000000,59.184596
9778.000000,59.181054
9779.000000,59.177513
9780.000000,59.173973
9781.000000,59.170433
9782.000000,59.166893
9783.000000,59.163353
9784.000000,59.159814
9785.000000,59.156276
9786.000000,59.152737
9787.000000,59.149199
9788.000000,59.145662
9789.000000,59.142124
9790.000000,59.138587
9791.000000,59.135051
9792.000000,59.131515
9793.000000,59.127979
9794.000000,59.124443
9795.000000,59.120908
9796.000000,59.117373
9797.000000,59.113839
9798.000000,59.110305
9799.000000,59.106771
9800.000000,59.103238
9801.000000,59.099705
9802.000000,59.096172
9803.000000,59.092640
9804.000000,59.089108
9805.000000,59.085577
9806.000000,59.082046
9807.000000,59.078515
9808.000000,59.074985
9809.000000,59.071454
9810.000000,59.067925
9811.000000,59.064395
9812.000000,59.060866
9813.000000,59.057338
9814.000000,59.053809
9815.000000,59.050282
9816.000000,59.046754
9817.000000,59.043227
9818.000000,59.039700
9819.000000,59.036174
9820.000000,59.032647
9821.000000,59.029122
9822.000000,59.025596
9823.000000,59.022071
9824.000000,59.018547
9825.000000,59.015022
9826.000000,59.011498
9827.000000,59.007975
9828.000000,59.004451
9829.000000,59.000929
9830.000000,58.997406
9831.000000,58.993884
9832.000000,58.990362
9833.000000,58.986841
9834.000000,58.983319
9835.000000,58.979799
9836.000000,58.976278
9837.000000,58.972758
9838.000000,58.969239
9839.000000,58.965719
9840.000000,58.962200
9841.000000,58.958682
9842.000000,58.955164
9843.000000,58.951646
9844.000000,58.948128
9845.000000,58.944611
9846.000000,58.941094
9847.000000,58.937578
9848.000000,58.934062
9849.000000,58.930546
9850.000000,58.927031
9851.000000,58.923516
9852.000000,58.920001
9853.000000,58.916487
9854.000000,58.912973
9855.000000,58.909459
9856.000000,58.905946
9857.000000,58.902433
9858.000000,58.898920
9859.000000,58.895408
9860.000000,58.891896
9861.000000,58.888385
9862.000000,58.884874
9863.000000,58.881363
9864.000000,58.877853
9865.000000,58.874343
9866.000000,58.870833
9867.000000,58.867324
9868.000000,58.863815
9869.000000,58.860306
9870.000000,58.856798
9871.000000,58.853290
9872.000000,58.849783
9873.000000,58.846275
9874.000000,58.842769
9875.000000,58.839262
9876.000000,58.835756
9877.000000,58.832250
9878.000000,58.828745
9879.000000,58.825240
9880.000000,58.821735
9881.000000,58.818231
9882.000000,58.814727
9883.000000,58.811223
9884.000000,58.807720
9885.000000,58.804217
9886.000000,58.800714
9887.000000,58.797212
9888.000000,58.793710
9889.000000,58.790209
9890.000000,58.786707
9891.000000,58.783207
9892.000000,58.779706
9893.000000,58.776206
9894.000000,58.772706
9895.000000,58.769207
9896.000000,58.765708
9897.000000,58.762209
9898.000000,58.758711
9899.000000,58.755213
9900.000000,58.751715
9901.000000,58.748218
9902.000000,58.744721
9903.000000,58.741225
9904.000000,58.737728
9905.000000,58.734233
9906.000000,58.730737
9907.000000,58.727242
9908.000000,58.723747
9909.000000,58.720253
9910.000000,58.716759
9911.000000,58.713265
9912.000000,58.709772
9913.000000,58.706278
9914.000000,58.702786
9915.000000,58.699293
9916.000000,58.695801
9917.000000,58.692310
9918.000000,58.688819
9919.000000,58.685328
9920.000000,58.681837
9921.000000,58.678347
9922.000000,58.674857
9923.000000,58.671368
9924.000000,58.667878
9925.000000,58.664390
9926.000000,58.660901
9927.000000,58.657413
9928.000000,58.653925
9929.000000,58.650438
9930.000000,58.646951
9931.000000,58.643464
9932.000000,58.639978
9933.000000,58.636492
9934.000000,58.633006
9935.000000,58.629521
9936.000000,58.626036
9937.000000,58.622551
9938.000000,58.619067
9939.000000,58.615583
9940.000000,58.612100
9941.000000,58.608616
9942.000000,58.605134
9943.000000,58.601651
9944.000000,58.598169
9945.000000,58.594687
9946.000000,58.591206
9947.000000,58.587725
9948.000000,58.584244
9949.000000,58.580763
9950.000000,58.577283
9951.000000,58.573804
9952.000000,58.570324
9953.000000,58.566845
9954.000000,58.563367
9955.000000,58.559888
9956.000000,58.556410
9957.000000,58.552933
9958.000000,58.549456
9959.000000,58.545979
9960.000000,58.542502
9961.000000,58.539026
9962.000000,58.535550
9963.000000,58.532075
9964.000000,58.528599
9965.000000,58.525125
9966.000000,58.521650
9967.000000,58.518176
9968.000000,58.514702
9969.000000,58.511229
9970.000000,58.507756
9971.000000,58.504283
9972.000000,58.500811
9973.000000,58.497339
9974.000000,58.493867
9975.000000,58.490396
9976.000000,58.486925
9977.000000,58.483454
9978.000000,58.479984
9979.000000,58.476514
9980.000000,58.473044
9981.000000,58.469575
9982.000000,58.466106
9983.000000,58.462638
9984.000000,58.459170
9985.000000,58.455702
9986.000000,58.452234
9987.000000,58.448767
9988.000000,58.445300
9989.000000,58.441834
9990.000000,58.438368
9991.000000,58.434902
9992.000000,58.431437
9993.000000,58.427971
9994.000000,58.424507
9995.000000,58.421042
9996.000000,58.417578
9997.000000,58.414115
9998.000000,58.410651
9999.000000,58.407188
10000.000000,58.403726
10001.000000,58.400263
10002.000000,58.396801
10003.000000,58.393340
10004.000000,58.389879
10005.000000,58.386418
10006.000000,58.382957
10007.000000,58.379497
10008.000000,58.376037
10009.000000,58.372578
10010.000000,58.369118
10011.000000,58.365660
10012.000000,58.362201
10013.000000,58.358743
10014.000000,58.355285
10015.000000,58.351828
10016.000000,58.348371
10017.000000,58.344914
10018.000000,58.341457
10019.000000,58.338001
10020.000000,58.334546
10021.000000,58.331090
10022.000000,58.327635
10023.000000,58.324180
10024.000000,58.320726
10025.000000,58.317272
10026.000000,58.313818
10027.000000,58.310365
10028.000000,58.306912
10029.000000,58.303459
10030.000000,58.300007
10031.000000,58.296555
10032.000000,58.293104
10033.000000,58.289652
10034.000000,58.286201
10035.000000,58.282751
10036.000000,58.279301
10037.000000,58.275851
10038.000000,58.272401
10039.000000,58.268952
10040.000000,58.265503
10041.000000,58.262055
10042.000000,58.258607
10043.000000,58.255159
10044.000000,58.251711
10045.000000,58.248264
10046.000000,58.244817
10047.000000,58.241371
10048.000000,58.237925
10049.000000,58.234479
10050.000000,58.231034
10051.000000,58.227589
10052.000000,58.224144
10053.000000,58.220700
10054.000000,58.217255
10055.000000,58.213812
10056.000000,58.210368
10057.000000,58.206925
10058.000000,58.203483
10059.000000,58.200040
10060.000000,58.196598
10061.000000,58.193157
10062.000000,58.189715
10063.000000,58.186274
10064.000000,58.182834
10065.000000,58.179394
10066.000000,58.175954
10067.000000,58.172514
10068.000000,58.169075
10069.000000,58.165636
10070.000000,58.162197
10071.000000,58.158759
10072.000000,58.155321
10073.000000,58.151884
10074.000000,58.148446
10075.000000,58.145010
10076.000000,58.141573
10077.000000,58.138137
10078.000000,58.134701
10079.000000,58.131266
10080.000000,58.127830
10081.000000,58.124396
10082.000000,58.120961
10083.000000,58.117527
10084.000000,58.114093
10085.000000,58.110660
10086.000000,58.107227
10087.000000,58.103794
10088.000000,58.100361
10089.000000,58.096929
10090.000000,58.093498
10091.000000,58.090066
10092.000000,58.086635
10093.000000,58.083204
10094.000000,58.079774
10095.000000,58.076344
10096.000000,58.072914
10097.000000,58.069485
10098.000000,58.066056
10099.000000,58.062627
10100.000000,58.059199
10101.000000,58.055771
10102.000000,58.052343
10103.000000,58.048916
10104.000000,58.045489
10105.000000,58.042062
10106.000000,58.038636
10107.000000,58.035210
10108.000000,58.031784
10109.000000,58.028359
10110.000000,58.024934
10111.000000,58.021509
10112.000000,58.018085
10113.000000,58.014661
10114.000000,58.011237
10115.000000,58.007814
10116.000000,58.004391
10117.000000,58.000969
10118.000000,57.997546
10119.000000,57.994124
10120.000000,57.990703
10121.000000,57.987282
10122.000000,57.983861
10123.000000,57.980440
10124.000000,57.977020
10125.000000,57.973600
10126.000000,57.970180
10127.000000,57.966761
10128.000000,57.963342
10129.000000,57.959924
10130.000000,57.956506
10131.000000,57.953088
10132.000000,57.949670
10133.000000,57.946253
10134.000000,57.942836
10135.000000,57.939420
10136.000000,57.936003
10137.000000,57.932588
10138.000000,57.929172
10139.000000,57.925757
10140.000000,57.922342
10141.000000,57.918928
10142.000000,57.915513
10143.000000,57.912100
10144.000000,57.908686
10145.000000,57.905273
10146.000000,57.901860
10147.000000,57.898448
10148.000000,57.895036
10149.000000,57.891624
10150.000000,57.888212
10151.000000,57.884801
10152.000000,57.881390
10153.000000,57.877980
10154.000000,57.874570
10155.000000,57.871160
10156.000000,57.867751
10157.000000,57.864341
10158.000000,57.860933
10159.000000,57.857524
10160.000000,57.854116
10161.000000,57.850708
10162.000000,57.847301
10163.000000,57.843894
10164.000000,57.840487
10165.000000,57.837081
10166.000000,57.833674
10167.000000,57.830269
10168.000000,57.826863
10169.000000,57.823458
10170.000000,57.820053
10171.000000,57.816649
10172.000000,57.813245
10173.000000,57.809841
10174.000000,57.806438
10175.000000,57.803035
10176.000000,57.799632
10177.000000,57.796229
10178.000000,57.792827
10179.000000,57.789426
10180.000000,57.786024
10181.000000,57.782623
10182.000000,57.779222
10183.000000,57.775822
10184.000000,57.772422
10185.000000,57.769022
10186.000000,57.765623
10187.000000,57.762224
10188.000000,57.758825
10189.000000,57.755427
10190.000000,57.752028
10191.000000,57.748631
10192.000000,57.745233
10193.000000,57.741836
10194.000000,57.738440
10195.000000,57.735043
10196.000000,57.731647
10197.000000,57.728251
10198.000000,57.724856
10199.000000,57.721461
10200.000000,57.718066
10201.000000,57.714672
10202.000000,57.711278
10203.000000,57.707884
10204.000000,57.704490
10205.000000,57.701097
10206.000000,57.697705
10207.000000,57.694312
10208.000000,57.690920
10209.000000,57.687528
10210.000000,57.684137
10211.000000,57.680746
10212.000000,57.677355
10213.000000,57.673965
10214.000000,57.670575
10215.000000,57.667185
10216.000000,57.663795
10217.000000,57.660406
10218.000000,57.657018
10219.000000,57.653629
10220.000000,57.650241
10221.000000,57.646853
10222.000000,57.643466
10223.000000,57.640079
10224.000000,57.636692
10225.000000,57.633305
10226.000000,57.629919
10227.000000,57.626534
10228.000000,57.623148
10229.000000,57.619763
10230.000000,57.616378
10231.000000,57.612994
10232.000000,57.609610
10233.000000,57.606226
10234.000000,57.602842
10235.000000,57.599459
10236.000000,57.596076
10237.000000,57.592694
10238.000000,57.589312
10239.000000,57.585930
10240.000000,57.582549
10241.000000,57.579167
10242.000000,57.575787
10243.000000,57.572406
10244.000000,57.569026
10245.000000,57.565646
10246.000000,57.562267
10247.000000,57.558887
10248.000000,57.555509
10249.000000,57.552130
10250.000000,57.548752
10251.000000,57.545374
10252.000000,57.541997
10253.000000,57.538619
10254.000000,57.535242
10255.000000,57.531866
10256.000000,57.528490
10257.000000,57.525114
10258.000000,57.521738
10259.000000,57.518363
10260.000000,57.514988
10261.000000,57.511614
10262.000000,57.508239
10263.000000,57.504865
10264.000000,57.501492
10265.000000,57.498119
10266.000000,57.494746
10267.000000,57.491373
10268.000000,57.488001
10269.000000,57.484629
10270.000000,57.481257
10271.000000,57.477886
10272.000000,57.474515
10273.000000,57.471145
10274.000000,57.467774
10275.000000,57.464404
10276.000000,57.461035
10277.000000,57.457665
10278.000000,57.454296
10279.000000,57.450928
10280.000000,57.447559
10281.000000,57.444191
10282.000000,57.440824
10283.000000,57.437456
10284.000000,57.434089
10285.000000,57.430723
10286.000000,57.427356
10287.000000,57.423990
10288.000000,57.420625
10289.000000,57.417259
10290.000000,57.413894
10291.000000,57.410529
10292.000000,57.407165
10293.000000,57.403801
10294.000000,57.400437
10295.000000,57.397074
10296.000000,57.393711
10297.000000,57.390348
10298.000000,57.386986
10299.000000,57.383623
10300.000000,57.380262
10301.000000,57.376900
10302.000000,57.373539
10303.000000,57.370178
10304.000000,57.366818
10305.000000,57.363458
10306.000000,57.360098
10307.000000,57.356738
10308.000000,57.353379
10309.000000,57.350020
10310.000000,57.346662
10311.000000,57.343304
10312.000000,57.339946
10313.000000,57.336588
10314.000000,57.333231
10315.000000,57.329874
10316.000000,57.326517
10317.000000,57.323161
10318.000000,57.319805
10319.000000,57.316450
10320.000000,57.313094
10321.000000,57.309739
10322.000000,57.306385
10323.000000,57.303031
10324.000000,57.299677
10325.000000,57.296323
10326.000000,57.292970
10327.000000,57.289617
10328.000000,57.286264
10329.000000,57.282912
10330.000000,57.279560
10331.000000,57.276208
10332.000000,57.272857
10333.000000,57.269506
10334.000000,57.266155
10335.000000,57.262804
10336.000000,57.259454
10337.000000,57.256105
10338.000000,57.252755
10339.000000,57.249406
10340.000000,57.246057
10341.000000,57.242709
10342.000000,57.239361
10343.000000,57.236013
10344.000000,57.232665
10345.000000,57.229318
10346.000000,57.225971
10347.000000,57.222625
10348.000000,57.219279
10349.000000,57.215933
10350.000000,57.212587
10351.000000,57.209242
10352.000000,57.205897
10353.000000,57.202553
10354.000000,57.199208
10355.000000,57.195864
10356.000000,57.192521
10357.000000,57.189178
10358.000000,57.185835
10359.000000,57.182492
10360.000000,57.179150
10361.000000,57.175808
10362.000000,57.172466
10363.000000,57.169125
10364.000000,57.165784
10365.000000,57.162443
10366.000000,57.159103
10367.000000,57.155762
10368.000000,57.152423
10369.000000,57.149083
10370.000000,57.145744
10371.000000,57.142405
10372.000000,57.139067
10373.000000,57.135729
10374.000000,57.132391
10375.000000,57.129054
10376.000000,57.125716
10377.000000,57.122380
10378.000000,57.119043
10379.000000,57.115707
10380.000000,57.112371
10381.000000,57.109036
10382.000000,57.105700
10383.000000,57.102365
10384.000000,57.099031
10385.000000,57.095697
10386.000000,57.092363
10387.000000,57.089029
10388.000000,57.085696
10389.000000,57.082363
10390.000000,57.079030
10391.000000,57.075698
10392.000000,57.072366
10393.000000,57.069034
10394.000000,57.065703
10395.000000,57.062372
10396.000000,57.059041
10397.000000,57.055710
10398.000000,57.052380
10399.000000,57.049050
10400.000000,57.045721
10401.000000,57.042392
10402.000000,57.039063
10403.000000,57.035735
10404.000000,57.032406
10405.000000,57.029079
10406.000000,57.025751
10407.000000,57.022424
10408.000000,57.019097
10409.000000,57.015770
10410.000000,57.012444
10411.000000,57.009118
10412.000000,57.005793
10413.000000,57.002467
10414.000000,56.999142
10415.000000,56.995818
10416.000000,56.992493
10417.000000,56.989169
10418.000000,56.985846
10419.000000,56.982522
10420.000000,56.979199
10421.000000,56.975876
10422.000000,56.972554
10423.000000,56.969232
10424.000000,56.965910
10425.000000,56.962589
10426.000000,56.959267
10427.000000,56.955947
10428.000000,56.952626
10429.000000,56.949306
10430.000000,56.945986
10431.000000,56.942666
10432.000000,56.939347
10433.000000,56.936028
10434.000000,56.932710
10435.000000,56.929391
10436.000000,56.926073
10437.000000,56.922756
10438.000000,56.919438
10439.000000,56.916121
10440.000000,56.912805
10441.000000,56.909488
10442.000000,56.906172
10443.000000,56.902856
10444.000000,56.899541
10445.000000,56.896226
10446.000000,56.892911
10447.000000,56.889597
10448.000000,56.886282
10449.000000,56.882969
10450.000000,56.879655
10451.000000,56.876342
10452.000000,56.873029
10453.000000,56.869716
10454.000000,56.866404
10455.000000,56.863092
10456.000000,56.859781
10457.000000,56.856469
10458.000000,56.853158
10459.000000,56.849848
10460.000000,56.846537
10461.000000,56.843227
10462.000000,56.839918
10463.000000,56.836608
10464.000000,56.833299
10465.000000,56.829990
10466.000000,56.826682
10467.000000,56.823374
10468.000000,56.820066
10469.000000,56.816758
10470.000000,56.813451
10471.000000,56.810144
10472.000000,56.806838
10473.000000,56.803531
10474.000000,56.800225
10475.000000,56.796920
10476.000000,56.793615
10477.000000,56.790310
10478.000000,56.787005
10479.000000,56.783701
10480.000000,56.780397
10481.000000,56.777093
10482.000000,56.773789
10483.000000,56.770486
10484.000000,56.767184
10485.000000,56.763881
10486.000000,56.760579
10487.000000,56.757277
10488.000000,56.753976
10489.000000,56.750674
10490.000000,56.747373
10491.000000,56.744073
10492.000000,56.740773
10493.000000,56.737473
10494.000000,56.734173
10495.000000,56.730874
10496.000000,56.727575
10497.000000,56.724276
10498.000000,56.720978
10499.000000,56.717680
10500.000000,56.714382
10501.000000,56.711084
10502.000000,56.707787
10503.000000,56.704491
10504.000000,56.701194
10505.000000,56.697898
10506.000000,56.694602
10507.000000,56.691306
10508.000000,56.688011
10509.000000,56.684716
10510.000000,56.681422
10511.000000,56.678127
10512.000000,56.674833
10513.000000,56.671540
10514.000000,56.668246
10515.000000,56.664953
10516.000000,56.661661
10517.000000,56.658368
10518.000000,56.655076
10519.000000,56.651784
10520.000000,56.648493
10521.000000,56.645202
10522.000000,56.641911
10523.000000,56.638620
10524.000000,56.635330
10525.000000,56.632040
10526.000000,56.628751
10527.000000,56.625461
10528.000000,56.622172
10529.000000,56.618884
10530.000000,56.615595
10531.000000,56.612307
10532.000000,56.609019
10533.000000,56.605732
10534.000000,56.602445
10535.000000,56.599158
10536.000000,56.595872
10537.000000,56.592586
10538.000000,56.589300
10539.000000,56.586014
10540.000000,56.582729
10541.000000,56.579444
10542.000000,56.576159
10543.000000,56.572875
10544.000000,56.569591
10545.000000,56.566307
10546.000000,56.563024
10547.000000,56.559741
10548.000000,56.556458
10549.000000,56.553176
10550.000000,56.549894
10551.000000,56.546612
10552.000000,56.543330
10553.000000,56.540049
10554.000000,56.536768
10555.000000,56.533488
10556.000000,56.530208
10557.000000,56.526928
10558.000000,56.523648
10559.000000,56.520369
10560.000000,56.517090
10561.000000,56.513811
10562.000000,56.510533
10563.000000,56.507255
10564.000000,56.503977
10565.000000,56.500699
10566.000000,56.497422
10567.000000,56.494145
10568.000000,56.490869
10569.000000,56.487593
10570.000000,56.484317
10571.000000,56.481041
10572.000000,56.477766
10573.000000,56.474491
10574.000000,56.471216
10575.000000,56.467942
10576.000000,56.464668
10577.000000,56.461394
10578.000000,56.458121
10579.000000,56.454847
10580.000000,56.451575
10581.000000,56.448302
10582.000000,56.445030
10583.000000,56.441758
10584.000000,56.438487
10585.000000,56.435215
10586.000000,56.431944
10587.000000,56.428674
10588.000000,56.425403
10589.000000,56.422133
10590.000000,56.418864
10591.000000,56.415594
10592.000000,56.412325
10593.000000,56.409056
10594.000000,56.405788
10595.000000,56.402520
10596.000000,56.399252
10597.000000,56.395984
10598.000000,56.392717
10599.000000,56.389450
10600.000000,56.386183
10601.000000,56.382917
10602.000000,56.379651
10603.000000,56.376385
10604.000000,56.373120
10605.000000,56.369855
10606.000000,56.366590
10607.000000,56.363326
10608.000000,56.360061
10609.000000,56.356798
10610.000000,56.353534
10611.000000,56.350271
10612.000000,56.347008
10613.000000,56.343745
10614.000000,56.340483
10615.000000,56.337221
10616.000000,56.333959
10617.000000,56.330698
10618.000000,56.327437
10619.000000,56.324176
10620.000000,56.320915
10621.000000,56.317655
10622.000000,56.314395
10623.000000,56.311136
10624.000000,56.307876
10625.000000,56.304618
10626.000000,56.301359
10627.000000,56.298101
10628.000000,56.294843
10629.000000,56.291585
10630.000000,56.288327
10631.000000,56.285070
10632.000000,56.281813
10633.000000,56.278557
10634.000000,56.275301
10635.000000,56.272045
10636.000000,56.268789
10637.000000,56.265534
10638.000000,56.262279
10639.000000,56.259024
10640.000000,56.255770
10641.000000,56.252516
10642.000000,56.249262
10643.000000,56.246009
10644.000000,56.242756
10645.000000,56.239503
10646.000000,56.236250
10647.000000,56.232998
10648.000000,56.229746
10649.000000,56.226495
10650.000000,56.223243
10651.000000,56.219992
10652.000000,56.216742
10653.000000,56.213491
10654.000000,56.210241
10655.000000,56.206991
10656.000000,56.203742
10657.000000,56.200493
10658.000000,56.197244
10659.000000,56.193995
10660.000000,56.190747
10661.000000,56.187499
10662.000000,56.184252
10663.000000,56.181004
10664.000000,56.177757
10665.000000,56.174511
10666.000000,56.171264
10667.000000,56.168018
10668.000000,56.164772
10669.000000,56.161527
10670.000000,56.158281
10671.000000,56.155037
10672.000000,56.151792
10673.000000,56.148548
10674.000000,56.145304
10675.000000,56.142060
10676.000000,56.138817
10677.000000,56.135574
10678.000000,56.132331
10679.000000,56.129088
10680.000000,56.125846
10681.000000,56.122604
10682.000000,56.119363
10683.000000,56.116122
10684.000000,56.112881
10685.000000,56.109640
10686.000000,56.106400
10687.000000,56.103160
10688.000000,56.099920
10689.000000,56.096680
10690.000000,56.093441
10691.000000,56.090202
10692.000000,56.086964
10693.000000,56.083726
10694.000000,56.080488
10695.000000,56.077250
10696.000000,56.074013
10697.000000,56.070776
10698.000000,56.067539
10699.000000,56.064303
10700.000000,56.061067
10701.000000,56.057831
10702.000000,56.054595
10703.000000,56.051360
10704.000000,56.048125
10705.000000,56.044891
10706.000000,56.041656
10707.000000,56.038422
10708.000000,56.035189
10709.000000,56.031955
10710.000000,56.028722
10711.000000,56.025489
10712.000000,56.022257
10713.000000,56.019025
10714.000000,56.015793
10715.000000,56.012561
10716.000000,56.009330
10717.000000,56.006099
10718.000000,56.002868
10719.000000,55.999638
10720.000000,55.996408
10721.000000,55.993178
10722.000000,55.989949
10723.000000,55.986720
10724.000000,55.983491
10725.000000,55.980262
10726.000000,55.977034
10727.000000,55.973806
10728.000000,55.970578
10729.000000,55.967351
10730.000000,55.964124
10731.000000,55.960897
10732.000000,55.957671
10733.000000,55.954445
10734.000000,55.951219
10735.000000,55.947993
10736.000000,55.944768
10737.000000,55.941543
10738.000000,55.938318
10739.000000,55.935094
10740.000000,55.931870
10741.000000,55.928646
10742.000000,55.925423
10743.000000,55.922200
10744.000000,55.918977
10745.000000,55.915754
10746.000000,55.912532
10747.000000,55.909310
10748.000000,55.906088
10749.000000,55.902867
10750.000000,55.899646
10751.000000,55.896425
10752.000000,55.893205
10753.000000,55.889985
10754.000000,55.886765
10755.000000,55.883545
10756.000000,55.880326
10757.000000,55.877107
10758.000000,55.873888
10759.000000,55.870670
10760.000000,55.867452
10761.000000,55.864234
10762.000000,55.861017
10763.000000,55.857799
10764.000000,55.854583
10765.000000,55.851366
10766.000000,55.848150
10767.000000,55.844934
10768.000000,55.841718
10769.000000,55.838503
10770.000000,55.835288
10771.000000,55.832073
10772.000000,55.828858
10773.000000,55.825644
10774.000000,55.822430
10775.000000,55.819217
10776.000000,55.816004
10777.000000,55.812791
10778.000000,55.809578
10779.000000,55.806366
10780.000000,55.803153
10781.000000,55.799942
10782.000000,55.796730
10783.000000,55.793519
10784.000000,55.790308
10785.000000,55.787097
10786.000000,55.783887
10787.000000,55.780677
10788.000000,55.777467
10789.000000,55.774258
10790.000000,55.771049
10791.000000,55.767840
10792.000000,55.764632
10793.000000,55.761423
10794.000000,55.758216
10795.000000,55.755008
10796.000000,55.751801
10797.000000,55.748594
10798.000000,55.745387
10799.000000,55.742180
10800.000000,55.738974
10801.000000,55.735768
10802.000000,55.732563
10803.000000,55.729358
10804.000000,55.726153
10805.000000,55.722948
10806.000000,55.719744
10807.000000,55.716540
10808.000000,55.713336
10809.000000,55.710132
10810.000000,55.706929
10811.000000,55.703726
10812.000000,55.700524
10813.000000,55.697321
10814.000000,55.694119
10815.000000,55.690918
10816.000000,55.687716
10817.000000,55.684515
10818.000000,55.681314
10819.000000,55.678114
10820.000000,55.674914
10821.000000,55.671714
10822.000000,55.668514
10823.000000,55.665315
10824.000000,55.662116
10825.000000,55.658917
10826.000000,55.655719
10827.000000,55.652521
10828.000000,55.649323
10829.000000,55.646125
10830.000000,55.642928
10831.000000,55.639731
10832.000000,55.636534
10833.000000,55.633338
10834.000000,55.630142
10835.000000,55.626946
10836.000000,55.623751
10837.000000,55.620555
10838.000000,55.617360
10839.000000,55.614166
10840.000000,55.610972
10841.000000,55.607778
10842.000000,55.604584
10843.000000,55.601390
10844.000000,55.598197
10845.000000,55.595004
10846.000000,55.591812
10847.000000,55.588620
10848.000000,55.585428
10849.000000,55.582236
10850.000000,55.579045
10851.000000,55.575854
10852.000000,55.572663
10853.000000,55.569472
10854.000000,55.566282
10855.000000,55.563092
10856.000000,55.559903
10857.000000,55.556713
10858.000000,55.553524
10859.000000,55.550336
10860.000000,55.547147
10861.000000,55.543959
10862.000000,55.540771
10863.000000,55.537584
10864.000000,55.534396
10865.000000,55.531210
10866.000000,55.528023
10867.000000,55.524837
10868.000000,55.521650
10869.000000,55.518465
10870.000000,55.515279
10871.000000,55.512094
10872.000000,55.508909
10873.000000,55.505724
10874.000000,55.502540
10875.000000,55.499356
10876.000000,55.496172
10877.000000,55.492989
10878.000000,55.489806
10879.000000,55.486623
10880.000000,55.483440
10881.000000,55.480258
10882.000000,55.477076
10883.000000,55.473894
10884.000000,55.470713
10885.000000,55.467532
10886.000000,55.464351
10887.000000,55.461171
10888.000000,55.457990
10889.000000,55.454810
10890.000000,55.451631
10891.000000,55.448451
10892.000000,55.445272
10893.000000,55.442094
10894.000000,55.438915
10895.000000,55.435737
10896.000000,55.432559
10897.000000,55.429382
10898.000000,55.426204
10899.000000,55.423027
10900.000000,55.419850
10901.000000,55.416674
10902.000000,55.413498
10903.000000,55.410322
10904.000000,55.407147
10905.000000,55.403971
10906.000000,55.400796
10907.000000,55.397622
10908.000000,55.394447
10909.000000,55.391273
10910.000000,55.388099
10911.000000,55.384926
10912.000000,55.381753
10913.000000,55.378580
10914.000000,55.375407
10915.000000,55.372235
10916.000000,55.369063
10917.000000,55.365891
10918.000000,55.362719
10919.000000,55.359548
10920.000000,55.356377
10921.000000,55.353207
10922.000000,55.350036
10923.000000,55.346866
10924.000000,55.343696
10925.000000,55.340527
10926.000000,55.337358
10927.000000,55.334189
10928.000000,55.331020
10929.000000,55.327852
10930.000000,55.324684
10931.000000,55.321516
10932.000000,55.318349
10933.000000,55.315182
10934.000000,55.312015
10935.000000,55.308848
10936.000000,55.305682
10937.000000,55.302516
10938.000000,55.299351
10939.000000,55.296185
10940.000000,55.293020
10941.000000,55.289855
10942.000000,55.286691
10943.000000,55.283526
10944.000000,55.280362
10945.000000,55.277199
10946.000000,55.274035
10947.000000,55.270872
10948.000000,55.267710
10949.000000,55.264547
10950.000000,55.261385
10951.000000,55.258223
10952.000000,55.255061
10953.000000,55.251900
10954.000000,55.248739
10955.000000,55.245578
10956.000000,55.242418
10957.000000,55.239257
10958.000000,55.236098
10959.000000,55.232938
10960.000000,55.229779
10961.000000,55.226620
10962.000000,55.223461
10963.000000,55.220302
10964.000000,55.217144
10965.000000,55.213986
10966.000000,55.210829
10967.000000,55.207671
10968.000000,55.204514
10969.000000,55.201358
10970.000000,55.198201
10971.000000,55.195045
10972.000000,55.191889
10973.000000,55.188733
10974.000000,55.185578
10975.000000,55.182423
10976.000000,55.179268
10977.000000,55.176114
10978.000000,55.172960
10979.000000,55.169806
10980.000000,55.166652
10981.000000,55.163499
10982.000000,55.160346
10983.000000,55.157193
10984.000000,55.154041
10985.000000,55.150889
10986.000000,55.147737
10987.000000,55.144585
10988.000000,55.141434
10989.000000,55.138283
10990.000000,55.135132
10991.000000,55.131982
10992.000000,55.128832
10993.000000,55.125682
10994.000000,55.122532
10995.000000,55.119383
10996.000000,55.116234
10997.000000,55.113086
10998.000000,55.109937
10999.000000,55.106789
11000.000000,55.103641
11001.000000,55.100494
11002.000000,55.097346
11003.000000,55.094199
11004.000000,55.091053
11005.000000,55.087906
11006.000000,55.084760
11007.000000,55.081614
11008.000000,55.078469
11009.000000,55.075323
11010.000000,55.072178
11011.000000,55.069034
11012.000000,55.065889
11013.000000,55.062745
11014.000000,55.059601
11015.000000,55.056458
11016.000000,55.053315
11017.000000,55.050172
11018.000000,55.047029
11019.000000,55.043886
11020.000000,55.040744
11021.000000,55.037603
11022.000000,55.034461
11023.000000,55.031320
11024.000000,55.028179
11025.000000,55.025038
11026.000000,55.021898
11027.000000,55.018757
11028.000000,55.015618
11029.000000,55.012478
11030.000000,55.009339
11031.000000,55.006200
11032.000000,55.003061
11033.000000,54.999923
11034.000000,54.996784
11035.000000,54.993647
11036.000000,54.990509
11037.000000,54.987372
11038.000000,54.984235
11039.000000,54.981098
11040.000000,54.977962
11041.000000,54.974825
11042.000000,54.971690
11043.000000,54.968554
11044.000000,54.965419
11045.000000,54.962284
11046.000000,54.959149
11047.000000,54.956014
11048.000000,54.952880
11049.000000,54.949746
11050.000000,54.946613
11051.000000,54.943480
11052.000000,54.940347
11053.000000,54.937214
11054.000000,54.934081
11055.000000,54.930949
11056.000000,54.927817
11057.000000,54.924686
11058.000000,54.921554
11059.000000,54.918423
11060.000000,54.915292
11061.000000,54.912162
11062.000000,54.909032
11063.000000,54.905902
11064.000000,54.902772
11065.000000,54.899643
11066.000000,54.896514
11067.000000,54.893385
11068.000000,54.890257
11069.000000,54.887128
11070.000000,54.884000
11071.000000,54.880873
11072.000000,54.877745
11073.000000,54.874618
11074.000000,54.871491
11075.000000,54.868365
11076.000000,54.865239
11077.000000,54.862113
11078.000000,54.858987
11079.000000,54.855862
11080.000000,54.852737
11081.000000,54.849612
11082.000000,54.846487
11083.000000,54.843363
11084.000000,54.840239
11085.000000,54.837115
11086.000000,54.833992
11087.000000,54.830869
11088.000000,54.827746
11089.000000,54.824623
11090.000000,54.821501
11091.000000,54.818379
11092.000000,54.815257
11093.000000,54.812136
11094.000000,54.809015
11095.000000,54.805894
11096.000000,54.802773
11097.000000,54.799653
11098.000000,54.796533
11099.000000,54.793413
11100.000000,54.790293
11101.000000,54.787174
11102.000000,54.784055
11103.000000,54.780937
11104.000000,54.777818
11105.000000,54.774700
11106.000000,54.771582
11107.000000,54.768465
11108.000000,54.765348
11109.000000,54.762231
11110.000000,54.759114
11111.000000,54.755998
11112.000000,54.752882
11113.000000,54.749766
11114.000000,54.746650
11115.000000,54.743535
11116.000000,54.740420
11117.000000,54.737305
11118.000000,54.734191
11119.000000,54.731077
11120.000000,54.727963
11121.000000,54.724849
11122.000000,54.721736
11123.000000,54.718623
11124.000000,54.715510
11125.000000,54.712398
11126.000000,54.709285
11127.000000,54.706174
11128.000000,54.703062
11129.000000,54.699951
11130.000000,54.696839
11131.000000,54.693729
11132.000000,54.690618
11133.000000,54.687508
11134.000000,54.684398
11135.000000,54.681288
11136.000000,54.678179
11137.000000,54.675070
11138.000000,54.671961
11139.000000,54.668852
11140.000000,54.665744
11141.000000,54.662636
11142.000000,54.659528
11143.000000,54.656421
11144.000000,54.653314
11145.000000,54.650207
11146.000000,54.647100
11147.000000,54.643994
11148.000000,54.640888
11149.000000,54.637782
11150.000000,54.634677
11151.000000,54.631571
11152.000000,54.628467
11153.000000,54.625362
11154.000000,54.622257
11155.000000,54.619153
11156.000000,54.616050
11157.000000,54.612946
11158.000000,54.609843
11159.000000,54.606740
11160.000000,54.603637
11161.000000,54.600535
11162.000000,54.597432
11163.000000,54.594331
11164.000000,54.591229
11165.000000,54.588128
11166.000000,54.585027
11167.000000,54.581926
11168.000000,54.578825
11169.000000,54.575725
11170.000000,54.572625
11171.000000,54.569526
11172.000000,54.566426
11173.000000,54.563327
11174.000000,54.560228
11175.000000,54.557130
11176.000000,54.554032
11177.000000,54.550934
11178.000000,54.547836
11179.000000,54.544738
11180.000000,54.541641
11181.000000,54.538544
11182.000000,54.535448
11183.000000,54.532351
11184.000000,54.529255
11185.000000,54.526160
11186.000000,54.523064
11187.000000,54.519969
11188.000000,54.516874
11189.000000,54.513779
11190.000000,54.510685
11191.000000,54.507591
11192.000000,54.504497
11193.000000,54.501403
11194.000000,54.498310
11195.000000,54.495217
11196.000000,54.492124
11197.000000,54.489032
11198.000000,54.485940
11199.000000,54.482848
11200.000000,54.479756
11201.000000,54.476665
11202.000000,54.473574
11203.000000,54.470483
11204.000000,54.467392
11205.000000,54.464302
11206.000000,54.461212
11207.000000,54.458122
11208.000000,54.455033
11209.000000,54.451944
11210.000000,54.448855
11211.000000,54.445766
11212.000000,54.442678
11213.000000,54.439590
11214.000000,54.436502
11215.000000,54.433415
11216.000000,54.430328
11217.000000,54.427241
11218.000000,54.424154
11219.000000,54.421068
11220.000000,54.417981
11221.000000,54.414896
11222.000000,54.411810
11223.000000,54.408725
11224.000000,54.405640
11225.000000,54.402555
11226.000000,54.399471
11227.000000,54.396386
11228.000000,54.393302
11229.000000,54.390219
11230.000000,54.387135
11231.000000,54.384052
11232.000000,54.380970
11233.000000,54.377887
11234.000000,54.374805
11235.000000,54.371723
11236.000000,54.368641
11237.000000,54.365560
11238.000000,54.362478
11239.000000,54.359397
11240.000000,54.356317
11241.000000,54.353237
11242.000000,54.350156
11243.000000,54.347077
11244.000000,54.343997
11245.000000,54.340918
11246.000000,54.337839
11247.000000,54.334760
11248.000000,54.331682
11249.000000,54.328604
11250.000000,54.325526
11251.000000,54.322448
11252.000000,54.319371
11253.000000,54.316294
11254.000000,54.313217
11255.000000,54.310140
11256.000000,54.307064
11257.000000,54.303988
11258.000000,54.300912
11259.000000,54.297837
11260.000000,54.294762
11261.000000,54.291687
11262.000000,54.288612
11263.000000,54.285538
11264.000000,54.282464
11265.000000,54.279390
11266.000000,54.276317
11267.000000,54.273243
11268.000000,54.270170
11269.000000,54.267098
11270.000000,54.264025
11271.000000,54.260953
11272.000000,54.257881
11273.000000,54.254810
11274.000000,54.251738
11275.000000,54.248667
11276.000000,54.245597
11277.000000,54.242526
11278.000000,54.239456
11279.000000,54.236386
11280.000000,54.233316
11281.000000,54.230247
11282.000000,54.227178
11283.000000,54.224109
11284.000000,54.221040
11285.000000,54.217972
11286.000000,54.214904
11287.000000,54.211836
11288.000000,54.208768
11289.000000,54.205701
11290.000000,54.202634
11291.000000,54.199567
11292.000000,54.196501
11293.000000,54.193435
11294.000000,54.190369
11295.000000,54.187303
11296.000000,54.184238
11297.000000,54.181173
11298.000000,54.178108
11299.000000,54.175043
11300.000000,54.171979
11301.000000,54.168915
11302.000000,54.165851
11303.000000,54.162788
11304.000000,54.159725
11305.000000,54.156662
11306.000000,54.153599
11307.000000,54.150537
11308.000000,54.147475
11309.000000,54.144413
11310.000000,54.141351
11311.000000,54.138290
11312.000000,54.135229
11313.000000,54.132168
11314.000000,54.129108
11315.000000,54.126048
11316.000000,54.122988
11317.000000,54.119928
11318.000000,54.116869
11319.000000,54.113810
11320.000000,54.110751
11321.000000,54.107692
11322.000000,54.104634
11323.000000,54.101576
11324.000000,54.098518
11325.000000,54.095461
11326.000000,54.092403
11327.000000,54.089346
11328.000000,54.086290
11329.000000,54.083233
11330.000000,54.080177
11331.000000,54.077121
11332.000000,54.074066
11333.000000,54.071010
11334.000000,54.067955
11335.000000,54.064900
11336.000000,54.061846
11337.000000,54.058792
11338.000000,54.055738
11339.000000,54.052684
11340.000000,54.049630
11341.000000,54.046577
11342.000000,54.043524
11343.000000,54.040472
11344.000000,54.037419
11345.000000,54.034367
11346.000000,54.031315
11347.000000,54.028264
11348.000000,54.025212
11349.000000,54.022161
11350.000000,54.019111
11351.000000,54.016060
11352.000000,54.013010
11353.000000,54.009960
11354.000000,54.006910
11355.000000,54.003861
11356.000000,54.000812
11357.000000,53.997763
11358.000000,53.994714
11359.000000,53.991666
11360.000000,53.988618
11361.000000,53.985570
11362.000000,53.982522
11363.000000,53.979475
11364.000000,53.976428
11365.000000,53.973381
11366.000000,53.970335
11367.000000,53.967289
11368.000000,53.964243
11369.000000,53.961197
11370.000000,53.958152
11371.000000,53.955106
11372.000000,53.952062
11373.000000,53.949017
11374.000000,53.945973
11375.000000,53.942929
11376.000000,53.939885
11377.000000,53.936841
11378.000000,53.933798
11379.000000,53.930755
11380.000000,53.927712
11381.000000,53.924670
11382.000000,53.921628
11383.000000,53.918586
11384.000000,53.915544
11385.000000,53.912503
11386.000000,53.909462
11387.000000,53.906421
11388.000000,53.903380
11389.000000,53.900340
11390.000000,53.897300
11391.000000,53.894260
11392.000000,53.891220
11393.000000,53.888181
11394.000000,53.885142
11395.000000,53.882104
11396.000000,53.879065
11397.000000,53.876027
11398.000000,53.872989
11399.000000,53.869951
11400.000000,53.866914
11401.000000,53.863877
11402.000000,53.860840
11403.000000,53.857803
11404.000000,53.854767
11405.000000,53.851731
11406.000000,53.848695
11407.000000,53.845660
11408.000000,53.842624
11409.000000,53.839589
11410.000000,53.836555
11411.000000,53.833520
11412.000000,53.830486
11413.000000,53.827452
11414.000000,53.824418
11415.000000,53.821385
11416.000000,53.818352
11417.000000,53.815319
11418.000000,53.812287
11419.000000,53.809254
11420.000000,53.806222
11421.000000,53.803190
11422.000000,53.800159
11423.000000,53.797127
11424.000000,53.794096
11425.000000,53.791066
11426.000000,53.788035
11427.000000,53.785005
11428.000000,53.781975
11429.000000,53.778945
11430.000000,53.775916
11431.000000,53.772887
11432.000000,53.769858
11433.000000,53.766829
11434.000000,53.763801
11435.000000,53.760773
11436.000000,53.757745
11437.000000,53.754718
11438.000000,53.751690
11439.000000,53.748663
11440.000000,53.745636
11441.000000,53.742610
11442.000000,53.739584
11443.000000,53.736558
11444.000000,53.733532
11445.000000,53.730507
11446.000000,53.727481
11447.000000,53.724457
11448.000000,53.721432
11449.000000,53.718407
11450.000000,53.715383
11451.000000,53.712360
11452.000000,53.709336
11453.000000,53.706313
11454.000000,53.703290
11455.000000,53.700267
11456.000000,53.697244
11457.000000,53.694222
11458.000000,53.691200
11459.000000,53.688178
11460.000000,53.685157
11461.000000,53.682135
11462.000000,53.679114
11463.000000,53.676094
11464.000000,53.673073
11465.000000,53.670053
11466.000000,53.667033
11467.000000,53.664014
11468.000000,53.660994
11469.000000,53.657975
11470.000000,53.654956
11471.000000,53.651938
11472.000000,53.648919
11473.000000,53.645901
11474.000000,53.642884
11475.000000,53.639866
11476.000000,53.636849
11477.000000,53.633832
11478.000000,53.630815
11479.000000,53.627799
11480.000000,53.624782
11481.000000,53.621766
11482.000000,53.618751
11483.000000,53.615735
11484.000000,53.612720
11485.000000,53.609705
11486.000000,53.606691
11487.000000,53.603676
11488.000000,53.600662
11489.000000,53.597648
11490.000000,53.594635
11491.000000,53.591621
11492.000000,53.588608
11493.000000,53.585595
11494.000000,53.582583
11495.000000,53.579571
11496.000000,53.576559
11497.000000,53.573547
11498.000000,53.570535
11499.000000,53.567524
11500.000000,53.564513
11501.000000,53.561502
11502.000000,53.558492
11503.000000,53.555482
11504.000000,53.552472
11505.000000,53.549462
11506.000000,53.546453
11507.000000,53.543444
11508.000000,53.540435
11509.000000,53.537426
11510.000000,53.534418
11511.000000,53.531410
11512.000000,53.528402
11513.000000,53.525394
11514.000000,53.522387
11515.000000,53.519380
11516.000000,53.516373
11517.000000,53.513367
11518.000000,53.510360
11519.000000,53.507354
11520.000000,53.504349
11521.000000,53.501343
11522.000000,53.498338
11523.000000,53.495333
11524.000000,53.492328
11525.000000,53.489324
11526.000000,53.486320
11527.000000,53.483316
11528.000000,53.480312
11529.000000,53.477309
11530.000000,53.474305
11531.000000,53.471303
11532.000000,53.468300
11533.000000,53.465298
11534.000000,53.462295
11535.000000,53.459294
11536.000000,53.456292
11537.000000,53.453291
11538.000000,53.450290
11539.000000,53.447289
11540.000000,53.444288
11541.000000,53.441288
11542.000000,53.438288
11543.000000,53.435288
11544.000000,53.432289
11545.000000,53.429290
11546.000000,53.426291
11547.000000,53.423292
11548.000000,53.420293
11549.000000,53.417295
11550.000000,53.414297
11551.000000,53.411300
11552.000000,53.408302
11553.000000,53.405305
11554.000000,53.402308
11555.000000,53.399311
11556.000000,53.396315
11557.000000,53.393319
11558.000000,53.390323
11559.000000,53.387328
11560.000000,53.384332
11561.000000,53.381337
11562.000000,53.378342
11563.000000,53.375348
11564.000000,53.372353
11565.000000,53.369359
11566.000000,53.366366
11567.000000,53.363372
11568.000000,53.360379
11569.000000,53.357386
11570.000000,53.354393
11571.000000,53.351400
11572.000000,53.348408
11573.000000,53.345416
11574.000000,53.342425
11575.000000,53.339433
11576.000000,53.336442
11577.000000,53.333451
11578.000000,53.330460
11579.000000,53.327470
11580.000000,53.324480
11581.000000,53.321490
11582.000000,53.318500
11583.000000,53.315511
11584.000000,53.312522
11585.000000,53.309533
11586.000000,53.306544
11587.000000,53.303556
11588.000000,53.300568
11589.000000,53.297580
11590.000000,53.294592
11591.000000,53.291605
11592.000000,53.288618
11593.000000,53.285631
11594.000000,53.282644
11595.000000,53.279658
11596.000000,53.276672
11597.000000,53.273686
11598.000000,53.270701
11599.000000,53.267715
11600.000000,53.264730
11601.000000,53.261746
11602.000000,53.258761
11603.000000,53.255777
11604.000000,53.252793
11605.000000,53.249809
11606.000000,53.246826
11607.000000,53.243842
11608.000000,53.240860
11609.000000,53.237877
11610.000000,53.234894
11611.000000,53.231912
11612.000000,53.228930
11613.000000,53.225949
11614.000000,53.222967
11615.000000,53.219986
11616.000000,53.217005
11617.000000,53.214024
11618.000000,53.211044
11619.000000,53.208064
11620.000000,53.205084
11621.000000,53.202104
11622.000000,53.199125
11623.000000,53.196146
11624.000000,53.193167
11625.000000,53.190189
11626.000000,53.187210
11627.000000,53.184232
11628.000000,53.181254
11629.000000,53.178277
11630.000000,53.175299
11631.000000,53.172322
11632.000000,53.169346
11633.000000,53.166369
11634.000000,53.163393
11635.000000,53.160417
11636.000000,53.157441
11637.000000,53.154465
11638.000000,53.151490
11639.000000,53.148515
11640.000000,53.145540
11641.000000,53.142566
11642.000000,53.139592
11643.000000,53.136618
11644.000000,53.133644
11645.000000,53.130670
11646.000000,53.127697
11647.000000,53.124724
11648.000000,53.121751
11649.000000,53.118779
11650.000000,53.115807
11651.000000,53.112835
11652.000000,53.109863
11653.000000,53.106892
11654.000000,53.103921
11655.000000,53.100950
11656.000000,53.097979
11657.000000,53.095009
11658.000000,53.092038
11659.000000,53.089068
11660.000000,53.086099
11661.000000,53.083129
11662.000000,53.080160
11663.000000,53.077191
11664.000000,53.074223
11665.000000,53.071254
11666.000000,53.068286
11667.000000,53.065318
11668.000000,53.062351
11669.000000,53.059383
11670.000000,53.056416
11671.000000,53.053449
11672.000000,53.050483
11673.000000,53.047516
11674.000000,53.044550
11675.000000,53.041585
11676.000000,53.038619
11677.000000,53.035654
11678.000000,53.032689
11679.000000,53.029724
11680.000000,53.026759
11681.000000,53.023795
11682.000000,53.020831
11683.000000,53.017867
11684.000000,53.014903
11685.000000,53.011940
11686.000000,53.008977
11687.000000,53.006014
11688.000000,53.003052
11689.000000,53.000089
11690.000000,52.997127
11691.000000,52.994166
11692.000000,52.991204
11693.000000,52.988243
11694.000000,52.985282
11695.000000,52.982321
11696.000000,52.979361
11697.000000,52.976400
11698.000000,52.973440
11699.000000,52.970481
11700.000000,52.967521
11701.000000,52.964562
11702.000000,52.961603
11703.000000,52.958644
11704.000000,52.955686
11705.000000,52.952727
11706.000000,52.949769
11707.000000,52.946812
11708.000000,52.943854
11709.000000,52.940897
11710.000000,52.937940
11711.000000,52.934983
11712.000000,52.932027
11713.000000,52.929070
11714.000000,52.926115
11715.000000,52.923159
11716.000000,52.920203
11717.000000,52.917248
11718.000000,52.914293
11719.000000,52.911338
11720.000000,52.908384
11721.000000,52.905430
11722.000000,52.902476
11723.000000,52.899522
11724.000000,52.896569
11725.000000,52.893616
11726.000000,52.890663
11727.000000,52.887710
11728.000000,52.884758
11729.000000,52.881805
11730.000000,52.878853
11731.000000,52.875902
11732.000000,52.872950
11733.000000,52.869999
11734.000000,52.867048
11735.000000,52.864098
11736.000000,52.861147
11737.000000,52.858197
11738.000000,52.855247
11739.000000,52.852297
11740.000000,52.849348
11741.000000,52.846399
11742.000000,52.843450
11743.000000,52.840501
11744.000000,52.837553
11745.000000,52.834605
11746.000000,52.831657
11747.000000,52.828709
11748.000000,52.825762
11749.000000,52.822814
11750.000000,52.819868
11751.000000,52.816921
11752.000000,52.813974
11753.000000,52.811028
11754.000000,52.808082
11755.000000,52.805137
11756.000000,52.802191
11757.000000,52.799246
11758.000000,52.796301
11759.000000,52.793357
11760.000000,52.790412
11761.000000,52.787468
11762.000000,52.784524
11763.000000,52.781581
11764.000000,52.778637
11765.000000,52.775694
11766.000000,52.772751
11767.000000,52.769808
11768.000000,52.766866
11769.000000,52.763924
11770.000000,52.760982
11771.000000,52.758040
11772.000000,52.755099
11773.000000,52.752158
11774.000000,52.749217
11775.000000,52.746276
11776.000000,52.743336
11777.000000,52.740396
11778.000000,52.737456
11779.000000,52.734516
11780.000000,52.731577
11781.000000,52.728638
11782.000000,52.725699
11783.000000,52.722760
11784.000000,52.719822
11785.000000,52.716884
11786.000000,52.713946
11787.000000,52.711008
11788.000000,52.708071
11789.000000,52.705133
11790.000000,52.702196
11791.000000,52.699260
11792.000000,52.696323
11793.000000,52.693387
11794.000000,52.690451
11795.000000,52.687516
11796.000000,52.684580
11797.000000,52.681645
11798.000000,52.678710
11799.000000,52.675776
11800.000000,52.672841
11801.000000,52.669907
11802.000000,52.666973
11803.000000,52.664039
11804.000000,52.661106
11805.000000,52.658173
11806.000000,52.655240
11807.000000,52.652307
11808.000000,52.649375
11809.000000,52.646443
11810.000000,52.643511
11811.000000,52.640579
11812.000000,52.637647
11813.000000,52.634716
11814.000000,52.631785
11815.000000,52.628855
11816.000000,52.625924
11817.000000,52.622994
11818.000000,52.620064
11819.000000,52.617134
11820.000000,52.614205
11821.000000,52.611276
11822.000000,52.608347
11823.000000,52.605418
11824.000000,52.602490
11825.000000,52.599561
11826.000000,52.596633
11827.000000,52.593706
11828.000000,52.590778
11829.000000,52.587851
11830.000000,52.584924
11831.000000,52.581997
11832.000000,52.579071
11833.000000,52.576145
11834.000000,52.573219
11835.000000,52.570293
11836.000000,52.567367
11837.000000,52.564442
11838.000000,52.561517
11839.000000,52.558592
11840.000000,52.555668
11841.000000,52.552744
11842.000000,52.549820
11843.000000,52.546896
11844.000000,52.543972
11845.000000,52.541049
11846.000000,52.538126
11847.000000,52.535203
11848.000000,52.532281
11849.000000,52.529358
11850.000000,52.526436
11851.000000,52.523515
11852.000000,52.520593
11853.000000,52.517672
11854.000000,52.514751
11855.000000,52.511830
11856.000000,52.508909
11857.000000,52.505989
11858.000000,52.503069
11859.000000,52.500149
11860.000000,52.497229
11861.000000,52.494310
11862.000000,52.491391
11863.000000,52.488472
11864.000000,52.485554
11865.000000,52.482635
11866.000000,52.479717
11867.000000,52.476799
11868.000000,52.473882
11869.000000,52.470964
11870.000000,52.468047
11871.000000,52.465130
11872.000000,52.462214
11873.000000,52.459297
11874.000000,52.456381
11875.000000,52.453465
11876.000000,52.450550
11877.000000,52.447634
11878.000000,52.444719
11879.000000,52.441804
11880.000000,52.438890
11881.000000,52.435975
11882.000000,52.433061
11883.000000,52.430147
11884.000000,52.427233
11885.000000,52.424320
11886.000000,52.421407
11887.000000,52.418494
11888.000000,52.415581
11889.000000,52.412669
11890.000000,52.409757
11891.000000,52.406845
11892.000000,52.403933
11893.000000,52.401021
11894.000000,52.398110
11895.000000,52.395199
11896.000000,52.392288
11897.000000,52.389378
11898.000000,52.386468
11899.000000,52.383558
11900.000000,52.380648
11901.000000,52.377738
11902.000000,52.374829
11903.000000,52.371920
11904.000000,52.369011
11905.000000,52.366103
11906.000000,52.363195
11907.000000,52.360286
11908.000000,52.357379
11909.000000,52.354471
11910.000000,52.351564
11911.000000,52.348657
11912.000000,52.345750
11913.000000,52.342843
11914.000000,52.339937
11915.000000,52.337031
11916.000000,52.334125
11917.000000,52.331219
11918.000000,52.328314
11919.000000,52.325409
11920.000000,52.322504
11921.000000,52.319599
11922.000000,52.316695
11923.000000,52.313791
11924.000000,52.310887
11925.000000,52.307983
11926.000000,52.305080
11927.000000,52.302177
11928.000000,52.299274
11929.000000,52.296371
11930.000000,52.293469
11931.000000,52.290566
11932.000000,52.287665
11933.000000,52.284763
11934.000000,52.281861
11935.000000,52.278960
11936.000000,52.276059
11937.000000,52.273158
11938.000000,52.270258
11939.000000,52.267358
11940.000000,52.264458
11941.000000,52.261558
11942.000000,52.258658
11943.000000,52.255759
11944.000000,52.252860
11945.000000,52.249961
11946.000000,52.247063
11947.000000,52.244164
11948.000000,52.241266
11949.000000,52.238368
11950.000000,52.235471
11951.000000,52.232574
11952.000000,52.229676
11953.000000,52.226780
11954.000000,52.223883
11955.000000,52.220987
11956.000000,52.218090
11957.000000,52.215195
11958.000000,52.212299
11959.000000,52.209404
11960.000000,52.206508
11961.000000,52.203613
11962.000000,52.200719
11963.000000,52.197824
11964.000000,52.194930
11965.000000,52.192036
11966.000000,52.189142
11967.000000,52.186249
11968.000000,52.183356
11969.000000,52.180463
11970.000000,52.177570
11971.000000,52.174678
11972.000000,52.171785
11973.000000,52.168893
11974.000000,52.166002
11975.000000,52.163110
11976.000000,52.160219
11977.000000,52.157328
11978.000000,52.154437
11979.000000,52.151546
11980.000000,52.148656
11981.000000,52.145766
11982.000000,52.142876
11983.000000,52.139986
11984.000000,52.137097
11985.000000,52.134208
11986.000000,52.131319
11987.000000,52.128430
11988.000000,52.125542
11989.000000,52.122654
11990.000000,52.119766
11991.000000,52.116878
11992.000000,52.113991
11993.000000,52.111104
11994.000000,52.108217
11995.000000,52.105330
11996.000000,52.102443
11997.000000,52.099557
11998.000000,52.096671
11999.000000,52.093785
12000.000000,52.090900
12001.000000,52.088015
12002.000000,52.085130
12003.000000,52.082245
12004.000000,52.079360
12005.000000,52.076476
12006.000000,52.073592
12007.000000,52.070708
12008.000000,52.067825
12009.000000,52.064941
12010.000000,52.062058
12011.000000,52.059175
12012.000000,52.056293
12013.000000,52.053410
12014.000000,52.050528
12015.000000,52.047646
12016.000000,52.044764
12017.000000,52.041883
12018.000000,52.039002
12019.000000,52.036121
12020.000000,52.033240
12021.000000,52.030360
12022.000000,52.027480
12023.000000,52.024600
12024.000000,52.021720
12025.000000,52.018840
12026.000000,52.015961
12027.000000,52.013082
12028.000000,52.010203
12029.000000,52.007325
12030.000000,52.004446
12031.000000,52.001568
12032.000000,51.998690
12033.000000,51.995813
12034.000000,51.992935
12035.000000,51.990058
12036.000000,51.987181
12037.000000,51.984305
12038.000000,51.981428
12039.000000,51.978552
12040.000000,51.975676
12041.000000,51.972801
12042.000000,51.969925
12043.000000,51.967050
12044.000000,51.964175
12045.000000,51.961300
12046.000000,51.958426
12047.000000,51.955552
12048.000000,51.952678
12049.000000,51.949804
12050.000000,51.946930
12051.000000,51.944057
12052.000000,51.941184
12053.000000,51.938311
12054.000000,51.935438
12055.000000,51.932566
12056.000000,51.929694
12057.000000,51.926822
12058.000000,51.923950
12059.000000,51.921079
12060.000000,51.918208
12061.000000,51.915337
12062.000000,51.912466
12063.000000,51.909596
12064.000000,51.906726
12065.000000,51.903856
12066.000000,51.900986
12067.000000,51.898117
12068.000000,51.895247
12069.000000,51.892378
12070.000000,51.889509
12071.000000,51.886641
12072.000000,51.883773
12073.000000,51.880905
12074.000000,51.878037
12075.000000,51.875169
12076.000000,51.872302
12077.000000,51.869435
12078.000000,51.866568
12079.000000,51.863701
12080.000000,51.860835
12081.000000,51.857969
12082.000000,51.855103
12083.000000,51.852237
12084.000000,51.849372
12085.000000,51.846506
12086.000000,51.843641
12087.000000,51.840777
12088.000000,51.837912
12089.000000,51.835048
12090.000000,51.832184
12091.000000,51.829320
12092.000000,51.826457
12093.000000,51.823593
12094.000000,51.820730
12095.000000,51.817867
12096.000000,51.815005
12097.000000,51.812142
12098.000000,51.809280
12099.000000,51.806418
12100.000000,51.803557
12101.000000,51.800695
12102.000000,51.797834
12103.000000,51.794973
12104.000000,51.792112
12105.000000,51.789252
12106.000000,51.786392
12107.000000,51.783532
12108.000000,51.780672
12109.000000,51.777812
12110.000000,51.774953
12111.000000,51.772094
12112.000000,51.769235
12113.000000,51.766376
12114.000000,51.763518
12115.000000,51.760660
12116.000000,51.757802
12117.000000,51.754944
12118.000000,51.752087
12119.000000,51.749230
12120.000000,51.746373
12121.000000,51.743516
12122.000000,51.740660
12123.000000,51.737804
12124.000000,51.734948
12125.000000,51.732092
12126.000000,51.729236
12127.000000,51.726381
12128.000000,51.723526
12129.000000,51.720671
12130.000000,51.717817
12131.000000,51.714962
12132.000000,51.712108
12133.000000,51.709254
12134.000000,51.706401
12135.000000,51.703547
12136.000000,51.700694
12137.000000,51.697841
12138.000000,51.694988
12139.000000,51.692136
12140.000000,51.689284
12141.000000,51.686432
12142.000000,51.683580
12143.000000,51.680728
12144.000000,51.677877
12145.000000,51.675026
12146.000000,51.672175
12147.000000,51.669325
12148.000000,51.666474
12149.000000,51.663624
12150.000000,51.660774
12151.000000,51.657925
12152.000000,51.655075
12153.000000,51.652226
12154.000000,51.649377
12155.000000,51.646528
12156.000000,51.643680
12157.000000,51.640832
12158.000000,51.637984
12159.000000,51.635136
12160.000000,51.632288
12161.000000,51.629441
12162.000000,51.626594
12163.000000,51.623747
12164.000000,51.620900
12165.000000,51.618054
12166.000000,51.615208
12167.000000,51.612362
12168.000000,51.609516
12169.000000,51.606671
12170.000000,51.603826
12171.000000,51.600981
12172.000000,51.598136
12173.000000,51.595291
12174.000000,51.592447
12175.000000,51.589603
12176.000000,51.586759
12177.000000,51.583916
12178.000000,51.581072
12179.000000,51.578229
12180.000000,51.575387
12181.000000,51.572544
12182.000000,51.569701
12183.000000,51.566859
12184.000000,51.564017
12185.000000,51.561176
12186.000000,51.558334
12187.000000,51.555493
12188.000000,51.552652
12189.000000,51.549811
12190.000000,51.546971
12191.000000,51.544130
12192.000000,51.541290
12193.000000,51.538450
12194.000000,51.535611
12195.000000,51.532772
12196.000000,51.529932
12197.000000,51.527093
12198.000000,51.524255
12199.000000,51.521416
12200.000000,51.518578
12201.000000,51.515740
12202.000000,51.512902
12203.000000,51.510065
12204.000000,51.507228
12205.000000,51.504391
12206.000000,51.501554
12207.000000,51.498717
12208.000000,51.495881
12209.000000,51.493045
12210.000000,51.490209
12211.000000,51.487373
12212.000000,51.484538
12213.000000,51.481703
12214.000000,51.478868
12215.000000,51.476033
12216.000000,51.473199
12217.000000,51.470364
12218.000000,51.467530
12219.000000,51.464696
12220.000000,51.461863
12221.000000,51.459030
12222.000000,51.456196
12223.000000,51.453364
12224.000000,51.450531
12225.000000,51.447699
12226.000000,51.444866
12227.000000,51.442034
12228.000000,51.439203
12229.000000,51.436371
12230.000000,51.433540
12231.000000,51.430709
12232.000000,51.427878
12233.000000,51.425048
12234.000000,51.422217
12235.000000,51.419387
12236.000000,51.416557
12237.000000,51.413728
12238.000000,51.410898
12239.000000,51.408069
12240.000000,51.405240
12241.000000,51.402412
12242.000000,51.399583
12243.000000,51.396755
12244.000000,51.393927
12245.000000,51.391099
12246.000000,51.388272
12247.000000,51.385444
12248.000000,51.382617
12249.000000,51.379790
12250.000000,51.376964
12251.000000,51.374137
12252.000000,51.371311
12253.000000,51.368485
12254.000000,51.365660
12255.000000,51.362834
12256.000000,51.360009
12257.000000,51.357184
12258.000000,51.354359
12259.000000,51.351535
12260.000000,51.348710
12261.000000,51.345886
12262.000000,51.343062
12263.000000,51.340239
12264.000000,51.337415
12265.000000,51.334592
12266.000000,51.331769
12267.000000,51.328946
12268.000000,51.326124
12269.000000,51.323302
12270.000000,51.320480
12271.000000,51.317658
12272.000000,51.314836
12273.000000,51.312015
12274.000000,51.309194
12275.000000,51.306373
12276.000000,51.303553
12277.000000,51.300732
12278.000000,51.297912
12279.000000,51.295092
12280.000000,51.292272
12281.000000,51.289453
12282.000000,51.286634
12283.000000,51.283815
12284.000000,51.280996
12285.000000,51.278177
12286.000000,51.275359
12287.000000,51.272541
12288.000000,51.269723
12289.000000,51.266905
12290.000000,51.264088
12291.000000,51.261271
12292.000000,51.258454
12293.000000,51.255637
12294.000000,51.252820
12295.000000,51.250004
12296.000000,51.247188
12297.000000,51.244372
12298.000000,51.241557
12299.000000,51.238741
12300.000000,51.235926
12301.000000,51.233111
12302.000000,51.230297
12303.000000,51.227482
12304.000000,51.224668
12305.000000,51.221854
12306.000000,51.219040
12307.000000,51.216227
12308.000000,51.213413
12309.000000,51.210600
12310.000000,51.207787
12311.000000,51.204975
12312.000000,51.202162
12313.000000,51.199350
12314.000000,51.196538
12315.000000,51.193727
12316.000000,51.190915
12317.000000,51.188104
12318.000000,51.185293
12319.000000,51.182482
12320.000000,51.179672
12321.000000,51.176861
12322.000000,51.174051
12323.000000,51.171241
12324.000000,51.168432
12325.000000,51.165622
12326.000000,51.162813
12327.000000,51.160004
12328.000000,51.157195
12329.000000,51.154387
12330.000000,51.151579
12331.000000,51.148770
12332.000000,51.145963
12333.000000,51.143155
12334.000000,51.140348
12335.000000,51.137541
12336.000000,51.134734
12337.000000,51.131927
12338.000000,51.129120
12339.000000,51.126314
12340.000000,51.123508
12341.000000,51.120702
12342.000000,51.117897
12343.000000,51.115092
12344.000000,51.112287
12345.000000,51.109482
12346.000000,51.106677
12347.000000,51.103873
12348.000000,51.101068
12349.000000,51.098264
12350.000000,51.095461
12351.000000,51.092657
12352.000000,51.089854
12353.000000,51.087051
12354.000000,51.084248
12355.000000,51.081445
12356.000000,51.078643
12357.000000,51.075841
12358.000000,51.073039
12359.000000,51.070237
12360.000000,51.067436
12361.000000,51.064635
12362.000000,51.061834
12363.000000,51.059033
12364.000000,51.056232
12365.000000,51.053432
12366.000000,51.050632
12367.000000,51.047832
12368.000000,51.045032
12369.000000,51.042233
12370.000000,51.039434
12371.000000,51.036635
12372.000000,51.033836
12373.000000,51.031037
12374.000000,51.028239
12375.000000,51.025441
12376.000000,51.022643
12377.000000,51.019846
12378.000000,51.017048
12379.000000,51.014251
12380.000000,51.011454
12381.000000,51.008657
12382.000000,51.005861
12383.000000,51.003065
12384.000000,51.000269
12385.000000,50.997473
12386.000000,50.994677
12387.000000,50.991882
12388.000000,50.989087
12389.000000,50.986292
12390.000000,50.983497
12391.000000,50.980703
12392.000000,50.977909
12393.000000,50.975115
12394.000000,50.972321
12395.000000,50.969527
12396.000000,50.966734
12397.000000,50.963941
12398.000000,50.961148
12399.000000,50.958355
12400.000000,50.955563
12401.000000,50.952771
12402.000000,50.949979
12403.000000,50.947187
12404.000000,50.944395
12405.000000,50.941604
12406.000000,50.938813
12407.000000,50.936022
12408.000000,50.933232
12409.000000,50.930441
12410.000000,50.927651
12411.000000,50.924861
12412.000000,50.922071
12413.000000,50.919282
12414.000000,50.916492
12415.000000,50.913703
12416.000000,50.910915
12417.000000,50.908126
12418.000000,50.905338
12419.000000,50.902549
12420.000000,50.899762
12421.000000,50.896974
12422.000000,50.894186
12423.000000,50.891399
12424.000000,50.888612
12425.000000,50.885825
12426.000000,50.883039
12427.000000,50.880252
12428.000000,50.877466
12429.000000,50.874680
12430.000000,50.871895
12431.000000,50.869109
12432.000000,50.866324
12433.000000,50.863539
12434.000000,50.860754
12435.000000,50.857970
12436.000000,50.855185
12437.000000,50.852401
12438.000000,50.849617
12439.000000,50.846834
12440.000000,50.844050
12441.000000,50.841267
12442.000000,50.838484
12443.000000,50.835701
12444.000000,50.832919
12445.000000,50.830136
12446.000000,50.827354
12447.000000,50.824572
12448.000000,50.821791
12449.000000,50.819009
12450.000000,50.816228
12451.000000,50.813447
12452.000000,50.810666
12453.000000,50.807886
12454.000000,50.805105
12455.000000,50.802325
12456.000000,50.799545
12457.000000,50.796766
12458.000000,50.793986
12459.000000,50.791207
12460.000000,50.788428
12461.000000,50.785649
12462.000000,50.782871
12463.000000,50.780092
12464.000000,50.777314
12465.000000,50.774537
12466.000000,50.771759
12467.000000,50.768981
12468.000000,50.766204
12469.000000,50.763427
12470.000000,50.760651
12471.000000,50.757874
12472.000000,50.755098
12473.000000,50.752322
12474.000000,50.749546
12475.000000,50.746770
12476.000000,50.743995
12477.000000,50.741220
12478.000000,50.738445
12479.000000,50.735670
12480.000000,50.732895
12481.000000,50.730121
12482.000000,50.727347
12483.000000,50.724573
12484.000000,50.721799
12485.000000,50.719026
12486.000000,50.716253
12487.000000,50.713480
12488.000000,50.710707
12489.000000,50.707935
12490.000000,50.705162
12491.000000,50.702390
12492.000000,50.699618
12493.000000,50.696847
12494.000000,50.694075
12495.000000,50.691304
12496.000000,50.688533
12497.000000,50.685762
12498.000000,50.682992
12499.000000,50.680222
12500.000000,50.677451
12501.000000,50.674682
12502.000000,50.671912
12503.000000,50.669143
12504.000000,50.666373
12505.000000,50.663604
12506.000000,50.660836
12507.000000,50.658067
12508.000000,50.655299
12509.000000,50.652531
12510.000000,50.649763
12511.000000,50.646995
12512.000000,50.644228
12513.000000,50.641460
12514.000000,50.638694
12515.000000,50.635927
12516.000000,50.633160
12517.000000,50.630394
12518.000000,50.627628
12519.000000,50.624862
12520.000000,50.622096
12521.000000,50.619331
12522.000000,50.616566
12523.000000,50.613801
12524.000000,50.611036
12525.000000,50.608271
12526.000000,50.605507
12527.000000,50.602743
12528.000000,50.599979
12529.000000,50.597215
12530.000000,50.594452
12531.000000,50.591689
12532.000000,50.588926
12533.000000,50.586163
12534.000000,50.583400
12535.000000,50.580638
12536.000000,50.577876
12537.000000,50.575114
12538.000000,50.572352
12539.000000,50.569591
12540.000000,50.566829
12541.000000,50.564068
12542.000000,50.561308
12543.000000,50.558547
12544.000000,50.555787
12545.000000,50.553026
12546.000000,50.550266
12547.000000,50.547507
12548.000000,50.544747
12549.000000,50.541988
12550.000000,50.539229
12551.000000,50.536470
12552.000000,50.533712
12553.000000,50.530953
12554.000000,50.528195
12555.000000,50.525437
12556.000000,50.522679
12557.000000,50.519922
12558.000000,50.517165
12559.000000,50.514407
12560.000000,50.511651
12561.000000,50.508894
12562.000000,50.506138
12563.000000,50.503381
12564.000000,50.500625
12565.000000,50.497870
12566.000000,50.495114
12567.000000,50.492359
12568.000000,50.489604
12569.000000,50.486849
12570.000000,50.484094
12571.000000,50.481340
12572.000000,50.478585
12573.000000,50.475831
12574.000000,50.473078
12575.000000,50.470324
12576.000000,50.467571
12577.000000,50.464818
12578.000000,50.462065
12579.000000,50.459312
12580.000000,50.456560
12581.000000,50.453807
12582.000000,50.451055
12583.000000,50.448303
12584.000000,50.445552
12585.000000,50.442801
12586.000000,50.440049
12587.000000,50.437298
12588.000000,50.434548
12589.000000,50.431797
12590.000000,50.429047
12591.000000,50.426297
12592.000000,50.423547
12593.000000,50.420797
12594.000000,50.418048
12595.000000,50.415299
12596.000000,50.412550
12597.000000,50.409801
12598.000000,50.407053
12599.000000,50.404304
12600.000000,50.401556
12601.000000,50.398808
12602.000000,50.396061
12603.000000,50.393313
12604.000000,50.390566
12605.000000,50.387819
12606.000000,50.385072
12607.000000,50.382326
12608.000000,50.379579
12609.000000,50.376833
12610.000000,50.374087
12611.000000,50.371341
12612.000000,50.368596
12613.000000,50.365851
12614.000000,50.363106
12615.000000,50.360361
12616.000000,50.357616
12617.000000,50.354872
12618.000000,50.352128
12619.000000,50.349384
12620.000000,50.346640
12621.000000,50.343896
12622.000000,50.341153
12623.000000,50.338410
12624.000000,50.335667
12625.000000,50.332924
12626.000000,50.330182
12627.000000,50.327440
12628.000000,50.324698
12629.000000,50.321956
12630.000000,50.319214
12631.000000,50.316473
12632.000000,50.313732
12633.000000,50.310991
12634.000000,50.308250
12635.000000,50.305510
12636.000000,50.302770
12637.000000,50.300029
12638.000000,50.297290
12639.000000,50.294550
12640.000000,50.291811
12641.000000,50.289071
12642.000000,50.286332
12643.000000,50.283594
12644.000000,50.280855
12645.000000,50.278117
12646.000000,50.275379
12647.000000,50.272641
12648.000000,50.269903
12649.000000,50.267166
12650.000000,50.264428
12651.000000,50.261691
12652.000000,50.258955
12653.000000,50.256218
12654.000000,50.253482
12655.000000,50.250746
12656.000000,50.248010
12657.000000,50.245274
12658.000000,50.242538
12659.000000,50.239803
12660.000000,50.237068
12661.000000,50.234333
12662.000000,50.231599
12663.000000,50.228864
12664.000000,50.226130
12665.000000,50.223396
12666.000000,50.220662
12667.000000,50.217929
12668.000000,50.215195
12669.000000,50.212462
12670.000000,50.209729
12671.000000,50.206996
12672.000000,50.204264
12673.000000,50.201532
12674.000000,50.198800
12675.000000,50.196068
12676.000000,50.193336
12677.000000,50.190605
12678.000000,50.187874
12679.000000,50.185143
12680.000000,50.182412
12681.000000,50.179681
12682.000000,50.176951
12683.000000,50.174221
12684.000000,50.171491
12685.000000,50.168761
12686.000000,50.166032
12687.000000,50.163303
12688.000000,50.160573
12689.000000,50.157845
12690.000000,50.155116
12691.000000,50.152388
12692.000000,50.149659
12693.000000,50.146932
12694.000000,50.144204
12695.000000,50.141476
12696.000000,50.138749
12697.000000,50.136022
12698.000000,50.133295
12699.000000,50.130568
12700.000000,50.127842
12701.000000,50.125116
12702.000000,50.122390
12703.000000,50.119664
12704.000000,50.116938
12705.000000,50.114213
12706.000000,50.111488
12707.000000,50.108763
12708.000000,50.106038
12709.000000,50.103313
12710.000000,50.100589
12711.000000,50.097865
12712.000000,50.095141
12713.000000,50.092417
12714.000000,50.089694
12715.000000,50.086971
12716.000000,50.084248
12717.000000,50.081525
12718.000000,50.078802
12719.000000,50.076080
12720.000000,50.073358
12721.000000,50.070636
12722.000000,50.067914
12723.000000,50.065192
12724.000000,50.062471
12725.000000,50.059750
12726.000000,50.057029
12727.000000,50.054308
12728.000000,50.051588
12729.000000,50.048868
12730.000000,50.046148
12731.000000,50.043428
12732.000000,50.040708
12733.000000,50.037989
12734.000000,50.035270
12735.000000,50.032551
12736.000000,50.029832
12737.000000,50.027113
12738.000000,50.024395
12739.000000,50.021677
12740.000000,50.018959
12741.000000,50.016241
12742.000000,50.013524
12743.000000,50.010807
12744.000000,50.008090
12745.000000,50.005373
12746.000000,50.002656
12747.000000,49.999940
12748.000000,49.997224
12749.000000,49.994508
12750.000000,49.991792
12751.000000,49.989076
12752.000000,49.986361
12753.000000,49.983646
12754.000000,49.980931
12755.000000,49.978216
12756.000000,49.975502
12757.000000,49.972787
12758.000000,49.970073
12759.000000,49.967359
12760.000000,49.964646
12761.000000,49.961932
12762.000000,49.959219
12763.000000,49.956506
12764.000000,49.953793
12765.000000,49.951081
12766.000000,49.948368
12767.000000,49.945656
12768.000000,49.942944
12769.000000,49.940233
12770.000000,49.937521
12771.000000,49.934810
12772.000000,49.932099
12773.000000,49.929388
12774.000000,49.926677
12775.000000,49.923967
12776.000000,49.921256
12777.000000,49.918546
12778.000000,49.915837
12779.000000,49.913127
12780.000000,49.910418
12781.000000,49.907708
12782.000000,49.905000
12783.000000,49.902291
12784.000000,49.899582
12785.000000,49.896874
12786.000000,49.894166
12787.000000,49.891458
12788.000000,49.888750
12789.000000,49.886043
12790.000000,49.883335
12791.000000,49.880628
12792.000000,49.877921
12793.000000,49.875215
12794.000000,49.872508
12795.000000,49.869802
12796.000000,49.867096
12797.000000,49.864390
12798.000000,49.861685
12799.000000,49.858979
12800.000000,49.856274
12801.000000,49.853569
12802.000000,49.850865
12803.000000,49.848160
12804.000000,49.845456
12805.000000,49.842752
12806.000000,49.840048
12807.000000,49.837344
12808.000000,49.834641
12809.000000,49.831937
12810.000000,49.829234
12811.000000,49.826531
12812.000000,49.823829
12813.000000,49.821126
12814.000000,49.818424
12815.000000,49.815722
12816.000000,49.813020
12817.000000,49.810319
12818.000000,49.807618
12819.000000,49.804916
12820.000000,49.802215
12821.000000,49.799515
12822.000000,49.796814
12823.000000,49.794114
12824.000000,49.791414
12825.000000,49.788714
12826.000000,49.786014
12827.000000,49.783315
12828.000000,49.780616
12829.000000,49.777916
12830.000000,49.775218
12831.000000,49.772519
12832.000000,49.769821
12833.000000,49.767122
12834.000000,49.764424
12835.000000,49.761727
12836.000000,49.759029
12837.000000,49.756332
12838.000000,49.753635
12839.000000,49.750938
12840.000000,49.748241
12841.000000,49.745544
12842.000000,49.742848
12843.000000,49.740152
12844.000000,49.737456
12845.000000,49.734760
12846.000000,49.732065
12847.000000,49.729370
12848.000000,49.726675
12849.000000,49.723980
12850.000000,49.721285
12851.000000,49.718591
12852.000000,49.715896
12853.000000,49.713202
12854.000000,49.710509
12855.000000,49.707815
12856.000000,49.705122
12857.000000,49.702429
12858.000000,49.699736
12859.000000,49.697043
12860.000000,49.694350
12861.000000,49.691658
12862.000000,49.688966
12863.000000,49.686274
12864.000000,49.683582
12865.000000,49.680891
12866.000000,49.678199
12867.000000,49.675508
12868.000000,49.672818
12869.000000,49.670127
12870.000000,49.667436
12871.000000,49.664746
12872.000000,49.662056
12873.000000,49.659366
12874.000000,49.656677
12875.000000,49.653987
12876.000000,49.651298
12877.000000,49.648609
12878.000000,49.645920
12879.000000,49.643232
12880.000000,49.640543
12881.000000,49.637855
12882.000000,49.635167
12883.000000,49.632480
12884.000000,49.629792
12885.000000,49.627105
12886.000000,49.624418
12887.000000,49.621731
12888.000000,49.619044
12889.000000,49.616358
12890.000000,49.613671
12891.000000,49.610985
12892.000000,49.608299
12893.000000,49.605614
12894.000000,49.602928
12895.000000,49.600243
12896.000000,49.597558
12897.000000,49.594873
12898.000000,49.592189
12899.000000,49.589504
12900.000000,49.586820
12901.000000,49.584136
12902.000000,49.581452
12903.000000,49.578769
12904.000000,49.576085
12905.000000,49.573402
12906.000000,49.570719
12907.000000,49.568037
12908.000000,49.565354
12909.000000,49.562672
12910.000000,49.559990
12911.000000,49.557308
12912.000000,49.554626
12913.000000,49.551945
12914.000000,49.549263
12915.000000,49.546582
12916.000000,49.543901
12917.000000,49.541221
12918.000000,49.538540
12919.000000,49.535860
12920.000000,49.533180
12921.000000,49.530500
12922.000000,49.527821
12923.000000,49.525141
12924.000000,49.522462
12925.000000,49.519783
12926.000000,49.517104
12927.000000,49.514426
12928.000000,49.511747
12929.000000,49.509069
12930.000000,49.506391
12931.000000,49.503713
12932.000000,49.501036
12933.000000,49.498358
12934.000000,49.495681
12935.000000,49.493004
12936.000000,49.490328
12937.000000,49.487651
12938.000000,49.484975
12939.000000,49.482299
12940.000000,49.479623
12941.000000,49.476947
12942.000000,49.474272
12943.000000,49.471596
12944.000000,49.468921
12945.000000,49.466247
12946.000000,49.463572
12947.000000,49.460897
12948.000000,49.458223
12949.000000,49.455549
12950.000000,49.452875
12951.000000,49.450202
12952.000000,49.447528
12953.000000,49.444855
12954.000000,49.442182
12955.000000,49.439509
12956.000000,49.436837
12957.000000,49.434164
12958.000000,49.431492
12959.000000,49.428820
12960.000000,49.426148
12961.000000,49.423477
12962.000000,49.420806
12963.000000,49.418134
12964.000000,49.415464
12965.000000,49.412793
12966.000000,49.410122
12967.000000,49.407452
12968.000000,49.404782
12969.000000,49.402112
12970.000000,49.399442
12971.000000,49.396773
12972.000000,49.394103
12973.000000,49.391434
12974.000000,49.388765
12975.000000,49.386097
12976.000000,49.383428
12977.000000,49.380760
12978.000000,49.378092
12979.000000,49.375424
12980.000000,49.372757
12981.000000,49.370089
12982.000000,49.367422
12983.000000,49.364755
12984.000000,49.362088
12985.000000,49.359421
12986.000000,49.356755
12987.000000,49.354089
12988.000000,49.351423
12989.000000,49.348757
12990.000000,49.346091
12991.000000,49.343426
12992.000000,49.340761
12993.000000,49.338096
12994.000000,49.335431
12995.000000,49.332767
12996.000000,49.330102
12997.000000,49.327438
12998.000000,49.324774
12999.000000,49.322110
13000.000000,49.319447
13001.000000,49.316783
13002.000000,49.314120
13003.000000,49.311457
13004.000000,49.308795
13005.000000,49.306132
13006.000000,49.303470
13007.000000,49.300808
13008.000000,49.298146
13009.000000,49.295484
13010.000000,49.292823
13011.000000,49.290161
13012.000000,49.287500
13013.000000,49.284839
13014.000000,49.282179
13015.000000,49.279518
13016.000000,49.276858
13017.000000,49.274198
13018.000000,49.271538
13019.000000,49.268878
13020.000000,49.266219
13021.000000,49.263560
13022.000000,49.260901
13023.000000,49.258242
13024.000000,49.255583
13025.000000,49.252925
13026.000000,49.250267
13027.000000,49.247609
13028.000000,49.244951
13029.000000,49.242293
13030.000000,49.239636
13031.000000,49.236979
13032.000000,49.234322
13033.000000,49.231665
13034.000000,49.229008
13035.000000,49.226352
13036.000000,49.223696
13037.000000,49.221040
13038.000000,49.218384
13039.000000,49.215728
13040.000000,49.213073
13041.000000,49.210418
13042.000000,49.207763
13043.000000,49.205108
13044.000000,49.202453
13045.000000,49.199799
13046.000000,49.197145
13047.000000,49.194491
13048.000000,49.191837
13049.000000,49.189184
13050.000000,49.186530
13051.000000,49.183877
13052.000000,49.181224
13053.000000,49.178572
13054.000000,49.175919
13055.000000,49.173267
13056.000000,49.170615
13057.000000,49.167963
13058.000000,49.165311
13059.000000,49.162659
13060.000000,49.160008
13061.000000,49.157357
13062.000000,49.154706
13063.000000,49.152056
13064.000000,49.149405
13065.000000,49.146755
13066.000000,49.144105
13067.000000,49.141455
13068.000000,49.138805
13069.000000,49.136156
13070.000000,49.133506
13071.000000,49.130857
13072.000000,49.128208
13073.000000,49.125560
13074.000000,49.122911
13075.000000,49.120263
13076.000000,49.117615
13077.000000,49.114967
13078.000000,49.112319
13079.000000,49.109672
13080.000000,49.107025
13081.000000,49.104378
13082.000000,49.101731
13083.000000,49.099084
13084.000000,49.096438
13085.000000,49.093792
13086.000000,49.091146
13087.000000,49.088500
13088.000000,49.085854
13089.000000,49.083209
13090.000000,49.080563
13091.000000,49.077918
13092.000000,49.075274
13093.000000,49.072629
13094.000000,49.069985
13095.000000,49.067340
13096.000000,49.064696
13097.000000,49.062052
13098.000000,49.059409
13099.000000,49.056765
13100.000000,49.054122
13101.000000,49.051479
13102.000000,49.048836
13103.000000,49.046194
13104.000000,49.043551
13105.000000,49.040909
13106.000000,49.038267
13107.000000,49.035625
13108.000000,49.032984
13109.000000,49.030342
13110.000000,49.027701
13111.000000,49.025060
13112.000000,49.022419
13113.000000,49.019779
13114.000000,49.017139
13115.000000,49.014498
13116.000000,49.011858
13117.000000,49.009219
13118.000000,49.006579
13119.000000,49.003940
13120.000000,49.001300
13121.000000,48.998661
13122.000000,48.996023
13123.000000,48.993384
13124.000000,48.990746
13125.000000,48.988108
13126.000000,48.985470
13127.000000,48.982832
13128.000000,48.980194
13129.000000,48.977557
13130.000000,48.974920
13131.000000,48.972283
13132.000000,48.969646
13133.000000,48.967009
13134.000000,48.964373
13135.000000,48.961737
13136.000000,48.959101
13137.000000,48.956465
13138.000000,48.953830
13139.000000,48.951194
13140.000000,48.948559
13141.000000,48.945924
13142.000000,48.943289
13143.000000,48.940655
13144.000000,48.938020
13145.000000,48.935386
13146.000000,48.932752
13147.000000,48.930119
13148.000000,48.927485
13149.000000,48.924852
13150.000000,48.922219
13151.000000,48.919586
13152.000000,48.916953
13153.000000,48.914320
13154.000000,48.911688
13155.000000,48.909056
13156.000000,48.906424
13157.000000,48.903792
13158.000000,48.901160
13159.000000,48.898529
13160.000000,48.895898
13161.000000,48.893267
13162.000000,48.890636
13163.000000,48.888006
13164.000000,48.885375
13165.000000,48.882745
13166.000000,48.880115
13167.000000,48.877485
13168.000000,48.874856
13169.000000,48.872227
13170.000000,48.869597
13171.000000,48.866968
13172.000000,48.864340
13173.000000,48.861711
13174.000000,48.859083
13175.000000,48.856455
13176.000000,48.853827
13177.000000,48.851199
13178.000000,48.848571
13179.000000,48.845944
13180.000000,48.843317
13181.000000,48.840690
13182.000000,48.838063
13183.000000,48.835437
13184.000000,48.832810
13185.000000,48.830184
13186.000000,48.827558
13187.000000,48.824932
13188.000000,48.822307
13189.000000,48.819681
13190.000000,48.817056
13191.000000,48.814431
13192.000000,48.811806
13193.000000,48.809182
13194.000000,48.806557
13195.000000,48.803933
13196.000000,48.801309
13197.000000,48.798686
13198.000000,48.796062
13199.000000,48.793439
13200.000000,48.790815
13201.000000,48.788192
13202.000000,48.785570
13203.000000,48.782947
13204.000000,48.780325
13205.000000,48.777702
13206.000000,48.775080
13207.000000,48.772459
13208.000000,48.769837
13209.000000,48.767216
13210.000000,48.764595
13211.000000,48.761974
13212.000000,48.759353
13213.000000,48.756732
13214.000000,48.754112
13215.000000,48.751492
13216.000000,48.748872
13217.000000,48.746252
13218.000000,48.743632
13219.000000,48.741013
13220.000000,48.738393
13221.000000,48.735774
13222.000000,48.733156
13223.000000,48.730537
13224.000000,48.727919
13225.000000,48.725300
13226.000000,48.722682
13227.000000,48.720065
13228.000000,48.717447
13229.000000,48.714829
13230.000000,48.712212
13231.000000,48.709595
13232.000000,48.706978
13233.000000,48.704362
13234.000000,48.701745
13235.000000,48.699129
13236.000000,48.696513
13237.000000,48.693897
13238.000000,48.691282
13239.000000,48.688666
13240.000000,48.686051
13241.000000,48.683436
13242.000000,48.680821
13243.000000,48.678206
13244.000000,48.675592
13245.000000,48.672977
13246.000000,48.670363
13247.000000,48.667750
13248.000000,48.665136
13249.000000,48.662522
13250.000000,48.659909
13251.000000,48.657296
13252.000000,48.654683
13253.000000,48.652070
13254.000000,48.649458
13255.000000,48.646846
13256.000000,48.644234
13257.000000,48.641622
13258.000000,48.639010
13259.000000,48.636398
13260.000000,48.633787
13261.000000,48.631176
13262.000000,48.628565
13263.000000,48.625954
13264.000000,48.623344
13265.000000,48.620734
13266.000000,48.618123
13267.000000,48.615513
13268.000000,48.612904
13269.000000,48.610294
13270.000000,48.607685
13271.000000,48.605076
13272.000000,48.602467
13273.000000,48.599858
13274.000000,48.597249
13275.000000,48.594641
13276.000000,48.592033
13277.000000,48.589425
13278.000000,48.586817
13279.000000,48.584210
13280.000000,48.581602
13281.000000,48.578995
13282.000000,48.576388
13283.000000,48.573781
13284.000000,48.571175
13285.000000,48.568568
13286.000000,48.565962
13287.000000,48.563356
13288.000000,48.560750
13289.000000,48.558145
13290.000000,48.555539
13291.000000,48.552934
13292.000000,48.550329
13293.000000,48.547724
13294.000000,48.545120
13295.000000,48.542515
13296.000000,48.539911
13297.000000,48.537307
13298.000000,48.534703
13299.000000,48.532099
13300.000000,48.529496
13301.000000,48.526893
13302.000000,48.524289
13303.000000,48.521687
13304.000000,48.519084
13305.000000,48.516481
13306.000000,48.513879
13307.000000,48.511277
13308.000000,48.508675
13309.000000,48.506074
13310.000000,48.503472
13311.000000,48.500871
13312.000000,48.498270
13313.000000,48.495669
13314.000000,48.493068
13315.000000,48.490467
13316.000000,48.487867
13317.000000,48.485267
13318.000000,48.482667
13319.000000,48.480067
13320.000000,48.477468
13321.000000,48.474868
13322.000000,48.472269
13323.000000,48.469670
13324.000000,48.467072
13325.000000,48.464473
13326.000000,48.461875
13327.000000,48.459276
13328.000000,48.456678
13329.000000,48.454081
13330.000000,48.451483
13331.000000,48.448886
13332.000000,48.446288
13333.000000,48.443691
13334.000000,48.441095
13335.000000,48.438498
13336.000000,48.435901
13337.000000,48.433305
13338.000000,48.430709
13339.000000,48.428113
13340.000000,48.425518
13341.000000,48.422922
13342.000000,48.420327
13343.000000,48.417732
13344.000000,48.415137
13345.000000,48.412542
13346.000000,48.409948
13347.000000,48.407354
13348.000000,48.404760
13349.000000,48.402166
13350.000000,48.399572
13351.000000,48.396978
13352.000000,48.394385
13353.000000,48.391792
13354.000000,48.389199
13355.000000,48.386606
13356.000000,48.384014
13357.000000,48.381421
13358.000000,48.378829
13359.000000,48.376237
13360.000000,48.373646
13361.000000,48.371054
13362.000000,48.368463
13363.000000,48.365871
13364.000000,48.363280
13365.000000,48.360690
13366.000000,48.358099
13367.000000,48.355509
13368.000000,48.352918
13369.000000,48.350328
13370.000000,48.347739
13371.000000,48.345149
13372.000000,48.342559
13373.000000,48.339970
13374.000000,48.337381
13375.000000,48.334792
13376.000000,48.332204
13377.000000,48.329615
13378.000000,48.327027
13379.000000,48.324439
13380.000000,48.321851
13381.000000,48.319263
13382.000000,48.316676
13383.000000,48.314088
13384.000000,48.311501
13385.000000,48.308914
13386.000000,48.306328
13387.000000,48.303741
13388.000000,48.301155
13389.000000,48.298569
13390.000000,48.295983
13391.000000,48.293397
13392.000000,48.290811
13393.000000,48.288226
13394.000000,48.285641
13395.000000,48.283056
13396.000000,48.280471
13397.000000,48.277886
13398.000000,48.275302
13399.000000,48.272718
13400.000000,48.270134
13401.000000,48.267550
13402.000000,48.264966
13403.000000,48.262383
13404.000000,48.259800
13405.000000,48.257216
13406.000000,48.254634
13407.000000,48.252051
13408.000000,48.249468
13409.000000,48.246886
13410.000000,48.244304
13411.000000,48.241722
13412.000000,48.239140
13413.000000,48.236559
13414.000000,48.233978
13415.000000,48.231396
13416.000000,48.228815
13417.000000,48.226235
13418.000000,48.223654
13419.000000,48.221074
13420.000000,48.218494
13421.000000,48.215914
13422.000000,48.213334
13423.000000,48.210754
13424.000000,48.208175
13425.000000,48.205596
13426.000000,48.203017
13427.000000,48.200438
13428.000000,48.197859
13429.000000,48.195281
13430.000000,48.192702
13431.000000,48.190124
13432.000000,48.187546
13433.000000,48.184969
13434.000000,48.182391
13435.000000,48.179814
13436.000000,48.177237
13437.000000,48.174660
13438.000000,48.172083
13439.000000,48.169507
13440.000000,48.166930
13441.000000,48.164354
13442.000000,48.161778
13443.000000,48.159203
13444.000000,48.156627
13445.000000,48.154052
13446.000000,48.151476
13447.000000,48.148901
13448.000000,48.146327
13449.000000,48.143752
13450.000000,48.141178
13451.000000,48.138603
13452.000000,48.136029
13453.000000,48.133455
13454.000000,48.130882
13455.000000,48.128308
13456.000000,48.125735
13457.000000,48.123162
13458.000000,48.120589
13459.000000,48.118016
13460.000000,48.115444
13461.000000,48.112872
13462.000000,48.110299
13463.000000,48.107728
13464.000000,48.105156
13465.000000,48.102584
13466.000000,48.100013
13467.000000,48.097442
13468.000000,48.094871
13469.000000,48.092300
13470.000000,48.089729
13471.000000,48.087159
13472.000000,48.084589
13473.000000,48.082019
13474.000000,48.079449
13475.000000,48.076879
13476.000000,48.074310
13477.000000,48.071740
13478.000000,48.069171
13479.000000,48.066602
13480.000000,48.064034
13481.000000,48.061465
13482.000000,48.058897
13483.000000,48.056329
13484.000000,48.053761
13485.000000,48.051193
13486.000000,48.048626
13487.000000,48.046058
13488.000000,48.043491
13489.000000,48.040924
13490.000000,48.038357
13491.000000,48.035791
13492.000000,48.033224
13493.000000,48.030658
13494.000000,48.028092
13495.000000,48.025526
13496.000000,48.022961
13497.000000,48.020395
13498.000000,48.017830
13499.000000,48.015265
13500.000000,48.012700
13501.000000,48.010135
13502.000000,48.007571
13503.000000,48.005006
13504.000000,48.002442
13505.000000,47.999878
13506.000000,47.997315
13507.000000,47.994751
13508.000000,47.992188
13509.000000,47.989625
13510.000000,47.987062
13511.000000,47.984499
13512.000000,47.981936
13513.000000,47.979374
13514.000000,47.976811
13515.000000,47.974249
13516.000000,47.971688
13517.000000,47.969126
13518.000000,47.966564
13519.000000,47.964003
13520.000000,47.961442
13521.000000,47.958881
13522.000000,47.956320
13523.000000,47.953760
13524.000000,47.951200
13525.000000,47.948639
13526.000000,47.946080
13527.000000,47.943520
13528.000000,47.940960
13529.000000,47.938401
13530.000000,47.935842
13531.000000,47.933283
13532.000000,47.930724
13533.000000,47.928165
13534.000000,47.925607
13535.000000,47.923048
13536.000000,47.920490
13537.000000,47.917932
13538.000000,47.915375
13539.000000,47.912817
13540.000000,47.910260
13541.000000,47.907703
13542.000000,47.905146
13543.000000,47.902589
13544.000000,47.900033
13545.000000,47.897476
13546.000000,47.894920
13547.000000,47.892364
13548.000000,47.889808
13549.000000,47.887253
13550.000000,47.884697
13551.000000,47.882142
13552.000000,47.879587
13553.000000,47.877032
13554.000000,47.874477
13555.000000,47.871923
13556.000000,47.869369
13557.000000,47.866815
13558.000000,47.864261
13559.000000,47.861707
13560.000000,47.859153
13561.000000,47.856600
13562.000000,47.854047
13563.000000,47.851494
13564.000000,47.848941
13565.000000,47.846389
13566.000000,47.843836
13567.000000,47.841284
13568.000000,47.838732
13569.000000,47.836180
13570.000000,47.833628
13571.000000,47.831077
13572.000000,47.828526
13573.000000,47.825975
13574.000000,47.823424
13575.000000,47.820873
13576.000000,47.818322
13577.000000,47.815772
13578.000000,47.813222
13579.000000,47.810672
13580.000000,47.808122
13581.000000,47.805573
13582.000000,47.803023
13583.000000,47.800474
13584.000000,47.797925
13585.000000,47.795376
13586.000000,47.792827
13587.000000,47.790279
13588.000000,47.787731
13589.000000,47.785183
13590.000000,47.782635
13591.000000,47.780087
13592.000000,47.777540
13593.000000,47.774992
13594.000000,47.772445
13595.000000,47.769898
13596.000000,47.767351
13597.000000,47.764805
13598.000000,47.762258
13599.000000,47.759712
13600.000000,47.757166
13601.000000,47.754620
13602.000000,47.752075
13603.000000,47.749529
13604.000000,47.746984
13605.000000,47.744439
13606.000000,47.741894
13607.000000,47.739349
13608.000000,47.736805
13609.000000,47.734260
13610.000000,47.731716
13611.000000,47.729172
13612.000000,47.726628
13613.000000,47.724085
13614.000000,47.721541
13615.000000,47.718998
13616.000000,47.716455
13617.000000,47.713912
13618.000000,47.711370
13619.000000,47.708827
13620.000000,47.706285
13621.000000,47.703743
13622.000000,47.701201
13623.000000,47.698659
13624.000000,47.696118
13625.000000,47.693576
13626.000000,47.691035
13627.000000,47.688494
13628.000000,47.685953
13629.000000,47.683413
13630.000000,47.680872
13631.000000,47.678332
13632.000000,47.675792
13633.000000,47.673252
13634.000000,47.670712
13635.000000,47.668173
13636.000000,47.665634
13637.000000,47.663094
13638.000000,47.660556
13639.000000,47.658017
13640.000000,47.655478
13641.000000,47.652940
13642.000000,47.650402
13643.000000,47.647864
13644.000000,47.645326
13645.000000,47.642788
13646.000000,47.640251
13647.000000,47.637714
13648.000000,47.635176
13649.000000,47.632640
13650.000000,47.630103
13651.000000,47.627566
13652.000000,47.625030
13653.000000,47.622494
13654.000000,47.619958
13655.000000,47.617422
13656.000000,47.614887
13657.000000,47.612351
13658.000000,47.609816
13659.000000,47.607281
13660.000000,47.604746
13661.000000,47.602211
13662.000000,47.599677
13663.000000,47.597143
13664.000000,47.594609
13665.000000,47.592075
13666.000000,47.589541
13667.000000,47.587007
13668.000000,47.584474
13669.000000,47.581941
13670.000000,47.579408
13671.000000,47.576875
13672.000000,47.574342
13673.000000,47.571810
13674.000000,47.569278
13675.000000,47.566746
13676.000000,47.564214
13677.000000,47.561682
13678.000000,47.559151
13679.000000,47.556619
13680.000000,47.554088
13681.000000,47.551557
13682.000000,47.549026
13683.000000,47.546496
13684.000000,47.543966
13685.000000,47.541435
13686.000000,47.538905
13687.000000,47.536375
13688.000000,47.533846
13689.000000,47.531316
13690.000000,47.528787
13691.000000,47.526258
13692.000000,47.523729
13693.000000,47.521200
13694.000000,47.518672
13695.000000,47.516143
13696.000000,47.513615
13697.000000,47.511087
13698.000000,47.508559
13699.000000,47.506032
13700.000000,47.503504
13701.000000,47.500977
13702.000000,47.498450
13703.000000,47.495923
13704.000000,47.493396
13705.000000,47.490870
13706.000000,47.488344
13707.000000,47.485817
13708.000000,47.483291
13709.000000,47.480766
13710.000000,47.478240
13711.000000,47.475715
13712.000000,47.473189
13713.000000,47.470664
13714.000000,47.468139
13715.000000,47.465615
13716.000000,47.463090
13717.000000,47.460566
13718.000000,47.458042
13719.000000,47.455518
13720.000000,47.452994
13721.000000,47.450471
13722.000000,47.447947
13723.000000,47.445424
13724.000000,47.442901
13725.000000,47.440378
13726.000000,47.437855
13727.000000,47.435333
13728.000000,47.432811
13729.000000,47.430289
13730.000000,47.427767
13731.000000,47.425245
13732.000000,47.422723
13733.000000,47.420202
13734.000000,47.417681
13735.000000,47.415160
13736.000000,47.412639
13737.000000,47.410118
13738.000000,47.407598
13739.000000,47.405078
13740.000000,47.402558
13741.000000,47.400038
13742.000000,47.397518
13743.000000,47.394998
13744.000000,47.392479
13745.000000,47.389960
13746.000000,47.387441
13747.000000,47.384922
13748.000000,47.382404
13749.000000,47.379885
13750.000000,47.377367
13751.000000,47.374849
13752.000000,47.372331
13753.000000,47.369813
13754.000000,47.367296
13755.000000,47.364778
13756.000000,47.362261
13757.000000,47.359744
13758.000000,47.357227
13759.000000,47.354711
13760.000000,47.352194
13761.000000,47.349678
13762.000000,47.347162
13763.000000,47.344646
13764.000000,47.342131
13765.000000,47.339615
13766.000000,47.337100
13767.000000,47.334585
13768.000000,47.332070
13769.000000,47.329555
13770.000000,47.327040
13771.000000,47.324526
13772.000000,47.322012
13773.000000,47.319498
13774.000000,47.316984
13775.000000,47.314470
13776.000000,47.311957
13777.000000,47.309443
13778.000000,47.306930
13779.000000,47.304417
13780.000000,47.301904
13781.000000,47.299392
13782.000000,47.296879
13783.000000,47.294367
13784.000000,47.291855
13785.000000,47.289343
13786.000000,47.286832
13787.000000,47.284320
13788.000000,47.281809
13789.000000,47.279298
13790.000000,47.276787
13791.000000,47.274276
13792.000000,47.271765
13793.000000,47.269255
13794.000000,47.266745
13795.000000,47.264235
13796.000000,47.261725
13797.000000,47.259215
13798.000000,47.256706
13799.000000,47.254196
13800.000000,47.251687
13801.000000,47.249178
13802.000000,47.246670
13803.000000,47.244161
13804.000000,47.241653
13805.000000,47.239144
13806.000000,47.236636
13807.000000,47.234129
13808.000000,47.231621
13809.000000,47.229113
13810.000000,47.226606
13811.000000,47.224099
13812.000000,47.221592
13813.000000,47.219085
13814.000000,47.216579
13815.000000,47.214072
13816.000000,47.211566
13817.000000,47.209060
13818.000000,47.206554
13819.000000,47.204048
13820.000000,47.201543
13821.000000,47.199038
13822.000000,47.196533
13823.000000,47.194028
13824.000000,47.191523
13825.000000,47.189018
13826.000000,47.186514
13827.000000,47.184010
13828.000000,47.181506
13829.000000,47.179002
13830.000000,47.176498
13831.000000,47.173994
13832.000000,47.171491
13833.000000,47.168988
13834.000000,47.166485
13835.000000,47.163982
13836.000000,47.161480
13837.000000,47.158977
13838.000000,47.156475
13839.000000,47.153973
13840.000000,47.151471
13841.000000,47.148969
13842.000000,47.146468
13843.000000,47.143967
13844.000000,47.141465
13845.000000,47.138964
13846.000000,47.136464
13847.000000,47.133963
13848.000000,47.131463
13849.000000,47.128962
13850.000000,47.126462
13851.000000,47.123962
13852.000000,47.121463
13853.000000,47.118963
13854.000000,47.116464
13855.000000,47.113965
13856.000000,47.111466
13857.000000,47.108967
13858.000000,47.106468
13859.000000,47.103970
13860.000000,47.101472
13861.000000,47.098973
13862.000000,47.096476
13863.000000,47.093978
13864.000000,47.091480
13865.000000,47.088983
13866.000000,47.086486
13867.000000,47.083989
13868.000000,47.081492
13869.000000,47.078995
13870.000000,47.076499
13871.000000,47.074003
13872.000000,47.071506
13873.000000,47.069011
13874.000000,47.066515
13875.000000,47.064019
13876.000000,47.061524
13877.000000,47.059029
13878.000000,47.056534
13879.000000,47.054039
13880.000000,47.051544
13881.000000,47.049050
13882.000000,47.046555
13883.000000,47.044061
13884.000000,47.041567
13885.000000,47.039073
13886.000000,47.036580
13887.000000,47.034086
13888.000000,47.031593
13889.000000,47.029100
13890.000000,47.026607
13891.000000,47.024115
13892.000000,47.021622
13893.000000,47.019130
13894.000000,47.016638
13895.000000,47.014146
13896.000000,47.011654
13897.000000,47.009162
13898.000000,47.006671
13899.000000,47.004180
13900.000000,47.001689
13901.000000,46.999198
13902.000000,46.996707
13903.000000,46.994216
13904.000000,46.991726
13905.000000,46.989236
13906.000000,46.986746
13907.000000,46.984256
13908.000000,46.981766
13909.000000,46.979277
13910.000000,46.976788
13911.000000,46.974299
13912.000000,46.971810
13913.000000,46.969321
13914.000000,46.966832
13915.000000,46.964344
13916.000000,46.961856
13917.000000,46.959368
13918.000000,46.956880
13919.000000,46.954392
13920.000000,46.951905
13921.000000,46.949417
13922.000000,46.946930
13923.000000,46.944443
13924.000000,46.941956
13925.000000,46.939470
13926.000000,46.936983
13927.000000,46.934497
13928.000000,46.932011
13929.000000,46.929525
13930.000000,46.927040
13931.000000,46.924554
13932.000000,46.922069
13933.000000,46.919583
13934.000000,46.917098
13935.000000,46.914614
13936.000000,46.912129
13937.000000,46.909645
13938.000000,46.907160
13939.000000,46.904676
13940.000000,46.902192
13941.000000,46.899709
13942.000000,46.897225
13943.000000,46.894742
13944.000000,46.892258
13945.000000,46.889775
13946.000000,46.887292
13947.000000,46.884810
13948.000000,46.882327
13949.000000,46.879845
13950.000000,46.877363
13951.000000,46.874881
13952.000000,46.872399
13953.000000,46.869917
13954.000000,46.867436
13955.000000,46.864955
13956.000000,46.862474
13957.000000,46.859993
13958.000000,46.857512
13959.000000,46.855031
13960.000000,46.852551
13961.000000,46.850071
13962.000000,46.847591
13963.000000,46.845111
13964.000000,46.842631
13965.000000,46.840152
13966.000000,46.837673
13967.000000,46.835194
13968.000000,46.832715
13969.000000,46.830236
13970.000000,46.827757
13971.000000,46.825279
13972.000000,46.822801
13973.000000,46.820323
13974.000000,46.817845
13975.000000,46.815367
13976.000000,46.812889
13977.000000,46.810412
13978.000000,46.807935
13979.000000,46.805458
13980.000000,46.802981
13981.000000,46.800504
13982.000000,46.798028
13983.000000,46.795552
13984.000000,46.793076
13985.000000,46.790600
13986.000000,46.788124
13987.000000,46.785648
13988.000000,46.783173
13989.000000,46.780698
13990.000000,46.778223
13991.000000,46.775748
13992.000000,46.773273
13993.000000,46.770799
13994.000000,46.768324
13995.000000,46.765850
13996.000000,46.763376
13997.000000,46.760902
13998.000000,46.758429
13999.000000,46.755955
14000.000000,46.753482
14001.000000,46.751009
14002.000000,46.748536
14003.000000,46.746063
14004.000000,46.743591
14005.000000,46.741118
14006.000000,46.738646
14007.000000,46.736174
14008.000000,46.733702
14009.000000,46.731230
14010.000000,46.728759
14011.000000,46.726287
14012.000000,46.723816
14013.000000,46.721345
14014.000000,46.718874
14015.000000,46.716404
14016.000000,46.713933
14017.000000,46.711463
14018.000000,46.708993
14019.000000,46.706523
14020.000000,46.704053
14021.000000,46.701584
14022.000000,46.699114
14023.000000,46.696645
14024.000000,46.694176
14025.000000,46.691707
14026.000000,46.689239
14027.000000,46.686770
14028.000000,46.684302
14029.000000,46.681833
14030.000000,46.679366
14031.000000,46.676898
14032.000000,46.674430
14033.000000,46.671963
14034.000000,46.669495
14035.000000,46.667028
14036.000000,46.664561
14037.000000,46.662094
14038.000000,46.659628
14039.000000,46.657162
14040.000000,46.654695
14041.000000,46.652229
14042.000000,46.649763
14043.000000,46.647298
14044.000000,46.644832
14045.000000,46.642367
14046.000000,46.639902
14047.000000,46.637437
14048.000000,46.634972
14049.000000,46.632507
14050.000000,46.630043
14051.000000,46.627578
14052.000000,46.625114
14053.000000,46.622650
14054.000000,46.620186
14055.000000,46.617723
14056.000000,46.615259
14057.000000,46.612796
14058.000000,46.610333
14059.000000,46.607870
14060.000000,46.605407
14061.000000,46.602945
14062.000000,46.600483
14063.000000,46.598020
14064.000000,46.595558
14065.000000,46.593096
14066.000000,46.590635
14067.000000,46.588173
14068.000000,46.585712
14069.000000,46.583251
14070.000000,46.580790
14071.000000,46.578329
14072.000000,46.575868
14073.000000,46.573408
14074.000000,46.570948
14075.000000,46.568488
14076.000000,46.566028
14077.000000,46.563568
14078.000000,46.561108
14079.000000,46.558649
14080.000000,46.556190
14081.000000,46.553731
14082.000000,46.551272
14083.000000,46.548813
14084.000000,46.546355
14085.000000,46.543896
14086.000000,46.541438
14087.000000,46.538980
14088.000000,46.536522
14089.000000,46.534065
14090.000000,46.531607
14091.000000,46.529150
14092.000000,46.526693
14093.000000,46.524236
14094.000000,46.521779
14095.000000,46.519322
14096.000000,46.516866
14097.000000,46.514410
14098.000000,46.511953
14099.000000,46.509498
14100.000000,46.507042
14101.000000,46.504586
14102.000000,46.502131
14103.000000,46.499676
14104.000000,46.497221
14105.000000,46.494766
14106.000000,46.492311
14107.000000,46.489857
14108.000000,46.487402
14109.000000,46.484948
14110.000000,46.482494
14111.000000,46.480040
14112.000000,46.477587
14113.000000,46.475133
14114.000000,46.472680
14115.000000,46.470227
14116.000000,46.467774
14117.000000,46.465321
14118.000000,46.462868
14119.000000,46.460416
14120.000000,46.457964
14121.000000,46.455512
14122.000000,46.453060
14123.000000,46.450608
14124.000000,46.448156
14125.000000,46.445705
14126.000000,46.443254
14127.000000,46.440803
14128.000000,46.438352
14129.000000,46.435901
14130.000000,46.433451
14131.000000,46.431000
14132.000000,46.428550
14133.000000,46.426100
14134.000000,46.423650
14135.000000,46.421201
14136.000000,46.418751
14137.000000,46.416302
14138.000000,46.413853
14139.000000,46.411404
14140.000000,46.408955
14141.000000,46.406506
14142.000000,46.404058
14143.000000,46.401610
14144.000000,46.399161
14145.000000,46.396713
14146.000000,46.394266
14147.000000,46.391818
14148.000000,46.389371
14149.000000,46.386924
14150.000000,46.384476
14151.000000,46.382030
14152.000000,46.379583
14153.000000,46.377136
14154.000000,46.374690
14155.000000,46.372244
14156.000000,46.369798
14157.000000,46.367352
14158.000000,46.364906
14159.000000,46.362461
14160.000000,46.360015
14161.000000,46.357570
14162.000000,46.355125
14163.000000,46.352680
14164.000000,46.350236
14165.000000,46.347791
14166.000000,46.345347
14167.000000,46.342903
14168.000000,46.340459
14169.000000,46.338015
14170.000000,46.335572
14171.000000,46.333128
14172.000000,46.330685
14173.000000,46.328242
14174.000000,46.325799
14175.000000,46.323356
14176.000000,46.320914
14177.000000,46.318471
14178.000000,46.316029
14179.000000,46.313587
14180.000000,46.311145
14181.000000,46.308703
14182.000000,46.306262
14183.000000,46.303820
14184.000000,46.301379
14185.000000,46.298938
14186.000000,46.296497
14187.000000,46.294057
14188.000000,46.291616
14189.000000,46.289176
14190.000000,46.286736
14191.000000,46.284296
14192.000000,46.281856
14193.000000,46.279416
14194.000000,46.276977
14195.000000,46.274537
14196.000000,46.272098
14197.000000,46.269659
14198.000000,46.267220
14199.000000,46.264782
14200.000000,46.262343
14201.000000,46.259905
14202.000000,46.257467
14203.000000,46.255029
14204.000000,46.252591
14205.000000,46.250154
14206.000000,46.247716
14207.000000,46.245279
14208.000000,46.242842
14209.000000,46.240405
14210.000000,46.237968
14211.000000,46.235532
14212.000000,46.233095
14213.000000,46.230659
14214.000000,46.228223
14215.000000,46.225787
14216.000000,46.223352
14217.000000,46.220916
14218.000000,46.218481
14219.000000,46.216046
14220.000000,46.213611
14221.000000,46.211176
14222.000000,46.208741
14223.000000,46.206307
14224.000000,46.203872
14225.000000,46.201438
14226.000000,46.199004
14227.000000,46.196570
14228.000000,46.194137
14229.000000,46.191703
14230.000000,46.189270
14231.000000,46.186837
14232.000000,46.184404
14233.000000,46.181971
14234.000000,46.179538
14235.000000,46.177106
14236.000000,46.174674
14237.000000,46.172242
14238.000000,46.169810
14239.000000,46.167378
14240.000000,46.164946
14241.000000,46.162515
14242.000000,46.160084
14243.000000,46.157652
14244.000000,46.155222
14245.000000,46.152791
14246.000000,46.150360
14247.000000,46.147930
14248.000000,46.145500
14249.000000,46.143070
14250.000000,46.140640
14251.000000,46.138210
14252.000000,46.135780
14253.000000,46.133351
14254.000000,46.130922
14255.000000,46.128493
14256.000000,46.126064
14257.000000,46.123635
14258.000000,46.121207
14259.000000,46.118778
14260.000000,46.116350
14261.000000,46.113922
14262.000000,46.111494
14263.000000,46.109067
14264.000000,46.106639
14265.000000,46.104212
14266.000000,46.101785
14267.000000,46.099358
14268.000000,46.096931
14269.000000,46.094504
14270.000000,46.092078
14271.000000,46.089651
14272.000000,46.087225
14273.000000,46.084799
14274.000000,46.082373
14275.000000,46.079948
14276.000000,46.077522
14277.000000,46.075097
14278.000000,46.072672
14279.000000,46.070247
14280.000000,46.067822
14281.000000,46.065398
14282.000000,46.062973
14283.000000,46.060549
14284.000000,46.058125
14285.000000,46.055701
14286.000000,46.053277
14287.000000,46.050853
14288.000000,46.048430
14289.000000,46.046007
14290.000000,46.043584
14291.000000,46.041161
14292.000000,46.038738
14293.000000,46.036315
14294.000000,46.033893
14295.000000,46.031471
14296.000000,46.029049
14297.000000,46.026627
14298.000000,46.024205
14299.000000,46.021784
14300.000000,46.019362
14301.000000,46.016941
14302.000000,46.014520
14303.000000,46.012099
14304.000000,46.009678
14305.000000,46.007258
14306.000000,46.004837
14307.000000,46.002417
14308.000000,45.999997
14309.000000,45.997577
14310.000000,45.995158
14311.000000,45.992738
14312.000000,45.990319
14313.000000,45.987900
14314.000000,45.985480
14315.000000,45.983062
14316.000000,45.980643
14317.000000,45.978224
14318.000000,45.975806
14319.000000,45.973388
14320.000000,45.970970
14321.000000,45.968552
14322.000000,45.966134
14323.000000,45.963717
14324.000000,45.961300
14325.000000,45.958882
14326.000000,45.956465
14327.000000,45.954049
14328.000000,45.951632
14329.000000,45.949215
14330.000000,45.946799
14331.000000,45.944383
14332.000000,45.941967
14333.000000,45.939551
14334.000000,45.937135
14335.000000,45.934720
14336.000000,45.932305
14337.000000,45.929890
14338.000000,45.927475
14339.000000,45.925060
14340.000000,45.922645
14341.000000,45.920231
14342.000000,45.917816
14343.000000,45.915402
14344.000000,45.912988
14345.000000,45.910574
14346.000000,45.908161
14347.000000,45.905747
14348.000000,45.903334
14349.000000,45.900921
14350.000000,45.898508
14351.000000,45.896095
14352.000000,45.893683
14353.000000,45.891270
14354.000000,45.888858
14355.000000,45.886446
14356.000000,45.884034
14357.000000,45.881622
14358.000000,45.879210
14359.000000,45.876799
14360.000000,45.874388
14361.000000,45.871977
14362.000000,45.869566
14363.000000,45.867155
14364.000000,45.864744
14365.000000,45.862334
14366.000000,45.859924
14367.000000,45.857514
14368.000000,45.855104
14369.000000,45.852694
14370.000000,45.850284
14371.000000,45.847875
14372.000000,45.845466
14373.000000,45.843056
14374.000000,45.840648
14375.000000,45.838239
14376.000000,45.835830
14377.000000,45.833422
14378.000000,45.831014
14379.000000,45.828605
14380.000000,45.826198
14381.000000,45.823790
14382.000000,45.821382
14383.000000,45.818975
14384.000000,45.816567
14385.000000,45.814160
14386.000000,45.811754
14387.000000,45.809347
14388.000000,45.806940
14389.000000,45.804534
14390.000000,45.802128
14391.000000,45.799721
14392.000000,45.797316
14393.000000,45.794910
14394.000000,45.792504
14395.000000,45.790099
14396.000000,45.787694
14397.000000,45.785288
14398.000000,45.782884
14399.000000,45.780479
14400.000000,45.778074
14401.000000,45.775670
14402.000000,45.773266
14403.000000,45.770862
14404.000000,45.768458
14405.000000,45.766054
14406.000000,45.763650
14407.000000,45.761247
14408.000000,45.758844
14409.000000,45.756441
14410.000000,45.754038
14411.000000,45.751635
14412.000000,45.749232
14413.000000,45.746830
14414.000000,45.744428
14415.000000,45.742026
14416.000000,45.739624
14417.000000,45.737222
14418.000000,45.734820
14419.000000,45.732419
14420.000000,45.730018
14421.000000,45.727617
14422.000000,45.725216
14423.000000,45.722815
14424.000000,45.720414
14425.000000,45.718014
14426.000000,45.715614
14427.000000,45.713214
14428.000000,45.710814
14429.000000,45.708414
14430.000000,45.706015
14431.000000,45.703615
14432.000000,45.701216
14433.000000,45.698817
14434.000000,45.696418
14435.000000,45.694019
14436.000000,45.691621
14437.000000,45.689222
14438.000000,45.686824
14439.000000,45.684426
14440.000000,45.682028
14441.000000,45.679630
14442.000000,45.677233
14443.000000,45.674835
14444.000000,45.672438
14445.000000,45.670041
14446.000000,45.667644
14447.000000,45.665247
14448.000000,45.662851
14449.000000,45.660454
14450.000000,45.658058
14451.000000,45.655662
14452.000000,45.653266
14453.000000,45.650870
14454.000000,45.648475
14455.000000,45.646079
14456.000000,45.643684
14457.000000,45.641289
14458.000000,45.638894
14459.000000,45.636499
14460.000000,45.634104
14461.000000,45.631710
14462.000000,45.629316
14463.000000,45.626922
14464.000000,45.624528
14465.000000,45.622134
14466.000000,45.619740
14467.000000,45.617347
14468.000000,45.614954
14469.000000,45.612561
14470.000000,45.610168
14471.000000,45.607775
14472.000000,45.605382
14473.000000,45.602990
14474.000000,45.600597
14475.000000,45.598205
14476.000000,45.595813
14477.000000,45.593422
14478.000000,45.591030
14479.000000,45.588639
14480.000000,45.586247
14481.000000,45.583856
14482.000000,45.581465
14483.000000,45.579074
14484.000000,45.576684
14485.000000,45.574293
14486.000000,45.571903
14487.000000,45.569513
14488.000000,45.567123
14489.000000,45.564733
14490.000000,45.562343
14491.000000,45.559954
14492.000000,45.557565
14493.000000,45.555176
14494.000000,45.552787
14495.000000,45.550398
14496.000000,45.548009
14497.000000,45.545621
14498.000000,45.543232
14499.000000,45.540844
14500.000000,45.538456
14501.000000,45.536068
14502.000000,45.533681
14503.000000,45.531293
14504.000000,45.528906
14505.000000,45.526519
14506.000000,45.524132
14507.000000,45.521745
14508.000000,45.519358
14509.000000,45.516972
14510.000000,45.514585
14511.000000,45.512199
14512.000000,45.509813
14513.000000,45.507427
14514.000000,45.505042
14515.000000,45.502656
14516.000000,45.500271
14517.000000,45.497885
14518.000000,45.495500
14519.000000,45.493116
14520.000000,45.490731
14521.000000,45.488346
14522.000000,45.485962
14523.000000,45.483578
14524.000000,45.481194
14525.000000,45.478810
14526.000000,45.476426
14527.000000,45.474043
14528.000000,45.471659
14529.000000,45.469276
14530.000000,45.466893
14531.000000,45.464510
14532.000000,45.462127
14533.000000,45.459745
14534.000000,45.457362
14535.000000,45.454980
14536.000000,45.452598
14537.000000,45.450216
14538.000000,45.447834
14539.000000,45.445453
14540.000000,45.443071
14541.000000,45.440690
14542.000000,45.438309
14543.000000,45.435928
14544.000000,45.433547
14545.000000,45.431167
14546.000000,45.428786
14547.000000,45.426406
14548.000000,45.424026
14549.000000,45.421646
14550.000000,45.419266
14551.000000,45.416886
14552.000000,45.414507
14553.000000,45.412128
14554.000000,45.409749
14555.000000,45.407370
14556.000000,45.404991
14557.000000,45.402612
14558.000000,45.400234
14559.000000,45.397855
14560.000000,45.395477
14561.000000,45.393099
14562.000000,45.390721
14563.000000,45.388344
14564.000000,45.385966
14565.000000,45.383589
14566.000000,45.381212
14567.000000,45.378835
14568.000000,45.376458
14569.000000,45.374081
14570.000000,45.371705
14571.000000,45.369328
14572.000000,45.366952
14573.000000,45.364576
14574.000000,45.362200
14575.000000,45.359825
14576.000000,45.357449
14577.000000,45.355074
14578.000000,45.352698
14579.000000,45.350323
14580.000000,45.347948
14581.000000,45.345574
14582.000000,45.343199
14583.000000,45.340825
14584.000000,45.338451
14585.000000,45.336076
14586.000000,45.333703
14587.000000,45.331329
14588.000000,45.328955
14589.000000,45.326582
14590.000000,45.324209
14591.000000,45.321835
14592.000000,45.319462
14593.000000,45.317090
14594.000000,45.314717
14595.000000,45.312345
14596.000000,45.309972
14597.000000,45.307600
14598.000000,45.305228
14599.000000,45.302856
14600.000000,45.300485
14601.000000,45.298113
14602.000000,45.295742
14603.000000,45.293371
14604.000000,45.291000
14605.000000,45.288629
14606.000000,45.286258
14607.000000,45.283888
14608.000000,45.281518
14609.000000,45.279147
14610.000000,45.276777
14611.000000,45.274408
14612.000000,45.272038
14613.000000,45.269668
14614.000000,45.267299
14615.000000,45.264930
14616.000000,45.262561
14617.000000,45.260192
14618.000000,45.257823
14619.000000,45.255455
14620.000000,45.253086
14621.000000,45.250718
14622.000000,45.248350
14623.000000,45.245982
14624.000000,45.243614
14625.000000,45.241247
14626.000000,45.238879
14627.000000,45.236512
14628.000000,45.234145
14629.000000,45.231778
14630.000000,45.229411
14631.000000,45.227045
14632.000000,45.224678
14633.000000,45.222312
14634.000000,45.219946
14635.000000,45.217580
14636.000000,45.215214
14637.000000,45.212848
14638.000000,45.210483
14639.000000,45.208118
14640.000000,45.205752
14641.000000,45.203387
14642.000000,45.201023
14643.000000,45.198658
14644.000000,45.196293
14645.000000,45.193929
14646.000000,45.191565
14647.000000,45.189201
14648.000000,45.186837
14649.000000,45.184473
14650.000000,45.182110
14651.000000,45.179746
14652.000000,45.177383
14653.000000,45.175020
14654.000000,45.172657
14655.000000,45.170294
14656.000000,45.167932
14657.000000,45.165570
14658.000000,45.163207
14659.000000,45.160845
14660.000000,45.158483
14661.000000,45.156121
14662.000000,45.153760
14663.000000,45.151398
14664.000000,45.149037
14665.000000,45.146676
14666.000000,45.144315
14667.000000,45.141954
14668.000000,45.139594
14669.000000,45.137233
14670.000000,45.134873
14671.000000,45.132513
14672.000000,45.130153
14673.000000,45.127793
14674.000000,45.125433
14675.000000,45.123074
14676.000000,45.120714
14677.000000,45.118355
14678.000000,45.115996
14679.000000,45.113637
14680.000000,45.111278
14681.000000,45.108920
14682.000000,45.106562
14683.000000,45.104203
14684.000000,45.101845
14685.000000,45.099487
14686.000000,45.097130
14687.000000,45.094772
14688.000000,45.092415
14689.000000,45.090057
14690.000000,45.087700
14691.000000,45.085343
14692.000000,45.082986
14693.000000,45.080630
14694.000000,45.078273
14695.000000,45.075917
14696.000000,45.073561
14697.000000,45.071205
14698.000000,45.068849
14699.000000,45.066494
14700.000000,45.064138
14701.000000,45.061783
14702.000000,45.059427
14703.000000,45.057072
14704.000000,45.054718
14705.000000,45.052363
14706.000000,45.050008
14707.000000,45.047654
14708.000000,45.045300
14709.000000,45.042946
14710.000000,45.040592
14711.000000,45.038238
14712.000000,45.035884
14713.000000,45.033531
14714.000000,45.031178
14715.000000,45.028825
14716.000000,45.026472
14717.000000,45.024119
14718.000000,45.021766
14719.000000,45.019414
14720.000000,45.017062
14721.000000,45.014709
14722.000000,45.012357
14723.000000,45.010006
14724.000000,45.007654
14725.000000,45.005303
14726.000000,45.002951
14727.000000,45.000600
14728.000000,44.998249
14729.000000,44.995898
14730.000000,44.993547
14731.000000,44.991197
14732.000000,44.988846
14733.000000,44.986496
14734.000000,44.984146
14735.000000,44.981796
14736.000000,44.979447
14737.000000,44.977097
14738.000000,44.974748
14739.000000,44.972398
14740.000000,44.970049
14741.000000,44.967700
14742.000000,44.965351
14743.000000,44.963003
14744.000000,44.960654
14745.000000,44.958306
14746.000000,44.955958
14747.000000,44.953610
14748.000000,44.951262
14749.000000,44.948914
14750.000000,44.946567
14751.000000,44.944219
14752.000000,44.941872
14753.000000,44.939525
14754.000000,44.937178
14755.000000,44.934832
14756.000000,44.932485
14757.000000,44.930139
14758.000000,44.927792
14759.000000,44.925446
14760.000000,44.923100
14761.000000,44.920755
14762.000000,44.918409
14763.000000,44.916064
14764.000000,44.913718
14765.000000,44.911373
14766.000000,44.909028
14767.000000,44.906683
14768.000000,44.904339
14769.000000,44.901994
14770.000000,44.899650
14771.000000,44.897306
14772.000000,44.894962
14773.000000,44.892618
14774.000000,44.890274
14775.000000,44.887931
14776.000000,44.885587
14777.000000,44.883244
14778.000000,44.880901
14779.000000,44.878558
14780.000000,44.876215
14781.000000,44.873873
14782.000000,44.871530
14783.000000,44.869188
14784.000000,44.866846
14785.000000,44.864504
14786.000000,44.862162
14787.000000,44.859820
14788.000000,44.857479
14789.000000,44.855138
14790.000000,44.852796
14791.000000,44.850455
14792.000000,44.848115
14793.000000,44.845774
14794.000000,44.843433
14795.000000,44.841093
14796.000000,44.838753
14797.000000,44.836413
14798.000000,44.834073
14799.000000,44.831733
14800.000000,44.829394
14801.000000,44.827054
14802.000000,44.824715
14803.000000,44.822376
14804.000000,44.820037
14805.000000,44.817698
14806.000000,44.815359
14807.000000,44.813021
14808.000000,44.810683
14809.000000,44.808344
14810.000000,44.806006
14811.000000,44.803669
14812.000000,44.801331
14813.000000,44.798993
14814.000000,44.796656
14815.000000,44.794319
14816.000000,44.791982
14817.000000,44.789645
14818.000000,44.787308
14819.000000,44.784971
14820.000000,44.782635
14821.000000,44.780299
14822.000000,44.777963
14823.000000,44.775627
14824.000000,44.773291
14825.000000,44.770955
14826.000000,44.768620
14827.000000,44.766284
14828.000000,44.763949
14829.000000,44.761614
14830.000000,44.759279
14831.000000,44.756945
14832.000000,44.754610
14833.000000,44.752276
14834.000000,44.749942
14835.000000,44.747607
14836.000000,44.745274
14837.000000,44.742940
14838.000000,44.740606
14839.000000,44.738273
14840.000000,44.735940
14841.000000,44.733606
14842.000000,44.731273
14843.000000,44.728941
14844.000000,44.726608
14845.000000,44.724275
14846.000000,44.721943
14847.000000,44.719611
14848.000000,44.717279
14849.000000,44.714947
14850.000000,44.712615
14851.000000,44.710284
14852.000000,44.707952
14853.000000,44.705621
14854.000000,44.703290
14855.000000,44.700959
14856.000000,44.698628
14857.000000,44.696298
14858.000000,44.693967
14859.000000,44.691637
14860.000000,44.689307
14861.000000,44.686977
14862.000000,44.684647
14863.000000,44.682317
14864.000000,44.679988
14865.000000,44.677659
14866.000000,44.675329
14867.000000,44.673000
14868.000000,44.670671
14869.000000,44.668343
14870.000000,44.666014
14871.000000,44.663686
14872.000000,44.661358
14873.000000,44.659029
14874.000000,44.656701
14875.000000,44.654374
14876.000000,44.652046
14877.000000,44.649719
14878.000000,44.647391
14879.000000,44.645064
14880.000000,44.642737
14881.000000,44.640410
14882.000000,44.638084
14883.000000,44.635757
14884.000000,44.633431
14885.000000,44.631104
14886.000000,44.628778
14887.000000,44.626452
14888.000000,44.624127
14889.000000,44.621801
14890.000000,44.619476
14891.000000,44.617150
14892.000000,44.614825
14893.000000,44.612500
14894.000000,44.610175
14895.000000,44.607851
14896.000000,44.605526
14897.000000,44.603202
14898.000000,44.600878
14899.000000,44.598554
14900.000000,44.596230
14901.000000,44.593906
14902.000000,44.591582
14903.000000,44.589259
14904.000000,44.586936
14905.000000,44.584613
14906.000000,44.582290
14907.000000,44.579967
14908.000000,44.577644
14909.000000,44.575322
14910.000000,44.573000
14911.000000,44.570677
14912.000000,44.568355
14913.000000,44.566034
14914.000000,44.563712
14915.000000,44.561390
14916.000000,44.559069
14917.000000,44.556748
14918.000000,44.554427
14919.000000,44.552106
14920.000000,44.549785
14921.000000,44.547464
14922.000000,44.545144
14923.000000,44.542824
14924.000000,44.540503
14925.000000,44.538183
14926.000000,44.535864
14927.000000,44.533544
14928.000000,44.531224
14929.000000,44.528905
14930.000000,44.526586
14931.000000,44.524267
14932.000000,44.521948
14933.000000,44.519629
14934.000000,44.517310
14935.000000,44.514992
14936.000000,44.512674
14937.000000,44.510356
14938.000000,44.508038
14939.000000,44.505720
14940.000000,44.503402
14941.000000,44.501085
14942.000000,44.498767
14943.000000,44.496450
14944.000000,44.494133
14945.000000,44.491816
14946.000000,44.489499
14947.000000,44.487183
14948.000000,44.484866
14949.000000,44.482550
14950.000000,44.480234
14951.000000,44.477918
14952.000000,44.475602
14953.000000,44.473287
14954.000000,44.470971
14955.000000,44.468656
14956.000000,44.466341
14957.000000,44.464026
14958.000000,44.461711
14959.000000,44.459396
14960.000000,44.457082
14961.000000,44.454767
14962.000000,44.452453
14963.000000,44.450139
14964.000000,44.447825
14965.000000,44.445511
14966.000000,44.443197
14967.000000,44.440884
14968.000000,44.438571
14969.000000,44.436257
14970.000000,44.433944
14971.000000,44.431632
14972.000000,44.429319
14973.000000,44.427006
14974.000000,44.424694
14975.000000,44.422382
14976.000000,44.420070
14977.000000,44.417758
14978.000000,44.415446
14979.000000,44.413134
14980.000000,44.410823
14981.000000,44.408511
14982.000000,44.406200
14983.000000,44.403889
14984.000000,44.401578
14985.000000,44.399268
14986.000000,44.396957
14987.000000,44.394647
14988.000000,44.392337
14989.000000,44.390026
14990.000000,44.387717
14991.000000,44.385407
14992.000000,44.383097
14993.000000,44.380788
14994.000000,44.378478
14995.000000,44.376169
14996.000000,44.373860
14997.000000,44.371551
14998.000000,44.369243
14999.000000,44.366934
15000.000000,44.364626
