"f","l_density"
20,-50.0985719480786
21,-48.409228078685
22,-46.7984873780801
23,-45.2593592800069
24,-43.7857462080675
25,-42.3722976707819
26,-41.014292989989
27,-39.707546173452
28,-38.4483280959927
29,-37.2333023423135
30,-36.0594719307708
31,-34.9241347760902
32,-33.8248462253753
33,-32.7593873607724
34,-31.7257380353671
35,-30.7220538186961
36,-29.7466461907598
37,-28.7979654502805
38,-27.8745859027292
39,-26.9751929726813
40,-26.0985719480786
41,-25.2435981145412
42,-24.409228078685
43,-23.5944921125249
44,-22.7984873780801
45,-22.0203719134631
46,-21.2593592800069
47,-20.514713785112
48,-19.7857462080675
49,-19.0718099666103
50,-18.3722976707819
51,-17.6866380180594
52,-17.014292989989
53,-16.3547553158585
54,-15.707546173452
55,-15.0722131007834
56,-14.4483280959927
57,-13.8354858854214
58,-13.2333023423135
59,-12.6414130406911
60,-12.0594719307708
61,-11.487150123866
62,-10.9241347760902
63,-10.3701280613773
64,-9.82484622537525
65,-9.28801871269235
66,-8.75938736077237
67,-8.23870565438872
68,-7.72573803536711
69,-7.2202592626992
70,-6.72205381869606
71,-6.23091535726289
72,-5.74664619075975
73,-5.26905681225485
74,-4.79796545028046
75,-4.33319765347412
76,-3.8745859027292
77,-3.42196924869762
78,-2.9751929726813
79,-2.53410826912479
80,-2.09857194807856
81,-1.66844615614426
82,-1.24359811454125
83,-0.823899873049065
84,-0.409228078685004
85,0.000536241929580683
86,0.405507887475096
87,0.805797674994224
88,1.20151262191988
89,1.59275611781829
90,1.97962808653694
91,2.36222513939345
92,2.74064071999305
93,3.1149652412175
94,3.48528621488804
95,3.85168837456749
96,4.2142537919325
97,4.57306198711581
98,4.92819003338974
99,5.27971265653538
100,5.62770232921814
101,5.97222936066782
102,6.31336198194064
103,6.65116642702199
104,6.98570701001096
105,7.31704619861169
106,7.64524468414152
107,7.97036144825227
108,8.29245382654799
109,8.61157756927098
110,8.92778689921657
111,9.24113456702728
112,9.55167190400724
113,9.85944887258925
114,10.1645141145785
115,10.4669149972898
116,10.7666976576865
117,11.0639070446265
118,11.3585869593089
119,11.6507800940154
120,11.9405280692292
121,12.227871469215
122,12.512849876134
123,12.7955019027665
124,13.0758652239098
125,13.3539766065148
126,13.6298719386227
127,13.9035862571567
128,14.1751537746247
129,14.4446079047828
130,14.7119812873077
131,14.9773058115236
132,15.2406126392276
133,15.5019322266533
134,15.7612943456113
135,16.0187281038447
136,16.2742619646329
137,16.5279237656774
138,16.7797407373008
139,17.0297395199889
140,17.2779461813039
141,17.5243862321958
142,17.7690846427371
143,18.0120658573061
144,18.2533538092402
145,18.4929719349832
146,18.7309431877452
147,18.9672900506975
148,19.2020345497195
149,19.4351982657166
150,19.6668023465259
151,19.8968675184266
152,20.1254140972708
153,20.3524619992484
154,20.5780307513024
155,20.8021395012064
156,21.0248070273187
157,21.2460517480238
158,21.4658917308752
159,21.6843447014493
160,21.9014280519214
161,22.1171588493756
162,22.3315538438557
163,22.5446294761706
164,22.7564018854588
165,22.9668869165243
166,23.1761001269509
167,23.384056794002
168,23.590771921315
169,23.7962602453972
170,24.0005362419296
171,24.2036141318863
172,24.4055078874751
173,24.6062312379061
174,24.8057976749942
175,25.0042204586006
176,25.2015126219199
177,25.3976869766167
178,25.5927561178183
179,25.7867324289669
180,25.9796280865369
181,26.1714550646217
182,26.3622251393935
183,26.5519498934418
184,26.7406407199931
185,26.9283088270162
186,27.1149652412175
187,27.300620811928
188,27.485286214888
189,27.6689719559305
190,27.8516883745675
191,28.0334456474827
192,28.2142537919325
193,28.3941226690587
194,28.5730619871158
195,28.7510813046154
196,28.9281900333897
197,29.1043974415778
198,29.2797126565354
199,29.4541446676723
200,29.6277023292181
201,29.800394362919
202,29.9722293606678
203,30.143215787069
204,30.3133619819406
205,30.4826761627555
206,30.651166427022
207,30.8188407546086
208,30.985707010011
209,31.1517729445659
210,31.3170461986117
211,31.4815343035972
212,31.6452446841415
213,31.8081846600449
214,31.9703614482523
215,32.1317821647718
216,32.292453826548
217,32.4523833532922
218,32.611577569271
219,32.7700432050529
220,32.9277868992166
221,33.0848152000191
222,33.2411345670273
223,33.3967513727121
224,33.5516719040072
225,33.7059023638336
226,33.8594488725893
227,34.0123174696067
228,34.1645141145785
229,34.3160446889514
230,34.4669149972897
231,34.6171307686101
232,34.7666976576865
233,34.9156212463275
234,35.0639070446265
235,35.2115604921847
236,35.3585869593089
237,35.504991748183
238,35.6507800940154
239,35.7959571661627
240,35.9405280692292
241,36.0844978441438
242,36.227871469215
243,36.3706538611635
244,36.512849876134
245,36.6544643106864
246,36.7955019027665
247,36.935967332657
248,37.0758652239098
249,37.2152001442587
250,37.3539766065148
251,37.3493781228361
252,37.344797923435
253,37.3402358634849
254,37.3356917998734
255,37.3311655911747
256,37.3266570976239
257,37.3221661810906
258,37.3176927050538
259,37.3132365345768
260,37.3087975362829
261,37.3043755783316
262,37.2999705303946
263,37.2955822636332
264,37.2912106506757
265,37.2868555655949
266,37.2825168838866
267,37.2781944824482
268,37.2738882395575
269,37.2695980348525
270,37.265323749311
271,37.2610652652309
272,37.2568224662106
273,37.2525952371299
274,37.2483834641315
275,37.2441870346025
276,37.2400058371561
277,37.2358397616142
278,37.2316886989896
279,37.2275525414694
280,37.2234311823976
281,37.2193245162593
282,37.2152324386638
283,37.211154846329
284,37.2070916370658
285,37.2030427097627
286,37.1990079643706
287,37.1949873018881
288,37.1909806243469
289,37.1869878347972
290,37.1830088372942
291,37.1790435368838
292,37.1750918395889
293,37.1711536523966
294,37.1672288832446
295,37.1633174410084
296,37.1594192354887
297,37.1555341773987
298,37.1516621783522
299,37.147803150851
300,37.1439570082737
301,37.1401236648634
302,37.1363030357166
303,37.1324950367718
304,37.1286995847985
305,37.1249165973862
306,37.1211459929336
307,37.117387690638
308,37.1136416104853
309,37.1099076732394
310,37.106185800432
311,37.1024759143533
312,37.0987779380418
313,37.0950917952747
314,37.0914174105587
315,37.0877547091206
316,37.0841036168984
317,37.0804640605318
318,37.0768359673538
319,37.0732192653819
320,37.0696138833095
321,37.0660197504975
322,37.0624367969657
323,37.0588649533852
324,37.0553041510699
325,37.0517543219686
326,37.0482153986575
327,37.0446873143321
328,37.0411700028
329,37.0376633984734
330,37.0341674363614
331,37.0306820520631
332,37.0272071817606
333,37.0237427622117
334,37.0202887307429
335,37.0168450252431
336,37.0134115841565
337,37.0099883464759
338,37.0065752517367
339,37.0031722400099
340,36.9997792518962
341,36.9963962285197
342,36.9930231115215
343,36.9896598430542
344,36.9863063657753
345,36.9829626228418
346,36.9796285579042
347,36.9763041151011
348,36.9729892390531
349,36.9696838748576
350,36.9663879680833
351,36.9631014647648
352,36.9598243113972
353,36.9565564549311
354,36.9532978427673
355,36.9500484227515
356,36.9468081431697
357,36.9435769527432
358,36.9403548006233
359,36.9371416363872
360,36.9339374100325
361,36.9307420719732
362,36.9275555730346
363,36.9243778644491
364,36.9212088978514
365,36.9180486252745
366,36.9148969991451
367,36.911753972279
368,36.9086194978776
369,36.905493529523
370,36.9023760211743
371,36.8992669271634
372,36.8961662021909
373,36.8930738013222
374,36.8899896799839
375,36.8869137939594
376,36.8838460993853
377,36.880786552748
378,36.8777351108795
379,36.874691730954
380,36.8716563704842
381,36.8686289873179
382,36.8656095396343
383,36.8625979859405
384,36.8595942850684
385,36.856598396171
386,36.8536102787191
387,36.8506298924983
388,36.8476571976053
389,36.844692154445
390,36.8417347237274
391,36.8387848664643
392,36.8358425439661
393,36.8329077178391
394,36.8299803499822
395,36.827060402584
396,36.8241478381202
397,36.8212426193501
398,36.8183447093142
399,36.8154540713312
400,36.8125706689952
401,36.8096944661732
402,36.806825427002
403,36.8039635158858
404,36.8011086974933
405,36.7982609367555
406,36.7954201988627
407,36.792586449262
408,36.7897596536551
409,36.7869397779953
410,36.7841267884857
411,36.781320651576
412,36.7785213339609
413,36.7757288025769
414,36.7729430246006
415,36.7701639674463
416,36.7673915987633
417,36.7646258864341
418,36.7618667985719
419,36.7591143035185
420,36.7563683698422
421,36.7536289663353
422,36.7508960620125
423,36.7481696261083
424,36.7454496280753
425,36.7427360375819
426,36.7400288245103
427,36.7373279589547
428,36.734633411219
429,36.7319451518151
430,36.7292631514609
431,36.7265873810783
432,36.7239178117914
433,36.7212544149245
434,36.7185971620005
435,36.7159460247388
436,36.7133009750536
437,36.7106619850523
438,36.7080290270334
439,36.705402073485
440,36.7027810970829
441,36.7001660706891
442,36.69755696735
443,36.6949537602946
444,36.6923564229332
445,36.6897649288554
446,36.6871792518286
447,36.6845993657967
448,36.682025244878
449,36.6794568633641
450,36.6768941957182
451,36.6743372165734
452,36.6717859007314
453,36.6692402231611
454,36.6667001589968
455,36.6641656835371
456,36.6616367722431
457,36.6591134007373
458,36.656595544802
459,36.6540831803781
460,36.6515762835633
461,36.6490748306112
462,36.6465787979298
463,36.6440881620801
464,36.6416028997746
465,36.6391229878765
466,36.636648403398
467,36.6341791234991
468,36.6317151254863
469,36.6292563868116
470,36.626802885071
471,36.6243545980032
472,36.6219115034888
473,36.6194735795486
474,36.6170408043429
475,36.6146131561699
476,36.6121906134647
477,36.6097731547983
478,36.6073607588763
479,36.6049534045377
480,36.6025510707541
481,36.6001537366281
482,36.5977613813928
483,36.5953739844102
484,36.5929915251706
485,36.5906139832909
486,36.5882413385144
487,36.585873570709
488,36.5835106598666
489,36.581152586102
490,36.5787993296518
491,36.5764508708735
492,36.5741071902446
493,36.5717682683613
494,36.569434085938
495,36.5671046238059
496,36.5647798629124
497,36.5624597843199
498,36.5601443692052
499,36.557833598858
500,36.5555274546809
501,36.5649199621658
502,36.5742937408098
503,36.5836488651556
504,36.5929854093018
505,36.6023034469063
506,36.61160305119
507,36.62088429494
508,36.6301472505131
509,36.6393919898393
510,36.648618584425
511,36.6578271053565
512,36.6670176233031
513,36.6761902085203
514,36.6853449308533
515,36.6944818597401
516,36.7036010642144
517,36.7127026129091
518,36.7217865740591
519,36.7308530155046
520,36.739902004694
521,36.748933608687
522,36.7579478941573
523,36.7669449273961
524,36.7759247743145
525,36.7848875004468
526,36.7938331709528
527,36.8027618506215
528,36.811673603873
529,36.8205684947621
530,36.8294465869804
531,36.8383079438594
532,36.8471526283732
533,36.8559807031411
534,36.8647922304302
535,36.8735872721581
536,36.8823658898956
537,36.8911281448692
538,36.8998740979638
539,36.9086038097247
540,36.917317340361
541,36.9260147497473
542,36.9346960974266
543,36.9433614426126
544,36.9520108441922
545,36.9606443607279
546,36.9692620504599
547,36.977863971309
548,36.9864501808783
549,36.9950207364562
550,37.003575695018
551,37.0121151132288
552,37.0206390474451
553,37.0291475537179
554,37.0376406877938
555,37.0461185051183
556,37.0545810608372
557,37.0630284097991
558,37.0714606065574
559,37.0798777053725
560,37.0882797602139
561,37.0966668247622
562,37.1050389524111
563,37.1133961962697
564,37.1217386091642
565,37.1300662436402
566,37.1383791519644
567,37.1466773861269
568,37.1549609978427
569,37.1632300385541
570,37.1714845594325
571,37.1797246113798
572,37.1879502450312
573,37.1961615107562
574,37.204358458661
575,37.2125411385901
576,37.2207096001282
577,37.2288638926018
578,37.2370040650814
579,37.2451301663829
580,37.2532422450695
581,37.2613403494534
582,37.2694245275976
583,37.2774948273176
584,37.2855512961829
585,37.2935939815191
586,37.3016229304091
587,37.309638189695
588,37.3176398059798
589,37.3256278256289
590,37.3336022947716
591,37.341563259303
592,37.3495107648855
593,37.3574448569501
594,37.3653655806981
595,37.3732729811031
596,37.3811671029117
597,37.3890479906457
598,37.3969156886033
599,37.4047702408606
600,37.4126116912731
601,37.4204400834775
602,37.4282554608925
603,37.4360578667207
604,37.4438473439501
605,37.4516239353552
606,37.4593876834986
607,37.4671386307324
608,37.4748768191996
609,37.4826022908354
610,37.4903150873684
611,37.4980152503223
612,37.5057028210173
613,37.5133778405709
614,37.5210403498996
615,37.5286903897202
616,37.5363280005511
617,37.5439532227134
618,37.5515660963324
619,37.5591666613387
620,37.5667549574696
621,37.5743310242702
622,37.5818949010949
623,37.5894466271082
624,37.5969862412863
625,37.6045137824181
626,37.6120292891065
627,37.6195327997696
628,37.6270243526417
629,37.6345039857747
630,37.641971737039
631,37.6494276441251
632,37.6568717445442
633,37.6643040756297
634,37.6717246745381
635,37.6791335782504
636,37.6865308235727
637,37.693916447138
638,37.7012904854066
639,37.7086529746678
640,37.7160039510403
641,37.723343450474
642,37.7306715087503
643,37.7379881614839
644,37.7452934441232
645,37.7525873919517
646,37.7598700400888
647,37.7671414234911
648,37.7744015769533
649,37.7816505351088
650,37.7888883324313
651,37.7961150032355
652,37.803330581678
653,37.8105351017584
654,37.8177285973202
655,37.8249111020518
656,37.8320826494874
657,37.839243273008
658,37.8463930058423
659,37.8535318810674
660,37.8606599316103
661,37.8677771902482
662,37.8748836896096
663,37.8819794621755
664,37.8890645402798
665,37.8961389561105
666,37.9032027417106
667,37.9102559289787
668,37.9172985496702
669,37.9243306353979
670,37.9313522176329
671,37.9383633277055
672,37.9453639968062
673,37.9523542559862
674,37.9593341361584
675,37.9663036680982
676,37.9732628824444
677,37.9802118096999
678,37.9871504802325
679,37.9940789242756
680,38.0009971719295
681,38.0079052531614
682,38.0148031978067
683,38.0216910355699
684,38.0285687960247
685,38.0354365086156
686,38.0422942026579
687,38.049141907339
688,38.0559796517188
689,38.0628074647308
690,38.0696253751824
691,38.0764334117559
692,38.0832316030091
693,38.0900199773762
694,38.0967985631684
695,38.1035673885745
696,38.1103264816617
697,38.1170758703766
698,38.1238155825451
699,38.1305456458741
700,38.1372660879512
701,38.1439769362462
702,38.1506782181114
703,38.1573699607821
704,38.1640521913775
705,38.1707249369015
706,38.1773882242429
707,38.1840420801767
708,38.1906865313639
709,38.1973216043529
710,38.2039473255799
711,38.2105637213693
712,38.2171708179346
713,38.2237686413788
714,38.2303572176954
715,38.2369365727684
716,38.2435067323737
717,38.2500677221789
718,38.2566195677445
719,38.2631622945241
720,38.2696959278654
721,38.2762204930104
722,38.2827360150962
723,38.2892425191554
724,38.2957400301171
725,38.3022285728067
726,38.3087081719475
727,38.3151788521602
728,38.3216406379644
729,38.3280935537783
730,38.3345376239202
731,38.340972872608
732,38.3473993239606
733,38.3538170019981
734,38.3602259306422
735,38.3666261337171
736,38.3730176349496
737,38.37940045797
738,38.3857746263125
739,38.3921401634156
740,38.3984970926228
741,38.4048454371829
742,38.4111852202507
743,38.4175164648877
744,38.4238391940619
745,38.430153430649
746,38.4364591974326
747,38.4427565171049
748,38.4490454122666
749,38.4553259054284
750,38.4615980190104
751,38.4678617753433
752,38.4741171966687
753,38.4803643051393
754,38.4866031228199
755,38.4928336716873
756,38.4990559736313
757,38.5052700504547
758,38.5114759238739
759,38.5176736155196
760,38.5238631469369
761,38.530044539586
762,38.5362178148426
763,38.5423829939982
764,38.5485400982606
765,38.5546891487546
766,38.5608301665219
767,38.566963172522
768,38.5730881876326
769,38.5792052326497
770,38.5853143282883
771,38.5914154951829
772,38.5975087538873
773,38.6035941248761
774,38.6096716285439
775,38.6157412852068
776,38.621803115102
777,38.6278571383886
778,38.633903375148
779,38.639941845384
780,38.6459725690236
781,38.6519955659171
782,38.6580108558387
783,38.6640184584868
784,38.6700183934843
785,38.6760106803789
786,38.6819953386441
787,38.6879723876786
788,38.6939418468075
789,38.6999037352823
790,38.7058580722815
791,38.7118048769105
792,38.7177441682026
793,38.7236759651188
794,38.7296002865485
795,38.7355171513099
796,38.7414265781502
797,38.7473285857457
798,38.7532231927028
799,38.7591104175578
800,38.7649902787776
801,38.7708627947597
802,38.7767279838329
803,38.7825858642573
804,38.7884364542251
805,38.7942797718605
806,38.80011583522
807,38.8059446622933
808,38.811766271003
809,38.8175806792054
810,38.8233879046905
811,38.8291879651824
812,38.8349808783398
813,38.8407666617561
814,38.8465453329599
815,38.8523169094152
816,38.8580814085218
817,38.8638388476154
818,38.8695892439683
819,38.8753326147894
820,38.8810689772247
821,38.8867983483572
822,38.8925207452079
823,38.8982361847354
824,38.9039446838368
825,38.9096462593476
826,38.9153409280419
827,38.9210287066334
828,38.9267096117747
829,38.9323836600584
830,38.938050868017
831,38.9437112521233
832,38.9493648287907
833,38.9550116143734
834,38.9606516251667
835,38.9662848774075
836,38.971911387274
837,38.9775311708869
838,38.9831442443089
839,38.988750623545
840,38.9943503245435
841,38.9999433631953
842,39.005529755335
843,39.0111095167406
844,39.0166826631342
845,39.0222492101817
846,39.0278091734937
847,39.0333625686255
848,39.0389094110771
849,39.0444497162939
850,39.0499834996667
851,39.055510776532
852,39.0610315621722
853,39.0665458718161
854,39.0720537206387
855,39.077555123762
856,39.0830500962548
857,39.0885386531332
858,39.0940208093607
859,39.0994965798486
860,39.1049659794561
861,39.1104290229906
862,39.1158857252078
863,39.1213361008124
864,39.1267801644577
865,39.1322179307463
866,39.1376494142302
867,39.1430746294109
868,39.1484935907399
869,39.1539063126187
870,39.159312809399
871,39.1647130953833
872,39.1701071848246
873,39.1754950919271
874,39.1808768308461
875,39.1862524156884
876,39.1916218605125
877,39.1969851793285
878,39.202342386099
879,39.2076934947386
880,39.2130385191147
881,39.2183774730473
882,39.2237103703094
883,39.229037224627
884,39.2343580496799
885,39.2396728591011
886,39.2449816664777
887,39.2502844853506
888,39.255581329215
889,39.2608722115207
890,39.2661571456719
891,39.2714361450277
892,39.2767092229023
893,39.2819763925652
894,39.2872376672412
895,39.2924930601109
896,39.2977425843107
897,39.3029862529328
898,39.308224079026
899,39.3134560755954
900,39.3186822556027
901,39.3239026319663
902,39.3291172175618
903,39.334326025222
904,39.3395290677369
905,39.3447263578543
906,39.3499179082796
907,39.3551037316763
908,39.3602838406658
909,39.3654582478281
910,39.3706269657016
911,39.3757900067833
912,39.3809473835292
913,39.3860991083542
914,39.3912451936325
915,39.3963856516979
916,39.4015204948434
917,39.4066497353221
918,39.4117733853469
919,39.4168914570907
920,39.4220039626868
921,39.4271109142291
922,39.4322123237719
923,39.4373082033304
924,39.4423985648806
925,39.44748342036
926,39.4525627816671
927,39.4576366606619
928,39.4627050691662
929,39.4677680189634
930,39.4728255217991
931,39.4778775893808
932,39.4829242333785
933,39.4879654654244
934,39.4930012971137
935,39.4980317400039
936,39.5030568056158
937,39.5080765054333
938,39.5130908509032
939,39.5180998534361
940,39.5231035244059
941,39.5281018751504
942,39.5330949169712
943,39.5380826611339
944,39.5430651188683
945,39.5480423013686
946,39.5530142197933
947,39.5579808852656
948,39.5629423088738
949,39.5678985016706
950,39.5728494746741
951,39.5777952388677
952,39.5827358051998
953,39.5876711845847
954,39.5926013879022
955,39.5975264259979
956,39.6024463096833
957,39.6073610497361
958,39.6122706569003
959,39.6171751418859
960,39.6220745153699
961,39.6269687879955
962,39.6318579703732
963,39.6367420730799
964,39.6416211066599
965,39.6464950816246
966,39.6513640084527
967,39.6562278975906
968,39.6610867594519
969,39.6659406044183
970,39.6707894428393
971,39.6756332850322
972,39.6804721412828
973,39.6853060218448
974,39.6901349369405
975,39.6949588967608
976,39.6997779114651
977,39.7045919911816
978,39.7094011460075
979,39.714205386009
980,39.7190047212215
981,39.7237991616497
982,39.7285887172676
983,39.7333733980189
984,39.7381532138169
985,39.7429281745447
986,39.7476982900553
987,39.7524635701718
988,39.7572240246873
989,39.7619796633654
990,39.7667304959398
991,39.7714765321151
992,39.7762177815663
993,39.7809542539391
994,39.7856859588503
995,39.7904129058874
996,39.7951351046093
997,39.7998525645459
998,39.8045652951986
999,39.8092733060401
1000,39.8139766065148
1001,39.7921032270786
1002,39.7702516882645
1003,39.7484219465003
1004,39.7266139583438
1005,39.7048276804827
1006,39.6830630697339
1007,39.6613200830431
1008,39.6395986774841
1009,39.6178988102584
1010,39.5962204386946
1011,39.5745635202483
1012,39.5529280125008
1013,39.5313138731596
1014,39.509721060057
1015,39.4881495311501
1016,39.4665992445204
1017,39.4450701583728
1018,39.4235622310356
1019,39.4020754209599
1020,39.3806096867189
1021,39.3591649870078
1022,39.3377412806428
1023,39.3163385265613
1024,39.2949566838207
1025,39.2735957115986
1026,39.2522555691917
1027,39.2309362160161
1028,39.2096376116059
1029,39.1883597156136
1030,39.1671024878091
1031,39.1458658880794
1032,39.1246498764284
1033,39.1034544129758
1034,39.0822794579575
1035,39.0611249717244
1036,39.0399909147423
1037,39.0188772475918
1038,38.9977839309669
1039,38.9767109256756
1040,38.9556581926387
1041,38.93462569289
1042,38.9136133875752
1043,38.8926212379521
1044,38.8716492053897
1045,38.850697251368
1046,38.8297653374775
1047,38.808853425419
1048,38.7879614770026
1049,38.7670894541481
1050,38.7462373188839
1051,38.7254050333469
1052,38.704592559782
1053,38.6837998605417
1054,38.6630268980859
1055,38.642273634981
1056,38.6215400338999
1057,38.6008260576217
1058,38.5801316690309
1059,38.5594568311171
1060,38.5388015069749
1061,38.5181656598031
1062,38.4975492529048
1063,38.4769522496864
1064,38.4563746136578
1065,38.4358163084314
1066,38.4152772977224
1067,38.3947575453479
1068,38.3742570152267
1069,38.3537756713788
1070,38.3333134779254
1071,38.312870399088
1072,38.2924463991883
1073,38.2720414426479
1074,38.2516554939879
1075,38.2312885178281
1076,38.2109404788874
1077,38.1906113419829
1078,38.1703010720294
1079,38.1500096340397
1080,38.1297369931235
1081,38.1094831144875
1082,38.089247963435
1083,38.0690315053654
1084,38.0488337057738
1085,38.0286545302508
1086,38.0084939444823
1087,37.9883519142485
1088,37.9682284054245
1089,37.9481233839792
1090,37.9280368159751
1091,37.9079686675683
1092,37.8879189050078
1093,37.8678874946352
1094,37.8478744028847
1095,37.8278795962822
1096,37.8079030414454
1097,37.7879447050835
1098,37.7680045539963
1099,37.7480825550747
1100,37.7281786752997
1101,37.7082928817423
1102,37.6884251415634
1103,37.6685754220129
1104,37.64874369043
1105,37.6289299142426
1106,37.6091340609669
1107,37.5893560982072
1108,37.5695959936556
1109,37.5498537150915
1110,37.5301292303817
1111,37.5104225074795
1112,37.4907335144249
1113,37.4710622193439
1114,37.4514085904486
1115,37.4317725960365
1116,37.4121542044904
1117,37.3925533842781
1118,37.372970103952
1119,37.3534043321489
1120,37.3338560375895
1121,37.3143251890785
1122,37.2948117555038
1123,37.2753157058366
1124,37.2558370091309
1125,37.2363756345232
1126,37.2169315512325
1127,37.1975047285595
1128,37.1780951358866
1129,37.1587027426779
1130,37.1393275184782
1131,37.1199694329134
1132,37.1006284556898
1133,37.081304556594
1134,37.0619977054925
1135,37.0427078723317
1136,37.0234350271371
1137,37.0041791400134
1138,36.9849401811444
1139,36.9657181207922
1140,36.9465129292971
1141,36.9273245770778
1142,36.9081530346305
1143,36.8889982725288
1144,36.8698602614236
1145,36.8507389720428
1146,36.8316343751909
1147,36.8125464417487
1148,36.7934751426732
1149,36.7744204489975
1150,36.7553823318298
1151,36.736360762354
1152,36.7173557118291
1153,36.6983671515887
1154,36.6793950530411
1155,36.6604393876688
1156,36.6415001270284
1157,36.6225772427503
1158,36.6036707065385
1159,36.58478049017
1160,36.5659065654951
1161,36.5470489044368
1162,36.5282074789905
1163,36.509382261224
1164,36.4905732232771
1165,36.4717803373613
1166,36.4530035757598
1167,36.4342429108268
1168,36.4154983149878
1169,36.396769760739
1170,36.3780572206471
1171,36.3593606673493
1172,36.3406800735525
1173,36.3220154120338
1174,36.3033666556398
1175,36.2847337772864
1176,36.2661167499586
1177,36.2475155467103
1178,36.2289301406641
1179,36.210360505011
1180,36.1918066130102
1181,36.1732684379889
1182,36.1547459533418
1183,36.1362391325314
1184,36.1177479490874
1185,36.0992723766062
1186,36.0808123887516
1187,36.0623679592535
1188,36.0439390619084
1189,36.0255256705788
1190,36.0071277591934
1191,35.9887453017463
1192,35.9703782722971
1193,35.9520266449709
1194,35.9336903939576
1195,35.9153694935121
1196,35.8970639179537
1197,35.8787736416662
1198,35.8604986390977
1199,35.84223888476
1200,35.8239943532289
1201,35.8057650191435
1202,35.7875508572065
1203,35.7693518421834
1204,35.7511679489028
1205,35.732999152256
1206,35.7148454271967
1207,35.6967067487409
1208,35.6785830919667
1209,35.6604744320141
1210,35.6423807440846
1211,35.6243020034414
1212,35.6062381854087
1213,35.5881892653719
1214,35.5701552187774
1215,35.5521360211319
1216,35.5341316480028
1217,35.5161420750177
1218,35.4981672778642
1219,35.4802072322898
1220,35.4622619141017
1221,35.4443312991666
1222,35.4264153634103
1223,35.4085140828178
1224,35.390627433433
1225,35.3727553913584
1226,35.354897932755
1227,35.3370550338424
1228,35.3192266708978
1229,35.3014128202569
1230,35.2836134583126
1231,35.2658285615158
1232,35.2480581063744
1233,35.2303020694538
1234,35.2125604273763
1235,35.1948331568208
1236,35.1771202345231
1237,35.1594216372754
1238,35.1417373419259
1239,35.1240673253793
1240,35.1064115645958
1241,35.0887700365917
1242,35.0711427184384
1243,35.0535295872631
1244,35.0359306202478
1245,35.0183457946298
1246,35.0007750877011
1247,34.9832184768084
1248,34.9656759393528
1249,34.9481474527897
1250,34.9306329946287
1251,34.9131325424333
1252,34.8956460738209
1253,34.8781735664624
1254,34.860714998082
1255,34.8432703464576
1256,34.8258395894197
1257,34.8084227048521
1258,34.7910196706912
1259,34.773630464926
1260,34.7562550655979
1261,34.7388934508007
1262,34.7215455986802
1263,34.7042114874341
1264,34.6868910953119
1265,34.6695844006147
1266,34.652291381695
1267,34.6350120169567
1268,34.6177462848548
1269,34.600494163895
1270,34.5832556326342
1271,34.5660306696796
1272,34.5488192536889
1273,34.5316213633704
1274,34.5144369774822
1275,34.4972660748328
1276,34.48010863428
1277,34.4629646347318
1278,34.4458340551455
1279,34.4287168745277
1280,34.4116130719345
1281,34.3945226264708
1282,34.3774455172905
1283,34.3603817235963
1284,34.3433312246395
1285,34.3262939997197
1286,34.3092700281852
1287,34.292259289432
1288,34.2752617629045
1289,34.2582774280946
1290,34.2413062645422
1291,34.2243482518346
1292,34.2074033696066
1293,34.1904715975403
1294,34.1735529153648
1295,34.1566473028562
1296,34.1397547398375
1297,34.1228752061784
1298,34.1060086817951
1299,34.0891551466502
1300,34.0723145807525
1301,34.0554869641571
1302,34.0386722769649
1303,34.0218704993226
1304,34.0050816114228
1305,33.9883055935035
1306,33.9715424258481
1307,33.9547920887854
1308,33.9380545626892
1309,33.9213298279783
1310,33.9046178651164
1311,33.8879186546121
1312,33.8712321770182
1313,33.8545584129324
1314,33.8378973429962
1315,33.8212489478958
1316,33.8046132083611
1317,33.787990105166
1318,33.7713796191283
1319,33.7547817311093
1320,33.7381964220138
1321,33.72162367279
1322,33.7050634644296
1323,33.688515777967
1324,33.6719805944799
1325,33.6554578950887
1326,33.6389476609566
1327,33.6224498732895
1328,33.6059645133355
1329,33.5894915623852
1330,33.5730310017716
1331,33.5565828128695
1332,33.5401469770958
1333,33.5237234759091
1334,33.5073122908101
1335,33.4909134033405
1336,33.474526795084
1337,33.4581524476653
1338,33.4417903427506
1339,33.4254404620468
1340,33.4091027873021
1341,33.3927773003055
1342,33.3764639828866
1343,33.3601628169157
1344,33.3438737843036
1345,33.3275968670013
1346,33.3113320470002
1347,33.2950793063319
1348,33.2788386270677
1349,33.2626099913192
1350,33.2463933812373
1351,33.2301887790129
1352,33.2139961668764
1353,33.1978155270975
1354,33.1816468419851
1355,33.1654900938876
1356,33.1493452651922
1357,33.1332123383252
1358,33.1170912957515
1359,33.1009821199751
1360,33.0848847935384
1361,33.0687992990221
1362,33.0527256190457
1363,33.0366637362667
1364,33.0206136333807
1365,33.0045752931216
1366,32.988548698261
1367,32.9725338316085
1368,32.9565306760112
1369,32.940539214354
1370,32.9245594295593
1371,32.9085913045866
1372,32.8926348224331
1373,32.8766899661327
1374,32.8607567187568
1375,32.8448350634135
1376,32.8289249832478
1377,32.8130264614414
1378,32.7971394812126
1379,32.7812640258163
1380,32.7654000785438
1381,32.7495476227227
1382,32.7337066417169
1383,32.7178771189261
1384,32.7020590377864
1385,32.6862523817694
1386,32.6704571343828
1387,32.6546732791699
1388,32.6389007997095
1389,32.6231396796158
1390,32.6073899025387
1391,32.5916514521631
1392,32.5759243122092
1393,32.5602084664321
1394,32.5445038986221
1395,32.5288105926043
1396,32.5131285322384
1397,32.4974577014191
1398,32.4817980840754
1399,32.4661496641708
1400,32.4505124257034
1401,32.4348863527052
1402,32.4192714292429
1403,32.4036676394167
1404,32.3880749673612
1405,32.3724933972447
1406,32.3569229132695
1407,32.3413634996712
1408,32.3258151407194
1409,32.310277820717
1410,32.2947515240005
1411,32.2792362349393
1412,32.2637319379366
1413,32.2482386174281
1414,32.2327562578832
1415,32.2172848438036
1416,32.2018243597243
1417,32.1863747902128
1418,32.1709361198695
1419,32.1555083333271
1420,32.1400914152509
1421,32.1246853503386
1422,32.1092901233203
1423,32.093905718958
1424,32.0785321220462
1425,32.063169317411
1426,32.0478172899108
1427,32.0324760244356
1428,32.0171455059074
1429,32.0018257192797
1430,31.9865166495374
1431,31.9712182816973
1432,31.9559306008073
1433,31.9406535919468
1434,31.9253872402261
1435,31.9101315307871
1436,31.8948864488024
1437,31.8796519794756
1438,31.8644281080415
1439,31.8492148197652
1440,31.8340120999429
1441,31.8188199339013
1442,31.8036383069976
1443,31.7884672046194
1444,31.7733066121849
1445,31.7581565151423
1446,31.7430168989701
1447,31.727887749177
1448,31.7127690513017
1449,31.6976607909129
1450,31.6825629536089
1451,31.6674755250182
1452,31.6523984907987
1453,31.6373318366379
1454,31.6222755482531
1455,31.6072296113909
1456,31.5921940118272
1457,31.5771687353674
1458,31.5621537678459
1459,31.5471490951264
1460,31.5321547031016
1461,31.5171705776932
1462,31.5021967048517
1463,31.4872330705565
1464,31.4722796608158
1465,31.4573364616663
1466,31.4424034591735
1467,31.4274806394312
1468,31.4125679885618
1469,31.3976654927159
1470,31.3827731380724
1471,31.3678909108385
1472,31.3530187972495
1473,31.3381567835685
1474,31.323304856087
1475,31.3084630011241
1476,31.2936312050267
1477,31.2788094541695
1478,31.263997734955
1479,31.249196033813
1480,31.2344043372012
1481,31.2196226316044
1482,31.2048509035349
1483,31.1900891395323
1484,31.1753373261634
1485,31.1605954500222
1486,31.1458634977297
1487,31.1311414559339
1488,31.1164293113099
1489,31.1017270505593
1490,31.0870346604109
1491,31.07235212762
1492,31.0576794389684
1493,31.0430165812647
1494,31.0283635413439
1495,31.0137203060675
1496,30.9990868623233
1497,30.9844631970253
1498,30.9698492971139
1499,30.9552451495556
1500,30.9406507413427
1501,30.926066059494
1502,30.9114910910537
1503,30.8969258230924
1504,30.8823702427061
1505,30.8678243370167
1506,30.8532880931716
1507,30.8387614983441
1508,30.8242445397328
1509,30.8097372045618
1510,30.7952394800806
1511,30.7807513535639
1512,30.766272812312
1513,30.75180384365
1514,30.7373444349284
1515,30.7228945735225
1516,30.7084542468329
1517,30.6940234422849
1518,30.6796021473287
1519,30.6651903494394
1520,30.6507880361166
1521,30.6363951948849
1522,30.6220118132931
1523,30.6076378789149
1524,30.5932733793483
1525,30.5789183022156
1526,30.5645726351636
1527,30.5502363658635
1528,30.5359094820103
1529,30.5215919713236
1530,30.5072838215468
1531,30.4929850204474
1532,30.4786955558169
1533,30.4644154154707
1534,30.450144587248
1535,30.4358830590117
1536,30.4216308186486
1537,30.407387854069
1538,30.3931541532068
1539,30.3789297040196
1540,30.3647144944882
1541,30.3505085126171
1542,30.3363117464338
1543,30.3221241839894
1544,30.307945813358
1545,30.293776622637
1546,30.2796165999468
1547,30.2654657334311
1548,30.2513240112562
1549,30.2371914216117
1550,30.2230679527097
1551,30.2089535927853
1552,30.1948483300965
1553,30.1807521529238
1554,30.1666650495702
1555,30.1525870083616
1556,30.1385180176462
1557,30.1244580657948
1558,30.1104071412003
1559,30.0963652322783
1560,30.0823323274666
1561,30.068308415225
1562,30.0542934840358
1563,30.0402875224031
1564,30.0262905188533
1565,30.0123024619347
1566,29.9983233402176
1567,29.984353142294
1568,29.970391856778
1569,29.9564394723054
1570,29.9424959775336
1571,29.9285613611417
1572,29.9146356118305
1573,29.9007187183223
1574,29.886810669361
1575,29.8729114537118
1576,29.8590210601613
1577,29.8451394775176
1578,29.8312666946099
1579,29.8174027002887
1580,29.8035474834257
1581,29.7897010329138
1582,29.7758633376667
1583,29.7620343866194
1584,29.7482141687278
1585,29.7344026729686
1586,29.7205998883395
1587,29.7068058038588
1588,29.6930204085657
1589,29.6792436915202
1590,29.6654756418028
1591,29.6517162485145
1592,29.6379655007771
1593,29.6242233877327
1594,29.610489898544
1595,29.5967650223938
1596,29.5830487484857
1597,29.5693410660431
1598,29.55564196431
1599,29.5419514325503
1600,29.5282694600483
1601,29.5145960361083
1602,29.5009311500546
1603,29.4872747912313
1604,29.4736269490029
1605,29.4599876127533
1606,29.4463567718865
1607,29.4327344158263
1608,29.4191205340162
1609,29.4055151159192
1610,29.3919181510183
1611,29.3783296288158
1612,29.3647495388336
1613,29.3511778706131
1614,29.3376146137153
1615,29.3240597577205
1616,29.3105132922282
1617,29.2969752068573
1618,29.2834454912461
1619,29.2699241350519
1620,29.2564111279514
1621,29.24290645964
1622,29.2294101198326
1623,29.2159220982629
1624,29.2024423846836
1625,29.1889709688664
1626,29.1755078406017
1627,29.1620529896989
1628,29.1486064059861
1629,29.1351680793102
1630,29.1217379995367
1631,29.1083161565498
1632,29.0949025402524
1633,29.0814971405658
1634,29.0680999474299
1635,29.054710950803
1636,29.0413301406618
1637,29.0279575070016
1638,29.0145930398357
1639,29.0012367291958
1640,28.9878885651321
1641,28.9745485377126
1642,28.9612166370236
1643,28.9478928531697
1644,28.9345771762733
1645,28.9212695964749
1646,28.9079701039331
1647,28.8946786888242
1648,28.8813953413426
1649,28.8681200517004
1650,28.8548528101276
1651,28.8415936068719
1652,28.8283424321988
1653,28.8150992763913
1654,28.8018641297501
1655,28.7886369825937
1656,28.7754178252579
1657,28.762206648096
1658,28.7490034414789
1659,28.7358081957948
1660,28.7226209014493
1661,28.7094415488654
1662,28.6962701284835
1663,28.6831066307608
1664,28.6699510461722
1665,28.6568033652096
1666,28.6436635783819
1667,28.6305316762153
1668,28.6174076492528
1669,28.6042914880546
1670,28.5911831831978
1671,28.5780827252765
1672,28.5649901049015
1673,28.5519053127006
1674,28.5388283393183
1675,28.525759175416
1676,28.5126978116716
1677,28.4996442387799
1678,28.4865984474523
1679,28.4735604284166
1680,28.4605301724174
1681,28.4475076702158
1682,28.4344929125892
1683,28.4214858903317
1684,28.4084865942535
1685,28.3954950151816
1686,28.3825111439588
1687,28.3695349714445
1688,28.3565664885145
1689,28.3436056860604
1690,28.3306525549903
1691,28.3177070862282
1692,28.3047692707145
1693,28.2918390994054
1694,28.2789165632731
1695,28.2660016533061
1696,28.2530943605084
1697,28.2401946759002
1698,28.2273025905176
1699,28.2144180954124
1700,28.2015411816522
1701,28.1886718403204
1702,28.1758100625161
1703,28.1629558393542
1704,28.1501091619649
1705,28.1372700214946
1706,28.1244384091046
1707,28.1116143159723
1708,28.0987977332903
1709,28.0859886522666
1710,28.073187064125
1711,28.0603929601043
1712,28.0476063314589
1713,28.0348271694584
1714,28.0220554653876
1715,28.0092912105469
1716,27.9965343962515
1717,27.983785013832
1718,27.9710430546342
1719,27.9583085100187
1720,27.9455813713617
1721,27.9328616300538
1722,27.9201492775011
1723,27.9074443051245
1724,27.8947467043598
1725,27.8820564666576
1726,27.8693735834837
1727,27.8566980463184
1728,27.844029846657
1729,27.8313689760093
1730,27.8187154259002
1731,27.806069187869
1732,27.7934302534697
1733,27.780798614271
1734,27.7681742618563
1735,27.7555571878233
1736,27.7429473837844
1737,27.7303448413664
1738,27.7177495522106
1739,27.7051615079728
1740,27.692580700323
1741,27.6800071209458
1742,27.6674407615399
1743,27.6548816138184
1744,27.6423296695086
1745,27.6297849203522
1746,27.617247358105
1747,27.6047169745367
1748,27.5921937614315
1749,27.5796777105876
1750,27.5671688138172
1751,27.5546670629465
1752,27.5421724498157
1753,27.5296849662791
1754,27.5172046042049
1755,27.504731355475
1756,27.4922652119855
1757,27.4798061656461
1758,27.4673542083804
1759,27.4549093321257
1760,27.4424715288332
1761,27.4300407904677
1762,27.4176171090077
1763,27.4052004764454
1764,27.3927908847865
1765,27.3803883260504
1766,27.3679927922701
1767,27.355604275492
1768,27.3432227677761
1769,27.3308482611958
1770,27.3184807478381
1771,27.3061202198032
1772,27.2937666692047
1773,27.2814200881697
1774,27.2690804688385
1775,27.2567478033647
1776,27.2444220839152
1777,27.2321033026701
1778,27.2197914518227
1779,27.2074865235795
1780,27.19518851016
1781,27.182897403797
1782,27.1706131967362
1783,27.1583358812366
1784,27.14606544957
1785,27.1338018940213
1786,27.1215452068882
1787,27.1092953804815
1788,27.097052407125
1789,27.0848162791551
1790,27.0725869889212
1791,27.0603645287855
1792,27.048148891123
1793,27.0359400683216
1794,27.0237380527815
1795,27.0115428369162
1796,26.9993544131513
1797,26.9871727739256
1798,26.9749979116899
1799,26.9628298189082
1800,26.9506684880568
1801,26.9385139116243
1802,26.9263660821123
1803,26.9142249920344
1804,26.902090633917
1805,26.8899630002987
1806,26.8778420837307
1807,26.8657278767764
1808,26.8536203720117
1809,26.8415195620246
1810,26.8294254394156
1811,26.8173379967973
1812,26.8052572267946
1813,26.7931831220447
1814,26.7811156751969
1815,26.7690548789125
1816,26.7570007258652
1817,26.7449532087406
1818,26.7329123202366
1819,26.7208780530628
1820,26.7088503999411
1821,26.6968293536053
1822,26.6848149068011
1823,26.6728070522864
1824,26.6608057828307
1825,26.6488110912155
1826,26.6368229702342
1827,26.624841412692
1828,26.6128664114061
1829,26.6008979592051
1830,26.5889360489296
1831,26.576980673432
1832,26.5650318255763
1833,26.5530894982382
1834,26.541153684305
1835,26.5292243766757
1836,26.5173015682609
1837,26.5053852519827
1838,26.493475420775
1839,26.4815720675829
1840,26.4696751853633
1841,26.4577847670843
1842,26.4459008057257
1843,26.4340232942786
1844,26.4221522257456
1845,26.4102875931405
1846,26.3984293894886
1847,26.3865776078266
1848,26.3747322412023
1849,26.3628932826749
1850,26.351060725315
1851,26.3392345622042
1852,26.3274147864353
1853,26.3156013911125
1854,26.303794369351
1855,26.2919937142772
1856,26.2801994190286
1857,26.2684114767538
1858,26.2566298806124
1859,26.2448546237752
1860,26.2330856994237
1861,26.2213231007508
1862,26.2095668209601
1863,26.1978168532663
1864,26.1860731908948
1865,26.1743358270822
1866,26.1626047550757
1867,26.1508799681335
1868,26.1391614595247
1869,26.127449222529
1870,26.1157432504371
1871,26.1040435365503
1872,26.0923500741807
1873,26.080662856651
1874,26.068981877295
1875,26.0573071294566
1876,26.0456386064907
1877,26.0339763017627
1878,26.0223202086488
1879,26.0106703205355
1880,25.9990266308199
1881,25.9873891329099
1882,25.9757578202236
1883,25.9641326861898
1884,25.9525137242476
1885,25.9409009278467
1886,25.929294290447
1887,25.9176938055191
1888,25.9060994665438
1889,25.8945112670122
1890,25.8829292004258
1891,25.8713532602966
1892,25.8597834401465
1893,25.8482197335081
1894,25.8366621339239
1895,25.8251106349468
1896,25.8135652301398
1897,25.8020259130762
1898,25.7904926773393
1899,25.7789655165229
1900,25.7674444242305
1901,25.7559293940758
1902,25.7444204196827
1903,25.7329174946851
1904,25.7214206127269
1905,25.7099297674621
1906,25.6984449525545
1907,25.6869661616781
1908,25.6754933885168
1909,25.6640266267642
1910,25.6525658701242
1911,25.6411111123101
1912,25.6296623470456
1913,25.6182195680638
1914,25.6067827691079
1915,25.5953519439307
1916,25.5839270862951
1917,25.5725081899734
1918,25.5610952487478
1919,25.5496882564102
1920,25.5382872067624
1921,25.5268920936156
1922,25.5155029107907
1923,25.5041196521184
1924,25.4927423114389
1925,25.4813708826021
1926,25.4700053594673
1927,25.4586457359036
1928,25.4472920057895
1929,25.4359441630131
1930,25.4246022014718
1931,25.4132661150727
1932,25.4019358977323
1933,25.3906115433766
1934,25.379293045941
1935,25.3679803993701
1936,25.3566735976181
1937,25.3453726346486
1938,25.3340775044345
1939,25.3227882009579
1940,25.3115047182104
1941,25.3002270501927
1942,25.2889551909148
1943,25.2776891343962
1944,25.2664288746654
1945,25.2551744057601
1946,25.2439257217272
1947,25.232682816623
1948,25.2214456845127
1949,25.2102143194706
1950,25.1989887155804
1951,25.1877688669347
1952,25.1765547676353
1953,25.1653464117928
1954,25.1541437935271
1955,25.1429469069672
1956,25.1317557462507
1957,25.1205703055247
1958,25.1093905789449
1959,25.098216560676
1960,25.0870482448919
1961,25.075885625775
1962,25.064728697517
1963,25.0535774543183
1964,25.042431890388
1965,25.0312919999443
1966,25.0201577772142
1967,25.0090292164332
1968,24.9979063118461
1969,24.9867890577061
1970,24.9756774482751
1971,24.9645714778241
1972,24.9534711406325
1973,24.9423764309885
1974,24.931287343189
1975,24.9202038715395
1976,24.9091260103543
1977,24.8980537539562
1978,24.8869870966766
1979,24.8759260328556
1980,24.8648705568417
1981,24.8538206629921
1982,24.8427763456726
1983,24.8317375992575
1984,24.8207044181294
1985,24.8096767966795
1986,24.7986547293078
1987,24.7876382104222
1988,24.7766272344394
1989,24.7656217957845
1990,24.7546218888909
1991,24.7436275082005
1992,24.7326386481633
1993,24.7216553032382
1994,24.7106774678918
1995,24.6997051365995
1996,24.6887383038448
1997,24.6777769641195
1998,24.6668211119236
1999,24.6558707417657
2000,24.6449258481622
2001,24.6410422789658
2002,24.6371606500989
2003,24.6332809596235
2004,24.6294032056046
2005,24.6255273861102
2006,24.6216534992109
2007,24.6177815429804
2008,24.6139115154954
2009,24.6100434148352
2010,24.6061772390821
2011,24.6023129863212
2012,24.5984506546406
2013,24.5945902421311
2014,24.5907317468864
2015,24.586875167003
2016,24.5830205005804
2017,24.5791677457206
2018,24.5753169005287
2019,24.5714679631126
2020,24.5676209315829
2021,24.563775804053
2022,24.5599325786392
2023,24.5560912534605
2024,24.5522518266389
2025,24.5484142962988
2026,24.5445786605677
2027,24.5407449175757
2028,24.5369130654559
2029,24.5330831023438
2030,24.5292550263779
2031,24.5254288356995
2032,24.5216045284524
2033,24.5177821027834
2034,24.5139615568419
2035,24.51014288878
2036,24.5063260967525
2037,24.5025111789172
2038,24.4986981334343
2039,24.4948869584667
2040,24.4910776521803
2041,24.4872702127434
2042,24.4834646383271
2043,24.4796609271052
2044,24.4758590772542
2045,24.4720590869531
2046,24.468260954384
2047,24.4644646777311
2048,24.4606702551816
2049,24.4568776849254
2050,24.4530869651549
2051,24.4492980940652
2052,24.4455110698539
2053,24.4417258907216
2054,24.437942554871
2055,24.434161060508
2056,24.4303814058406
2057,24.4266035890798
2058,24.422827608439
2059,24.4190534621342
2060,24.4152811483842
2061,24.4115106654101
2062,24.4077420114359
2063,24.4039751846879
2064,24.4002101833952
2065,24.3964470057892
2066,24.3926856501043
2067,24.388926114577
2068,24.3851683974466
2069,24.3814124969551
2070,24.3776584113466
2071,24.3739061388682
2072,24.3701556777693
2073,24.3664070263018
2074,24.3626601827204
2075,24.358915145282
2076,24.3551719122462
2077,24.351430481875
2078,24.3476908524331
2079,24.3439530221876
2080,24.3402169894079
2081,24.3364827523663
2082,24.3327503093372
2083,24.3290196585978
2084,24.3252907984276
2085,24.3215637271086
2086,24.3178384429252
2087,24.3141149441645
2088,24.3103932291158
2089,24.306673296071
2090,24.3029551433245
2091,24.2992387691731
2092,24.2955241719158
2093,24.2918113498544
2094,24.2881003012931
2095,24.2843910245382
2096,24.2806835178987
2097,24.2769777796861
2098,24.273273808214
2099,24.2695716017986
2100,24.2658711587587
2101,24.2621724774151
2102,24.2584755560912
2103,24.2547803931128
2104,24.2510869868082
2105,24.2473953355078
2106,24.2437054375445
2107,24.2400172912538
2108,24.2363308949732
2109,24.2326462470429
2110,24.2289633458051
2111,24.2252821896047
2112,24.2216027767888
2113,24.2179251057069
2114,24.2142491747107
2115,24.2105749821544
2116,24.2069025263944
2117,24.2032318057896
2118,24.1995628187011
2119,24.1958955634923
2120,24.1922300385291
2121,24.1885662421794
2122,24.1849041728136
2123,24.1812438288046
2124,24.1775852085271
2125,24.1739283103586
2126,24.1702731326786
2127,24.166619673869
2128,24.1629679323138
2129,24.1593179063996
2130,24.155669594515
2131,24.1520229950509
2132,24.1483781064007
2133,24.1447349269597
2134,24.1410934551257
2135,24.1374536892988
2136,24.1338156278811
2137,24.1301792692771
2138,24.1265446118936
2139,24.1229116541395
2140,24.119280394426
2141,24.1156508311666
2142,24.1120229627768
2143,24.1083967876746
2144,24.1047723042799
2145,24.1011495110151
2146,24.0975284063047
2147,24.0939089885754
2148,24.090291256256
2149,24.0866752077776
2150,24.0830608415735
2151,24.0794481560792
2152,24.0758371497323
2153,24.0722278209726
2154,24.0686201682421
2155,24.0650141899849
2156,24.0614098846475
2157,24.0578072506782
2158,24.0542062865277
2159,24.0506069906489
2160,24.0470093614966
2161,24.0434133975279
2162,24.0398190972022
2163,24.0362264589807
2164,24.032635481327
2165,24.0290461627066
2166,24.0254585015874
2167,24.0218724964393
2168,24.0182881457342
2169,24.0147054479462
2170,24.0111244015516
2171,24.0075450050287
2172,24.0039672568579
2173,24.0003911555218
2174,23.996816699505
2175,23.9932438872941
2176,23.9896727173781
2177,23.9861031882477
2178,23.982535298396
2179,23.978969046318
2180,23.9754044305108
2181,23.9718414494736
2182,23.9682801017075
2183,23.964720385716
2184,23.9611623000044
2185,23.9576058430801
2186,23.9540510134525
2187,23.9504978096332
2188,23.9469462301357
2189,23.9433962734755
2190,23.9398479381704
2191,23.9363012227399
2192,23.9327561257058
2193,23.9292126455916
2194,23.9256707809232
2195,23.9221305302283
2196,23.9185918920366
2197,23.9150548648799
2198,23.9115194472919
2199,23.9079856378084
2200,23.9044534349672
2201,23.9009228373079
2202,23.8973938433723
2203,23.8938664517042
2204,23.8903406608493
2205,23.8868164693552
2206,23.8832938757716
2207,23.8797728786501
2208,23.8762534765444
2209,23.87273566801
2210,23.8692194516044
2211,23.8657048258871
2212,23.8621917894196
2213,23.8586803407652
2214,23.8551704784893
2215,23.8516622011592
2216,23.8481555073441
2217,23.8446503956151
2218,23.8411468645453
2219,23.8376449127098
2220,23.8341445386855
2221,23.8306457410512
2222,23.8271485183878
2223,23.823652869278
2224,23.8201587923063
2225,23.8166662860594
2226,23.8131753491256
2227,23.8096859800952
2228,23.8061981775605
2229,23.8027119401156
2230,23.7992272663566
2231,23.7957441548813
2232,23.7922626042895
2233,23.7887826131829
2234,23.7853041801651
2235,23.7818273038414
2236,23.7783519828192
2237,23.7748782157077
2238,23.7714060011178
2239,23.7679353376625
2240,23.7644662239565
2241,23.7609986586164
2242,23.7575326402606
2243,23.7540681675096
2244,23.7506052389853
2245,23.7471438533119
2246,23.743684009115
2247,23.7402257050225
2248,23.7367689396638
2249,23.7333137116702
2250,23.7298600196749
2251,23.7264078623128
2252,23.7229572382208
2253,23.7195081460374
2254,23.716060584403
2255,23.7126145519599
2256,23.7091700473522
2257,23.7057270692256
2258,23.7022856162277
2259,23.6988456870081
2260,23.695407280218
2261,23.6919703945103
2262,23.6885350285399
2263,23.6851011809633
2264,23.6816688504389
2265,23.6782380356269
2266,23.6748087351892
2267,23.6713809477894
2268,23.6679546720931
2269,23.6645299067674
2270,23.6611066504813
2271,23.6576849019056
2272,23.6542646597128
2273,23.6508459225771
2274,23.6474286891745
2275,23.6440129581827
2276,23.6405987282814
2277,23.6371859981516
2278,23.6337747664764
2279,23.6303650319404
2280,23.6269567932301
2281,23.6235500490336
2282,23.6201447980409
2283,23.6167410389435
2284,23.6133387704347
2285,23.6099379912097
2286,23.6065386999651
2287,23.6031408953995
2288,23.5997445762129
2289,23.5963497411073
2290,23.5929563887863
2291,23.589564517955
2292,23.5861741273206
2293,23.5827852155916
2294,23.5793977814784
2295,23.576011823693
2296,23.5726273409492
2297,23.5692443319624
2298,23.5658627954496
2299,23.5624827301295
2300,23.5591041347227
2301,23.5557270079512
2302,23.5523513485388
2303,23.5489771552108
2304,23.5456044266944
2305,23.5422331617183
2306,23.5388633590128
2307,23.5354950173102
2308,23.5321281353439
2309,23.5287627118494
2310,23.5253987455637
2311,23.5220362352253
2312,23.5186751795746
2313,23.5153155773533
2314,23.5119574273051
2315,23.5086007281751
2316,23.5052454787101
2317,23.5018916776584
2318,23.4985393237701
2319,23.4951884157969
2320,23.4918389524919
2321,23.4884909326101
2322,23.4851443549079
2323,23.4817992181434
2324,23.4784555210763
2325,23.4751132624678
2326,23.4717724410809
2327,23.46843305568
2328,23.4650951050312
2329,23.4617585879022
2330,23.4584235030622
2331,23.455089849282
2332,23.451757625334
2333,23.4484268299923
2334,23.4450974620324
2335,23.4417695202315
2336,23.4384430033682
2337,23.4351179102228
2338,23.4317942395772
2339,23.4284719902149
2340,23.4251511609206
2341,23.4218317504811
2342,23.4185137576843
2343,23.41519718132
2344,23.4118820201792
2345,23.4085682730547
2346,23.4052559387408
2347,23.4019450160334
2348,23.3986355037296
2349,23.3953274006285
2350,23.3920207055305
2351,23.3887154172375
2352,23.385411534553
2353,23.382109056282
2354,23.378807981231
2355,23.3755083082082
2356,23.372210036023
2357,23.3689131634865
2358,23.3656176894114
2359,23.3623236126118
2360,23.3590309319033
2361,23.3557396461029
2362,23.3524497540294
2363,23.3491612545028
2364,23.3458741463448
2365,23.3425884283785
2366,23.3393040994285
2367,23.3360211583209
2368,23.3327396038833
2369,23.3294594349447
2370,23.3261806503358
2371,23.3229032488885
2372,23.3196272294364
2373,23.3163525908145
2374,23.3130793318592
2375,23.3098074514084
2376,23.3065369483016
2377,23.3032678213795
2378,23.3000000694847
2379,23.2967336914607
2380,23.2934686861529
2381,23.290205052408
2382,23.2869427890741
2383,23.2836818950008
2384,23.2804223690392
2385,23.2771642100418
2386,23.2739074168624
2387,23.2706519883566
2388,23.267397923381
2389,23.264145220794
2390,23.2608938794553
2391,23.2576438982259
2392,23.2543952759685
2393,23.2511480115469
2394,23.2479021038266
2395,23.2446575516744
2396,23.2414143539585
2397,23.2381725095486
2398,23.2349320173158
2399,23.2316928761325
2400,23.2284550848727
2401,23.2252186424116
2402,23.2219835476259
2403,23.2187497993938
2404,23.2155173965947
2405,23.2122863381095
2406,23.2090566228207
2407,23.2058282496117
2408,23.2026012173678
2409,23.1993755249754
2410,23.1961511713223
2411,23.1929281552979
2412,23.1897064757926
2413,23.1864861316986
2414,23.1832671219092
2415,23.1800494453192
2416,23.1768331008247
2417,23.1736180873232
2418,23.1704044037136
2419,23.167192048896
2420,23.1639810217722
2421,23.160771321245
2422,23.1575629462188
2423,23.1543558955992
2424,23.1511501682934
2425,23.1479457632096
2426,23.1447426792576
2427,23.1415409153484
2428,23.1383404703946
2429,23.1351413433099
2430,23.1319435330093
2431,23.1287470384094
2432,23.1255518584279
2433,23.1223579919839
2434,23.1191654379979
2435,23.1159741953917
2436,23.1127842630884
2437,23.1095956400125
2438,23.1064083250896
2439,23.1032223172469
2440,23.1000376154128
2441,23.096854218517
2442,23.0936721254905
2443,23.0904913352657
2444,23.0873118467762
2445,23.0841336589571
2446,23.0809567707445
2447,23.0777811810762
2448,23.0746068888908
2449,23.0714338931287
2450,23.0682621927313
2451,23.0650917866414
2452,23.061922673803
2453,23.0587548531616
2454,23.0555883236637
2455,23.0524230842573
2456,23.0492591338916
2457,23.0460964715171
2458,23.0429350960857
2459,23.0397750065504
2460,23.0366162018654
2461,23.0334586809866
2462,23.0303024428706
2463,23.0271474864758
2464,23.0239938107615
2465,23.0208414146884
2466,23.0176902972185
2467,23.014540457315
2468,23.0113918939424
2469,23.0082446060664
2470,23.0050985926541
2471,23.0019538526737
2472,22.9988103850947
2473,22.9956681888879
2474,22.9925272630252
2475,22.9893876064799
2476,22.9862492182265
2477,22.9831120972408
2478,22.9799762424998
2479,22.9768416529815
2480,22.9737083276656
2481,22.9705762655327
2482,22.9674454655646
2483,22.9643159267447
2484,22.9611876480571
2485,22.9580606284876
2486,22.954934867023
2487,22.9518103626513
2488,22.9486871143618
2489,22.9455651211449
2490,22.9424443819925
2491,22.9393248958974
2492,22.9362066618537
2493,22.9330896788568
2494,22.9299739459032
2495,22.9268594619908
2496,22.9237462261184
2497,22.9206342372863
2498,22.9175234944958
2499,22.9144139967494
2500,22.911305743051
2501,22.9081987324055
2502,22.9050929638191
2503,22.901988436299
2504,22.8988851488539
2505,22.8957831004935
2506,22.8926822902286
2507,22.8895827170714
2508,22.8864843800351
2509,22.8833872781342
2510,22.8802914103843
2511,22.8771967758022
2512,22.874103373406
2513,22.8710112022147
2514,22.8679202612487
2515,22.8648305495295
2516,22.8617420660797
2517,22.8586548099233
2518,22.855568780085
2519,22.8524839755913
2520,22.8494003954692
2521,22.8463180387473
2522,22.8432369044553
2523,22.8401569916239
2524,22.837078299285
2525,22.8340008264717
2526,22.8309245722183
2527,22.8278495355601
2528,22.8247757155336
2529,22.8217031111766
2530,22.8186317215277
2531,22.815561545627
2532,22.8124925825156
2533,22.8094248312357
2534,22.8063582908305
2535,22.8032929603447
2536,22.8002288388238
2537,22.7971659253146
2538,22.7941042188649
2539,22.7910437185237
2540,22.7879844233413
2541,22.7849263323687
2542,22.7818694446584
2543,22.7788137592638
2544,22.7757592752396
2545,22.7727059916414
2546,22.7696539075261
2547,22.7666030219516
2548,22.763553333977
2549,22.7605048426625
2550,22.7574575470692
2551,22.7544114462595
2552,22.7513665392969
2553,22.748322825246
2554,22.7452803031725
2555,22.742238972143
2556,22.7391988312255
2557,22.7361598794889
2558,22.7331221160033
2559,22.7300855398397
2560,22.7270501500705
2561,22.7240159457689
2562,22.7209829260093
2563,22.7179510898672
2564,22.7149204364191
2565,22.7118909647428
2566,22.7088626739169
2567,22.7058355630212
2568,22.7028096311365
2569,22.699784877345
2570,22.6967613007294
2571,22.6937389003741
2572,22.690717675364
2573,22.6876976247854
2574,22.6846787477256
2575,22.681661043273
2576,22.678644510517
2577,22.675629148548
2578,22.6726149564576
2579,22.6696019333384
2580,22.666590078284
2581,22.6635793903891
2582,22.6605698687495
2583,22.6575615124619
2584,22.6545543206243
2585,22.6515482923355
2586,22.6485434266954
2587,22.6455397228051
2588,22.6425371797666
2589,22.6395357966829
2590,22.6365355726581
2591,22.6335365067975
2592,22.6305385982071
2593,22.6275418459942
2594,22.6245462492671
2595,22.621551807135
2596,22.6185585187083
2597,22.6155663830982
2598,22.6125753994171
2599,22.6095855667785
2600,22.6065968842968
2601,22.6036093510873
2602,22.6006229662665
2603,22.597637728952
2604,22.5946536382621
2605,22.5916706933164
2606,22.5886888932355
2607,22.5857082371408
2608,22.5827287241549
2609,22.5797503534013
2610,22.5767731240046
2611,22.5737970350904
2612,22.5708220857853
2613,22.5678482752167
2614,22.5648756025133
2615,22.5619040668047
2616,22.5589336672213
2617,22.5559644028949
2618,22.5529962729579
2619,22.550029276544
2620,22.5470634127876
2621,22.5440986808243
2622,22.5411350797906
2623,22.5381726088241
2624,22.5352112670632
2625,22.5322510536475
2626,22.5292919677174
2627,22.5263340084144
2628,22.5233771748809
2629,22.5204214662603
2630,22.517466881697
2631,22.5145134203364
2632,22.5115610813248
2633,22.5086098638095
2634,22.5056597669389
2635,22.5027107898621
2636,22.4997629317294
2637,22.4968161916919
2638,22.4938705689019
2639,22.4909260625125
2640,22.4879826716777
2641,22.4850403955526
2642,22.4820992332931
2643,22.4791591840563
2644,22.4762202470001
2645,22.4732824212833
2646,22.4703457060657
2647,22.4674101005082
2648,22.4644756037724
2649,22.4615422150211
2650,22.4586099334179
2651,22.4556787581273
2652,22.4527486883149
2653,22.4498197231471
2654,22.4468918617914
2655,22.443965103416
2656,22.4410394471903
2657,22.4381148922845
2658,22.4351914378697
2659,22.4322690831181
2660,22.4293478272027
2661,22.4264276692974
2662,22.4235086085772
2663,22.4205906442178
2664,22.417673775396
2665,22.4147580012895
2666,22.4118433210769
2667,22.4089297339378
2668,22.4060172390525
2669,22.4031058356024
2670,22.4001955227699
2671,22.3972862997381
2672,22.3943781656913
2673,22.3914711198143
2674,22.3885651612932
2675,22.3856602893149
2676,22.3827565030671
2677,22.3798538017385
2678,22.3769521845188
2679,22.3740516505984
2680,22.3711521991687
2681,22.3682538294222
2682,22.3653565405519
2683,22.3624603317521
2684,22.3595652022178
2685,22.3566711511448
2686,22.35377817773
2687,22.3508862811712
2688,22.347995460667
2689,22.3451057154168
2690,22.3422170446211
2691,22.3393294474812
2692,22.3364429231992
2693,22.3335574709783
2694,22.3306730900224
2695,22.3277897795363
2696,22.3249075387258
2697,22.3220263667976
2698,22.319146262959
2699,22.3162672264185
2700,22.3133892563854
2701,22.3105123520698
2702,22.3076365126827
2703,22.304761737436
2704,22.3018880255425
2705,22.2990153762158
2706,22.2961437886704
2707,22.2932732621218
2708,22.2904037957861
2709,22.2875353888805
2710,22.284668040623
2711,22.2818017502324
2712,22.2789365169285
2713,22.2760723399318
2714,22.2732092184638
2715,22.2703471517468
2716,22.2674861390039
2717,22.2646261794591
2718,22.2617672723374
2719,22.2589094168645
2720,22.2560526122669
2721,22.2531968577722
2722,22.2503421526085
2723,22.2474884960051
2724,22.2446358871918
2725,22.2417843253997
2726,22.2389338098602
2727,22.2360843398061
2728,22.2332359144706
2729,22.230388533088
2730,22.2275421948933
2731,22.2246968991224
2732,22.2218526450121
2733,22.2190094317999
2734,22.2161672587243
2735,22.2133261250245
2736,22.2104860299406
2737,22.2076469727135
2738,22.2048089525849
2739,22.2019719687975
2740,22.1991360205946
2741,22.1963011072205
2742,22.1934672279202
2743,22.1906343819397
2744,22.1878025685256
2745,22.1849717869255
2746,22.1821420363877
2747,22.1793133161615
2748,22.1764856254968
2749,22.1736589636444
2750,22.170833329856
2751,22.1680087233841
2752,22.1651851434818
2753,22.1623625894033
2754,22.1595410604035
2755,22.1567205557381
2756,22.1539010746636
2757,22.1510826164373
2758,22.1482651803174
2759,22.1454487655628
2760,22.1426333714332
2761,22.1398189971893
2762,22.1370056420922
2763,22.1341933054043
2764,22.1313819863885
2765,22.1285716843084
2766,22.1257623984288
2767,22.1229541280148
2768,22.1201468723328
2769,22.1173406306496
2770,22.1145354022329
2771,22.1117311863513
2772,22.1089279822742
2773,22.1061257892716
2774,22.1033246066144
2775,22.1005244335743
2776,22.0977252694239
2777,22.0949271134363
2778,22.0921299648856
2779,22.0893338230467
2780,22.0865386871952
2781,22.0837445566074
2782,22.0809514305606
2783,22.0781593083327
2784,22.0753681892024
2785,22.0725780724493
2786,22.0697889573537
2787,22.0670008431965
2788,22.0642137292597
2789,22.0614276148258
2790,22.0586424991783
2791,22.0558583816013
2792,22.0530752613797
2793,22.0502931377992
2794,22.0475120101462
2795,22.0447318777081
2796,22.0419527397727
2797,22.0391745956288
2798,22.036397444566
2799,22.0336212858745
2800,22.0308461188453
2801,22.0280719427703
2802,22.025298756942
2803,22.0225265606537
2804,22.0197553531995
2805,22.0169851338741
2806,22.0142159019733
2807,22.0114476567933
2808,22.0086803976312
2809,22.0059141237848
2810,22.0031488345527
2811,22.0003845292342
2812,21.9976212071295
2813,21.9948588675393
2814,21.9920975097652
2815,21.9893371331096
2816,21.9865777368755
2817,21.9838193203666
2818,21.9810618828876
2819,21.9783054237437
2820,21.975549942241
2821,21.9727954376862
2822,21.9700419093867
2823,21.9672893566509
2824,21.9645377787877
2825,21.9617871751068
2826,21.9590375449187
2827,21.9562888875344
2828,21.953541202266
2829,21.950794488426
2830,21.9480487453278
2831,21.9453039722854
2832,21.9425601686138
2833,21.9398173336283
2834,21.9370754666454
2835,21.9343345669819
2836,21.9315946339556
2837,21.9288556668849
2838,21.926117665089
2839,21.9233806278877
2840,21.9206445546016
2841,21.9179094445521
2842,21.9151752970611
2843,21.9124421114513
2844,21.9097098870463
2845,21.9069786231702
2846,21.9042483191479
2847,21.901518974305
2848,21.8987905879677
2849,21.8960631594631
2850,21.8933366881189
2851,21.8906111732635
2852,21.8878866142261
2853,21.8851630103365
2854,21.8824403609253
2855,21.8797186653236
2856,21.8769979228634
2857,21.8742781328775
2858,21.8715592946991
2859,21.8688414076622
2860,21.8661244711018
2861,21.8634084843531
2862,21.8606934467523
2863,21.8579793576363
2864,21.8552662163426
2865,21.8525540222094
2866,21.8498427745757
2867,21.8471324727811
2868,21.8444231161658
2869,21.8417147040709
2870,21.8390072358381
2871,21.8363007108096
2872,21.8335951283287
2873,21.830890487739
2874,21.8281867883849
2875,21.8254840296116
2876,21.8227822107648
2877,21.8200813311911
2878,21.8173813902376
2879,21.8146823872521
2880,21.8119843215832
2881,21.8092871925801
2882,21.8065909995926
2883,21.8038957419712
2884,21.8012014190673
2885,21.7985080302328
2886,21.7958155748201
2887,21.7931240521825
2888,21.7904334616741
2889,21.7877438026493
2890,21.7850550744634
2891,21.7823672764724
2892,21.7796804080328
2893,21.776994468502
2894,21.7743094572378
2895,21.7716253735989
2896,21.7689422169446
2897,21.7662599866346
2898,21.7635786820297
2899,21.7608983024911
2900,21.7582188473808
2901,21.7555403160612
2902,21.7528627078956
2903,21.7501860222479
2904,21.7475102584827
2905,21.7448354159651
2906,21.7421614940611
2907,21.739488492137
2908,21.7368164095602
2909,21.7341452456984
2910,21.7314749999201
2911,21.7288056715944
2912,21.7261372600911
2913,21.7234697647805
2914,21.7208031850339
2915,21.7181375202229
2916,21.7154727697198
2917,21.7128089328977
2918,21.7101460091302
2919,21.7074839977917
2920,21.704822898257
2921,21.7021627099018
2922,21.6995034321022
2923,21.6968450642352
2924,21.6941876056783
2925,21.6915310558095
2926,21.6888754140077
2927,21.6862206796523
2928,21.6835668521233
2929,21.6809139308014
2930,21.678261915068
2931,21.6756108043051
2932,21.6729605978951
2933,21.6703112952213
2934,21.6676628956676
2935,21.6650153986185
2936,21.662368803459
2937,21.6597231095749
2938,21.6570783163526
2939,21.654434423179
2940,21.6517914294418
2941,21.6491493345293
2942,21.6465081378302
2943,21.6438678387341
2944,21.641228436631
2945,21.6385899309118
2946,21.6359523209678
2947,21.6333156061909
2948,21.6306797859737
2949,21.6280448597095
2950,21.6254108267921
2951,21.6227776866159
2952,21.620145438576
2953,21.617514082068
2954,21.6148836164882
2955,21.6122540412336
2956,21.6096253557017
2957,21.6069975592905
2958,21.6043706513989
2959,21.6017446314261
2960,21.5991194987721
2961,21.5964952528375
2962,21.5938718930234
2963,21.5912494187317
2964,21.5886278293647
2965,21.5860071243253
2966,21.5833873030172
2967,21.5807683648446
2968,21.5781503092122
2969,21.5755331355255
2970,21.5729168431904
2971,21.5703014316136
2972,21.5676869002022
2973,21.5650732483641
2974,21.5624604755076
2975,21.5598485810418
2976,21.5572375643761
2977,21.5546274249208
2978,21.5520181620867
2979,21.5494097752852
2980,21.5468022639281
2981,21.544195627428
2982,21.5415898651981
2983,21.5389849766522
2984,21.5363809612045
2985,21.5337778182699
2986,21.531175547264
2987,21.5285741476028
2988,21.525973618703
2989,21.5233739599819
2990,21.5207751708573
2991,21.5181772507476
2992,21.5155801990719
2993,21.5129840152498
2994,21.5103886987013
2995,21.5077942488473
2996,21.5052006651092
2997,21.5026079469087
2998,21.5000160936685
2999,21.4974251048116
3000,21.4948349797615
3001,21.4922457179427
3002,21.4896573187798
3003,21.4870697816983
3004,21.484483106124
3005,21.4818972914835
3006,21.479312337204
3007,21.476728242713
3008,21.4741450074388
3009,21.4715626308102
3010,21.4689811122566
3011,21.466400451208
3012,21.4638206470948
3013,21.4612416993481
3014,21.4586636073996
3015,21.4560863706815
3016,21.4535099886265
3017,21.450934460668
3018,21.44835978624
3019,21.4457859647768
3020,21.4432129957136
3021,21.4406408784858
3022,21.4380696125296
3023,21.4354991972819
3024,21.4329296321797
3025,21.430360916661
3026,21.4277930501642
3027,21.4252260321281
3028,21.4226598619922
3029,21.4200945391968
3030,21.4175300631822
3031,21.4149664333898
3032,21.4124036492611
3033,21.4098417102385
3034,21.4072806157649
3035,21.4047203652835
3036,21.4021609582382
3037,21.3996023940736
3038,21.3970446722347
3039,21.394487792167
3040,21.3919317533167
3041,21.3893765551304
3042,21.3868221970552
3043,21.384268678539
3044,21.3817159990301
3045,21.3791641579773
3046,21.3766131548299
3047,21.3740629890379
3048,21.3715136600518
3049,21.3689651673225
3050,21.3664175103016
3051,21.3638706884412
3052,21.361324701194
3053,21.358779548013
3054,21.3562352283519
3055,21.3536917416651
3056,21.3511490874072
3057,21.3486072650336
3058,21.3460662740002
3059,21.3435261137632
3060,21.3409867837797
3061,21.3384482835069
3062,21.335910612403
3063,21.3333737699264
3064,21.3308377555362
3065,21.3283025686919
3066,21.3257682088535
3067,21.3232346754818
3068,21.3207019680378
3069,21.3181700859833
3070,21.3156390287804
3071,21.3131087958919
3072,21.310579386781
3073,21.3080508009115
3074,21.3055230377476
3075,21.3029960967543
3076,21.3004699773968
3077,21.297944679141
3078,21.2954202014533
3079,21.2928965438006
3080,21.2903737056503
3081,21.2878516864704
3082,21.2853304857293
3083,21.282810102896
3084,21.28029053744
3085,21.2777717888312
3086,21.2752538565404
3087,21.2727367400383
3088,21.2702204387967
3089,21.2677049522876
3090,21.2651902799836
3091,21.2626764213577
3092,21.2601633758835
3093,21.2576511430353
3094,21.2551397222875
3095,21.2526291131154
3096,21.2501193149945
3097,21.2476103274011
3098,21.2451021498117
3099,21.2425947817036
3100,21.2400882225544
3101,21.2375824718423
3102,21.235077529046
3103,21.2325733936446
3104,21.2300700651179
3105,21.227567542946
3106,21.2250658266096
3107,21.2225649155899
3108,21.2200648093686
3109,21.217565507428
3110,21.2150670092506
3111,21.2125693143197
3112,21.2100724221191
3113,21.2075763321328
3114,21.2050810438455
3115,21.2025865567425
3116,21.2000928703095
3117,21.1975999840325
3118,21.1951078973983
3119,21.192616609894
3120,21.1901261210073
3121,21.1876364302263
3122,21.1851475370397
3123,21.1826594409366
3124,21.1801721414066
3125,21.1776856379399
3126,21.175199930027
3127,21.172715017159
3128,21.1702308988275
3129,21.1677475745246
3130,21.1652650437428
3131,21.1627833059751
3132,21.1603023607152
3133,21.1578222074569
3134,21.1553428456948
3135,21.1528642749239
3136,21.1503864946396
3137,21.1479095043379
3138,21.1454333035152
3139,21.1429578916683
3140,21.1404832682948
3141,21.1380094328924
3142,21.1355363849595
3143,21.133064123995
3144,21.1305926494981
3145,21.1281219609686
3146,21.1256520579068
3147,21.1231829398133
3148,21.1207146061895
3149,21.1182470565371
3150,21.115780290358
3151,21.1133143071551
3152,21.1108491064314
3153,21.1083846876905
3154,21.1059210504365
3155,21.1034581941738
3156,21.1009961184075
3157,21.0985348226431
3158,21.0960743063864
3159,21.0936145691439
3160,21.0911556104224
3161,21.0886974297294
3162,21.0862400265726
3163,21.0837834004602
3164,21.0813275509011
3165,21.0788724774045
3166,21.0764181794799
3167,21.0739646566376
3168,21.0715119083882
3169,21.0690599342427
3170,21.0666087337127
3171,21.0641583063101
3172,21.0617086515474
3173,21.0592597689375
3174,21.0568116579938
3175,21.0543643182301
3176,21.0519177491607
3177,21.0494719503005
3178,21.0470269211644
3179,21.0445826612684
3180,21.0421391701284
3181,21.0396964472611
3182,21.0372544921834
3183,21.034813304413
3184,21.0323728834677
3185,21.0299332288659
3186,21.0274943401265
3187,21.0250562167688
3188,21.0226188583126
3189,21.020182264278
3190,21.0177464341858
3191,21.015311367557
3192,21.0128770639132
3193,21.0104435227765
3194,21.0080107436692
3195,21.0055787261144
3196,21.0031474696353
3197,21.0007169737557
3198,20.998287238
3199,20.9958582618928
3200,20.9934300449593
3201,20.9910025867251
3202,20.9885758867161
3203,20.9861499444589
3204,20.9837247594804
3205,20.981300331308
3206,20.9788766594694
3207,20.9764537434929
3208,20.9740315829073
3209,20.9716101772416
3210,20.9691895260254
3211,20.9667696287887
3212,20.964350485062
3213,20.9619320943762
3214,20.9595144562625
3215,20.9570975702528
3216,20.9546814358793
3217,20.9522660526745
3218,20.9498514201716
3219,20.9474375379041
3220,20.9450244054059
3221,20.9426120222113
3222,20.9402003878553
3223,20.937789501873
3224,20.9353793638002
3225,20.9329699731729
3226,20.9305613295276
3227,20.9281534324014
3228,20.9257462813316
3229,20.9233398758561
3230,20.9209342155132
3231,20.9185292998414
3232,20.91612512838
3233,20.9137217006685
3234,20.9113190162468
3235,20.9089170746554
3236,20.9065158754351
3237,20.9041154181271
3238,20.9017157022731
3239,20.8993167274152
3240,20.8969184930959
3241,20.8945209988583
3242,20.8921242442455
3243,20.8897282288015
3244,20.8873329520705
3245,20.8849384135971
3246,20.8825446129263
3247,20.8801515496037
3248,20.8777592231751
3249,20.8753676331868
3250,20.8729767791856
3251,20.8705866607187
3252,20.8681972773335
3253,20.8658086285782
3254,20.8634207140011
3255,20.8610335331509
3256,20.8586470855771
3257,20.8562613708292
3258,20.8538763884573
3259,20.8514921380118
3260,20.8491086190437
3261,20.8467258311043
3262,20.8443437737453
3263,20.8419624465188
3264,20.8395818489775
3265,20.8372019806741
3266,20.8348228411622
3267,20.8324444299954
3268,20.830066746728
3269,20.8276897909146
3270,20.8253135621102
3271,20.8229380598701
3272,20.8205632837503
3273,20.8181892333069
3274,20.8158159080966
3275,20.8134433076764
3276,20.8110714316038
3277,20.8087002794366
3278,20.8063298507331
3279,20.8039601450519
3280,20.8015911619521
3281,20.7992229009932
3282,20.796855361735
3283,20.7944885437379
3284,20.7921224465624
3285,20.7897570697697
3286,20.7873924129213
3287,20.785028475579
3288,20.7826652573051
3289,20.7803027576623
3290,20.7779409762136
3291,20.7755799125226
3292,20.7732195661531
3293,20.7708599366693
3294,20.768501023636
3295,20.7661428266182
3296,20.7637853451813
3297,20.7614285788913
3298,20.7590725273143
3299,20.7567171900171
3300,20.7543625665665
3301,20.7520086565302
3302,20.7496554594758
3303,20.7473029749717
3304,20.7449512025864
3305,20.7426001418889
3306,20.7402497924487
3307,20.7379001538354
3308,20.7355512256193
3309,20.7332030073709
3310,20.7308554986613
3311,20.7285086990616
3312,20.7261626081438
3313,20.7238172254797
3314,20.7214725506421
3315,20.7191285832037
3316,20.7167853227379
3317,20.7144427688183
3318,20.7121009210189
3319,20.7097597789143
3320,20.7074193420791
3321,20.7050796100887
3322,20.7027405825186
3323,20.7004022589447
3324,20.6980646389434
3325,20.6957277220915
3326,20.6933915079661
3327,20.6910559961447
3328,20.6887211862051
3329,20.6863870777256
3330,20.6840536702848
3331,20.6817209634619
3332,20.6793889568361
3333,20.6770576499872
3334,20.6747270424954
3335,20.6723971339413
3336,20.6700679239057
3337,20.6677394119699
3338,20.6654115977157
3339,20.6630844807249
3340,20.6607580605801
3341,20.658432336864
3342,20.6561073091598
3343,20.6537829770511
3344,20.6514593401217
3345,20.6491363979559
3346,20.6468141501384
3347,20.6444925962543
3348,20.6421717358888
3349,20.6398515686279
3350,20.6375320940576
3351,20.6352133117644
3352,20.6328952213353
3353,20.6305778223575
3354,20.6282611144186
3355,20.6259450971066
3356,20.6236297700099
3357,20.6213151327172
3358,20.6190011848176
3359,20.6166879259005
3360,20.6143753555558
3361,20.6120634733738
3362,20.6097522789448
3363,20.60744177186
3364,20.6051319517105
3365,20.6028228180881
3366,20.6005143705847
3367,20.5982066087927
3368,20.5958995323049
3369,20.5935931407144
3370,20.5912874336147
3371,20.5889824105995
3372,20.5866780712632
3373,20.5843744152002
3374,20.5820714420055
3375,20.5797691512743
3376,20.5774675426023
3377,20.5751666155854
3378,20.5728663698201
3379,20.5705668049031
3380,20.5682679204313
3381,20.5659697160024
3382,20.5636721912139
3383,20.5613753456641
3384,20.5590791789515
3385,20.556783690675
3386,20.5544888804336
3387,20.5521947478271
3388,20.5499012924553
3389,20.5476085139185
3390,20.5453164118174
3391,20.5430249857528
3392,20.5407342353262
3393,20.5384441601392
3394,20.5361547597939
3395,20.5338660338927
3396,20.5315779820383
3397,20.5292906038338
3398,20.5270038988826
3399,20.5247178667885
3400,20.5224325071558
3401,20.5201478195888
3402,20.5178638036924
3403,20.5155804590719
3404,20.5132977853327
3405,20.5110157820807
3406,20.5087344489221
3407,20.5064537854637
3408,20.5041737913121
3409,20.5018944660749
3410,20.4996158093594
3411,20.4973378207738
3412,20.4950604999264
3413,20.4927838464257
3414,20.4905078598807
3415,20.4882325399009
3416,20.4859578860959
3417,20.4836838980757
3418,20.4814105754507
3419,20.4791379178316
3420,20.4768659248294
3421,20.4745945960556
3422,20.4723239311218
3423,20.4700539296402
3424,20.4677845912232
3425,20.4655159154834
3426,20.4632479020341
3427,20.4609805504886
3428,20.4587138604607
3429,20.4564478315645
3430,20.4541824634144
3431,20.4519177556253
3432,20.4496537078123
3433,20.4473903195907
3434,20.4451275905765
3435,20.4428655203856
3436,20.4406041086347
3437,20.4383433549404
3438,20.4360832589199
3439,20.4338238201908
3440,20.4315650383707
3441,20.4293069130777
3442,20.4270494439305
3443,20.4247926305477
3444,20.4225364725486
3445,20.4202809695525
3446,20.4180261211792
3447,20.4157719270489
3448,20.4135183867821
3449,20.4112654999994
3450,20.4090132663221
3451,20.4067616853715
3452,20.4045107567695
3453,20.4022604801381
3454,20.4000108550998
3455,20.3977618812773
3456,20.3955135582937
3457,20.3932658857725
3458,20.3910188633373
3459,20.3887724906122
3460,20.3865267672216
3461,20.3842816927903
3462,20.3820372669433
3463,20.3797934893059
3464,20.3775503595038
3465,20.375307877163
3466,20.37306604191
3467,20.3708248533713
3468,20.3685843111739
3469,20.3663444149452
3470,20.3641051643127
3471,20.3618665589045
3472,20.3596285983487
3473,20.3573912822741
3474,20.3551546103094
3475,20.352918582084
3476,20.3506831972274
3477,20.3484484553695
3478,20.3462143561404
3479,20.3439808991708
3480,20.3417480840913
3481,20.3395159105332
3482,20.3372843781279
3483,20.3350534865073
3484,20.3328232353033
3485,20.3305936241485
3486,20.3283646526756
3487,20.3261363205176
3488,20.323908627308
3489,20.3216815726803
3490,20.3194551562685
3491,20.3172293777071
3492,20.3150042366306
3493,20.3127797326739
3494,20.3105558654724
3495,20.3083326346615
3496,20.3061100398772
3497,20.3038880807557
3498,20.3016667569334
3499,20.2994460680472
3500,20.2972260137342
3501,20.2950065936318
3502,20.2927878073778
3503,20.2905696546103
3504,20.2883521349675
3505,20.2861352480883
3506,20.2839189936116
3507,20.2817033711766
3508,20.279488380423
3509,20.2772740209908
3510,20.27506029252
3511,20.2728471946513
3512,20.2706347270255
3513,20.2684228892837
3514,20.2662116810674
3515,20.2640011020183
3516,20.2617911517786
3517,20.2595818299904
3518,20.2573731362967
3519,20.2551650703402
3520,20.2529576317643
3521,20.2507508202126
3522,20.248544635329
3523,20.2463390767576
3524,20.244134144143
3525,20.2419298371299
3526,20.2397261553634
3527,20.237523098489
3528,20.2353206661523
3529,20.2331188579994
3530,20.2309176736766
3531,20.2287171128304
3532,20.2265171751078
3533,20.2243178601559
3534,20.2221191676223
3535,20.2199210971548
3536,20.2177236484015
3537,20.2155268210108
3538,20.2133306146314
3539,20.2111350289122
3540,20.2089400635026
3541,20.2067457180522
3542,20.2045519922108
3543,20.2023588856287
3544,20.2001663979564
3545,20.1979745288445
3546,20.1957832779442
3547,20.1935926449068
3548,20.191402629384
3549,20.1892132310278
3550,20.1870244494905
3551,20.1848362844244
3552,20.1826487354826
3553,20.1804618023181
3554,20.1782754845844
3555,20.1760897819352
3556,20.1739046940244
3557,20.1717202205064
3558,20.1695363610358
3559,20.1673531152674
3560,20.1651704828565
3561,20.1629884634585
3562,20.1608070567292
3563,20.1586262623245
3564,20.1564460799009
3565,20.154266509115
3566,20.1520875496236
3567,20.149909201084
3568,20.1477314631537
3569,20.1455543354904
3570,20.1433778177523
3571,20.1412019095976
3572,20.139026610685
3573,20.1368519206735
3574,20.1346778392222
3575,20.1325043659906
3576,20.1303315006386
3577,20.1281592428261
3578,20.1259875922137
3579,20.1238165484618
3580,20.1216461112314
3581,20.1194762801838
3582,20.1173070549804
3583,20.115138435283
3584,20.1129704207536
3585,20.1108030110547
3586,20.1086362058487
3587,20.1064700047987
3588,20.1043044075678
3589,20.1021394138195
3590,20.0999750232175
3591,20.0978112354259
3592,20.095648050109
3593,20.0934854669314
3594,20.0913234855579
3595,20.0891621056537
3596,20.0870013268842
3597,20.0848411489152
3598,20.0826815714126
3599,20.0805225940427
3600,20.0783642164721
3601,20.0762064383675
3602,20.0740492593961
3603,20.0718926792253
3604,20.0697366975227
3605,20.0675813139562
3606,20.0654265281941
3607,20.0632723399048
3608,20.0611187487571
3609,20.05896575442
3610,20.0568133565629
3611,20.0546615548553
3612,20.0525103489672
3613,20.0503597385685
3614,20.0482097233298
3615,20.0460603029217
3616,20.0439114770151
3617,20.0417632452814
3618,20.039615607392
3619,20.0374685630186
3620,20.0353221118334
3621,20.0331762535086
3622,20.0310309877168
3623,20.0288863141309
3624,20.0267422324241
3625,20.0245987422696
3626,20.0224558433412
3627,20.0203135353129
3628,20.0181718178588
3629,20.0160306906534
3630,20.0138901533715
3631,20.0117502056881
3632,20.0096108472785
3633,20.0074720778181
3634,20.005333896983
3635,20.0031963044491
3636,20.0010592998927
3637,19.9989228829906
3638,19.9967870534196
3639,19.9946518108569
3640,19.9925171549799
3641,19.9903830854663
3642,19.988249601994
3643,19.9861167042412
3644,19.9839843918866
3645,19.9818526646087
3646,19.9797215220866
3647,19.9775909639996
3648,19.9754609900272
3649,19.9733315998493
3650,19.9712027931459
3651,19.9690745695973
3652,19.9669469288841
3653,19.9648198706872
3654,19.9626933946878
3655,19.9605675005671
3656,19.9584421880069
3657,19.9563174566889
3658,19.9541933062955
3659,19.952069736509
3660,19.9499467470121
3661,19.9478243374878
3662,19.9457025076192
3663,19.9435812570898
3664,19.9414605855834
3665,19.9393404927839
3666,19.9372209783756
3667,19.9351020420429
3668,19.9329836834707
3669,19.9308659023439
3670,19.9287486983478
3671,19.926632071168
3672,19.9245160204902
3673,19.9224005460005
3674,19.9202856473851
3675,19.9181713243307
3676,19.916057576524
3677,19.9139444036521
3678,19.9118318054024
3679,19.9097197814623
3680,19.9076083315199
3681,19.905497455263
3682,19.9033871523801
3683,19.9012774225598
3684,19.899168265491
3685,19.8970596808626
3686,19.8949516683641
3687,19.8928442276851
3688,19.8907373585154
3689,19.8886310605452
3690,19.8865253334648
3691,19.8844201769649
3692,19.8823155907362
3693,19.88021157447
3694,19.8781081278576
3695,19.8760052505905
3696,19.8739029423608
3697,19.8718012028605
3698,19.869700031782
3699,19.8675994288178
3700,19.865499393661
3701,19.8633999260045
3702,19.8613010255418
3703,19.8592026919664
3704,19.8571049249723
3705,19.8550077242535
3706,19.8529110895044
3707,19.8508150204197
3708,19.8487195166941
3709,19.8466245780227
3710,19.844530204101
3711,19.8424363946245
3712,19.8403431492891
3713,19.8382504677908
3714,19.8361583498259
3715,19.8340667950911
3716,19.8319758032831
3717,19.8298853740991
3718,19.8277955072363
3719,19.8257062023924
3720,19.823617459265
3721,19.8215292775522
3722,19.8194416569524
3723,19.817354597164
3724,19.8152680978858
3725,19.8131821588169
3726,19.8110967796565
3727,19.809011960104
3728,19.8069276998593
3729,19.8048439986223
3730,19.8027608560933
3731,19.8006782719727
3732,19.7985962459611
3733,19.7965147777596
3734,19.7944338670694
3735,19.7923535135918
3736,19.7902737170286
3737,19.7881944770816
3738,19.786115793453
3739,19.7840376658452
3740,19.7819600939608
3741,19.7798830775026
3742,19.7778066161738
3743,19.7757307096777
3744,19.7736553577178
3745,19.771580559998
3746,19.7695063162224
3747,19.7674326260951
3748,19.7653594893209
3749,19.7632869056043
3750,19.7612148746504
3751,19.7591433961644
3752,19.7570724698519
3753,19.7550020954184
3754,19.75293227257
3755,19.7508630010128
3756,19.7487942804533
3757,19.746726110598
3758,19.7446584911538
3759,19.7425914218279
3760,19.7405249023276
3761,19.7384589323605
3762,19.7363935116344
3763,19.7343286398573
3764,19.7322643167376
3765,19.7302005419836
3766,19.7281373153042
3767,19.7260746364084
3768,19.7240125050053
3769,19.7219509208044
3770,19.7198898835153
3771,19.717829392848
3772,19.7157694485126
3773,19.7137100502194
3774,19.7116511976791
3775,19.7095928906024
3776,19.7075351287004
3777,19.7054779116844
3778,19.7034212392659
3779,19.7013651111566
3780,19.6993095270686
3781,19.6972544867139
3782,19.695199989805
3783,19.6931460360547
3784,19.6910926251756
3785,19.6890397568811
3786,19.6869874308843
3787,19.6849356468989
3788,19.6828844046387
3789,19.6808337038176
3790,19.67878354415
3791,19.6767339253502
3792,19.674684847133
3793,19.6726363092132
3794,19.6705883113062
3795,19.6685408531271
3796,19.6664939343916
3797,19.6644475548156
3798,19.662401714115
3799,19.6603564120062
3800,19.6583116482055
3801,19.6562674224299
3802,19.6542237343961
3803,19.6521805838214
3804,19.6501379704232
3805,19.648095893919
3806,19.6460543540266
3807,19.6440133504643
3808,19.6419728829501
3809,19.6399329512026
3810,19.6378935549406
3811,19.635854693883
3812,19.6338163677489
3813,19.6317785762577
3814,19.6297413191291
3815,19.6277045960828
3816,19.6256684068389
3817,19.6236327511177
3818,19.6215976286397
3819,19.6195630391255
3820,19.6175289822961
3821,19.6154954578726
3822,19.6134624655764
3823,19.6114300051291
3824,19.6093980762525
3825,19.6073666786685
3826,19.6053358120995
3827,19.6033054762679
3828,19.6012756708963
3829,19.5992463957076
3830,19.597217650425
3831,19.5951894347718
3832,19.5931617484715
3833,19.5911345912479
3834,19.5891079628249
3835,19.5870818629267
3836,19.5850562912777
3837,19.5830312476026
3838,19.5810067316262
3839,19.5789827430735
3840,19.5769592816698
3841,19.5749363471406
3842,19.5729139392116
3843,19.5708920576086
3844,19.5688707020579
3845,19.5668498722856
3846,19.5648295680185
3847,19.5628097889832
3848,19.5607905349067
3849,19.5587718055162
3850,19.5567536005392
3851,19.5547359197031
3852,19.5527187627359
3853,19.5507021293656
3854,19.5486860193204
3855,19.5466704323288
3856,19.5446553681195
3857,19.5426408264213
3858,19.5406268069633
3859,19.5386133094749
3860,19.5366003336856
3861,19.534587879325
3862,19.5325759461231
3863,19.5305645338101
3864,19.5285536421164
3865,19.5265432707724
3866,19.5245334195089
3867,19.522524088057
3868,19.5205152761478
3869,19.5185069835127
3870,19.5164992098834
3871,19.5144919549916
3872,19.5124852185693
3873,19.5104790003489
3874,19.5084733000626
3875,19.5064681174433
3876,19.5044634522237
3877,19.5024593041368
3878,19.5004556729161
3879,19.4984525582948
3880,19.4964499600067
3881,19.4944478777857
3882,19.4924463113659
3883,19.4904452604816
3884,19.4884447248672
3885,19.4864447042575
3886,19.4844451983873
3887,19.4824462069919
3888,19.4804477298064
3889,19.4784497665665
3890,19.4764523170079
3891,19.4744553808665
3892,19.4724589578783
3893,19.4704630477799
3894,19.4684676503076
3895,19.4664727651983
3896,19.4644783921889
3897,19.4624845310165
3898,19.4604911814185
3899,19.4584983431325
3900,19.4565060158961
3901,19.4545141994474
3902,19.4525228935246
3903,19.4505320978659
3904,19.4485418122099
3905,19.4465520362955
3906,19.4445627698615
3907,19.4425740126471
3908,19.4405857643917
3909,19.4385980248349
3910,19.4366107937163
3911,19.4346240707761
3912,19.4326378557543
3913,19.4306521483912
3914,19.4286669484276
3915,19.426682255604
3916,19.4246980696615
3917,19.4227143903413
3918,19.4207312173846
3919,19.4187485505331
3920,19.4167663895285
3921,19.4147847341127
3922,19.4128035840278
3923,19.4108229390163
3924,19.4088427988207
3925,19.4068631631836
3926,19.4048840318481
3927,19.4029054045573
3928,19.4009272810544
3929,19.3989496610831
3930,19.3969725443869
3931,19.3949959307099
3932,19.3930198197962
3933,19.39104421139
3934,19.3890691052358
3935,19.3870945010784
3936,19.3851203986626
3937,19.3831467977335
3938,19.3811736980364
3939,19.3792010993168
3940,19.3772290013203
3941,19.3752574037928
3942,19.3732863064803
3943,19.371315709129
3944,19.3693456114855
3945,19.3673760132964
3946,19.3654069143084
3947,19.3634383142686
3948,19.3614702129242
3949,19.3595026100225
3950,19.3575355053113
3951,19.3555688985382
3952,19.3536027894513
3953,19.3516371777987
3954,19.3496720633287
3955,19.34770744579
3956,19.3457433249312
3957,19.3437797005013
3958,19.3418165722494
3959,19.3398539399248
3960,19.3378918032771
3961,19.3359301620558
3962,19.3339690160109
3963,19.3320083648925
3964,19.3300482084508
3965,19.3280885464362
3966,19.3261293785994
3967,19.3241707046913
3968,19.3222125244628
3969,19.3202548376651
3970,19.3182976440496
3971,19.3163409433679
3972,19.3143847353718
3973,19.3124290198132
3974,19.3104737964442
3975,19.3085190650172
3976,19.3065648252848
3977,19.3046110769995
3978,19.3026578199143
3979,19.3007050537822
3980,19.2987527783565
3981,19.2968009933907
3982,19.2948496986384
3983,19.2928988938534
3984,19.2909485787896
3985,19.2889987532014
3986,19.287049416843
3987,19.2851005694691
3988,19.2831522108343
3989,19.2812043406936
3990,19.279256958802
3991,19.277310064915
3992,19.275363658788
3993,19.2734177401765
3994,19.2714723088366
3995,19.2695273645241
3996,19.2675829069954
3997,19.2656389360067
3998,19.2636954513148
3999,19.2617524526763
4000,19.2598099398482
4001,19.2539690825757
4002,19.2481296849703
4003,19.2422917463023
4004,19.2364552658432
4005,19.2306202428645
4006,19.2247866766385
4007,19.2189545664381
4008,19.2131239115365
4009,19.2072947112078
4010,19.2014669647262
4011,19.1956406713668
4012,19.1898158304051
4013,19.1839924411172
4014,19.1781705027797
4015,19.1723500146697
4016,19.1665309760649
4017,19.1607133862436
4018,19.1548972444844
4019,19.1490825500668
4020,19.1432693022705
4021,19.1374575003759
4022,19.1316471436639
4023,19.125838231416
4024,19.1200307629142
4025,19.114224737441
4026,19.1084201542794
4027,19.1026170127131
4028,19.0968153120261
4029,19.0910150515032
4030,19.0852162304294
4031,19.0794188480906
4032,19.073622903773
4033,19.0678283967633
4034,19.0620353263489
4035,19.0562436918177
4036,19.0504534924579
4037,19.0446647275585
4038,19.038877396409
4039,19.0330914982993
4040,19.0273070325198
4041,19.0215239983617
4042,19.0157423951163
4043,19.0099622220759
4044,19.004183478533
4045,18.9984061637807
4046,18.9926302771126
4047,18.9868558178229
4048,18.9810827852063
4049,18.9753111785581
4050,18.9695409971738
4051,18.9637722403499
4052,18.958004907383
4053,18.9522389975704
4054,18.9464745102101
4055,18.9407114446002
4056,18.9349498000397
4057,18.9291895758279
4058,18.9234307712647
4059,18.9176733856506
4060,18.9119174182864
4061,18.9061628684736
4062,18.9004097355142
4063,18.8946580187106
4064,18.8889077173658
4065,18.8831588307832
4066,18.877411358267
4067,18.8716652991217
4068,18.8659206526523
4069,18.8601774181643
4070,18.8544355949638
4071,18.8486951823574
4072,18.8429561796522
4073,18.8372185861558
4074,18.8314824011763
4075,18.8257476240223
4076,18.8200142540029
4077,18.8142822904278
4078,18.8085517326071
4079,18.8028225798515
4080,18.7970948314721
4081,18.7913684867806
4082,18.7856435450891
4083,18.7799200057104
4084,18.7741978679576
4085,18.7684771311444
4086,18.762757794585
4087,18.7570398575941
4088,18.7513233194869
4089,18.7456081795791
4090,18.7398944371868
4091,18.7341820916268
4092,18.7284711422163
4093,18.722761588273
4094,18.7170534291151
4095,18.7113466640612
4096,18.7056412924307
4097,18.6999373135432
4098,18.6942347267188
4099,18.6885335312784
4100,18.682833726543
4101,18.6771353118344
4102,18.6714382864748
4103,18.6657426497868
4104,18.6600484010937
4105,18.654355539719
4106,18.648664064987
4107,18.6429739762223
4108,18.6372852727501
4109,18.631597953896
4110,18.6259120189861
4111,18.6202274673471
4112,18.6145442983062
4113,18.6088625111908
4114,18.6031821053292
4115,18.5975030800499
4116,18.5918254346819
4117,18.586149168555
4118,18.5804742809991
4119,18.5748007713447
4120,18.5691286389229
4121,18.5634578830653
4122,18.5577885031037
4123,18.5521204983709
4124,18.5464538681996
4125,18.5407886119234
4126,18.5351247288762
4127,18.5294622183925
4128,18.5238010798071
4129,18.5181413124555
4130,18.5124829156736
4131,18.5068258887977
4132,18.5011702311647
4133,18.4955159421119
4134,18.4898630209771
4135,18.4842114670986
4136,18.4785612798151
4137,18.4729124584661
4138,18.467265002391
4139,18.4616189109302
4140,18.4559741834244
4141,18.4503308192147
4142,18.4446888176427
4143,18.4390481780506
4144,18.433408899781
4145,18.4277709821769
4146,18.4221344245819
4147,18.41649922634
4148,18.4108653867958
4149,18.405232905294
4150,18.3996017811803
4151,18.3939720138005
4152,18.3883436025011
4153,18.3827165466288
4154,18.377090845531
4155,18.3714664985555
4156,18.3658435050507
4157,18.3602218643651
4158,18.3546015758481
4159,18.3489826388494
4160,18.343365052719
4161,18.3377488168076
4162,18.3321339304664
4163,18.3265203930468
4164,18.3209082039008
4165,18.3152973623811
4166,18.3096878678404
4167,18.3040797196324
4168,18.2984729171108
4169,18.2928674596299
4170,18.2872633465447
4171,18.2816605772104
4172,18.2760591509828
4173,18.270459067218
4174,18.2648603252727
4175,18.2592629245041
4176,18.2536668642698
4177,18.2480721439278
4178,18.2424787628366
4179,18.2368867203553
4180,18.2312960158432
4181,18.2257066486603
4182,18.2201186181669
4183,18.2145319237239
4184,18.2089465646924
4185,18.2033625404344
4186,18.1977798503118
4187,18.1921984936875
4188,18.1866184699244
4189,18.1810397783862
4190,18.1754624184369
4191,18.1698863894409
4192,18.1643116907632
4193,18.1587383217692
4194,18.1531662818246
4195,18.1475955702959
4196,18.1420261865496
4197,18.1364581299531
4198,18.1308913998739
4199,18.1253259956803
4200,18.1197619167406
4201,18.1141991624239
4202,18.1086377320997
4203,18.1030776251379
4204,18.0975188409088
4205,18.0919613787833
4206,18.0864052381325
4207,18.0808504183282
4208,18.0752969187425
4209,18.0697447387481
4210,18.0641938777179
4211,18.0586443350254
4212,18.0530961100446
4213,18.0475492021499
4214,18.0420036107161
4215,18.0364593351184
4216,18.0309163747326
4217,18.0253747289349
4218,18.0198343971017
4219,18.0142953786103
4220,18.008757672838
4221,18.0032212791629
4222,17.9976861969632
4223,17.9921524256177
4224,17.9866199645059
4225,17.9810888130073
4226,17.9755589705021
4227,17.9700304363708
4228,17.9645032099945
4229,17.9589772907547
4230,17.9534526780332
4231,17.9479293712124
4232,17.942407369675
4233,17.9368866728042
4234,17.9313672799838
4235,17.9258491905977
4236,17.9203324040305
4237,17.9148169196672
4238,17.9093027368931
4239,17.9037898550941
4240,17.8982782736564
4241,17.8927679919667
4242,17.8872590094122
4243,17.8817513253804
4244,17.8762449392593
4245,17.8707398504373
4246,17.8652360583034
4247,17.8597335622467
4248,17.854232361657
4249,17.8487324559245
4250,17.8432338444397
4251,17.8377365265937
4252,17.8322405017778
4253,17.8267457693841
4254,17.8212523288047
4255,17.8157601794324
4256,17.8102693206605
4257,17.8047797518823
4258,17.799291472492
4259,17.793804481884
4260,17.7883187794532
4261,17.7828343645948
4262,17.7773512367047
4263,17.7718693951788
4264,17.7663888394139
4265,17.7609095688068
4266,17.755431582755
4267,17.7499548806564
4268,17.7444794619092
4269,17.7390053259121
4270,17.7335324720642
4271,17.7280608997651
4272,17.7225906084146
4273,17.7171215974132
4274,17.7116538661617
4275,17.7061874140613
4276,17.7007222405136
4277,17.6952583449206
4278,17.689795726685
4279,17.6843343852094
4280,17.6788743198973
4281,17.6734155301524
4282,17.6679580153789
4283,17.6625017749812
4284,17.6570468083645
4285,17.651593114934
4286,17.6461406940956
4287,17.6406895452556
4288,17.6352396678206
4289,17.6297910611976
4290,17.6243437247942
4291,17.6188976580182
4292,17.6134528602779
4293,17.608009330982
4294,17.6025670695397
4295,17.5971260753606
4296,17.5916863478546
4297,17.586247886432
4298,17.5808106905036
4299,17.5753747594806
4300,17.5699400927747
4301,17.5645066897979
4302,17.5590745499625
4303,17.5536436726813
4304,17.5482140573678
4305,17.5427857034354
4306,17.5373586102983
4307,17.531932777371
4308,17.5265082040682
4309,17.5210848898053
4310,17.515662833998
4311,17.5102420360624
4312,17.5048224954149
4313,17.4994042114725
4314,17.4939871836526
4315,17.4885714113727
4316,17.4831568940511
4317,17.4777436311063
4318,17.4723316219572
4319,17.4669208660232
4320,17.461511362724
4321,17.4561031114796
4322,17.4506961117108
4323,17.4452903628384
4324,17.4398858642838
4325,17.4344826154687
4326,17.4290806158153
4327,17.4236798647461
4328,17.4182803616841
4329,17.4128821060527
4330,17.4074850972756
4331,17.4020893347769
4332,17.3966948179812
4333,17.3913015463134
4334,17.385909519199
4335,17.3805187360636
4336,17.3751291963334
4337,17.3697408994349
4338,17.3643538447951
4339,17.3589680318412
4340,17.3535834600011
4341,17.3482001287029
4342,17.342818037375
4343,17.3374371854463
4344,17.3320575723463
4345,17.3266791975046
4346,17.3213020603512
4347,17.3159261603168
4348,17.3105514968321
4349,17.3051780693284
4350,17.2998058772374
4351,17.2944349199912
4352,17.2890651970222
4353,17.2836967077633
4354,17.2783294516476
4355,17.2729634281089
4356,17.2675986365811
4357,17.2622350764986
4358,17.2568727472962
4359,17.2515116484092
4360,17.246151779273
4361,17.2407931393236
4362,17.2354357279975
4363,17.2300795447312
4364,17.224724588962
4365,17.2193708601273
4366,17.2140183576651
4367,17.2086670810135
4368,17.2033170296114
4369,17.1979682028977
4370,17.1926206003119
4371,17.1872742212938
4372,17.1819290652835
4373,17.1765851317218
4374,17.1712424200496
4375,17.1659009297082
4376,17.1605606601394
4377,17.1552216107852
4378,17.1498837810883
4379,17.1445471704914
4380,17.1392117784379
4381,17.1338776043714
4382,17.128544647736
4383,17.123212907976
4384,17.1178823845363
4385,17.112553076862
4386,17.1072249843986
4387,17.1018981065922
4388,17.096572442889
4389,17.0912479927356
4390,17.0859247555793
4391,17.0806027308673
4392,17.0752819180476
4393,17.0699623165684
4394,17.0646439258781
4395,17.0593267454258
4396,17.0540107746608
4397,17.0486960130328
4398,17.0433824599919
4399,17.0380701149885
4400,17.0327589774735
4401,17.0274490468981
4402,17.0221403227137
4403,17.0168328043725
4404,17.0115264913267
4405,17.006221383029
4406,17.0009174789326
4407,16.9956147784907
4408,16.9903132811573
4409,16.9850129863865
4410,16.979713893633
4411,16.9744160023515
4412,16.9691193119975
4413,16.9638238220266
4414,16.9585295318947
4415,16.9532364410585
4416,16.9479445489746
4417,16.9426538551001
4418,16.9373643588926
4419,16.93207605981
4420,16.9267889573105
4421,16.9215030508528
4422,16.9162183398958
4423,16.9109348238989
4424,16.9056525023218
4425,16.9003713746246
4426,16.8950914402678
4427,16.8898126987121
4428,16.8845351494188
4429,16.8792587918494
4430,16.8739836254659
4431,16.8687096497304
4432,16.8634368641057
4433,16.8581652680547
4434,16.8528948610409
4435,16.847625642528
4436,16.8423576119799
4437,16.8370907688613
4438,16.831825112637
4439,16.826560642772
4440,16.821297358732
4441,16.8160352599829
4442,16.8107743459909
4443,16.8055146162227
4444,16.8002560701452
4445,16.7949987072257
4446,16.7897425269321
4447,16.7844875287324
4448,16.7792337120949
4449,16.7739810764885
4450,16.7687296213823
4451,16.7634793462458
4452,16.7582302505488
4453,16.7529823337616
4454,16.7477355953547
4455,16.7424900347991
4456,16.7372456515661
4457,16.7320024451272
4458,16.7267604149546
4459,16.7215195605204
4460,16.7162798812975
4461,16.7110413767588
4462,16.7058040463779
4463,16.7005678896284
4464,16.6953329059845
4465,16.6900990949207
4466,16.6848664559118
4467,16.6796349884329
4468,16.6744046919596
4469,16.6691755659678
4470,16.6639476099338
4471,16.6587208233341
4472,16.6534952056455
4473,16.6482707563456
4474,16.6430474749118
4475,16.6378253608222
4476,16.6326044135551
4477,16.6273846325891
4478,16.6221660174035
4479,16.6169485674774
4480,16.6117322822907
4481,16.6065171613235
4482,16.6013032040561
4483,16.5960904099694
4484,16.5908787785445
4485,16.5856683092628
4486,16.5804590016063
4487,16.575250855057
4488,16.5700438690974
4489,16.5648380432105
4490,16.5596333768794
4491,16.5544298695877
4492,16.5492275208193
4493,16.5440263300585
4494,16.5388262967897
4495,16.533627420498
4496,16.5284297006686
4497,16.5232331367871
4498,16.5180377283395
4499,16.5128434748121
4500,16.5076503756916
4501,16.5024584304649
4502,16.4972676386193
4503,16.4920779996425
4504,16.4868895130226
4505,16.4817021782479
4506,16.4765159948071
4507,16.4713309621892
4508,16.4661470798835
4509,16.4609643473799
4510,16.4557827641684
4511,16.4506023297393
4512,16.4454230435834
4513,16.4402449051917
4514,16.4350679140557
4515,16.4298920696671
4516,16.424717371518
4517,16.4195438191008
4518,16.4143714119083
4519,16.4092001494336
4520,16.40403003117
4521,16.3988610566115
4522,16.393693225252
4523,16.388526536586
4524,16.3833609901083
4525,16.3781965853139
4526,16.3730333216985
4527,16.3678711987576
4528,16.3627102159875
4529,16.3575503728846
4530,16.3523916689456
4531,16.3472341036676
4532,16.3420776765482
4533,16.3369223870851
4534,16.3317682347764
4535,16.3266152191206
4536,16.3214633396164
4537,16.3163125957629
4538,16.3111629870595
4539,16.3060145130062
4540,16.3008671731028
4541,16.2957209668499
4542,16.2905758937483
4543,16.2854319532989
4544,16.2802891450033
4545,16.2751474683632
4546,16.2700069228806
4547,16.2648675080581
4548,16.2597292233981
4549,16.254592068404
4550,16.249456042579
4551,16.2443211454269
4552,16.2391873764517
4553,16.2340547351577
4554,16.2289232210497
4555,16.2237928336328
4556,16.2186635724121
4557,16.2135354368935
4558,16.2084084265829
4559,16.2032825409867
4560,16.1981577796115
4561,16.1930341419642
4562,16.1879116275522
4563,16.1827902358831
4564,16.1776699664648
4565,16.1725508188057
4566,16.1674327924142
4567,16.1623158867994
4568,16.1572001014704
4569,16.1520854359369
4570,16.1469718897086
4571,16.1418594622959
4572,16.1367481532091
4573,16.1316379619593
4574,16.1265288880575
4575,16.1214209310152
4576,16.1163140903443
4577,16.1112083655569
4578,16.1061037561654
4579,16.1010002616826
4580,16.0958978816215
4581,16.0907966154956
4582,16.0856964628187
4583,16.0805974231046
4584,16.0754994958679
4585,16.0704026806232
4586,16.0653069768855
4587,16.0602123841701
4588,16.0551189019926
4589,16.050026529869
4590,16.0449352673155
4591,16.0398451138487
4592,16.0347560689856
4593,16.0296681322433
4594,16.0245813031393
4595,16.0194955811915
4596,16.0144109659181
4597,16.0093274568376
4598,16.0042450534686
4599,15.9991637553303
4600,15.9940835619422
4601,15.9890044728238
4602,15.9839264874954
4603,15.9788496054773
4604,15.97377382629
4605,15.9686991494546
4606,15.9636255744924
4607,15.9585531009249
4608,15.9534817282741
4609,15.9484114560622
4610,15.9433422838118
4611,15.9382742110457
4612,15.9332072372869
4613,15.9281413620591
4614,15.923076584886
4615,15.9180129052916
4616,15.9129503228004
4617,15.9078888369371
4618,15.9028284472266
4619,15.8977691531943
4620,15.8927109543659
4621,15.8876538502672
4622,15.8825978404245
4623,15.8775429243644
4624,15.8724891016137
4625,15.8674363716996
4626,15.8623847341496
4627,15.8573341884914
4628,15.8522847342531
4629,15.8472363709631
4630,15.8421890981501
4631,15.8371429153432
4632,15.8320978220716
4633,15.8270538178649
4634,15.8220109022531
4635,15.8169690747663
4636,15.8119283349351
4637,15.8068886822904
4638,15.8018501163632
4639,15.796812636685
4640,15.7917762427876
4641,15.7867409342029
4642,15.7817067104634
4643,15.7766735711016
4644,15.7716415156505
4645,15.7666105436434
4646,15.7615806546138
4647,15.7565518480956
4648,15.7515241236229
4649,15.7464974807301
4650,15.7414719189521
4651,15.7364474378239
4652,15.7314240368808
4653,15.7264017156586
4654,15.721380473693
4655,15.7163603105204
4656,15.7113412256775
4657,15.7063232187009
4658,15.7013062891278
4659,15.6962904364957
4660,15.6912756603424
4661,15.6862619602058
4662,15.6812493356244
4663,15.6762377861367
4664,15.6712273112817
4665,15.6662179105986
4666,15.661209583627
4667,15.6562023299066
4668,15.6511961489776
4669,15.6461910403804
4670,15.6411870036557
4671,15.6361840383445
4672,15.6311821439881
4673,15.626181320128
4674,15.6211815663063
4675,15.616182882065
4676,15.6111852669467
4677,15.606188720494
4678,15.6011932422502
4679,15.5961988317584
4680,15.5912054885624
4681,15.5862132122061
4682,15.5812220022337
4683,15.5762318581899
4684,15.5712427796192
4685,15.566254766067
4686,15.5612678170785
4687,15.5562819321995
4688,15.551297110976
4689,15.5463133529542
4690,15.5413306576806
4691,15.5363490247022
4692,15.531368453566
4693,15.5263889438196
4694,15.5214104950106
4695,15.516433106687
4696,15.5114567783971
4697,15.5064815096896
4698,15.5015073001132
4699,15.4965341492172
4700,15.491562056551
4701,15.4865910216643
4702,15.4816210441071
4703,15.4766521234299
4704,15.4716842591831
4705,15.4667174509177
4706,15.4617516981848
4707,15.4567870005359
4708,15.4518233575226
4709,15.4468607686972
4710,15.4418992336118
4711,15.4369387518191
4712,15.431979322872
4713,15.4270209463236
4714,15.4220636217273
4715,15.417107348637
4716,15.4121521266066
4717,15.4071979551905
4718,15.4022448339431
4719,15.3972927624195
4720,15.3923417401748
4721,15.3873917667643
4722,15.3824428417438
4723,15.3774949646694
4724,15.3725481350972
4725,15.367602352584
4726,15.3626576166864
4727,15.3577139269617
4728,15.3527712829672
4729,15.3478296842607
4730,15.3428891304001
4731,15.3379496209436
4732,15.3330111554498
4733,15.3280737334776
4734,15.3231373545859
4735,15.3182020183342
4736,15.3132677242822
4737,15.3083344719896
4738,15.3034022610169
4739,15.2984710909243
4740,15.2935409612728
4741,15.2886118716233
4742,15.2836838215372
4743,15.278756810576
4744,15.2738308383017
4745,15.2689059042763
4746,15.2639820080624
4747,15.2590591492226
4748,15.2541373273199
4749,15.2492165419175
4750,15.2442967925791
4751,15.2393780788683
4752,15.2344604003493
4753,15.2295437565864
4754,15.2246281471444
4755,15.219713571588
4756,15.2148000294824
4757,15.2098875203932
4758,15.2049760438861
4759,15.200065599527
4760,15.1951561868822
4761,15.1902478055184
4762,15.1853404550022
4763,15.1804341349009
4764,15.1755288447817
4765,15.1706245842124
4766,15.1657213527609
4767,15.1608191499952
4768,15.155917975484
4769,15.1510178287958
4770,15.1461187094998
4771,15.1412206171652
4772,15.1363235513615
4773,15.1314275116586
4774,15.1265324976265
4775,15.1216385088356
4776,15.1167455448565
4777,15.1118536052601
4778,15.1069626896176
4779,15.1020727975004
4780,15.0971839284802
4781,15.092296082129
4782,15.087409258019
4783,15.0825234557227
4784,15.077638674813
4785,15.0727549148628
4786,15.0678721754454
4787,15.0629904561345
4788,15.0581097565038
4789,15.0532300761276
4790,15.0483514145801
4791,15.0434737714361
4792,15.0385971462703
4793,15.0337215386581
4794,15.0288469481749
4795,15.0239733743963
4796,15.0191008168983
4797,15.0142292752573
4798,15.0093587490496
4799,15.0044892378521
4800,14.9996207412417
4801,14.9947532587959
4802,14.9898867900921
4803,14.9850213347082
4804,14.9801568922223
4805,14.9752934622127
4806,14.970431044258
4807,14.9655696379372
4808,14.9607092428294
4809,14.9558498585139
4810,14.9509914845704
4811,14.946134120579
4812,14.9412777661197
4813,14.936422420773
4814,14.9315680841197
4815,14.9267147557407
4816,14.9218624352173
4817,14.9170111221308
4818,14.9121608160632
4819,14.9073115165965
4820,14.9024632233128
4821,14.8976159357948
4822,14.8927696536253
4823,14.8879243763872
4824,14.883080103664
4825,14.8782368350392
4826,14.8733945700966
4827,14.8685533084204
4828,14.8637130495948
4829,14.8588737932046
4830,14.8540355388345
4831,14.8491982860698
4832,14.8443620344957
4833,14.8395267836979
4834,14.8346925332624
4835,14.8298592827753
4836,14.825027031823
4837,14.8201957799921
4838,14.8153655268696
4839,14.8105362720427
4840,14.8057080150989
4841,14.8008807556257
4842,14.7960544932112
4843,14.7912292274435
4844,14.7864049579112
4845,14.781581684203
4846,14.7767594059077
4847,14.7719381226147
4848,14.7671178339134
4849,14.7622985393935
4850,14.7574802386451
4851,14.7526629312583
4852,14.7478466168237
4853,14.743031294932
4854,14.7382169651742
4855,14.7334036271416
4856,14.7285912804256
4857,14.7237799246181
4858,14.718969559311
4859,14.7141601840966
4860,14.7093517985674
4861,14.7045444023161
4862,14.6997379949359
4863,14.6949325760198
4864,14.6901281451616
4865,14.6853247019549
4866,14.6805222459937
4867,14.6757207768724
4868,14.6709202941854
4869,14.6661207975275
4870,14.6613222864938
4871,14.6565247606794
4872,14.65172821968
4873,14.6469326630912
4874,14.6421380905091
4875,14.63734450153
4876,14.6325518957504
4877,14.627760272767
4878,14.6229696321768
4879,14.6181799735771
4880,14.6133912965654
4881,14.6086036007395
4882,14.6038168856973
4883,14.5990311510371
4884,14.5942463963573
4885,14.5894626212569
4886,14.5846798253346
4887,14.5798980081897
4888,14.5751171694218
4889,14.5703373086305
4890,14.5655584254158
4891,14.560780519378
4892,14.5560035901174
4893,14.5512276372348
4894,14.5464526603311
4895,14.5416786590076
4896,14.5369056328656
4897,14.5321335815069
4898,14.5273625045334
4899,14.5225924015472
4900,14.5178232721507
4901,14.5130551159467
4902,14.508287932538
4903,14.5035217215277
4904,14.4987564825193
4905,14.4939922151164
4906,14.4892289189228
4907,14.4844665935427
4908,14.4797052385803
4909,14.4749448536404
4910,14.4701854383277
4911,14.4654269922474
4912,14.4606695150047
4913,14.4559130062053
4914,14.4511574654548
4915,14.4464028923594
4916,14.4416492865253
4917,14.4368966475591
4918,14.4321449750676
4919,14.4273942686576
4920,14.4226445279366
4921,14.4178957525119
4922,14.4131479419913
4923,14.4084010959827
4924,14.4036552140944
4925,14.3989102959348
4926,14.3941663411126
4927,14.3894233492366
4928,14.3846813199161
4929,14.3799402527604
4930,14.3752001473791
4931,14.3704610033822
4932,14.3657228203797
4933,14.3609855979819
4934,14.3562493357996
4935,14.3515140334434
4936,14.3467796905244
4937,14.3420463066539
4938,14.3373138814434
4939,14.3325824145048
4940,14.3278519054499
4941,14.323122353891
4942,14.3183937594407
4943,14.3136661217115
4944,14.3089394403164
4945,14.3042137148687
4946,14.2994889449817
4947,14.294765130269
4948,14.2900422703445
4949,14.2853203648224
4950,14.2805994133169
4951,14.2758794154427
4952,14.2711603708146
4953,14.2664422790476
4954,14.261725139757
4955,14.2570089525582
4956,14.2522937170672
4957,14.2475794328997
4958,14.2428660996721
4959,14.2381537170007
4960,14.2334422845023
4961,14.2287318017937
4962,14.2240222684921
4963,14.2193136842149
4964,14.2146060485796
4965,14.2098993612041
4966,14.2051936217064
4967,14.2004888297048
4968,14.1957849848179
4969,14.1910820866645
4970,14.1863801348633
4971,14.1816791290338
4972,14.1769790687954
4973,14.1722799537676
4974,14.1675817835705
4975,14.1628845578241
4976,14.1581882761488
4977,14.1534929381652
4978,14.1487985434941
4979,14.1441050917566
4980,14.1394125825739
4981,14.1347210155675
4982,14.1300303903592
4983,14.1253407065709
4984,14.1206519638248
4985,14.1159641617433
4986,14.1112772999491
4987,14.106591378065
4988,14.1019063957141
4989,14.0972223525198
4990,14.0925392481055
4991,14.0878570820951
4992,14.0831758541126
4993,14.0784955637821
4994,14.0738162107281
4995,14.0691377945754
4996,14.0644603149488
4997,14.0597837714734
4998,14.0551081637746
4999,14.050433491478
5000,14.0457597542093
5001,14.0410869515947
5002,14.0364150832603
5003,14.0317441488326
5004,14.0270741479383
5005,14.0224050802043
5006,14.0177369452579
5007,14.0130697427263
5008,14.0084034722371
5009,14.0037381334183
5010,13.9990737258977
5011,13.9944102493037
5012,13.9897477032647
5013,13.9850860874095
5014,13.980425401367
5015,13.9757656447663
5016,13.9711068172368
5017,13.9664489184081
5018,13.96179194791
5019,13.9571359053726
5020,13.9524807904261
5021,13.947826602701
5022,13.9431733418279
5023,13.9385210074379
5024,13.933869599162
5025,13.9292191166316
5026,13.9245695594783
5027,13.9199209273339
5028,13.9152732198304
5029,13.9106264366001
5030,13.9059805772754
5031,13.9013356414889
5032,13.8966916288737
5033,13.8920485390627
5034,13.8874063716894
5035,13.8827651263873
5036,13.8781248027901
5037,13.8734854005319
5038,13.8688469192468
5039,13.8642093585694
5040,13.8595727181341
5041,13.854936997576
5042,13.85030219653
5043,13.8456683146314
5044,13.8410353515159
5045,13.836403306819
5046,13.8317721801768
5047,13.8271419712254
5048,13.8225126796012
5049,13.8178843049408
5050,13.813256846881
5051,13.8086303050588
5052,13.8040046791114
5053,13.7993799686764
5054,13.7947561733913
5055,13.7901332928942
5056,13.785511326823
5057,13.780890274816
5058,13.776270136512
5059,13.7716509115495
5060,13.7670325995675
5061,13.7624152002052
5062,13.757798713102
5063,13.7531831378976
5064,13.7485684742316
5065,13.7439547217441
5066,13.7393418800754
5067,13.734729948866
5068,13.7301189277565
5069,13.7255088163877
5070,13.7208996144008
5071,13.7162913214371
5072,13.7116839371381
5073,13.7070774611455
5074,13.7024718931013
5075,13.6978672326476
5076,13.6932634794267
5077,13.6886606330814
5078,13.6840586932542
5079,13.6794576595883
5080,13.6748575317269
5081,13.6702583093133
5082,13.6656599919912
5083,13.6610625794045
5084,13.6564660711971
5085,13.6518704670134
5086,13.6472757664978
5087,13.642681969295
5088,13.6380890750499
5089,13.6334970834076
5090,13.6289059940134
5091,13.6243158065128
5092,13.6197265205515
5093,13.6151381357755
5094,13.6105506518309
5095,13.6059640683641
5096,13.6013783850215
5097,13.5967936014501
5098,13.5922097172968
5099,13.5876267322087
5100,13.5830446458332
5101,13.578463457818
5102,13.5738831678109
5103,13.5693037754597
5104,13.5647252804129
5105,13.5601476823188
5106,13.555570980826
5107,13.5509951755834
5108,13.54642026624
5109,13.5418462524451
5110,13.5372731338481
5111,13.5327009100987
5112,13.5281295808467
5113,13.5235591457423
5114,13.5189896044357
5115,13.5144209565775
5116,13.5098532018182
5117,13.5052863398088
5118,13.5007203702003
5119,13.4961552926442
5120,13.4915911067919
5121,13.487027812295
5122,13.4824654088056
5123,13.4779038959758
5124,13.4733432734578
5125,13.4687835409042
5126,13.4642246979677
5127,13.4596667443013
5128,13.4551096795581
5129,13.4505535033914
5130,13.4459982154548
5131,13.4414438154021
5132,13.4368903028871
5133,13.432337677564
5134,13.4277859390872
5135,13.4232350871112
5136,13.4186851212909
5137,13.414136041281
5138,13.4095878467369
5139,13.4050405373138
5140,13.4004941126673
5141,13.3959485724533
5142,13.3914039163275
5143,13.3868601439463
5144,13.382317254966
5145,13.3777752490431
5146,13.3732341258344
5147,13.3686938849969
5148,13.3641545261877
5149,13.3596160490643
5150,13.355078453284
5151,13.3505417385049
5152,13.3460059043847
5153,13.3414709505817
5154,13.3369368767542
5155,13.3324036825607
5156,13.3278713676601
5157,13.3233399317113
5158,13.3188093743735
5159,13.3142796953059
5160,13.3097508941683
5161,13.3052229706202
5162,13.3006959243217
5163,13.2961697549328
5164,13.291644462114
5165,13.2871200455258
5166,13.282596504829
5167,13.2780738396843
5168,13.2735520497531
5169,13.2690311346966
5170,13.2645110941763
5171,13.259991927854
5172,13.2554736353915
5173,13.2509562164511
5174,13.2464396706949
5175,13.2419239977856
5176,13.2374091973857
5177,13.2328952691582
5178,13.2283822127663
5179,13.2238700278731
5180,13.2193587141422
5181,13.2148482712372
5182,13.210338698822
5183,13.2058299965607
5184,13.2013221641175
5185,13.1968152011569
5186,13.1923091073436
5187,13.1878038823423
5188,13.1832995258181
5189,13.1787960374363
5190,13.1742934168622
5191,13.1697916637616
5192,13.1652907778001
5193,13.1607907586438
5194,13.1562916059589
5195,13.1517933194118
5196,13.1472958986691
5197,13.1427993433975
5198,13.138303653264
5199,13.1338088279358
5200,13.1293148670802
5201,13.1248217703647
5202,13.1203295374571
5203,13.1158381680254
5204,13.1113476617376
5205,13.106858018262
5206,13.1023692372672
5207,13.0978813184218
5208,13.0933942613947
5209,13.088908065855
5210,13.0844227314719
5211,13.079938257915
5212,13.0754546448538
5213,13.0709718919582
5214,13.0664899988981
5215,13.0620089653439
5216,13.057528790966
5217,13.0530494754348
5218,13.0485710184212
5219,13.0440934195963
5220,13.039616678631
5221,13.0351407951968
5222,13.0306657689652
5223,13.026191599608
5224,13.021718286797
5225,13.0172458302044
5226,13.0127742295024
5227,13.0083034843636
5228,13.0038335944606
5229,12.9993645594663
5230,12.9948963790536
5231,12.9904290528959
5232,12.9859625806665
5233,12.9814969620391
5234,12.9770321966875
5235,12.9725682842856
5236,12.9681052245076
5237,12.9636430170278
5238,12.9591816615208
5239,12.9547211576614
5240,12.9502615051244
5241,12.9458027035849
5242,12.9413447527182
5243,12.9368876521999
5244,12.9324314017054
5245,12.9279760009108
5246,12.9235214494919
5247,12.9190677471251
5248,12.9146148934867
5249,12.9101628882533
5250,12.9057117311017
5251,12.9012614217088
5252,12.8968119597518
5253,12.8923633449079
5254,12.8879155768548
5255,12.88346865527
5256,12.8790225798315
5257,12.8745773502172
5258,12.8701329661055
5259,12.8656894271748
5260,12.8612467331037
5261,12.8568048835709
5262,12.8523638782555
5263,12.8479237168366
5264,12.8434843989935
5265,12.8390459244058
5266,12.8346082927531
5267,12.8301715037155
5268,12.8257355569728
5269,12.8213004522055
5270,12.8168661890938
5271,12.8124327673185
5272,12.8080001865603
5273,12.8035684465002
5274,12.7991375468194
5275,12.7947074871992
5276,12.7902782673211
5277,12.7858498868669
5278,12.7814223455184
5279,12.7769956429577
5280,12.7725697788671
5281,12.7681447529289
5282,12.7637205648258
5283,12.7592972142405
5284,12.7548747008561
5285,12.7504530243557
5286,12.7460321844226
5287,12.7416121807403
5288,12.7371930129925
5289,12.7327746808631
5290,12.7283571840361
5291,12.7239405221958
5292,12.7195246950265
5293,12.7151097022129
5294,12.7106955434396
5295,12.7062822183917
5296,12.7018697267542
5297,12.6974580682125
5298,12.693047242452
5299,12.6886372491584
5300,12.6842280880175
5301,12.6798197587154
5302,12.6754122609382
5303,12.6710055943722
5304,12.6665997587041
5305,12.6621947536205
5306,12.6577905788083
5307,12.6533872339547
5308,12.6489847187468
5309,12.6445830328721
5310,12.6401821760182
5311,12.6357821478728
5312,12.631382948124
5313,12.6269845764599
5314,12.6225870325687
5315,12.618190316139
5316,12.6137944268594
5317,12.6093993644188
5318,12.6050051285061
5319,12.6006117188106
5320,12.5962191350216
5321,12.5918273768287
5322,12.5874364439215
5323,12.58304633599
5324,12.5786570527242
5325,12.5742685938143
5326,12.5698809589509
5327,12.5654941478244
5328,12.5611081601256
5329,12.5567229955454
5330,12.552338653775
5331,12.5479551345057
5332,12.5435724374288
5333,12.5391905622361
5334,12.5348095086193
5335,12.5304292762704
5336,12.5260498648816
5337,12.5216712741451
5338,12.5172935037535
5339,12.5129165533995
5340,12.5085404227758
5341,12.5041651115755
5342,12.4997906194918
5343,12.4954169462181
5344,12.4910440914478
5345,12.4866720548748
5346,12.4823008361927
5347,12.4779304350957
5348,12.4735608512781
5349,12.4691920844342
5350,12.4648241342585
5351,12.4604570004458
5352,12.456090682691
5353,12.4517251806892
5354,12.4473604941356
5355,12.4429966227256
5356,12.4386335661549
5357,12.4342713241191
5358,12.4299098963142
5359,12.4255492824364
5360,12.4211894821818
5361,12.4168304952469
5362,12.4124723213283
5363,12.4081149601228
5364,12.4037584113273
5365,12.399402674639
5366,12.3950477497552
5367,12.3906936363732
5368,12.3863403341907
5369,12.3819878429056
5370,12.3776361622157
5371,12.3732852918192
5372,12.3689352314145
5373,12.3645859806999
5374,12.3602375393741
5375,12.3558899071359
5376,12.3515430836843
5377,12.3471970687184
5378,12.3428518619375
5379,12.3385074630412
5380,12.3341638717289
5381,12.3298210877007
5382,12.3254791106564
5383,12.3211379402961
5384,12.3167975763203
5385,12.3124580184293
5386,12.3081192663239
5387,12.3037813197048
5388,12.299444178273
5389,12.2951078417296
5390,12.2907723097761
5391,12.2864375821137
5392,12.2821036584443
5393,12.2777705384696
5394,12.2734382218915
5395,12.2691067084123
5396,12.2647759977342
5397,12.2604460895597
5398,12.2561169835915
5399,12.2517886795323
5400,12.2474611770851
5401,12.2431344759531
5402,12.2388085758395
5403,12.2344834764478
5404,12.2301591774817
5405,12.2258356786449
5406,12.2215129796414
5407,12.2171910801754
5408,12.212869979951
5409,12.2085496786728
5410,12.2042301760453
5411,12.1999114717734
5412,12.1955935655619
5413,12.1912764571161
5414,12.1869601461411
5415,12.1826446323423
5416,12.1783299154255
5417,12.1740159950963
5418,12.1697028710606
5419,12.1653905430247
5420,12.1610790106945
5421,12.1567682737767
5422,12.1524583319778
5423,12.1481491850044
5424,12.1438408325636
5425,12.1395332743623
5426,12.1352265101078
5427,12.1309205395074
5428,12.1266153622687
5429,12.1223109780995
5430,12.1180073867075
5431,12.1137045878008
5432,12.1094025810876
5433,12.1051013662762
5434,12.1008009430752
5435,12.0965013111932
5436,12.0922024703391
5437,12.0879044202218
5438,12.0836071605505
5439,12.0793106910346
5440,12.0750150113834
5441,12.0707201213066
5442,12.0664260205141
5443,12.0621327087158
5444,12.0578401856217
5445,12.0535484509422
5446,12.0492575043878
5447,12.0449673456689
5448,12.0406779744963
5449,12.0363893905811
5450,12.0321015936341
5451,12.0278145833668
5452,12.0235283594904
5453,12.0192429217165
5454,12.0149582697568
5455,12.0106744033231
5456,12.0063913221276
5457,12.0021090258824
5458,11.9978275142998
5459,11.9935467870923
5460,11.9892668439726
5461,11.9849876846534
5462,11.9807093088479
5463,11.976431716269
5464,11.9721549066302
5465,11.9678788796447
5466,11.9636036350263
5467,11.9593291724887
5468,11.9550554917458
5469,11.9507825925116
5470,11.9465104745005
5471,11.9422391374268
5472,11.937968581005
5473,11.9336988049498
5474,11.9294298089762
5475,11.9251615927991
5476,11.9208941561336
5477,11.9166274986952
5478,11.9123616201992
5479,11.9080965203614
5480,11.9038321988974
5481,11.8995686555234
5482,11.8953058899553
5483,11.8910439019094
5484,11.8867826911021
5485,11.8825222572501
5486,11.87826260007
5487,11.8740037192787
5488,11.8697456145933
5489,11.8654882857308
5490,11.8612317324088
5491,11.8569759543446
5492,11.852720951256
5493,11.8484667228607
5494,11.8442132688766
5495,11.839960589022
5496,11.8357086830151
5497,11.8314575505742
5498,11.827207191418
5499,11.8229576052652
5500,11.8187087918347
5501,11.8144607508455
5502,11.8102134820168
5503,11.8059669850679
5504,11.8017212597184
5505,11.7974763056879
5506,11.7932321226961
5507,11.7889887104632
5508,11.784746068709
5509,11.780504197154
5510,11.7762630955185
5511,11.772022763523
5512,11.7677832008884
5513,11.7635444073354
5514,11.7593063825851
5515,11.7550691263586
5516,11.7508326383773
5517,11.7465969183627
5518,11.7423619660364
5519,11.73812778112
5520,11.7338943633357
5521,11.7296617124054
5522,11.7254298280514
5523,11.7211987099961
5524,11.7169683579619
5525,11.7127387716717
5526,11.7085099508481
5527,11.7042818952143
5528,11.7000546044933
5529,11.6958280784083
5530,11.691602316683
5531,11.6873773190407
5532,11.6831530852053
5533,11.6789296149007
5534,11.6747069078509
5535,11.67048496378
5536,11.6662637824124
5537,11.6620433634726
5538,11.6578237066852
5539,11.653604811775
5540,11.6493866784669
5541,11.645169306486
5542,11.6409526955575
5543,11.6367368454068
5544,11.6325217557594
5545,11.6283074263411
5546,11.6240938568775
5547,11.6198810470948
5548,11.6156689967189
5549,11.6114577054763
5550,11.6072471730932
5551,11.6030373992962
5552,11.5988283838121
5553,11.5946201263678
5554,11.5904126266901
5555,11.5862058845063
5556,11.5819998995437
5557,11.5777946715297
5558,11.5735902001919
5559,11.569386485258
5560,11.565183526456
5561,11.5609813235139
5562,11.5567798761598
5563,11.5525791841221
5564,11.5483792471293
5565,11.5441800649099
5566,11.5399816371928
5567,11.5357839637069
5568,11.5315870441811
5569,11.5273908783448
5570,11.5231954659273
5571,11.519000806658
5572,11.5148069002666
5573,11.5106137464829
5574,11.5064213450369
5575,11.5022296956586
5576,11.4980387980783
5577,11.4938486520262
5578,11.4896592572329
5579,11.4854706134292
5580,11.4812827203457
5581,11.4770955777134
5582,11.4729091852635
5583,11.4687235427271
5584,11.4645386498357
5585,11.4603545063208
5586,11.456171111914
5587,11.4519884663472
5588,11.4478065693522
5589,11.4436254206613
5590,11.4394450200067
5591,11.4352653671207
5592,11.4310864617359
5593,11.426908303585
5594,11.4227308924008
5595,11.4185542279162
5596,11.4143783098644
5597,11.4102031379786
5598,11.4060287119922
5599,11.4018550316387
5600,11.3976820966519
5601,11.3935099067655
5602,11.3893384617135
5603,11.38516776123
5604,11.3809978050492
5605,11.3768285929056
5606,11.3726601245337
5607,11.3684923996682
5608,11.3643254180438
5609,11.3601591793956
5610,11.3559936834586
5611,11.351828929968
5612,11.3476649186594
5613,11.3435016492681
5614,11.3393391215299
5615,11.3351773351805
5616,11.3310162899559
5617,11.3268559855923
5618,11.3226964218258
5619,11.3185375983927
5620,11.3143795150297
5621,11.3102221714734
5622,11.3060655674605
5623,11.3019097027281
5624,11.297754577013
5625,11.2936001900527
5626,11.2894465415845
5627,11.2852936313457
5628,11.2811414590742
5629,11.2769900245075
5630,11.2728393273838
5631,11.2686893674409
5632,11.2645401444172
5633,11.2603916580509
5634,11.2562439080806
5635,11.2520968942447
5636,11.2479506162821
5637,11.2438050739317
5638,11.2396602669325
5639,11.2355161950237
5640,11.2313728579445
5641,11.2272302554345
5642,11.2230883872331
5643,11.2189472530802
5644,11.2148068527155
5645,11.2106671858792
5646,11.2065282523112
5647,11.202390051752
5648,11.1982525839418
5649,11.1941158486213
5650,11.1899798455312
5651,11.1858445744122
5652,11.1817100350054
5653,11.1775762270518
5654,11.1734431502927
5655,11.1693108044694
5656,11.1651791893235
5657,11.1610483045966
5658,11.1569181500306
5659,11.1527887253672
5660,11.1486600303486
5661,11.1445320647171
5662,11.1404048282148
5663,11.1362783205844
5664,11.1321525415683
5665,11.1280274909094
5666,11.1239031683505
5667,11.1197795736346
5668,11.115656706505
5669,11.1115345667048
5670,11.1074131539775
5671,11.1032924680667
5672,11.099172508716
5673,11.0950532756694
5674,11.0909347686706
5675,11.086816987464
5676,11.0826999317936
5677,11.0785836014039
5678,11.0744679960394
5679,11.0703531154446
5680,11.0662389593645
5681,11.0621255275439
5682,11.0580128197278
5683,11.0539008356614
5684,11.0497895750901
5685,11.0456790377593
5686,11.0415692234146
5687,11.0374601318016
5688,11.0333517626663
5689,11.0292441157547
5690,11.0251371908128
5691,11.0210309875869
5692,11.0169255058234
5693,11.0128207452689
5694,11.0087167056699
5695,11.0046133867733
5696,11.000510788326
5697,10.996408910075
5698,10.9923077517675
5699,10.9882073131509
5700,10.9841075939726
5701,10.9800085939802
5702,10.9759103129214
5703,10.9718127505441
5704,10.9677159065963
5705,10.963619780826
5706,10.9595243729815
5707,10.9554296828113
5708,10.9513357100637
5709,10.9472424544876
5710,10.9431499158316
5711,10.9390580938446
5712,10.9349669882758
5713,10.9308765988742
5714,10.9267869253892
5715,10.9226979675703
5716,10.9186097251669
5717,10.9145221979289
5718,10.910435385606
5719,10.9063492879481
5720,10.9022639047055
5721,10.8981792356283
5722,10.8940952804668
5723,10.8900120389716
5724,10.8859295108933
5725,10.8818476959827
5726,10.8777665939905
5727,10.8736862046678
5728,10.8696065277659
5729,10.8655275630358
5730,10.8614493102291
5731,10.8573717690973
5732,10.8532949393919
5733,10.849218820865
5734,10.8451434132682
5735,10.8410687163537
5736,10.8369947298737
5737,10.8329214535806
5738,10.8288488872266
5739,10.8247770305644
5740,10.8207058833467
5741,10.8166354453264
5742,10.8125657162563
5743,10.8084966958896
5744,10.8044283839795
5745,10.8003607802793
5746,10.7962938845425
5747,10.7922276965227
5748,10.7881622159737
5749,10.7840974426492
5750,10.7800333763033
5751,10.7759700166901
5752,10.7719073635639
5753,10.767845416679
5754,10.7637841757898
5755,10.7597236406511
5756,10.7556638110176
5757,10.7516046866442
5758,10.7475462672859
5759,10.7434885526978
5760,10.7394315426353
5761,10.7353752368536
5762,10.7313196351083
5763,10.7272647371551
5764,10.7232105427497
5765,10.7191570516481
5766,10.7151042636062
5767,10.7110521783803
5768,10.7070007957266
5769,10.7029501154015
5770,10.6989001371616
5771,10.6948508607635
5772,10.690802285964
5773,10.6867544125201
5774,10.6827072401887
5775,10.6786607687271
5776,10.6746149978925
5777,10.6705699274424
5778,10.6665255571342
5779,10.6624818867258
5780,10.6584389159749
5781,10.6543966446394
5782,10.6503550724773
5783,10.6463141992469
5784,10.6422740247064
5785,10.6382345486142
5786,10.634195770729
5787,10.6301576908094
5788,10.6261203086142
5789,10.6220836239023
5790,10.6180476364327
5791,10.6140123459648
5792,10.6099777522576
5793,10.6059438550708
5794,10.6019106541638
5795,10.5978781492963
5796,10.5938463402281
5797,10.5898152267191
5798,10.5857848085294
5799,10.5817550854192
5800,10.5777260571487
5801,10.5736977234784
5802,10.5696700841688
5803,10.5656431389806
5804,10.5616168876746
5805,10.5575913300116
5806,10.5535664657528
5807,10.5495422946593
5808,10.5455188164924
5809,10.5414960310135
5810,10.537473937984
5811,10.5334525371658
5812,10.5294318283205
5813,10.5254118112101
5814,10.5213924855965
5815,10.517373851242
5816,10.5133559079088
5817,10.5093386553593
5818,10.5053220933559
5819,10.5013062216615
5820,10.4972910400386
5821,10.4932765482502
5822,10.4892627460593
5823,10.4852496332291
5824,10.4812372095227
5825,10.4772254747036
5826,10.4732144285351
5827,10.4692040707811
5828,10.4651944012051
5829,10.461185419571
5830,10.4571771256429
5831,10.4531695191848
5832,10.4491625999609
5833,10.4451563677356
5834,10.4411508222734
5835,10.4371459633388
5836,10.4331417906965
5837,10.4291383041114
5838,10.4251355033484
5839,10.4211333881726
5840,10.4171319583492
5841,10.4131312136435
5842,10.4091311538209
5843,10.4051317786469
5844,10.4011330878873
5845,10.3971350813078
5846,10.3931377586744
5847,10.389141119753
5848,10.3851451643099
5849,10.3811498921113
5850,10.3771553029236
5851,10.3731613965132
5852,10.3691681726469
5853,10.3651756310914
5854,10.3611837716136
5855,10.3571925939804
5856,10.3532020979589
5857,10.3492122833165
5858,10.3452231498204
5859,10.3412346972381
5860,10.3372469253371
5861,10.3332598338853
5862,10.3292734226504
5863,10.3252876914004
5864,10.3213026399032
5865,10.3173182679272
5866,10.3133345752406
5867,10.3093515616118
5868,10.3053692268094
5869,10.3013875706019
5870,10.2974065927583
5871,10.2934262930473
5872,10.289446671238
5873,10.2854677270996
5874,10.2814894604011
5875,10.2775118709121
5876,10.273534958402
5877,10.2695587226404
5878,10.265583163397
5879,10.2616082804416
5880,10.2576340735443
5881,10.253660542475
5882,10.2496876870039
5883,10.2457155069014
5884,10.2417440019379
5885,10.2377731718838
5886,10.2338030165099
5887,10.229833535587
5888,10.2258647288858
5889,10.2218965961775
5890,10.2179291372332
5891,10.213962351824
5892,10.2099962397213
5893,10.2060308006966
5894,10.2020660345216
5895,10.1981019409678
5896,10.1941385198071
5897,10.1901757708115
5898,10.1862136937529
5899,10.1822522884037
5900,10.1782915545359
5901,10.1743314919221
5902,10.1703721003348
5903,10.1664133795465
5904,10.1624553293301
5905,10.1584979494584
5906,10.1545412397043
5907,10.150585199841
5908,10.1466298296417
5909,10.1426751288797
5910,10.1387210973284
5911,10.1347677347613
5912,10.1308150409522
5913,10.1268630156748
5914,10.1229116587031
5915,10.118960969811
5916,10.1150109487726
5917,10.1110615953623
5918,10.1071129093543
5919,10.1031648905231
5920,10.0992175386433
5921,10.0952708534897
5922,10.0913248348369
5923,10.08737948246
5924,10.083434796134
5925,10.079490775634
5926,10.0755474207353
5927,10.0716047312133
5928,10.0676627068434
5929,10.0637213474014
5930,10.0597806526629
5931,10.0558406224037
5932,10.0519012563998
5933,10.0479625544272
5934,10.0440245162622
5935,10.0400871416811
5936,10.0361504304601
5937,10.0322143823759
5938,10.028278997205
5939,10.0243442747242
5940,10.0204102147105
5941,10.0164768169406
5942,10.0125440811917
5943,10.008612007241
5944,10.0046805948659
5945,10.0007498438436
5946,9.99681975395176
5947,9.99289032496802
5948,9.98896155667012
5949,9.98503344883593
5950,9.98110600124338
5951,9.97717921367062
5952,9.97325308589582
5953,9.96932761769731
5954,9.96540280885347
5955,9.96147865914289
5956,9.95755516834421
5957,9.95363233623616
5958,9.9497101625976
5959,9.94578864720755
5960,9.94186778984509
5961,9.93794759028943
5962,9.93402804831987
5963,9.93010916371584
5964,9.92619093625688
5965,9.92227336572264
5966,9.91835645189289
5967,9.91444019454746
5968,9.91052459346636
5969,9.90660964842969
5970,9.90269535921763
5971,9.8987817256105
5972,9.89486874738872
5973,9.89095642433282
5974,9.88704475622346
5975,9.88313374284135
5976,9.87922338396742
5977,9.87531367938258
5978,9.87140462886795
5979,9.86749623220468
5980,9.86358848917414
5981,9.85968139955769
5982,9.85577496313686
5983,9.85186917969329
5984,9.84796404900873
5985,9.84405957086501
5986,9.84015574504408
5987,9.83625257132804
5988,9.83235004949904
5989,9.82844817933941
5990,9.82454696063149
5991,9.82064639315783
5992,9.81674647670102
5993,9.81284721104378
5994,9.80894859596897
5995,9.80505063125949
5996,9.80115331669841
5997,9.7972566520689
5998,9.7933606371542
5999,9.7894652717377
6000,9.78557055560287
6001,9.78167648853334
6002,9.77778307031276
6003,9.77389030072495
6004,9.76999817955384
6005,9.76610670658344
6006,9.76221588159789
6007,9.75832570438142
6008,9.75443617471839
6009,9.75054729239324
6010,9.74665905719051
6011,9.74277146889492
6012,9.73888452729123
6013,9.73499823216432
6014,9.73111258329916
6015,9.72722758048087
6016,9.72334322349466
6017,9.71945951212584
6018,9.71557644615982
6019,9.71169402538214
6020,9.70781224957842
6021,9.7039311185344
6022,9.70005063203594
6023,9.696170789869
6024,9.69229159181961
6025,9.68841303767399
6026,9.68453512721836
6027,9.68065786023913
6028,9.67678123652277
6029,9.67290525585589
6030,9.66902991802517
6031,9.66515522281743
6032,9.66128117001957
6033,9.65740775941862
6034,9.65353499080168
6035,9.64966286395602
6036,9.64579137866891
6037,9.64192053472786
6038,9.6380503319204
6039,9.63418077003414
6040,9.63031184885686
6041,9.62644356817642
6042,9.62257592778081
6043,9.61870892745809
6044,9.61484256699643
6045,9.61097684618412
6046,9.60711176480954
6047,9.60324732266119
6048,9.59938351952766
6049,9.59552035519767
6050,9.59165782946
6051,9.5877959421036
6052,9.58393469291747
6053,9.58007408169072
6054,9.57621410821258
6055,9.57235477227239
6056,9.56849607365958
6057,9.5646380121637
6058,9.56078058757437
6059,9.55692379968138
6060,9.55306764827453
6061,9.54921213314381
6062,9.54535725407926
6063,9.54150301087105
6064,9.53764940330945
6065,9.53379643118484
6066,9.52994409428771
6067,9.52609239240858
6068,9.52224132533818
6069,9.51839089286728
6070,9.51454109478679
6071,9.51069193088768
6072,9.50684340096104
6073,9.50299550479809
6074,9.4991482421901
6075,9.49530161292853
6076,9.49145561680483
6077,9.48761025361064
6078,9.48376552313765
6079,9.47992142517773
6080,9.47607795952275
6081,9.47223512596475
6082,9.46839292429586
6083,9.4645513543083
6084,9.46071041579439
6085,9.45687010854656
6086,9.45303043235738
6087,9.44919138701944
6088,9.44535297232551
6089,9.44151518806844
6090,9.43767803404114
6091,9.43384151003665
6092,9.43000561584816
6093,9.4261703512689
6094,9.42233571609219
6095,9.41850171011151
6096,9.41466833312045
6097,9.4108355849126
6098,9.40700346528173
6099,9.40317197402174
6100,9.39934111092655
6101,9.39551087579025
6102,9.39168126840698
6103,9.387852288571
6104,9.38402393607669
6105,9.38019621071851
6106,9.37636911229103
6107,9.37254264058892
6108,9.36871679540694
6109,9.36489157653996
6110,9.36106698378296
6111,9.357243016931
6112,9.35341967577925
6113,9.349596960123
6114,9.34577486975761
6115,9.34195340447854
6116,9.33813256408139
6117,9.33431234836179
6118,9.33049275711556
6119,9.32667379013858
6120,9.32285544722677
6121,9.31903772817625
6122,9.31522063278319
6123,9.31140416084382
6124,9.30758831215457
6125,9.30377308651188
6126,9.29995848371233
6127,9.2961445035526
6128,9.29233114582945
6129,9.28851841033976
6130,9.28470629688048
6131,9.28089480524872
6132,9.27708393524162
6133,9.27327368665644
6134,9.26946405929059
6135,9.26565505294149
6136,9.26184666740675
6137,9.25803890248399
6138,9.254231757971
6139,9.25042523366567
6140,9.24661932936588
6141,9.24281404486978
6142,9.23900937997548
6143,9.23520533448124
6144,9.23140190818542
6145,9.22759910088647
6146,9.22379691238297
6147,9.21999534247354
6148,9.21619439095696
6149,9.21239405763202
6150,9.20859434229774
6151,9.20479524475311
6152,9.20099676479729
6153,9.19719890222953
6154,9.19340165684916
6155,9.18960502845558
6156,9.1858090168484
6157,9.18201362182718
6158,9.17821884319168
6159,9.1744246807417
6160,9.1706311342772
6161,9.16683820359819
6162,9.1630458885048
6163,9.1592541887972
6164,9.15546310427575
6165,9.15167263474082
6166,9.14788277999296
6167,9.14409353983275
6168,9.14030491406089
6169,9.13651690247818
6170,9.13272950488553
6171,9.1289427210839
6172,9.12515655087442
6173,9.12137099405822
6174,9.11758605043667
6175,9.11380171981105
6176,9.11001800198289
6177,9.10623489675375
6178,9.1024524039253
6179,9.09867052329929
6180,9.0948892546776
6181,9.09110859786217
6182,9.08732855265508
6183,9.08354911885844
6184,9.07977029627451
6185,9.07599208470566
6186,9.07221448395428
6187,9.06843749382293
6188,9.06466111411421
6189,9.06088534463088
6190,9.05711018517574
6191,9.0533356355517
6192,9.04956169556179
6193,9.04578836500912
6194,9.04201564369686
6195,9.03824353142832
6196,9.03447202800688
6197,9.03070113323604
6198,9.0269308469194
6199,9.0231611688606
6200,9.01939209886344
6201,9.01562363673176
6202,9.01185578226956
6203,9.00808853528088
6204,9.00432189556983
6205,9.00055586294073
6206,8.99679043719787
6207,8.99302561814571
6208,8.98926140558876
6209,8.98549779933165
6210,8.98173479917911
6211,8.97797240493591
6212,8.97421061640704
6213,8.97044943339743
6214,8.96668885571218
6215,8.96292888315652
6216,8.95916951553571
6217,8.95541075265513
6218,8.95165259432024
6219,8.94789504033664
6220,8.94413809050995
6221,8.94038174464594
6222,8.93662600255045
6223,8.93287086402943
6224,8.92911632888893
6225,8.92536239693503
6226,8.92160906797399
6227,8.91785634181209
6228,8.91410421825578
6229,8.91035269711154
6230,8.90660177818595
6231,8.90285146128571
6232,8.89910174621761
6233,8.89535263278852
6234,8.89160412080538
6235,8.88785621007527
6236,8.88410890040535
6237,8.88036219160283
6238,8.8766160834751
6239,8.87287057582954
6240,8.8691256684737
6241,8.8653813612152
6242,8.86163765386172
6243,8.85789454622106
6244,8.85415203810115
6245,8.85041012930995
6246,8.84666881965555
6247,8.84292810894608
6248,8.83918799698984
6249,8.83544848359514
6250,8.83170956857048
6251,8.82797125172439
6252,8.82423353286546
6253,8.82049641180245
6254,8.81675988834414
6255,8.81302396229943
6256,8.80928863347735
6257,8.80555390168698
6258,8.80181976673749
6259,8.79808622843814
6260,8.79435328659831
6261,8.79062094102744
6262,8.78688919153507
6263,8.78315803793085
6264,8.77942748002451
6265,8.77569751762586
6266,8.7719681505448
6267,8.76823937859136
6268,8.76451120157559
6269,8.76078361930768
6270,8.75705663159794
6271,8.75333023825671
6272,8.74960443909441
6273,8.74587923392164
6274,8.742154622549
6275,8.73843060478723
6276,8.73470718044714
6277,8.73098434933967
6278,8.72726211127575
6279,8.72354046606652
6280,8.71981941352315
6281,8.7160989534569
6282,8.71237908567911
6283,8.70865981000128
6284,8.7049411262349
6285,8.70122303419161
6286,8.69750553368311
6287,8.69378862452126
6288,8.69007230651792
6289,8.68635657948509
6290,8.68264144323483
6291,8.67892689757933
6292,8.67521294233083
6293,8.67149957730168
6294,8.66778680230432
6295,8.66407461715127
6296,8.66036302165514
6297,8.65665201562864
6298,8.65294159888455
6299,8.64923177123577
6300,8.64552253249527
6301,8.64181388247609
6302,8.6381058209914
6303,8.63439834785443
6304,8.63069146287852
6305,8.62698516587704
6306,8.62327945666354
6307,8.61957433505161
6308,8.61586980085491
6309,8.61216585388722
6310,8.60846249396239
6311,8.60475972089438
6312,8.60105753449723
6313,8.59735593458505
6314,8.59365492097207
6315,8.58995449347256
6316,8.58625465190096
6317,8.58255539607169
6318,8.57885672579933
6319,8.57515864089856
6320,8.57146114118411
6321,8.5677642264708
6322,8.56406789657356
6323,8.56037215130736
6324,8.55667699048734
6325,8.55298241392865
6326,8.54928842144656
6327,8.54559501285643
6328,8.54190218797373
6329,8.53820994661396
6330,8.53451828859272
6331,8.53082721372576
6332,8.52713672182883
6333,8.52344681271785
6334,8.51975748620878
6335,8.51606874211764
6336,8.5123805802606
6337,8.5086930004539
6338,8.50500600251381
6339,8.50131958625677
6340,8.49763375149929
6341,8.49394849805788
6342,8.49026382574924
6343,8.48657973439013
6344,8.48289622379738
6345,8.4792132937879
6346,8.47553094417872
6347,8.47184917478693
6348,8.46816798542966
6349,8.46448737592427
6350,8.46080734608806
6351,8.45712789573846
6352,8.45344902469305
6353,8.4497707327694
6354,8.44609301978521
6355,8.4424158855583
6356,8.4387393299065
6357,8.43506335264781
6358,8.43138795360024
6359,8.42771313258193
6360,8.4240388894111
6361,8.42036522390604
6362,8.41669213588517
6363,8.41301962516691
6364,8.40934769156987
6365,8.40567633491266
6366,8.40200555501401
6367,8.39833535169274
6368,8.39466572476777
6369,8.39099667405806
6370,8.38732819938271
6371,8.38366030056084
6372,8.37999297741169
6373,8.37632622975463
6374,8.37266005740902
6375,8.36899446019439
6376,8.36532943793031
6377,8.36166499043644
6378,8.35800111753254
6379,8.35433781903846
6380,8.35067509477408
6381,8.34701294455943
6382,8.34335136821459
6383,8.33969036555975
6384,8.33602993641515
6385,8.33237008060114
6386,8.32871079793816
6387,8.32505208824671
6388,8.32139395134736
6389,8.31773638706084
6390,8.31407939520789
6391,8.31042297560937
6392,8.30676712808618
6393,8.30311185245936
6394,8.29945714855001
6395,8.29580301617933
6396,8.29214945516857
6397,8.28849646533907
6398,8.2848440465123
6399,8.28119219850974
6400,8.27754092115304
6401,8.27389021426383
6402,8.27024007766394
6403,8.26659051117519
6404,8.2629415146195
6405,8.25929308781896
6406,8.25564523059559
6407,8.25199794277163
6408,8.24835122416934
6409,8.24470507461108
6410,8.24105949391928
6411,8.23741448191645
6412,8.23377003842518
6413,8.23012616326823
6414,8.22648285626828
6415,8.22284011724823
6416,8.21919794603102
6417,8.21555634243965
6418,8.21191530629721
6419,8.20827483742693
6420,8.20463493565203
6421,8.20099560079587
6422,8.19735683268188
6423,8.19371863113356
6424,8.19008099597455
6425,8.1864439270285
6426,8.18280742411917
6427,8.1791714870704
6428,8.17553611570613
6429,8.17190130985034
6430,8.16826706932717
6431,8.16463339396072
6432,8.16100028357531
6433,8.15736773799525
6434,8.15373575704493
6435,8.1501043405489
6436,8.1464734883317
6437,8.142843200218
6438,8.13921347603259
6439,8.13558431560022
6440,8.13195571874585
6441,8.12832768529447
6442,8.12470021507112
6443,8.12107330790097
6444,8.11744696360925
6445,8.1138211820213
6446,8.11019596296247
6447,8.10657130625829
6448,8.10294721173427
6449,8.09932367921607
6450,8.09570070852943
6451,8.0920782995001
6452,8.08845645195402
6453,8.08483516571715
6454,8.08121444061549
6455,8.07759427647521
6456,8.07397467312249
6457,8.07035563038363
6458,8.06673714808499
6459,8.06311922605303
6460,8.05950186411426
6461,8.05588506209532
6462,8.05226881982287
6463,8.04865313712371
6464,8.04503801382467
6465,8.04142344975268
6466,8.03780944473478
6467,8.03419599859802
6468,8.03058311116961
6469,8.02697078227676
6470,8.02335901174684
6471,8.01974779940726
6472,8.01613714508551
6473,8.01252704860915
6474,8.00891750980584
6475,8.00530852850333
6476,8.0017001045294
6477,7.99809223771196
6478,7.99448492787897
6479,7.99087817485849
6480,7.98727197847867
6481,7.98366633856767
6482,7.98006125495385
6483,7.97645672746551
6484,7.97285275593116
6485,7.96924934017927
6486,7.96564648003849
6487,7.96204417533749
6488,7.95844242590504
6489,7.95484123157
6490,7.95124059216126
6491,7.94764050750785
6492,7.94404097743883
6493,7.9404420017834
6494,7.93684358037077
6495,7.93324571303024
6496,7.92964839959128
6497,7.9260516398833
6498,7.92245543373587
6499,7.91885978097865
6500,7.91526468144131
6501,7.91167013495369
6502,7.90807614134564
6503,7.90448270044708
6504,7.90088981208808
6505,7.89729747609872
6506,7.89370569230919
6507,7.89011446054977
6508,7.88652378065077
6509,7.88293365244262
6510,7.87934407575584
6511,7.87575505042096
6512,7.87216657626865
6513,7.86857865312968
6514,7.86499128083479
6515,7.86140445921493
6516,7.85781818810103
6517,7.85423246732413
6518,7.85064729671539
6519,7.84706267610597
6520,7.84347860532713
6521,7.83989508421026
6522,7.83631211258678
6523,7.8327296902882
6524,7.82914781714608
6525,7.82556649299212
6526,7.82198571765806
6527,7.81840549097569
6528,7.81482581277694
6529,7.81124668289375
6530,7.80766810115817
6531,7.80409006740235
6532,7.80051258145847
6533,7.79693564315884
6534,7.79335925233579
6535,7.78978340882176
6536,7.78620811244928
6537,7.78263336305094
6538,7.77905916045939
6539,7.77548550450735
6540,7.7719123950277
6541,7.76833983185328
6542,7.76476781481708
6543,7.76119634375216
6544,7.75762541849165
6545,7.75405503886872
6546,7.75048520471667
6547,7.74691591586886
6548,7.74334717215872
6549,7.73977897341974
6550,7.73621131948553
6551,7.73264421018975
6552,7.7290776453661
6553,7.72551162484841
6554,7.7219461484706
6555,7.71838121606657
6556,7.71481682747043
6557,7.71125298251625
6558,7.70768968103826
6559,7.70412692287068
6560,7.70056470784788
6561,7.6970030358043
6562,7.6934419065744
6563,7.68988131999276
6564,7.68632127589405
6565,7.68276177411295
6566,7.67920281448432
6567,7.67564439684295
6568,7.67208652102386
6569,7.66852918686205
6570,7.66497239419262
6571,7.66141614285074
6572,7.65786043267164
6573,7.65430526349069
6574,7.65075063514327
6575,7.64719654746484
6576,7.64364300029098
6577,7.64008999345728
6578,7.63653752679948
6579,7.63298560015331
6580,7.62943421335465
6581,7.62588336623945
6582,7.62233305864366
6583,7.61878329040338
6584,7.61523406135472
6585,7.61168537133398
6586,7.6081372201774
6587,7.60458960772136
6588,7.60104253380235
6589,7.59749599825683
6590,7.59395000092144
6591,7.59040454163283
6592,7.58685962022774
6593,7.58331523654301
6594,7.57977139041553
6595,7.57622808168228
6596,7.57268531018028
6597,7.56914307574662
6598,7.56560137821854
6599,7.56206021743331
6600,7.55851959322821
6601,7.5549795054407
6602,7.55143995390827
6603,7.54790093846845
6604,7.54436245895889
6605,7.54082451521728
6606,7.53728710708143
6607,7.53375023438918
6608,7.53021389697846
6609,7.52667809468727
6610,7.52314282735368
6611,7.51960809481586
6612,7.516073896912
6613,7.51254023348042
6614,7.5090071043595
6615,7.50547450938765
6616,7.50194244840341
6617,7.49841092124536
6618,7.49487992775217
6619,7.49134946776258
6620,7.48781954111536
6621,7.48429014764944
6622,7.48076128720374
6623,7.47723295961731
6624,7.47370516472925
6625,7.47017790237871
6626,7.46665117240495
6627,7.46312497464731
6628,7.45959930894515
6629,7.45607417513793
6630,7.45254957306522
6631,7.4490255025666
6632,7.44550196348179
6633,7.44197895565048
6634,7.43845647891257
6635,7.43493453310793
6636,7.43141311807651
6637,7.42789223365836
6638,7.42437187969363
6639,7.42085205602249
6640,7.41733276248518
6641,7.41381399892206
6642,7.41029576517353
6643,7.40677806108006
6644,7.4032608864822
6645,7.39974424122057
6646,7.39622812513588
6647,7.39271253806887
6648,7.3891974798604
6649,7.38568295035138
6650,7.38216894938276
6651,7.37865547679561
6652,7.37514253243109
6653,7.37163011613032
6654,7.36811822773464
6655,7.36460686708534
6656,7.36109603402387
6657,7.35758572839166
6658,7.35407595003032
6659,7.35056669878142
6660,7.34705797448672
6661,7.34354977698793
6662,7.34004210612692
6663,7.33653496174558
6664,7.33302834368592
6665,7.32952225178997
6666,7.32601668589985
6667,7.32251164585778
6668,7.31900713150598
6669,7.31550314268682
6670,7.3119996792427
6671,7.30849674101612
6672,7.3049943278496
6673,7.30149243958574
6674,7.29799107606729
6675,7.29449023713695
6676,7.29098992263761
6677,7.28749013241211
6678,7.28399086630348
6679,7.28049212415473
6680,7.27699390580899
6681,7.27349621110944
6682,7.26999903989934
6683,7.26650239202199
6684,7.26300626732081
6685,7.25951066563924
6686,7.25601558682086
6687,7.25252103070925
6688,7.24902699714809
6689,7.24553348598113
6690,7.24204049705216
6691,7.2385480302051
6692,7.2350560852839
6693,7.23156466213259
6694,7.22807376059522
6695,7.22458338051604
6696,7.22109352173921
6697,7.21760418410909
6698,7.21411536747003
6699,7.21062707166645
6700,7.20713929654292
6701,7.20365204194399
6702,7.20016530771433
6703,7.19667909369865
6704,7.19319339974175
6705,7.1897082256885
6706,7.1862235713838
6707,7.1827394366727
6708,7.17925582140024
6709,7.17577272541157
6710,7.17229014855189
6711,7.1688080906665
6712,7.16532655160072
6713,7.16184553119997
6714,7.15836502930975
6715,7.15488504577562
6716,7.15140558044321
6717,7.14792663315817
6718,7.1444482037663
6719,7.14097029211342
6720,7.13749289804541
6721,7.13401602140828
6722,7.13053966204804
6723,7.12706381981081
6724,7.12358849454274
6725,7.1201136860901
6726,7.11663939429918
6727,7.11316561901638
6728,7.10969236008813
6729,7.10621961736097
6730,7.10274739068145
6731,7.09927567989627
6732,7.09580448485211
6733,7.09233380539579
6734,7.08886364137416
6735,7.08539399263412
6736,7.08192485902271
6737,7.07845624038697
6738,7.07498813657405
6739,7.07152054743113
6740,7.06805347280546
6741,7.0645869125444
6742,7.06112086649538
6743,7.05765533450582
6744,7.05419031642329
6745,7.05072581209538
6746,7.04726182136978
6747,7.04379834409422
6748,7.04033538011651
6749,7.03687292928457
6750,7.03341099144628
6751,7.02994956644969
6752,7.02648865414288
6753,7.02302825437397
6754,7.01956836699122
6755,7.01610899184288
6756,7.01265012877733
6757,7.00919177764296
6758,7.00573393828824
6759,7.00227661056177
6760,6.99881979431215
6761,6.99536348938806
6762,6.99190769563823
6763,6.98845241291153
6764,6.98499764105683
6765,6.98154337992308
6766,6.97808962935929
6767,6.97463638921456
6768,6.97118365933805
6769,6.96773143957899
6770,6.96427972978665
6771,6.96082852981041
6772,6.95737783949964
6773,6.95392765870391
6774,6.95047798727272
6775,6.94702882505569
6776,6.94358017190254
6777,6.94013202766303
6778,6.93668439218695
6779,6.93323726532418
6780,6.92979064692473
6781,6.9263445368386
6782,6.92289893491585
6783,6.91945384100666
6784,6.91600925496124
6785,6.91256517662988
6786,6.90912160586295
6787,6.90567854251087
6788,6.90223598642407
6789,6.89879393745317
6790,6.89535239544876
6791,6.8919113602615
6792,6.8884708317422
6793,6.8850308097416
6794,6.88159129411064
6795,6.87815228470025
6796,6.87471378136145
6797,6.87127578394529
6798,6.86783829230294
6799,6.86440130628559
6800,6.86096482574455
6801,6.85752885053112
6802,6.85409338049674
6803,6.85065841549287
6804,6.84722395537105
6805,6.84378999998288
6806,6.84035654918004
6807,6.83692360281423
6808,6.8334911607373
6809,6.83005922280108
6810,6.82662778885751
6811,6.82319685875858
6812,6.81976643235637
6813,6.81633650950299
6814,6.81290709005062
6815,6.80947817385153
6816,6.80604976075805
6817,6.80262185062253
6818,6.79919444329748
6819,6.79576753863534
6820,6.79234113648878
6821,6.78891523671036
6822,6.78548983915284
6823,6.78206494366901
6824,6.77864055011165
6825,6.77521665833372
6826,6.77179326818816
6827,6.76837037952799
6828,6.76494799220635
6829,6.76152610607638
6830,6.7581047209913
6831,6.75468383680442
6832,6.7512634533691
6833,6.74784357053874
6834,6.74442418816682
6835,6.74100530610692
6836,6.73758692421263
6837,6.73416904233763
6838,6.73075166033567
6839,6.72733477806055
6840,6.72391839536616
6841,6.72050251210641
6842,6.71708712813529
6843,6.71367224330689
6844,6.71025785747531
6845,6.70684397049478
6846,6.70343058221951
6847,6.70001769250385
6848,6.69660530120217
6849,6.69319340816892
6850,6.6897820132586
6851,6.68637111632578
6852,6.68296071722511
6853,6.67955081581129
6854,6.67614141193908
6855,6.67273250546331
6856,6.66932409623885
6857,6.6659161841207
6858,6.66250876896384
6859,6.65910185062335
6860,6.65569542895442
6861,6.6522895038122
6862,6.648884075052
6863,6.64547914252915
6864,6.64207470609904
6865,6.63867076561714
6866,6.63526732093895
6867,6.63186437192008
6868,6.62846191841619
6869,6.62505996028295
6870,6.62165849737619
6871,6.61825752955174
6872,6.61485705666547
6873,6.61145707857336
6874,6.60805759513146
6875,6.60465860619582
6876,6.60126011162264
6877,6.59786211126811
6878,6.59446460498852
6879,6.5910675926402
6880,6.58767107407957
6881,6.58427504916309
6882,6.58087951774727
6883,6.57748447968875
6884,6.57408993484413
6885,6.57069588307018
6886,6.56730232422363
6887,6.56390925816137
6888,6.56051668474028
6889,6.55712460381732
6890,6.55373301524954
6891,6.55034191889401
6892,6.54695131460791
6893,6.54356120224842
6894,6.54017158167283
6895,6.53678245273851
6896,6.53339381530283
6897,6.53000566922328
6898,6.52661801435736
6899,6.52323085056267
6900,6.51984417769686
6901,6.51645799561765
6902,6.51307230418279
6903,6.50968710325013
6904,6.5063023926776
6905,6.50291817232308
6906,6.49953444204468
6907,6.49615120170043
6908,6.49276845114849
6909,6.48938619024706
6910,6.4860044188544
6911,6.48262313682885
6912,6.47924234402881
6913,6.47586204031272
6914,6.47248222553909
6915,6.4691028995665
6916,6.46572406225359
6917,6.46234571345904
6918,6.45896785304162
6919,6.45559048086017
6920,6.45221359677353
6921,6.4488372006407
6922,6.44546129232063
6923,6.44208587167239
6924,6.43871093855511
6925,6.43533649282802
6926,6.4319625343503
6927,6.42858906298133
6928,6.42521607858041
6929,6.42184358100701
6930,6.41847157012061
6931,6.41510004578077
6932,6.41172900784709
6933,6.40835845617926
6934,6.40498839063699
6935,6.40161881108011
6936,6.39824971736845
6937,6.39488110936192
6938,6.39151298692052
6939,6.38814534990428
6940,6.3847781981733
6941,6.38141153158773
6942,6.37804535000778
6943,6.37467965329376
6944,6.37131444130598
6945,6.36794971390486
6946,6.36458547095083
6947,6.36122171230446
6948,6.35785843782628
6949,6.35449564737696
6950,6.35113334081721
6951,6.34777151800776
6952,6.34441017880945
6953,6.34104932308317
6954,6.33768895068981
6955,6.33432906149045
6956,6.33096965534611
6957,6.32761073211792
6958,6.32425229166704
6959,6.32089433385472
6960,6.31753685854229
6961,6.31417986559106
6962,6.31082335486249
6963,6.30746732621806
6964,6.30411177951928
6965,6.30075671462779
6966,6.2974021314052
6967,6.29404802971326
6968,6.29069440941375
6969,6.2873412703685
6970,6.28398861243939
6971,6.28063643548843
6972,6.27728473937755
6973,6.27393352396892
6974,6.2705827891246
6975,6.26723253470682
6976,6.26388276057784
6977,6.26053346659995
6978,6.25718465263554
6979,6.25383631854702
6980,6.25048846419689
6981,6.24714108944769
6982,6.24379419416206
6983,6.24044777820264
6984,6.23710184143215
6985,6.23375638371338
6986,6.2304114049092
6987,6.2270669048825
6988,6.22372288349621
6989,6.22037934061339
6990,6.21703627609709
6991,6.21369368981049
6992,6.21035158161674
6993,6.2070099513791
6994,6.20366879896093
6995,6.20032812422556
6996,6.19698792703644
6997,6.19364820725704
6998,6.19030896475092
6999,6.18697019938171
7000,6.18363191101303
7001,6.18029409950865
7002,6.17695676473232
7003,6.17361990654789
7004,6.17028352481925
7005,6.1669476194104
7006,6.1636121901853
7007,6.16027723700805
7008,6.15694275974277
7009,6.15360875825366
7010,6.15027523240498
7011,6.146942182061
7012,6.14360960708613
7013,6.14027750734478
7014,6.13694588270139
7015,6.13361473302052
7016,6.13028405816681
7017,6.12695385800487
7018,6.12362413239942
7019,6.1202948812152
7020,6.11696610431711
7021,6.11363780156998
7022,6.11030997283875
7023,6.10698261798844
7024,6.10365573688412
7025,6.10032932939091
7026,6.09700339537393
7027,6.09367793469847
7028,6.09035294722977
7029,6.08702843283323
7030,6.08370439137421
7031,6.08038082271819
7032,6.07705772673069
7033,6.07373510327727
7034,6.07041295222358
7035,6.06709127343533
7036,6.0637700667782
7037,6.06044933211805
7038,6.05712906932076
7039,6.05380927825219
7040,6.05048995877838
7041,6.04717111076529
7042,6.04385273407907
7043,6.04053482858585
7044,6.03721739415185
7045,6.03390043064329
7046,6.03058393792653
7047,6.02726791586792
7048,6.0239523643339
7049,6.02063728319097
7050,6.01732267230566
7051,6.01400853154459
7052,6.01069486077441
7053,6.00738165986184
7054,6.00406892867366
7055,6.00075666707669
7056,5.99744487493782
7057,5.99413355212397
7058,5.99082269850216
7059,5.98751231393947
7060,5.98420239830299
7061,5.98089295145985
7062,5.97758397327734
7063,5.97427546362274
7064,5.97096742236332
7065,5.96765984936654
7066,5.96435274449984
7067,5.9610461076307
7068,5.9577399386267
7069,5.95443423735548
7070,5.95112900368466
7071,5.94782423748203
7072,5.94451993861536
7073,5.94121610695248
7074,5.93791274236133
7075,5.93460984470981
7076,5.93130741386597
7077,5.92800544969784
7078,5.9247039520736
7079,5.92140292086138
7080,5.91810235592947
7081,5.91480225714611
7082,5.91150262437964
7083,5.90820345749853
7084,5.9049047563712
7085,5.90160652086614
7086,5.89830875085195
7087,5.89501144619724
7088,5.89171460677071
7089,5.88841823244111
7090,5.88512232307718
7091,5.88182687854781
7092,5.8785318987219
7093,5.8752373834684
7094,5.87194333265632
7095,5.86864974615475
7096,5.8653566238328
7097,5.86206396555965
7098,5.85877177120455
7099,5.85548004063676
7100,5.85218877372564
7101,5.84889797034064
7102,5.84560763035113
7103,5.8423177536267
7104,5.83902834003687
7105,5.83573938945127
7106,5.8324509017396
7107,5.82916287677156
7108,5.82587531441699
7109,5.82258821454566
7110,5.81930157702752
7111,5.81601540173249
7112,5.81272968853061
7113,5.8094444372919
7114,5.80615964788652
7115,5.80287532018459
7116,5.79959145405641
7117,5.79630804937219
7118,5.79302510600229
7119,5.78974262381714
7120,5.78646060268709
7121,5.78317904248274
7122,5.77989794307459
7123,5.77661730433326
7124,5.7733371261294
7125,5.77005740833377
7126,5.76677815081708
7127,5.7634993534502
7128,5.76022101610401
7129,5.75694313864939
7130,5.75366572095741
7131,5.75038876289907
7132,5.74711226434546
7133,5.74383622516774
7134,5.74056064523713
7135,5.73728552442488
7136,5.73401086260232
7137,5.73073665964077
7138,5.72746291541171
7139,5.72418962978657
7140,5.72091680263693
7141,5.71764443383433
7142,5.71437252325044
7143,5.71110107075692
7144,5.70783007622554
7145,5.70455953952809
7146,5.70128946053644
7147,5.69801983912249
7148,5.69475067515818
7149,5.69148196851555
7150,5.68821371906665
7151,5.68494592668362
7152,5.68167859123865
7153,5.67841171260392
7154,5.67514529065175
7155,5.67187932525448
7156,5.66861381628451
7157,5.66534876361422
7158,5.66208416711619
7159,5.65882002666291
7160,5.65555634212703
7161,5.65229311338116
7162,5.64903034029805
7163,5.64576802275044
7164,5.64250616061116
7165,5.6392447537531
7166,5.63598380204914
7167,5.6327233053723
7168,5.62946326359558
7169,5.62620367659206
7170,5.62294454423491
7171,5.6196858663973
7172,5.61642764295247
7173,5.61316987377372
7174,5.60991255873437
7175,5.60665569770789
7176,5.60339929056769
7177,5.60014333718728
7178,5.59688783744021
7179,5.59363279120011
7180,5.59037819834065
7181,5.58712405873552
7182,5.58387037225854
7183,5.58061713878348
7184,5.57736435818429
7185,5.57411203033481
7186,5.57086015510909
7187,5.56760873238113
7188,5.56435776202504
7189,5.56110724391495
7190,5.55785717792504
7191,5.55460756392956
7192,5.55135840180283
7193,5.54810969141919
7194,5.54486143265304
7195,5.54161362537881
7196,5.53836626947105
7197,5.53511936480428
7198,5.53187291125315
7199,5.52862690869228
7200,5.52538135699642
7201,5.52213625604033
7202,5.51889160569885
7203,5.5156474058468
7204,5.51240365635916
7205,5.50916035711087
7206,5.50591750797697
7207,5.50267510883257
7208,5.49943315955275
7209,5.49619166001273
7210,5.49295061008775
7211,5.48971000965307
7212,5.48646985858407
7213,5.4832301567561
7214,5.47999090404462
7215,5.47675210032517
7216,5.47351374547322
7217,5.47027583936443
7218,5.46703838187443
7219,5.4638013728789
7220,5.46056481225365
7221,5.45732869987443
7222,5.45409303561712
7223,5.45085781935766
7224,5.44762305097195
7225,5.44438873033604
7226,5.44115485732603
7227,5.43792143181796
7228,5.43468845368802
7229,5.43145592281247
7230,5.42822383906752
7231,5.42499220232953
7232,5.42176101247488
7233,5.41853026937998
7234,5.41529997292128
7235,5.41207012297533
7236,5.4088407194187
7237,5.40561176212804
7238,5.40238325097999
7239,5.39915518585133
7240,5.39592756661879
7241,5.39270039315923
7242,5.38947366534954
7243,5.38624738306667
7244,5.38302154618755
7245,5.37979615458924
7246,5.37657120814885
7247,5.37334670674351
7248,5.37012265025041
7249,5.36689903854676
7250,5.3636758715099
7251,5.36045314901712
7252,5.35723087094587
7253,5.35400903717353
7254,5.35078764757765
7255,5.34756670203575
7256,5.34434620042542
7257,5.34112614262431
7258,5.33790652851013
7259,5.33468735796061
7260,5.33146863085355
7261,5.3282503470668
7262,5.32503250647827
7263,5.32181510896588
7264,5.31859815440765
7265,5.31538164268165
7266,5.31216557366594
7267,5.30894994723868
7268,5.3057347632781
7269,5.3025200216624
7270,5.29930572226994
7271,5.29609186497903
7272,5.29287844966806
7273,5.28966547621554
7274,5.28645294449991
7275,5.28324085439976
7276,5.28002920579369
7277,5.27681799856032
7278,5.2736072325784
7279,5.27039690772665
7280,5.26718702388386
7281,5.26397758092892
7282,5.2607685787407
7283,5.25756001719816
7284,5.25435189618032
7285,5.25114421556623
7286,5.24793697523496
7287,5.24473017506568
7288,5.24152381493762
7289,5.23831789472996
7290,5.23511241432205
7291,5.23190737359326
7292,5.22870277242293
7293,5.22549861069056
7294,5.22229488827562
7295,5.21909160505768
7296,5.2158887609163
7297,5.21268635573116
7298,5.20948438938196
7299,5.20628286174844
7300,5.20308177271038
7301,5.19988112214763
7302,5.19668090994011
7303,5.19348113596775
7304,5.19028180011052
7305,5.18708290224848
7306,5.18388444226171
7307,5.1806864200304
7308,5.17748883543467
7309,5.17429168835481
7310,5.17109497867109
7311,5.16789870626383
7312,5.16470287101345
7313,5.16150747280037
7314,5.15831251150507
7315,5.1551179870081
7316,5.15192389919001
7317,5.14873024793147
7318,5.14553703311315
7319,5.14234425461575
7320,5.13915191232011
7321,5.135960006107
7322,5.1327685358573
7323,5.12957750145198
7324,5.12638690277196
7325,5.1231967396983
7326,5.12000701211207
7327,5.11681771989434
7328,5.11362886292636
7329,5.11044044108927
7330,5.1072524542644
7331,5.10406490233302
7332,5.10087778517649
7333,5.09769110267627
7334,5.09450485471376
7335,5.09131904117051
7336,5.08813366192808
7337,5.08494871686804
7338,5.08176420587209
7339,5.07858012882187
7340,5.07539648559919
7341,5.07221327608582
7342,5.06903050016361
7343,5.06584815771448
7344,5.06266624862032
7345,5.05948477276318
7346,5.05630373002506
7347,5.05312312028806
7348,5.04994294343433
7349,5.04676319934605
7350,5.04358388790543
7351,5.04040500899477
7352,5.0372265624964
7353,5.03404854829269
7354,5.03087096626606
7355,5.027693816299
7356,5.02451709827403
7357,5.02134081207369
7358,5.01816495758064
7359,5.0149895346775
7360,5.01181454324701
7361,5.00863998317193
7362,5.00546585433504
7363,5.00229215661922
7364,4.99911888990739
7365,4.99594605408247
7366,4.99277364902746
7367,4.98960167462542
7368,4.98643013075944
7369,4.98325901731266
7370,4.98008833416826
7371,4.97691808120949
7372,4.97374825831964
7373,4.97057886538202
7374,4.96740990228002
7375,4.96424136889708
7376,4.96107326511664
7377,4.95790559082227
7378,4.9547383458975
7379,4.95157153022595
7380,4.94840514369129
7381,4.94523918617723
7382,4.94207365756754
7383,4.938908557746
7384,4.93574388659647
7385,4.93257964400287
7386,4.92941582984913
7387,4.92625244401926
7388,4.92308948639726
7389,4.91992695686727
7390,4.91676485531339
7391,4.91360318161981
7392,4.91044193567076
7393,4.90728111735052
7394,4.90412072654341
7395,4.9009607631338
7396,4.89780122700611
7397,4.8946421180448
7398,4.89148343613437
7399,4.8883251811594
7400,4.88516735300448
7401,4.88200995155428
7402,4.87885297669346
7403,4.87569642830679
7404,4.87254030627906
7405,4.86938461049512
7406,4.86622934083982
7407,4.86307449719813
7408,4.859920079455
7409,4.85676608749547
7410,4.8536125212046
7411,4.85045938046751
7412,4.84730666516936
7413,4.84415437519536
7414,4.8410025104308
7415,4.83785107076093
7416,4.83470005607115
7417,4.8315494662468
7418,4.82839930117339
7419,4.82524956073635
7420,4.82210024482126
7421,4.81895135331365
7422,4.81580288609919
7423,4.81265484306356
7424,4.80950722409243
7425,4.80636002907162
7426,4.8032132578869
7427,4.80006691042417
7428,4.79692098656929
7429,4.79377548620825
7430,4.79063040922703
7431,4.78748575551166
7432,4.78434152494825
7433,4.78119771742291
7434,4.77805433282185
7435,4.77491137103129
7436,4.77176883193749
7437,4.76862671542675
7438,4.7654850213855
7439,4.76234374970007
7440,4.75920290025699
7441,4.75606247294269
7442,4.75292246764379
7443,4.74978288424682
7444,4.74664372263845
7445,4.74350498270535
7446,4.74036666433428
7447,4.737228767412
7448,4.73409129182531
7449,4.73095423746108
7450,4.72781760420626
7451,4.72468139194777
7452,4.72154560057263
7453,4.7184102299679
7454,4.71527528002066
7455,4.71214075061804
7456,4.70900664164723
7457,4.7058729529955
7458,4.70273968455008
7459,4.6996068361983
7460,4.69647440782753
7461,4.69334239932517
7462,4.69021081057872
7463,4.68707964147563
7464,4.6839488919035
7465,4.68081856174989
7466,4.67768865090242
7467,4.67455915924882
7468,4.67143008667677
7469,4.6683014330741
7470,4.66517319832856
7471,4.66204538232809
7472,4.65891798496054
7473,4.65579100611389
7474,4.65266444567612
7475,4.64953830353531
7476,4.6464125795795
7477,4.64328727369685
7478,4.64016238577555
7479,4.63703791570379
7480,4.63391386336989
7481,4.63079022866211
7482,4.62766701146882
7483,4.62454421167844
7484,4.6214218291794
7485,4.61829986386021
7486,4.61517831560939
7487,4.61205718431553
7488,4.60893646986725
7489,4.60581617215322
7490,4.60269629106216
7491,4.59957682648285
7492,4.59645777830404
7493,4.59333914641464
7494,4.5902209307035
7495,4.58710313105957
7496,4.58398574737183
7497,4.58086877952933
7498,4.57775222742109
7499,4.57463609093628
7500,4.57152036996404
7501,4.56840506439356
7502,4.56529017411412
7503,4.56217569901497
7504,4.55906163898547
7505,4.55594799391501
7506,4.55283476369298
7507,4.54972194820889
7508,4.54660954735225
7509,4.5434975610126
7510,4.54038598907953
7511,4.53727483144272
7512,4.53416408799184
7513,4.53105375861664
7514,4.52794384320687
7515,4.5248343416524
7516,4.52172525384304
7517,4.51861657966872
7518,4.51550831901941
7519,4.5124004717851
7520,4.50929303785583
7521,4.50618601712167
7522,4.50307940947278
7523,4.49997321479931
7524,4.4968674329915
7525,4.49376206393956
7526,4.49065710753387
7527,4.48755256366472
7528,4.48444843222251
7529,4.48134471309772
7530,4.47824140618078
7531,4.47513851136222
7532,4.47203602853265
7533,4.46893395758262
7534,4.4658322984028
7535,4.46273105088391
7536,4.45963021491671
7537,4.45652979039192
7538,4.45342977720041
7539,4.45033017523303
7540,4.44723098438073
7541,4.44413220453442
7542,4.44103383558513
7543,4.43793587742393
7544,4.43483832994187
7545,4.43174119303008
7546,4.42864446657976
7547,4.4255481504821
7548,4.42245224462838
7549,4.41935674890991
7550,4.41626166321801
7551,4.4131669874441
7552,4.41007272147961
7553,4.406978865216
7554,4.40388541854482
7555,4.40079238135759
7556,4.39769975354594
7557,4.39460753500154
7558,4.39151572561604
7559,4.38842432528121
7560,4.38533333388883
7561,4.38224275133068
7562,4.37915257749865
7563,4.37606281228468
7564,4.37297345558067
7565,4.36988450727861
7566,4.36679596727059
7567,4.36370783544865
7568,4.36062011170489
7569,4.35753279593154
7570,4.35444588802074
7571,4.35135938786479
7572,4.34827329535594
7573,4.34518761038654
7574,4.34210233284899
7575,4.33901746263567
7576,4.3359329996391
7577,4.33284894375172
7578,4.32976529486612
7579,4.32668205287488
7580,4.32359921767062
7581,4.32051678914602
7582,4.31743476719384
7583,4.31435315170678
7584,4.31127194257766
7585,4.30819113969934
7586,4.3051107429647
7587,4.30203075226668
7588,4.29895116749824
7589,4.29587198855239
7590,4.2927932153222
7591,4.28971484770076
7592,4.28663688558121
7593,4.28355932885675
7594,4.28048217742057
7595,4.27740543116597
7596,4.27432908998627
7597,4.2712531537748
7598,4.26817762242495
7599,4.26510249583016
7600,4.26202777388391
7601,4.25895345647974
7602,4.25587954351119
7603,4.25280603487187
7604,4.24973293045541
7605,4.24666023015553
7606,4.24358793386596
7607,4.24051604148045
7608,4.23744455289282
7609,4.23437346799694
7610,4.23130278668668
7611,4.228232508856
7612,4.22516263439888
7613,4.22209316320935
7614,4.21902409518146
7615,4.21595543020931
7616,4.21288716818707
7617,4.20981930900895
7618,4.20675185256913
7619,4.20368479876192
7620,4.20061814748159
7621,4.19755189862256
7622,4.1944860520792
7623,4.19142060774593
7624,4.18835556551727
7625,4.18529092528772
7626,4.18222668695183
7627,4.17916285040424
7628,4.17609941553959
7629,4.17303638225255
7630,4.16997375043786
7631,4.16691151999027
7632,4.16384969080465
7633,4.1607882627758
7634,4.15772723579864
7635,4.15466660976809
7636,4.15160638457914
7637,4.14854656012683
7638,4.14548713630619
7639,4.14242811301234
7640,4.13936949014042
7641,4.13631126758558
7642,4.13325344524311
7643,4.13019602300823
7644,4.12713900077626
7645,4.12408237844253
7646,4.12102615590247
7647,4.11797033305149
7648,4.11491490978505
7649,4.11185988599869
7650,4.10880526158794
7651,4.1057510364484
7652,4.10269721047571
7653,4.09964378356557
7654,4.09659075561363
7655,4.09353812651572
7656,4.09048589616761
7657,4.08743406446514
7658,4.08438263130421
7659,4.08133159658069
7660,4.07828096019059
7661,4.07523072202992
7662,4.07218088199469
7663,4.069131439981
7664,4.06608239588498
7665,4.06303374960276
7666,4.0599855010306
7667,4.05693765006473
7668,4.05389019660144
7669,4.05084314053704
7670,4.04779648176791
7671,4.04475022019046
7672,4.04170435570112
7673,4.03865888819644
7674,4.03561381757288
7675,4.03256914372705
7676,4.02952486655555
7677,4.02648098595504
7678,4.02343750182221
7679,4.02039441405381
7680,4.01735172254659
7681,4.01430942719736
7682,4.01126752790298
7683,4.00822602456035
7684,4.00518491706639
7685,4.00214420531811
7686,3.99910388921248
7687,3.9960639686466
7688,3.99302444351753
7689,3.98998531372243
7690,3.98694657915846
7691,3.98390823972282
7692,3.9808702953128
7693,3.97783274582569
7694,3.97479559115881
7695,3.97175883120954
7696,3.96872246587531
7697,3.96568649505357
7698,3.96265091864178
7699,3.95961573653753
7700,3.95658094863837
7701,3.95354655484193
7702,3.95051255504582
7703,3.94747894914779
7704,3.94444573704556
7705,3.94141291863689
7706,3.93838049381963
7707,3.93534846249159
7708,3.93231682455067
7709,3.92928557989486
7710,3.92625472842206
7711,3.92322427003032
7712,3.92019420461769
7713,3.91716453208226
7714,3.91413525232216
7715,3.91110636523556
7716,3.9080778707207
7717,3.90504976867582
7718,3.90202205899917
7719,3.89899474158913
7720,3.89596781634403
7721,3.89294128316233
7722,3.88991514194243
7723,3.88688939258286
7724,3.88386403498211
7725,3.88083906903876
7726,3.87781449465141
7727,3.87479031171873
7728,3.87176652013941
7729,3.86874311981213
7730,3.86572011063567
7731,3.86269749250886
7732,3.85967526533053
7733,3.85665342899953
7734,3.85363198341485
7735,3.85061092847537
7736,3.84759026408014
7737,3.84456999012821
7738,3.84155010651858
7739,3.83853061315047
7740,3.83551150992296
7741,3.83249279673529
7742,3.82947447348667
7743,3.82645654007635
7744,3.8234389964037
7745,3.82042184236805
7746,3.81740507786876
7747,3.81438870280527
7748,3.81137271707709
7749,3.80835712058367
7750,3.8053419132246
7751,3.80232709489943
7752,3.79931266550781
7753,3.79629862494941
7754,3.79328497312388
7755,3.790271709931
7756,3.78725883527056
7757,3.78424634904235
7758,3.78123425114624
7759,3.7782225414821
7760,3.77521121994991
7761,3.77220028644961
7762,3.76918974088121
7763,3.7661795831448
7764,3.7631698131404
7765,3.76016043076818
7766,3.7571514359283
7767,3.75414282852098
7768,3.75113460844644
7769,3.74812677560497
7770,3.74511932989688
7771,3.74211227122253
7772,3.73910559948232
7773,3.73609931457671
7774,3.73309341640611
7775,3.73008790487112
7776,3.72708277987222
7777,3.72407804131001
7778,3.72107368908513
7779,3.71806972309826
7780,3.71506614325008
7781,3.71206294944135
7782,3.70906014157282
7783,3.70605771954532
7784,3.70305568325973
7785,3.70005403261695
7786,3.69705276751788
7787,3.69405188786349
7788,3.69105139355479
7789,3.68805128449288
7790,3.68505156057878
7791,3.68205222171364
7792,3.67905326779863
7793,3.67605469873493
7794,3.6730565144238
7795,3.6700587147665
7796,3.66706129966435
7797,3.6640642690187
7798,3.66106762273095
7799,3.65807136070252
7800,3.65507548283487
7801,3.6520799890295
7802,3.64908487918797
7803,3.64609015321184
7804,3.64309581100274
7805,3.64010185246231
7806,3.63710827749227
7807,3.63411508599433
7808,3.63112227787025
7809,3.62812985302186
7810,3.62513781135098
7811,3.62214615275951
7812,3.61915487714937
7813,3.61616398442251
7814,3.61317347448091
7815,3.61018334722663
7816,3.6071936025617
7817,3.60420424038828
7818,3.60121526060849
7819,3.59822666312449
7820,3.59523844783852
7821,3.59225061465283
7822,3.58926316346975
7823,3.58627609419158
7824,3.58328940672068
7825,3.58030310095945
7826,3.57731717681039
7827,3.57433163417594
7828,3.57134647295864
7829,3.56836169306102
7830,3.56537729438567
7831,3.56239327683526
7832,3.55940964031244
7833,3.55642638471991
7834,3.55344350996041
7835,3.55046101593674
7836,3.5474789025517
7837,3.54449716970816
7838,3.541515817309
7839,3.53853484525714
7840,3.53555425345557
7841,3.53257404180729
7842,3.52959421021531
7843,3.52661475858275
7844,3.52363568681268
7845,3.52065699480831
7846,3.51767868247278
7847,3.51470074970934
7848,3.51172319642125
7849,3.50874602251178
7850,3.5057692278843
7851,3.50279281244218
7852,3.49981677608884
7853,3.4968411187277
7854,3.49386584026227
7855,3.49089094059604
7856,3.48791641963261
7857,3.48494227727553
7858,3.48196851342848
7859,3.47899512799509
7860,3.47602212087909
7861,3.47304949198419
7862,3.47007724121422
7863,3.46710536847295
7864,3.46413387366424
7865,3.461162756692
7866,3.45819201746012
7867,3.45522165587262
7868,3.45225167183343
7869,3.44928206524664
7870,3.44631283601631
7871,3.44334398404652
7872,3.44037550924143
7873,3.43740741150524
7874,3.43443969074216
7875,3.43147234685644
7876,3.42850537975235
7877,3.42553878933426
7878,3.42257257550651
7879,3.41960673817349
7880,3.41664127723966
7881,3.4136761926095
7882,3.41071148418747
7883,3.40774715187817
7884,3.40478319558615
7885,3.40181961521605
7886,3.39885641067251
7887,3.39589358186025
7888,3.39293112868395
7889,3.38996905104839
7890,3.3870073488584
7891,3.38404602201877
7892,3.38108507043441
7893,3.3781244940102
7894,3.37516429265112
7895,3.3722044662621
7896,3.36924501474821
7897,3.36628593801446
7898,3.36332723596597
7899,3.36036890850787
7900,3.35741095554527
7901,3.35445337698341
7902,3.35149617272753
7903,3.34853934268285
7904,3.34558288675474
7905,3.34262680484851
7906,3.3396710968695
7907,3.33671576272318
7908,3.33376080231497
7909,3.33080621555036
7910,3.32785200233489
7911,3.32489816257407
7912,3.32194469617354
7913,3.3189916030389
7914,3.31603888307581
7915,3.31308653619
7916,3.31013456228718
7917,3.30718296127311
7918,3.30423173305361
7919,3.30128087753454
7920,3.29833039462176
7921,3.29538028422118
7922,3.29243054623875
7923,3.28948118058047
7924,3.28653218715236
7925,3.28358356586043
7926,3.28063531661084
7927,3.27768743930965
7928,3.27473993386307
7929,3.27179280017729
7930,3.26884603815855
7931,3.26589964771309
7932,3.26295362874724
7933,3.26000798116732
7934,3.2570627048797
7935,3.25411779979083
7936,3.25117326580713
7937,3.24822910283508
7938,3.2452853107812
7939,3.24234188955206
7940,3.2393988390542
7941,3.23645615919429
7942,3.23351384987896
7943,3.23057191101494
7944,3.22763034250891
7945,3.22468914426767
7946,3.22174831619799
7947,3.21880785820673
7948,3.21586777020073
7949,3.21292805208693
7950,3.20998870377226
7951,3.20704972516366
7952,3.20411111616819
7953,3.20117287669286
7954,3.19823500664477
7955,3.19529750593102
7956,3.19236037445877
7957,3.18942361213518
7958,3.18648721886753
7959,3.183551194563
7960,3.18061553912894
7961,3.17768025247265
7962,3.17474533450146
7963,3.17181078512282
7964,3.16887660424413
7965,3.16594279177285
7966,3.16300934761651
7967,3.1600762716826
7968,3.15714356387873
7969,3.15421122411245
7970,3.15127925229147
7971,3.14834764832342
7972,3.14541641211599
7973,3.14248554357698
7974,3.13955504261412
7975,3.13662490913524
7976,3.13369514304817
7977,3.13076574426082
7978,3.12783671268107
7979,3.12490804821691
7980,3.12197975077632
7981,3.11905182026727
7982,3.11612425659788
7983,3.11319705967621
7984,3.11027022941035
7985,3.10734376570852
7986,3.10441766847889
7987,3.10149193762966
7988,3.09856657306914
7989,3.09564157470558
7990,3.09271694244734
7991,3.08979267620277
7992,3.08686877588028
7993,3.08394524138828
7994,3.08102207263527
7995,3.07809926952973
7996,3.07517683198021
7997,3.07225475989528
7998,3.06933305318352
7999,3.06641171175361
8000,3.06349073551418
8001,3.05916292087429
8002,3.05483564710982
8003,3.05050891408559
8004,3.04618272166648
8005,3.0418570697174
8006,3.03753195810334
8007,3.03320738668933
8008,3.02888335534043
8009,3.02455986392176
8010,3.02023691229853
8011,3.01591450033594
8012,3.01159262789928
8013,3.00727129485388
8014,3.00295050106512
8015,2.99863024639842
8016,2.99431053071927
8017,2.98999135389319
8018,2.98567271578577
8019,2.98135461626264
8020,2.97703705518949
8021,2.97272003243202
8022,2.96840354785605
8023,2.96408760132739
8024,2.95977219271193
8025,2.9554573218756
8026,2.95114298868438
8027,2.94682919300431
8028,2.94251593470146
8029,2.93820321364197
8030,2.93389102969203
8031,2.92957938271785
8032,2.92526827258574
8033,2.92095769916202
8034,2.91664766231306
8035,2.91233816190532
8036,2.90802919780526
8037,2.90372076987942
8038,2.89941287799438
8039,2.89510552201678
8040,2.89079870181329
8041,2.88649241725064
8042,2.88218666819562
8043,2.87788145451505
8044,2.87357677607582
8045,2.86927263274486
8046,2.86496902438915
8047,2.8606659508757
8048,2.85636341207162
8049,2.85206140784401
8050,2.84775993806006
8051,2.84345900258701
8052,2.83915860129212
8053,2.83485873404271
8054,2.83055940070617
8055,2.82626060114992
8056,2.82196233524144
8057,2.81766460284824
8058,2.8133674038379
8059,2.80907073807805
8060,2.80477460543635
8061,2.80047900578053
8062,2.79618393897836
8063,2.79188940489765
8064,2.78759540340627
8065,2.78330193437215
8066,2.77900899766324
8067,2.77471659314757
8068,2.77042472069319
8069,2.76613338016823
8070,2.76184257144084
8071,2.75755229437925
8072,2.7532625488517
8073,2.7489733347265
8074,2.74468465187203
8075,2.74039650015668
8076,2.73610887944891
8077,2.73182178961723
8078,2.72753523053019
8079,2.72324920205639
8080,2.7189637040645
8081,2.7146787364232
8082,2.71039429900124
8083,2.70611039166744
8084,2.70182701429062
8085,2.69754416673969
8086,2.69326184888359
8087,2.68898006059132
8088,2.68469880173192
8089,2.68041807217446
8090,2.67613787178811
8091,2.67185820044204
8092,2.66757905800548
8093,2.66330044434772
8094,2.6590223593381
8095,2.65474480284599
8096,2.65046777474082
8097,2.64619127489208
8098,2.64191530316928
8099,2.63763985944201
8100,2.63336494357988
8101,2.62909055545256
8102,2.62481669492979
8103,2.62054336188131
8104,2.61627055617695
8105,2.61199827768657
8106,2.60772652628009
8107,2.60345530182746
8108,2.59918460419869
8109,2.59491443326384
8110,2.59064478889302
8111,2.58637567095637
8112,2.5821070793241
8113,2.57783901386645
8114,2.57357147445372
8115,2.56930446095626
8116,2.56503797324445
8117,2.56077201118874
8118,2.55650657465963
8119,2.55224166352763
8120,2.54797727766335
8121,2.54371341693739
8122,2.53945008122046
8123,2.53518727038327
8124,2.53092498429659
8125,2.52666322283127
8126,2.52240198585816
8127,2.51814127324817
8128,2.51388108487229
8129,2.50962142060151
8130,2.5053622803069
8131,2.50110366385958
8132,2.49684557113069
8133,2.49258800199144
8134,2.48833095631307
8135,2.4840744339669
8136,2.47981843482427
8137,2.47556295875655
8138,2.47130800563522
8139,2.46705357533174
8140,2.46279966771764
8141,2.45854628266453
8142,2.45429342004402
8143,2.45004107972779
8144,2.44578926158758
8145,2.44153796549515
8146,2.43728719132231
8147,2.43303693894094
8148,2.42878720822296
8149,2.42453799904031
8150,2.42028931126501
8151,2.41604114476912
8152,2.41179349942474
8153,2.407546375104
8154,2.40329977167913
8155,2.39905368902235
8156,2.39480812700595
8157,2.39056308550228
8158,2.38631856438372
8159,2.38207456352268
8160,2.37783108279168
8161,2.37358812206321
8162,2.36934568120985
8163,2.36510376010423
8164,2.36086235861901
8165,2.3566214766269
8166,2.35238111400065
8167,2.34814127061308
8168,2.34390194633703
8169,2.33966314104541
8170,2.33542485461117
8171,2.33118708690729
8172,2.32694983780681
8173,2.32271310718282
8174,2.31847689490846
8175,2.31424120085689
8176,2.31000602490135
8177,2.30577136691512
8178,2.30153722677149
8179,2.29730360434385
8180,2.2930704995056
8181,2.2888379121302
8182,2.28460584209115
8183,2.28037428926202
8184,2.27614325351638
8185,2.27191273472789
8186,2.26768273277023
8187,2.26345324751715
8188,2.25922427884241
8189,2.25499582661986
8190,2.25076789072337
8191,2.24654047102684
8192,2.24231356740427
8193,2.23808717972965
8194,2.23386130787704
8195,2.22963595172056
8196,2.22541111113435
8197,2.22118678599261
8198,2.21696297616958
8199,2.21273968153955
8200,2.20851690197687
8201,2.2042946373559
8202,2.20007288755108
8203,2.19585165243688
8204,2.19163093188782
8205,2.18741072577846
8206,2.18319103398343
8207,2.17897185637736
8208,2.17475319283497
8209,2.17053504323101
8210,2.16631740744025
8211,2.16210028533756
8212,2.15788367679782
8213,2.15366758169595
8214,2.14945199990693
8215,2.14523693130579
8216,2.14102237576759
8217,2.13680833316744
8218,2.13259480338052
8219,2.12838178628201
8220,2.12416928174718
8221,2.11995728965132
8222,2.11574580986977
8223,2.11153484227791
8224,2.10732438675119
8225,2.10311444316508
8226,2.09890501139509
8227,2.09469609131682
8228,2.09048768280585
8229,2.08627978573787
8230,2.08207239998855
8231,2.07786552543368
8232,2.07365916194903
8233,2.06945330941044
8234,2.0652479676938
8235,2.06104313667506
8236,2.05683881623016
8237,2.05263500623516
8238,2.04843170656611
8239,2.0442289170991
8240,2.04002663771033
8241,2.03582486827597
8242,2.03162360867228
8243,2.02742285877555
8244,2.02322261846212
8245,2.01902288760836
8246,2.01482366609071
8247,2.01062495378564
8248,2.00642675056967
8249,2.00222905631935
8250,1.9980318709113
8251,1.99383519422216
8252,1.98963902612863
8253,1.98544336650746
8254,1.98124821523544
8255,1.97705357218938
8256,1.97285943724617
8257,1.96866581028273
8258,1.96447269117602
8259,1.96028007980305
8260,1.95608797604088
8261,1.95189637976661
8262,1.94770529085738
8263,1.94351470919038
8264,1.93932463464284
8265,1.93513506709204
8266,1.9309460064153
8267,1.92675745249
8268,1.92256940519352
8269,1.91838186440335
8270,1.91419482999698
8271,1.91000830185194
8272,1.90582227984584
8273,1.90163676385629
8274,1.89745175376099
8275,1.89326724943765
8276,1.88908325076404
8277,1.88489975761797
8278,1.88071676987729
8279,1.87653428741991
8280,1.87235231012377
8281,1.86817083786684
8282,1.86398987052718
8283,1.85980940798286
8284,1.85562945011198
8285,1.85144999679273
8286,1.8472710479033
8287,1.84309260332194
8288,1.83891466292697
8289,1.83473722659672
8290,1.83056029420956
8291,1.82638386564393
8292,1.82220794077831
8293,1.81803251949122
8294,1.81385760166119
8295,1.80968318716685
8296,1.80550927588685
8297,1.80133586769987
8298,1.79716296248466
8299,1.79299056011999
8300,1.78881866048468
8301,1.78464726345761
8302,1.78047636891768
8303,1.77630597674385
8304,1.77213608681513
8305,1.76796669901054
8306,1.76379781320919
8307,1.75962942929019
8308,1.75546154713272
8309,1.75129416661601
8310,1.7471272876193
8311,1.74296091002191
8312,1.73879503370319
8313,1.73462965854251
8314,1.73046478441933
8315,1.72630041121312
8316,1.72213653880339
8317,1.71797316706972
8318,1.71381029589172
8319,1.70964792514903
8320,1.70548605472136
8321,1.70132468448844
8322,1.69716381433006
8323,1.69300344412603
8324,1.68884357375624
8325,1.68468420310059
8326,1.68052533203903
8327,1.67636696045157
8328,1.67220908821826
8329,1.66805171521916
8330,1.66389484133443
8331,1.65973846644422
8332,1.65558259042874
8333,1.65142721316827
8334,1.6472723345431
8335,1.64311795443356
8336,1.63896407272007
8337,1.63481068928303
8338,1.63065780400294
8339,1.62650541676028
8340,1.62235352743564
8341,1.61820213590962
8342,1.61405124206285
8343,1.60990084577603
8344,1.60575094692989
8345,1.6016015454052
8346,1.59745264108278
8347,1.59330423384349
8348,1.58915632356822
8349,1.58500891013794
8350,1.58086199343362
8351,1.57671557333629
8352,1.57256964972704
8353,1.56842422248697
8354,1.56427929149724
8355,1.56013485663906
8356,1.55599091779367
8357,1.55184747484236
8358,1.54770452766645
8359,1.54356207614732
8360,1.53942012016639
8361,1.5352786596051
8362,1.53113769434497
8363,1.52699722426753
8364,1.52285724925436
8365,1.51871776918711
8366,1.51457878394743
8367,1.51044029341702
8368,1.50630229747767
8369,1.50216479601116
8370,1.49802778889932
8371,1.49389127602404
8372,1.48975525726725
8373,1.48561973251091
8374,1.48148470163701
8375,1.47735016452764
8376,1.47321612106487
8377,1.46908257113083
8378,1.46494951460771
8379,1.46081695137772
8380,1.45668488132313
8381,1.45255330432624
8382,1.44842222026941
8383,1.444291629035
8384,1.44016153050546
8385,1.43603192456326
8386,1.43190281109092
8387,1.42777418997097
8388,1.42364606108605
8389,1.41951842431877
8390,1.41539127955181
8391,1.41126462666792
8392,1.40713846554985
8393,1.4030127960804
8394,1.39888761814244
8395,1.39476293161885
8396,1.39063873639256
8397,1.38651503234656
8398,1.38239181936386
8399,1.37826909732752
8400,1.37414686612063
8401,1.37002512562635
8402,1.36590387572785
8403,1.36178311630836
8404,1.35766284725117
8405,1.35354306843956
8406,1.34942377975688
8407,1.34530498108655
8408,1.34118667231199
8409,1.33706885331666
8410,1.33295152398411
8411,1.32883468419788
8412,1.32471833384156
8413,1.32060247279882
8414,1.31648710095332
8415,1.3123722181888
8416,1.30825782438901
8417,1.30414391943778
8418,1.30003050321894
8419,1.29591757561639
8420,1.29180513651407
8421,1.28769318579594
8422,1.28358172334601
8423,1.27947074904835
8424,1.27536026278706
8425,1.27125026444627
8426,1.26714075391016
8427,1.26303173106296
8428,1.25892319578892
8429,1.25481514797235
8430,1.2507075874976
8431,1.24660051424905
8432,1.24249392811111
8433,1.23838782896829
8434,1.23428221670507
8435,1.23017709120599
8436,1.22607245235567
8437,1.22196830003873
8438,1.21786463413984
8439,1.21376145454372
8440,1.20965876113513
8441,1.20555655379885
8442,1.20145483241973
8443,1.19735359688265
8444,1.19325284707252
8445,1.18915258287431
8446,1.18505280417302
8447,1.18095351085368
8448,1.17685470280138
8449,1.17275637990125
8450,1.16865854203845
8451,1.16456118909818
8452,1.16046432096569
8453,1.15636793752627
8454,1.15227203866524
8455,1.14817662426797
8456,1.14408169421988
8457,1.13998724840639
8458,1.13589328671303
8459,1.1317998090253
8460,1.12770681522877
8461,1.12361430520908
8462,1.11952227885186
8463,1.11543073604281
8464,1.11133967666765
8465,1.10724910061217
8466,1.10315900776218
8467,1.09906939800353
8468,1.09498027122212
8469,1.09089162730389
8470,1.0868034661348
8471,1.08271578760089
8472,1.07862859158819
8473,1.07454187798281
8474,1.0704556466709
8475,1.06636989753862
8476,1.06228463047219
8477,1.05819984535788
8478,1.05411554208198
8479,1.05003172053082
8480,1.04594838059079
8481,1.04186552214831
8482,1.03778314508984
8483,1.03370124930187
8484,1.02961983467095
8485,1.02553890108365
8486,1.0214584484266
8487,1.01737847658645
8488,1.01329898544991
8489,1.00921997490371
8490,1.00514144483465
8491,1.00106339512952
8492,0.996985825675199
8493,0.992908736358588
8494,0.988832127066622
8495,0.984755997686281
8496,0.980680348104578
8497,0.976605178208588
8498,0.972530487885401
8499,0.968456277022152
8500,0.964382545506033
8501,0.960309293224255
8502,0.956236520064072
8503,0.952164225912795
8504,0.948092410657757
8505,0.944021074186328
8506,0.939950216385939
8507,0.935879837144043
8508,0.931809936348136
8509,0.927740513885747
8510,0.923671569644468
8511,0.919603103511908
8512,0.915535115375715
8513,0.911467605123599
8514,0.907400572643288
8515,0.90333401782255
8516,0.899267940549213
8517,0.895202340711122
8518,0.891137218196165
8519,0.887072572892287
8520,0.883008404687455
8521,0.878944713469672
8522,0.874881499127003
8523,0.870818761547532
8524,0.866756500619388
8525,0.862694716230734
8526,0.858633408269792
8527,0.854572576624802
8528,0.850512221184045
8529,0.846452341835861
8530,0.842392938468609
8531,0.838334010970686
8532,0.834275559230552
8533,0.830217583136681
8534,0.826160082577591
8535,0.822103057441856
8536,0.818046507618071
8537,0.813990432994868
8538,0.80993483346094
8539,0.805879708905
8540,0.801825059215805
8541,0.797770884282144
8542,0.793717183992866
8543,0.78966395823684
8544,0.785611206902971
8545,0.781558929880227
8546,0.777507127057592
8547,0.773455798324089
8548,0.769404943568802
8549,0.765354562680834
8550,0.761304655549323
8551,0.757255222063471
8552,0.753206262112495
8553,0.749157775585652
8554,0.745109762372259
8555,0.741062222361651
8556,0.737015155443208
8557,0.732968561506343
8558,0.728922440440527
8559,0.724876792135251
8560,0.720831616480043
8561,0.71678691336449
8562,0.712742682678198
8563,0.708698924310814
8564,0.704655638152039
8565,0.700612824091598
8566,0.696570482019249
8567,0.692528611824813
8568,0.688487213398128
8569,0.684446286629069
8570,0.680405831407573
8571,0.676365847623594
8572,0.672326335167129
8573,0.668287293928209
8574,0.664248723796924
8575,0.660210624663382
8576,0.656172996417727
8577,0.652135838950165
8578,0.648099152150919
8579,0.644062935910249
8580,0.640027190118476
8581,0.635991914665938
8582,0.63195710944301
8583,0.627922774340127
8584,0.623888909247743
8585,0.619855514056348
8586,0.615822588656493
8587,0.611790132938743
8588,0.607758146793714
8589,0.603726630112047
8590,0.599695582784447
8591,0.595665004701632
8592,0.591634895754363
8593,0.587605255833455
8594,0.583576084829745
8595,0.579547382634103
8596,0.575519149137463
8597,0.571491384230773
8598,0.56746408780502
8599,0.56343725975125
8600,0.559410899960525
8601,0.555385008323948
8602,0.551359584732677
8603,0.54733462907789
8604,0.543310141250808
8605,0.539286121142685
8606,0.535262568644831
8607,0.531239483648576
8608,0.527216866045286
8609,0.523194715726385
8610,0.519173032583318
8611,0.515151816507562
8612,0.511131067390657
8613,0.507110785124159
8614,0.50309096959966
8615,0.499071620708814
8616,0.495052738343288
8617,0.491034322394789
8618,0.487016372755083
8619,0.48299888931595
8620,0.478981871969219
8621,0.474965320606745
8622,0.470949235120445
8623,0.466933615402251
8624,0.462918461344134
8625,0.458903772838121
8626,0.454889549776258
8627,0.450875792050628
8628,0.446862499553371
8629,0.442849672176646
8630,0.438837309812648
8631,0.43482541235363
8632,0.430813979691863
8633,0.42680301171966
8634,0.422792508329368
8635,0.41878246941339
8636,0.414772894864144
8637,0.410763784574089
8638,0.40675513843574
8639,0.402746956341629
8640,0.398739238184324
8641,0.394731983856453
8642,0.390725193250661
8643,0.386718866259627
8644,0.382713002776092
8645,0.37870760269281
8646,0.374702665902575
8647,0.370698192298237
8648,0.366694181772663
8649,0.362690634218764
8650,0.358687549529482
8651,0.354684927597816
8652,0.350682768316782
8653,0.346681071579432
8654,0.342679837278878
8655,0.338679065308246
8656,0.334678755560699
8657,0.330678907929459
8658,0.326679522307766
8659,0.322680598588893
8660,0.318682136666173
8661,0.314684136432954
8662,0.310686597782624
8663,0.306689520608625
8664,0.302692904804416
8665,0.298696750263503
8666,0.294701056879416
8667,0.290705824545748
8668,0.286711053156106
8669,0.282716742604133
8670,0.278722892783531
8671,0.274729503588018
8672,0.270736574911347
8673,0.266744106647332
8674,0.262752098689798
8675,0.25876055093261
8676,0.254769463269692
8677,0.250778835594978
8678,0.246788667802447
8679,0.242798959786128
8680,0.238809711440068
8681,0.234820922658361
8682,0.230832593335127
8683,0.226844723364543
8684,0.222857312640805
8685,0.218870361058142
8686,0.214883868510843
8687,0.210897834893212
8688,0.206912260099588
8689,0.202927144024369
8690,0.198942486561969
8691,0.194958287606836
8692,0.190974547053478
8693,0.186991264796417
8694,0.183008440730211
8695,0.179026074749478
8696,0.175044166748848
8697,0.171062716622997
8698,0.167081724266628
8699,0.163101189574503
8700,0.159121112441398
8701,0.155141492762128
8702,0.151162330431561
8703,0.147183625344584
8704,0.143205377396119
8705,0.139227586481144
8706,0.135250252494655
8707,0.131273375331679
8708,0.127296954887307
8709,0.12332099105664
8710,0.119345483734818
8711,0.115370432817035
8712,0.111395838198503
8713,0.107421699774477
8714,0.103448017440239
8715,0.0994747910911302
8716,0.0955020206225057
8717,0.0915297059297555
8718,0.0875578469083291
8719,0.0835864434536897
8720,0.0796154954613355
8721,0.0756450028268243
8722,0.0716749654457258
8723,0.0677053832136476
8724,0.0637362560262535
8725,0.0597675837792222
8726,0.0557993663682685
8727,0.0518316036891644
8728,0.0478642956376953
8729,0.0438974421096905
8730,0.0399310430010082
8731,0.035965098207563
8732,0.0319996076252851
8733,0.0280345711501386
8734,0.0240699886781464
8735,0.0201058601053443
8736,0.0161421853278059
8737,0.0121789642416594
8738,0.00821619674304896
8739,0.00425388272815308
8740,0.000292022093208999
8741,-0.00366938526553273
8742,-0.00763033945178648
8743,-0.0115908405692089
8744,-0.0155508887214433
8745,-0.0195104840120885
8746,-0.0234696265447174
8747,-0.0274283164228439
8748,-0.0313865537499689
8749,-0.0353443386295567
8750,-0.0393016711650169
8751,-0.0432585514597426
8752,-0.0472149796170931
8753,-0.0511709557403699
8754,-0.055126479932861
8755,-0.059081552297819
8756,-0.0630361729384399
8757,-0.0669903419579048
8758,-0.0709440594593538
8759,-0.0748973255458969
8760,-0.0788501403205903
8761,-0.0828025038864726
8762,-0.0867544163465492
8763,-0.0907058778037699
8764,-0.0946568883610688
8765,-0.0986074481213448
8766,-0.102557557187441
8767,-0.106507215662187
8768,-0.110456423648376
8769,-0.114405181248746
8770,-0.118353488566021
8771,-0.122301345702887
8772,-0.126248752761978
8773,-0.130195709845912
8774,-0.134142217057265
8775,-0.138088274498584
8776,-0.142033882272361
8777,-0.145979040481075
8778,-0.149923749227167
8779,-0.153868008613026
8780,-0.157811818741023
8781,-0.161755179713496
8782,-0.165698091632728
8783,-0.169640554600986
8784,-0.173582568720502
8785,-0.177524134093455
8786,-0.181465250822009
8787,-0.185405919008288
8788,-0.189346138754369
8789,-0.193285910162309
8790,-0.197225233334123
8791,-0.201164108371802
8792,-0.205102535377279
8793,-0.209040514452472
8794,-0.212978045699267
8795,-0.216915129219493
8796,-0.220851765114964
8797,-0.22478795348746
8798,-0.228723694438707
8799,-0.232658988070416
8800,-0.236593834484262
8801,-0.240528233781867
8802,-0.244462186064838
8803,-0.248395691434745
8804,-0.252328749993108
8805,-0.256261361841429
8806,-0.260193527081169
8807,-0.264125245813762
8808,-0.268056518140587
8809,-0.271987344163009
8810,-0.275917723982358
8811,-0.279847657699909
8812,-0.283777145416924
8813,-0.28770618723463
8814,-0.291634783254199
8815,-0.295562933576786
8816,-0.299490638303519
8817,-0.303417897535462
8818,-0.307344711373674
8819,-0.311271079919172
8820,-0.315197003272925
8821,-0.31912248153588
8822,-0.323047514808951
8823,-0.32697210319302
8824,-0.330896246788915
8825,-0.33481994569745
8826,-0.338743200019405
8827,-0.342666009855507
8828,-0.346588375306467
8829,-0.350510296472961
8830,-0.354431773455613
8831,-0.358352806355032
8832,-0.362273395271793
8833,-0.366193540306415
8834,-0.370113241559406
8835,-0.374032499131238
8836,-0.377951313122328
8837,-0.381869683633081
8838,-0.38578761076386
8839,-0.389705094615001
8840,-0.393622135286786
8841,-0.397538732879483
8842,-0.401454887493325
8843,-0.405370599228493
8844,-0.409285868185151
8845,-0.413200694463433
8846,-0.417115078163415
8847,-0.421029019385162
8848,-0.424942518228705
8849,-0.428855574794017
8850,-0.432768189181063
8851,-0.43668036148977
8852,-0.440592091820012
8853,-0.444503380271652
8854,-0.448414226944507
8855,-0.452324631938372
8856,-0.456234595352986
8857,-0.460144117288074
8858,-0.464053197843326
8859,-0.467961837118382
8860,-0.471870035212866
8861,-0.475777792226368
8862,-0.479685108258423
8863,-0.483591983408556
8864,-0.487498417776256
8865,-0.491404411460957
8866,-0.495309964562082
8867,-0.49921507717902
8868,-0.503119749411105
8869,-0.507023981357658
8870,-0.51092777311796
8871,-0.514831124791264
8872,-0.518734036476771
8873,-0.522636508273668
8874,-0.526538540281108
8875,-0.530440132598191
8876,-0.534341285324003
8877,-0.538241998557597
8878,-0.542142272397972
8879,-0.546042106944114
8880,-0.549941502294975
8881,-0.553840458549455
8882,-0.557738975806438
8883,-0.56163705416477
8884,-0.56553469372327
8885,-0.569431894580704
8886,-0.573328656835823
8887,-0.577224980587348
8888,-0.58112086593394
8889,-0.585016312974255
8890,-0.58891132180691
8891,-0.592805892530472
8892,-0.596700025243491
8893,-0.600593720044488
8894,-0.604486977031928
8895,-0.608379796304264
8896,-0.612272177959914
8897,-0.616164122097246
8898,-0.620055628814612
8899,-0.623946698210325
8900,-0.627837330382673
8901,-0.631727525429888
8902,-0.635617283450191
8903,-0.63950660454177
8904,-0.64339548880276
8905,-0.64728393633128
8906,-0.651171947225419
8907,-0.655059521583213
8908,-0.658946659502683
8909,-0.66283336108182
8910,-0.666719626418557
8911,-0.67060545561082
8912,-0.674490848756498
8913,-0.678375805953428
8914,-0.682260327299435
8915,-0.686144412892304
8916,-0.690028062829792
8917,-0.693911277209606
8918,-0.697794056129438
8919,-0.701676399686948
8920,-0.705558307979742
8921,-0.709439781105417
8922,-0.713320819161532
8923,-0.717201422245595
8924,-0.721081590455104
8925,-0.724961323887521
8926,-0.728840622640256
8927,-0.732719486810707
8928,-0.736597916496238
8929,-0.740475911794161
8930,-0.744353472801777
8931,-0.748230599616344
8932,-0.752107292335098
8933,-0.755983551055219
8934,-0.759859375873876
8935,-0.763734766888204
8936,-0.767609724195289
8937,-0.7714842478922
8938,-0.775358338075976
8939,-0.779231994843603
8940,-0.783105218292053
8941,-0.786978008518268
8942,-0.790850365619136
8943,-0.794722289691531
8944,-0.798593780832298
8945,-0.802464839138227
8946,-0.806335464706097
8947,-0.810205657632645
8948,-0.814075418014586
8949,-0.81794474594858
8950,-0.821813641531277
8951,-0.825682104859291
8952,-0.829550136029188
8953,-0.833417735137517
8954,-0.837284902280798
8955,-0.841151637555498
8956,-0.845017941058071
8957,-0.84888381288494
8958,-0.852749253132473
8959,-0.856614261897028
8960,-0.860478839274931
8961,-0.864342985362454
8962,-0.868206700255858
8963,-0.872069984051366
8964,-0.875932836845173
8965,-0.879795258733424
8966,-0.883657249812249
8967,-0.887518810177751
8968,-0.891379939925975
8969,-0.895240639152957
8970,-0.899100907954701
8971,-0.902960746427157
8972,-0.906820154666266
8973,-0.910679132767934
8974,-0.914537680828016
8975,-0.918395798942357
8976,-0.922253487206764
8977,-0.926110745716999
8978,-0.929967574568808
8979,-0.9338239738579
8980,-0.937679943679957
8981,-0.941535484130611
8982,-0.945390595305479
8983,-0.949245277300151
8984,-0.953099530210161
8985,-0.956953354131032
8986,-0.960806749158254
8987,-0.96465971538727
8988,-0.968512252913505
8989,-0.972364361832356
8990,-0.976216042239166
8991,-0.980067294229268
8992,-0.983918117897963
8993,-0.987768513340497
8994,-0.99161848065211
8995,-0.995468019927999
8996,-0.999317131263338
8997,-1.00316581475325
8998,-1.00701407049284
8999,-1.01086189857718
9000,-1.01470929910132
9001,-1.01855627216025
9002,-1.02240281784897
9003,-1.0262489362624
9004,-1.03009462749547
9005,-1.03393989164306
9006,-1.0377847288
9007,-1.04162913906114
9008,-1.04547312252124
9009,-1.04931667927508
9010,-1.05315980941735
9011,-1.05700251304278
9012,-1.06084479024601
9013,-1.06468664112166
9014,-1.06852806576434
9015,-1.07236906426863
9016,-1.07620963672904
9017,-1.08004978324008
9018,-1.08388950389623
9019,-1.08772879879192
9020,-1.09156766802157
9021,-1.09540611167955
9022,-1.09924412986021
9023,-1.10308172265785
9024,-1.10691889016677
9025,-1.11075563248123
9026,-1.11459194969543
9027,-1.11842784190356
9028,-1.1222633091998
9029,-1.12609835167825
9030,-1.12993296943302
9031,-1.13376716255818
9032,-1.13760093114775
9033,-1.14143427529574
9034,-1.14526719509612
9035,-1.14909969064282
9036,-1.15293176202976
9037,-1.15676340935081
9038,-1.16059463269982
9039,-1.16442543217059
9040,-1.16825580785693
9041,-1.17208575985258
9042,-1.17591528825126
9043,-1.17974439314665
9044,-1.18357307463243
9045,-1.18740133280221
9046,-1.1912291677496
9047,-1.19505657956816
9048,-1.19888356835142
9049,-1.2027101341929
9050,-1.20653627718606
9051,-1.21036199742433
9052,-1.21418729500115
9053,-1.21801217000989
9054,-1.22183662254388
9055,-1.22566065269646
9056,-1.22948426056091
9057,-1.23330744623049
9058,-1.23713020979841
9059,-1.24095255135788
9060,-1.24477447100207
9061,-1.2485959688241
9062,-1.25241704491707
9063,-1.25623769937406
9064,-1.26005793228811
9065,-1.26387774375222
9066,-1.26769713385938
9067,-1.27151610270253
9068,-1.27533465037459
9069,-1.27915277696846
9070,-1.28297048257697
9071,-1.28678776729296
9072,-1.29060463120922
9073,-1.29442107441853
9074,-1.2982370970136
9075,-1.30205269908714
9076,-1.30586788073183
9077,-1.3096826420403
9078,-1.31349698310517
9079,-1.31731090401902
9080,-1.32112440487439
9081,-1.3249374857638
9082,-1.32875014677975
9083,-1.33256238801469
9084,-1.33637420956104
9085,-1.34018561151121
9086,-1.34399659395756
9087,-1.34780715699242
9088,-1.3516173007081
9089,-1.35542702519688
9090,-1.359236330551
9091,-1.36304521686267
9092,-1.36685368422408
9093,-1.37066173272738
9094,-1.37446936246469
9095,-1.3782765735281
9096,-1.38208336600968
9097,-1.38588974000146
9098,-1.38969569559544
9099,-1.39350123288358
9100,-1.39730635195783
9101,-1.40111105291011
9102,-1.40491533583229
9103,-1.40871920081621
9104,-1.4125226479537
9105,-1.41632567733655
9106,-1.42012828905651
9107,-1.42393048320532
9108,-1.42773225987467
9109,-1.43153361915624
9110,-1.43533456114164
9111,-1.43913508592252
9112,-1.44293519359042
9113,-1.4467348842369
9114,-1.45053415795349
9115,-1.45433301483165
9116,-1.45813145496286
9117,-1.46192947843855
9118,-1.4657270853501
9119,-1.46952427578888
9120,-1.47332104984623
9121,-1.47711740761346
9122,-1.48091334918184
9123,-1.48470887464263
9124,-1.48850398408703
9125,-1.49229867760624
9126,-1.4960929552914
9127,-1.49988681723366
9128,-1.50368026352409
9129,-1.50747329425378
9130,-1.51126590951376
9131,-1.51505810939503
9132,-1.51884989398857
9133,-1.52264126338533
9134,-1.52643221767623
9135,-1.53022275695215
9136,-1.53401288130396
9137,-1.53780259082248
9138,-1.54159188559849
9139,-1.54538076572279
9140,-1.5491692312861
9141,-1.55295728237914
9142,-1.55674491909257
9143,-1.56053214151706
9144,-1.56431894974321
9145,-1.56810534386162
9146,-1.57189132396286
9147,-1.57567689013744
9148,-1.57946204247587
9149,-1.58324678106862
9150,-1.58703110600615
9151,-1.59081501737883
9152,-1.59459851527708
9153,-1.59838159979123
9154,-1.60216427101161
9155,-1.60594652902852
9156,-1.60972837393221
9157,-1.61350980581293
9158,-1.61729082476086
9159,-1.6210714308662
9160,-1.62485162421908
9161,-1.62863140490963
9162,-1.63241077302792
9163,-1.63618972866401
9164,-1.63996827190793
9165,-1.64374640284968
9166,-1.64752412157924
9167,-1.65130142818652
9168,-1.65507832276145
9169,-1.65885480539391
9170,-1.66263087617373
9171,-1.66640653519076
9172,-1.67018178253478
9173,-1.67395661829554
9174,-1.67773104256279
9175,-1.68150505542623
9176,-1.68527865697553
9177,-1.68905184730034
9178,-1.69282462649027
9179,-1.69659699463491
9180,-1.70036895182382
9181,-1.70414049814652
9182,-1.70791163369252
9183,-1.71168235855128
9184,-1.71545267281224
9185,-1.71922257656482
9186,-1.72299206989839
9187,-1.72676115290231
9188,-1.73052982566591
9189,-1.73429808827847
9190,-1.73806594082926
9191,-1.74183338340752
9192,-1.74560041610245
9193,-1.74936703900324
9194,-1.75313325219903
9195,-1.75689905577894
9196,-1.76066444983205
9197,-1.76442943444744
9198,-1.76819400971414
9199,-1.77195817572115
9200,-1.77572193255743
9201,-1.77948528031195
9202,-1.78324821907361
9203,-1.7870107489313
9204,-1.79077286997389
9205,-1.79453458229018
9206,-1.798295885969
9207,-1.80205678109912
9208,-1.80581726776926
9209,-1.80957734606816
9210,-1.81333701608449
9211,-1.8170962779069
9212,-1.82085513162403
9213,-1.82461357732447
9214,-1.8283716150968
9215,-1.83212924502954
9216,-1.83588646721123
9217,-1.83964328173033
9218,-1.84339968867531
9219,-1.84715568813457
9220,-1.85091128019654
9221,-1.85466646494957
9222,-1.85842124248199
9223,-1.86217561288213
9224,-1.86592957623826
9225,-1.86968313263863
9226,-1.87343628217148
9227,-1.87718902492498
9228,-1.88094136098732
9229,-1.88469329044662
9230,-1.88844481339101
9231,-1.89219592990856
9232,-1.89594664008731
9233,-1.89969694401531
9234,-1.90344684178053
9235,-1.90719633347094
9236,-1.9109454191745
9237,-1.9146940989791
9238,-1.91844237297261
9239,-1.92219024124292
9240,-1.92593770387781
9241,-1.9296847609651
9242,-1.93343141259256
9243,-1.93717765884791
9244,-1.94092349981887
9245,-1.94466893559313
9246,-1.94841396625833
9247,-1.95215859190209
9248,-1.95590281261202
9249,-1.95964662847569
9250,-1.96339003958062
9251,-1.96713304601433
9252,-1.97087564786431
9253,-1.974617845218
9254,-1.97835963816283
9255,-1.98210102678621
9256,-1.98584201117549
9257,-1.98958259141802
9258,-1.99332276760112
9259,-1.99706253981206
9260,-2.0008019081381
9261,-2.00454087266647
9262,-2.00827943348437
9263,-2.01201759067897
9264,-2.01575534433741
9265,-2.01949269454681
9266,-2.02322964139425
9267,-2.02696618496678
9268,-2.03070232535146
9269,-2.03443806263526
9270,-2.03817339690517
9271,-2.04190832824813
9272,-2.04564285675106
9273,-2.04937698250084
9274,-2.05311070558434
9275,-2.05684402608841
9276,-2.06057694409982
9277,-2.06430945970536
9278,-2.0680415729918
9279,-2.07177328404583
9280,-2.07550459295416
9281,-2.07923549980345
9282,-2.08296600468034
9283,-2.08669610767143
9284,-2.09042580886331
9285,-2.09415510834253
9286,-2.09788400619561
9287,-2.10161250250906
9288,-2.10534059736933
9289,-2.10906829086287
9290,-2.1127955830761
9291,-2.1165224740954
9292,-2.12024896400712
9293,-2.12397505289759
9294,-2.12770074085313
9295,-2.13142602795999
9296,-2.13515091430442
9297,-2.13887539997266
9298,-2.14259948505087
9299,-2.14632316962523
9300,-2.15004645378188
9301,-2.15376933760691
9302,-2.1574918211864
9303,-2.16121390460642
9304,-2.16493558795298
9305,-2.16865687131206
9306,-2.17237775476966
9307,-2.1760982384117
9308,-2.1798183223241
9309,-2.18353800659274
9310,-2.18725729130348
9311,-2.19097617654215
9312,-2.19469466239454
9313,-2.19841274894645
9314,-2.20213043628361
9315,-2.20584772449173
9316,-2.20956461365652
9317,-2.21328110386363
9318,-2.21699719519871
9319,-2.22071288774736
9320,-2.22442818159516
9321,-2.22814307682766
9322,-2.23185757353039
9323,-2.23557167178886
9324,-2.23928537168852
9325,-2.24299867331483
9326,-2.2467115767532
9327,-2.25042408208902
9328,-2.25413618940765
9329,-2.25784789879442
9330,-2.26155921033464
9331,-2.26527012411359
9332,-2.26898064021652
9333,-2.27269075872865
9334,-2.27640047973518
9335,-2.28010980332128
9336,-2.28381872957209
9337,-2.28752725857272
9338,-2.29123539040827
9339,-2.29494312516379
9340,-2.29865046292432
9341,-2.30235740377485
9342,-2.30606394780037
9343,-2.30977009508583
9344,-2.31347584571614
9345,-2.31718119977622
9346,-2.32088615735092
9347,-2.32459071852509
9348,-2.32829488338354
9349,-2.33199865201106
9350,-2.3357020244924
9351,-2.33940500091232
9352,-2.34310758135549
9353,-2.3468097659066
9354,-2.35051155465031
9355,-2.35421294767125
9356,-2.35791394505399
9357,-2.36161454688313
9358,-2.36531475324319
9359,-2.3690145642187
9360,-2.37271397989414
9361,-2.37641300035397
9362,-2.38011162568263
9363,-2.38380985596453
9364,-2.38750769128404
9365,-2.39120513172552
9366,-2.39490217737329
9367,-2.39859882831167
9368,-2.4022950846249
9369,-2.40599094639724
9370,-2.40968641371291
9371,-2.41338148665611
9372,-2.41707616531098
9373,-2.42077044976168
9374,-2.42446434009232
9375,-2.42815783638696
9376,-2.43185093872968
9377,-2.4355436472045
9378,-2.43923596189543
9379,-2.44292788288643
9380,-2.44661941026147
9381,-2.45031054410445
9382,-2.45400128449928
9383,-2.45769163152983
9384,-2.46138158527994
9385,-2.46507114583341
9386,-2.46876031327405
9387,-2.47244908768561
9388,-2.47613746915182
9389,-2.47982545775639
9390,-2.48351305358302
9391,-2.48720025671534
9392,-2.49088706723698
9393,-2.49457348523156
9394,-2.49825951078264
9395,-2.50194514397376
9396,-2.50563038488846
9397,-2.50931523361022
9398,-2.51299969022251
9399,-2.51668375480877
9400,-2.52036742745242
9401,-2.52405070823685
9402,-2.5277335972454
9403,-2.53141609456144
9404,-2.53509820026825
9405,-2.53877991444911
9406,-2.54246123718729
9407,-2.54614216856601
9408,-2.54982270866848
9409,-2.55350285757786
9410,-2.55718261537731
9411,-2.56086198214995
9412,-2.56454095797888
9413,-2.56821954294715
9414,-2.57189773713782
9415,-2.5755755406339
9416,-2.57925295351839
9417,-2.58292997587424
9418,-2.5866066077844
9419,-2.59028284933177
9420,-2.59395870059922
9421,-2.59763416166964
9422,-2.60130923262584
9423,-2.60498391355063
9424,-2.60865820452679
9425,-2.61233210563707
9426,-2.61600561696419
9427,-2.61967873859086
9428,-2.62335147059976
9429,-2.62702381307351
9430,-2.63069576609475
9431,-2.63436732974606
9432,-2.63803850411004
9433,-2.64170928926919
9434,-2.64537968530606
9435,-2.64904969230312
9436,-2.65271931034283
9437,-2.65638853950764
9438,-2.66005737987996
9439,-2.66372583154217
9440,-2.66739389457662
9441,-2.67106156906565
9442,-2.67472885509157
9443,-2.67839575273665
9444,-2.68206226208316
9445,-2.6857283832133
9446,-2.6893941162093
9447,-2.69305946115331
9448,-2.69672441812751
9449,-2.70038898721399
9450,-2.70405316849487
9451,-2.70771696205221
9452,-2.71138036796806
9453,-2.71504338632443
9454,-2.71870601720333
9455,-2.72236826068671
9456,-2.72603011685651
9457,-2.72969158579466
9458,-2.73335266758304
9459,-2.73701336230351
9460,-2.74067367003792
9461,-2.74433359086806
9462,-2.74799312487573
9463,-2.75165227214268
9464,-2.75531103275066
9465,-2.75896940678135
9466,-2.76262739431646
9467,-2.76628499543763
9468,-2.76994221022649
9469,-2.77359903876464
9470,-2.77725548113367
9471,-2.78091153741512
9472,-2.78456720769053
9473,-2.78822249204139
9474,-2.79187739054917
9475,-2.79553190329533
9476,-2.79918603036129
9477,-2.80283977182844
9478,-2.80649312777815
9479,-2.81014609829178
9480,-2.81379868345065
9481,-2.81745088333604
9482,-2.82110269802922
9483,-2.82475412761145
9484,-2.82840517216392
9485,-2.83205583176784
9486,-2.83570610650438
9487,-2.83935599645467
9488,-2.84300550169982
9489,-2.84665462232093
9490,-2.85030335839905
9491,-2.85395171001523
9492,-2.85759967725049
9493,-2.86124726018579
9494,-2.8648944589021
9495,-2.86854127348037
9496,-2.87218770400149
9497,-2.87583375054636
9498,-2.87947941319583
9499,-2.88312469203073
9500,-2.88676958713187
9501,-2.89041409858004
9502,-2.89405822645599
9503,-2.89770197084044
9504,-2.90134533181411
9505,-2.90498830945768
9506,-2.90863090385179
9507,-2.91227311507709
9508,-2.91591494321416
9509,-2.9195563883436
9510,-2.92319745054595
9511,-2.92683812990174
9512,-2.93047842649147
9513,-2.93411834039562
9514,-2.93775787169464
9515,-2.94139702046896
9516,-2.94503578679896
9517,-2.94867417076504
9518,-2.95231217244754
9519,-2.95594979192679
9520,-2.95958702928307
9521,-2.96322388459668
9522,-2.96686035794785
9523,-2.9704964494168
9524,-2.97413215908375
9525,-2.97776748702886
9526,-2.98140243333226
9527,-2.9850369980741
9528,-2.98867118133447
9529,-2.99230498319343
9530,-2.99593840373103
9531,-2.99957144302731
9532,-3.00320410116224
9533,-3.0068363782158
9534,-3.01046827426794
9535,-3.01409978939858
9536,-3.01773092368761
9537,-3.02136167721491
9538,-3.02499205006031
9539,-3.02862204230365
9540,-3.0322516540247
9541,-3.03588088530326
9542,-3.03950973621905
9543,-3.0431382068518
9544,-3.04676629728121
9545,-3.05039400758693
9546,-3.05402133784862
9547,-3.05764828814591
9548,-3.06127485855837
9549,-3.06490104916558
9550,-3.0685268600471
9551,-3.07215229128242
9552,-3.07577734295105
9553,-3.07940201513247
9554,-3.08302630790611
9555,-3.08665022135138
9556,-3.0902737555477
9557,-3.09389691057444
9558,-3.09751968651092
9559,-3.10114208343647
9560,-3.1047641014304
9561,-3.10838574057196
9562,-3.1120070009404
9563,-3.11562788261496
9564,-3.1192483856748
9565,-3.12286851019912
9566,-3.12648825626707
9567,-3.13010762395774
9568,-3.13372661335025
9569,-3.13734522452368
9570,-3.14096345755704
9571,-3.14458131252939
9572,-3.1481987895197
9573,-3.15181588860697
9574,-3.15543260987012
9575,-3.15904895338809
9576,-3.16266491923978
9577,-3.16628050750405
9578,-3.16989571825976
9579,-3.17351055158573
9580,-3.17712500756075
9581,-3.18073908626361
9582,-3.18435278777307
9583,-3.18796611216782
9584,-3.19157905952659
9585,-3.19519162992805
9586,-3.19880382345084
9587,-3.2024156401736
9588,-3.20602708017492
9589,-3.2096381435334
9590,-3.21324883032757
9591,-3.21685914063597
9592,-3.2204690745371
9593,-3.22407863210944
9594,-3.22768781343145
9595,-3.23129661858156
9596,-3.23490504763816
9597,-3.23851310067965
9598,-3.24212077778439
9599,-3.24572807903069
9600,-3.24933500449687
9601,-3.25294155426123
9602,-3.256547728402
9603,-3.26015352699743
9604,-3.26375895012572
9605,-3.26736399786508
9606,-3.27096867029365
9607,-3.27457296748956
9608,-3.27817688953095
9609,-3.28178043649589
9610,-3.28538360846244
9611,-3.28898640550865
9612,-3.29258882771252
9613,-3.29619087515206
9614,-3.29979254790523
9615,-3.30339384604996
9616,-3.30699476966418
9617,-3.31059531882579
9618,-3.31419549361263
9619,-3.31779529410258
9620,-3.32139472037343
9621,-3.32499377250301
9622,-3.32859245056905
9623,-3.33219075464933
9624,-3.33578868482157
9625,-3.33938624116345
9626,-3.34298342375267
9627,-3.34658023266686
9628,-3.35017666798366
9629,-3.35377272978066
9630,-3.35736841813546
9631,-3.36096373312558
9632,-3.36455867482858
9633,-3.36815324332195
9634,-3.37174743868319
9635,-3.37534126098973
9636,-3.37893471031903
9637,-3.38252778674848
9638,-3.38612049035547
9639,-3.38971282121737
9640,-3.39330477941151
9641,-3.3968963650152
9642,-3.40048757810573
9643,-3.40407841876037
9644,-3.40766888705636
9645,-3.41125898307091
9646,-3.41484870688123
9647,-3.41843805856446
9648,-3.42202703819777
9649,-3.42561564585826
9650,-3.42920388162306
9651,-3.43279174556921
9652,-3.43637923777376
9653,-3.43996635831376
9654,-3.44355310726619
9655,-3.44713948470803
9656,-3.45072549071625
9657,-3.45431112536775
9658,-3.45789638873946
9659,-3.46148128090826
9660,-3.46506580195099
9661,-3.46864995194449
9662,-3.47223373096558
9663,-3.47581713909104
9664,-3.47940017639763
9665,-3.48298284296208
9666,-3.48656513886113
9667,-3.49014706417145
9668,-3.49372861896971
9669,-3.49730980333257
9670,-3.50089061733662
9671,-3.50447106105847
9672,-3.5080511345747
9673,-3.51163083796185
9674,-3.51521017129643
9675,-3.51878913465497
9676,-3.52236772811393
9677,-3.52594595174976
9678,-3.52952380563891
9679,-3.53310128985775
9680,-3.5366784044827
9681,-3.54025514959009
9682,-3.54383152525627
9683,-3.54740753155755
9684,-3.55098316857021
9685,-3.55455843637052
9686,-3.55813333503472
9687,-3.56170786463902
9688,-3.56528202525962
9689,-3.56885581697269
9690,-3.57242923985437
9691,-3.5760022939808
9692,-3.57957497942805
9693,-3.58314729627221
9694,-3.58671924458934
9695,-3.59029082445545
9696,-3.59386203594655
9697,-3.59743287913863
9698,-3.60100335410765
9699,-3.60457346092953
9700,-3.60814319968019
9701,-3.61171257043551
9702,-3.61528157327136
9703,-3.61885020826358
9704,-3.62241847548798
9705,-3.62598637502036
9706,-3.62955390693648
9707,-3.63312107131211
9708,-3.63668786822294
9709,-3.64025429774469
9710,-3.64382035995305
9711,-3.64738605492364
9712,-3.6509513827321
9713,-3.65451634345405
9714,-3.65808093716506
9715,-3.6616451639407
9716,-3.66520902385649
9717,-3.66877251698796
9718,-3.67233564341059
9719,-3.67589840319984
9720,-3.67946079643117
9721,-3.68302282317999
9722,-3.68658448352169
9723,-3.69014577753166
9724,-3.69370670528523
9725,-3.69726726685773
9726,-3.70082746232448
9727,-3.70438729176074
9728,-3.70794675524178
9729,-3.71150585284283
9730,-3.71506458463911
9731,-3.71862295070578
9732,-3.72218095111803
9733,-3.725738585951
9734,-3.72929585527979
9735,-3.7328527591795
9736,-3.73640929772522
9737,-3.73996547099197
9738,-3.74352127905479
9739,-3.7470767219887
9740,-3.75063179986864
9741,-3.75418651276959
9742,-3.75774086076649
9743,-3.76129484393423
9744,-3.76484846234771
9745,-3.76840171608179
9746,-3.77195460521131
9747,-3.77550712981108
9748,-3.77905928995591
9749,-3.78261108572056
9750,-3.78616251717978
9751,-3.7897135844083
9752,-3.79326428748082
9753,-3.79681462647202
9754,-3.80036460145655
9755,-3.80391421250906
9756,-3.80746345970415
9757,-3.8110123431164
9758,-3.81456086282038
9759,-3.81810901889065
9760,-3.8216568114017
9761,-3.82520424042804
9762,-3.82875130604415
9763,-3.83229800832447
9764,-3.83584434734342
9765,-3.83939032317543
9766,-3.84293593589486
9767,-3.84648118557607
9768,-3.85002607229341
9769,-3.85357059612118
9770,-3.85711475713367
9771,-3.86065855540516
9772,-3.86420199100989
9773,-3.86774506402207
9774,-3.8712877745159
9775,-3.87483012256558
9776,-3.87837210824524
9777,-3.88191373162902
9778,-3.88545499279103
9779,-3.88899589180534
9780,-3.89253642874604
9781,-3.89607660368715
9782,-3.89961641670268
9783,-3.90315586786665
9784,-3.90669495725302
9785,-3.91023368493572
9786,-3.9137720509887
9787,-3.91731005548587
9788,-3.92084769850109
9789,-3.92438498010822
9790,-3.92792190038111
9791,-3.93145845939357
9792,-3.93499465721937
9793,-3.93853049393231
9794,-3.94206596960612
9795,-3.94560108431452
9796,-3.94913583813121
9797,-3.95267023112987
9798,-3.95620426338416
9799,-3.95973793496771
9800,-3.96327124595412
9801,-3.966804196417
9802,-3.97033678642989
9803,-3.97386901606635
9804,-3.97740088539988
9805,-3.980932394504
9806,-3.98446354345218
9807,-3.98799433231787
9808,-3.99152476117449
9809,-3.99505483009546
9810,-3.99858453915416
9811,-4.00211388842395
9812,-4.00564287797818
9813,-4.00917150789016
9814,-4.01269977823319
9815,-4.01622768908053
9816,-4.01975524050545
9817,-4.02328243258117
9818,-4.02680926538089
9819,-4.03033573897781
9820,-4.03386185344506
9821,-4.03738760885581
9822,-4.04091300528316
9823,-4.04443804280022
9824,-4.04796272148004
9825,-4.05148704139568
9826,-4.05501100262017
9827,-4.05853460522651
9828,-4.06205784928769
9829,-4.06558073487666
9830,-4.06910326206636
9831,-4.07262543092972
9832,-4.07614724153961
9833,-4.07966869396892
9834,-4.08318978829049
9835,-4.08671052457716
9836,-4.09023090290171
9837,-4.09375092333694
9838,-4.09727058595561
9839,-4.10078989083045
9840,-4.10430883803419
9841,-4.1078274276395
9842,-4.11134565971908
9843,-4.11486353434556
9844,-4.11838105159157
9845,-4.12189821152972
9846,-4.12541501423259
9847,-4.12893145977274
9848,-4.13244754822271
9849,-4.13596327965502
9850,-4.13947865414216
9851,-4.1429936717566
9852,-4.1465083325708
9853,-4.15002263665717
9854,-4.15353658408814
9855,-4.15705017493609
9856,-4.16056340927336
9857,-4.16407628717232
9858,-4.16758880870527
9859,-4.1711009739445
9860,-4.1746127829623
9861,-4.17812423583093
9862,-4.18163533262259
9863,-4.18514607340951
9864,-4.18865645826387
9865,-4.19216648725784
9866,-4.19567616046355
9867,-4.19918547795314
9868,-4.20269443979869
9869,-4.20620304607228
9870,-4.20971129684597
9871,-4.2132191921918
9872,-4.21672673218176
9873,-4.22023391688786
9874,-4.22374074638206
9875,-4.22724722073629
9876,-4.2307533400225
9877,-4.23425910431257
9878,-4.23776451367839
9879,-4.24126956819182
9880,-4.2447742679247
9881,-4.24827861294882
9882,-4.251782603336
9883,-4.25528623915799
9884,-4.25878952048656
9885,-4.26229244739342
9886,-4.26579501995028
9887,-4.26929723822883
9888,-4.27279910230072
9889,-4.2763006122376
9890,-4.27980176811109
9891,-4.28330256999278
9892,-4.28680301795424
9893,-4.29030311206704
9894,-4.29380285240269
9895,-4.29730223903272
9896,-4.30080127202861
9897,-4.30429995146182
9898,-4.3077982774038
9899,-4.31129624992598
9900,-4.31479386909976
9901,-4.3182911349965
9902,-4.32178804768759
9903,-4.32528460724435
9904,-4.32878081373808
9905,-4.3322766672401
9906,-4.33577216782168
9907,-4.33926731555404
9908,-4.34276211050844
9909,-4.34625655275609
9910,-4.34975064236815
9911,-4.35324437941579
9912,-4.35673776397017
9913,-4.3602307961024
9914,-4.36372347588357
9915,-4.36721580338477
9916,-4.37070777867707
9917,-4.37419940183147
9918,-4.37769067291901
9919,-4.38118159201068
9920,-4.38467215917743
9921,-4.38816237449023
9922,-4.39165223802001
9923,-4.39514174983766
9924,-4.39863091001407
9925,-4.40211971862011
9926,-4.40560817572662
9927,-4.40909628140441
9928,-4.41258403572429
9929,-4.41607143875704
9930,-4.4195584905734
9931,-4.42304519124412
9932,-4.42653154083991
9933,-4.43001753943146
9934,-4.43350318708945
9935,-4.43698848388452
9936,-4.44047342988729
9937,-4.44395802516838
9938,-4.44744226979837
9939,-4.45092616384783
9940,-4.4544097073873
9941,-4.4578929004873
9942,-4.46137574321833
9943,-4.46485823565086
9944,-4.46834037785537
9945,-4.47182216990228
9946,-4.47530361186201
9947,-4.47878470380496
9948,-4.48226544580149
9949,-4.48574583792196
9950,-4.48922588023669
9951,-4.49270557281602
9952,-4.49618491573019
9953,-4.4996639090495
9954,-4.5031425528442
9955,-4.50662084718449
9956,-4.51009879214059
9957,-4.51357638778268
9958,-4.51705363418092
9959,-4.52053053140544
9960,-4.52400707952637
9961,-4.52748327861381
9962,-4.53095912873783
9963,-4.53443462996848
9964,-4.53790978237581
9965,-4.54138458602982
9966,-4.54485904100051
9967,-4.54833314735785
9968,-4.55180690517178
9969,-4.55528031451224
9970,-4.55875337544913
9971,-4.56222608805235
9972,-4.56569845239175
9973,-4.56917046853719
9974,-4.57264213655848
9975,-4.57611345652542
9976,-4.57958442850782
9977,-4.58305505257541
9978,-4.58652532879794
9979,-4.58999525724513
9980,-4.59346483798668
9981,-4.59693407109227
9982,-4.60040295663154
9983,-4.60387149467415
9984,-4.60733968528969
9985,-4.61080752854777
9986,-4.61427502451796
9987,-4.6177421732698
9988,-4.62120897487282
9989,-4.62467542939656
9990,-4.62814153691047
9991,-4.63160729748404
9992,-4.63507271118671
9993,-4.63853777808791
9994,-4.64200249825704
9995,-4.64546687176349
9996,-4.64893089867663
9997,-4.65239457906578
9998,-4.65585791300028
9999,-4.65932090054944
10000,-4.66278354178252
10001,-4.66624583676879
10002,-4.66970778557749
10003,-4.67316938827783
10004,-4.67663064493901
10005,-4.68009155563022
10006,-4.6835521204206
10007,-4.68701233937929
10008,-4.69047221257541
10009,-4.69393174007805
10010,-4.69739092195627
10011,-4.70084975827915
10012,-4.7043082491157
10013,-4.70776639453493
10014,-4.71122419460585
10015,-4.71468164939742
10016,-4.71813875897857
10017,-4.72159552341826
10018,-4.72505194278538
10019,-4.72850801714881
10020,-4.73196374657743
10021,-4.73541913114009
10022,-4.7388741709056
10023,-4.74232886594277
10024,-4.74578321632038
10025,-4.74923722210721
10026,-4.75269088337199
10027,-4.75614420018344
10028,-4.75959717261027
10029,-4.76304980072116
10030,-4.76650208458476
10031,-4.76995402426973
10032,-4.77340561984467
10033,-4.77685687137818
10034,-4.78030777893886
10035,-4.78375834259524
10036,-4.78720856241587
10037,-4.79065843846928
10038,-4.79410797082395
10039,-4.79755715954835
10040,-4.80100600471095
10041,-4.80445450638019
10042,-4.80790266462447
10043,-4.81135047951219
10044,-4.81479795111173
10045,-4.81824507949143
10046,-4.82169186471964
10047,-4.82513830686466
10048,-4.82858440599478
10049,-4.83203016217828
10050,-4.83547557548341
10051,-4.8389206459784
10052,-4.84236537373146
10053,-4.84580975881079
10054,-4.84925380128454
10055,-4.85269750122087
10056,-4.85614085868792
10057,-4.85958387375379
10058,-4.86302654648656
10059,-4.8664688769543
10060,-4.86991086522508
10061,-4.87335251136691
10062,-4.87679381544779
10063,-4.88023477753573
10064,-4.88367539769867
10065,-4.88711567600458
10066,-4.89055561252138
10067,-4.89399520731697
10068,-4.89743446045924
10069,-4.90087337201606
10070,-4.90431194205526
10071,-4.90775017064468
10072,-4.91118805785213
10073,-4.91462560374538
10074,-4.9180628083922
10075,-4.92149967186034
10076,-4.92493619421752
10077,-4.92837237553144
10078,-4.9318082158698
10079,-4.93524371530024
10080,-4.93867887389043
10081,-4.94211369170796
10082,-4.94554816882047
10083,-4.94898230529552
10084,-4.95241610120069
10085,-4.95584955660351
10086,-4.9592826715715
10087,-4.96271544617217
10088,-4.96614788047301
10089,-4.96957997454147
10090,-4.973011728445
10091,-4.97644314225102
10092,-4.97987421602694
10093,-4.98330494984014
10094,-4.98673534375797
10095,-4.99016539784779
10096,-4.99359511217691
10097,-4.99702448681264
10098,-5.00045352182226
10099,-5.00388221727303
10100,-5.0073105732322
10101,-5.01073858976699
10102,-5.01416626694459
10103,-5.01759360483221
10104,-5.02102060349698
10105,-5.02444726300608
10106,-5.0278735834266
10107,-5.03129956482565
10108,-5.03472520727034
10109,-5.0381505108277
10110,-5.04157547556478
10111,-5.04500010154862
10112,-5.0484243888462
10113,-5.05184833752453
10114,-5.05527194765055
10115,-5.05869521929122
10116,-5.06211815251346
10117,-5.06554074738417
10118,-5.06896300397023
10119,-5.07238492233852
10120,-5.07580650255587
10121,-5.07922774468912
10122,-5.08264864880506
10123,-5.08606921497048
10124,-5.08948944325215
10125,-5.09290933371682
10126,-5.0963288864312
10127,-5.09974810146201
10128,-5.10316697887593
10129,-5.10658551873962
10130,-5.11000372111975
10131,-5.11342158608292
10132,-5.11683911369575
10133,-5.12025630402484
10134,-5.12367315713674
10135,-5.127089673098
10136,-5.13050585197516
10137,-5.13392169383472
10138,-5.13733719874317
10139,-5.14075236676698
10140,-5.1441671979726
10141,-5.14758169242646
10142,-5.15099585019498
10143,-5.15440967134454
10144,-5.15782315594151
10145,-5.16123630405224
10146,-5.16464911574308
10147,-5.16806159108032
10148,-5.17147373013027
10149,-5.1748855329592
10150,-5.17829699963336
10151,-5.18170813021897
10152,-5.18511892478227
10153,-5.18852938338945
10154,-5.19193950610667
10155,-5.1953492930001
10156,-5.19875874413587
10157,-5.2021678595801
10158,-5.20557663939888
10159,-5.2089850836583
10160,-5.21239319242441
10161,-5.21580096576325
10162,-5.21920840374084
10163,-5.22261550642318
10164,-5.22602227387625
10165,-5.22942870616601
10166,-5.2328348033584
10167,-5.23624056551934
10168,-5.23964599271474
10169,-5.24305108501049
10170,-5.24645584247243
10171,-5.24986026516642
10172,-5.25326435315829
10173,-5.25666810651382
10174,-5.26007152529882
10175,-5.26347460957906
10176,-5.26687735942026
10177,-5.27027977488817
10178,-5.2736818560485
10179,-5.27708360296692
10180,-5.28048501570912
10181,-5.28388609434073
10182,-5.2872868389274
10183,-5.29068724953473
10184,-5.29408732622832
10185,-5.29748706907374
10186,-5.30088647813654
10187,-5.30428555348225
10188,-5.30768429517641
10189,-5.31108270328448
10190,-5.31448077787196
10191,-5.3178785190043
10192,-5.32127592674694
10193,-5.3246730011653
10194,-5.32806974232478
10195,-5.33146615029075
10196,-5.33486222512858
10197,-5.3382579669036
10198,-5.34165337568116
10199,-5.34504845152653
10200,-5.34844319450502
10201,-5.35183760468188
10202,-5.35523168212236
10203,-5.35862542689169
10204,-5.36201883905507
10205,-5.36541191867769
10206,-5.36880466582472
10207,-5.37219708056132
10208,-5.3755891629526
10209,-5.37898091306368
10210,-5.38237233095967
10211,-5.38576341670562
10212,-5.38915417036658
10213,-5.39254459200761
10214,-5.39593468169372
10215,-5.39932443948989
10216,-5.4027138654611
10217,-5.40610295967233
10218,-5.4094917221885
10219,-5.41288015307453
10220,-5.41626825239534
10221,-5.4196560202158
10222,-5.42304345660076
10223,-5.42643056161509
10224,-5.4298173353236
10225,-5.4332037777911
10226,-5.43658988908237
10227,-5.43997566926219
10228,-5.4433611183953
10229,-5.44674623654644
10230,-5.45013102378032
10231,-5.45351548016162
10232,-5.45689960575502
10233,-5.46028340062518
10234,-5.46366686483673
10235,-5.46704999845428
10236,-5.47043280154245
10237,-5.47381527416579
10238,-5.47719741638888
10239,-5.48057922827625
10240,-5.48396070989243
10241,-5.48734186130191
10242,-5.4907226825692
10243,-5.49410317375874
10244,-5.49748333493497
10245,-5.50086316616235
10246,-5.50424266750526
10247,-5.50762183902811
10248,-5.51100068079525
10249,-5.51437919287105
10250,-5.51775737531983
10251,-5.52113522820591
10252,-5.5245127515936
10253,-5.52788994554715
10254,-5.53126681013082
10255,-5.53464334540888
10256,-5.53801955144552
10257,-5.54139542830495
10258,-5.54477097605135
10259,-5.5481461947489
10260,-5.55152108446172
10261,-5.55489564525396
10262,-5.55826987718972
10263,-5.56164378033308
10264,-5.56501735474811
10265,-5.56839060049888
10266,-5.5717635176494
10267,-5.5751361062637
10268,-5.57850836640578
10269,-5.58188029813959
10270,-5.58525190152911
10271,-5.58862317663828
10272,-5.59199412353101
10273,-5.5953647422712
10274,-5.59873503292275
10275,-5.60210499554951
10276,-5.60547463021534
10277,-5.60884393698405
10278,-5.61221291591946
10279,-5.61558156708535
10280,-5.6189498905455
10281,-5.62231788636367
10282,-5.62568555460358
10283,-5.62905289532895
10284,-5.63241990860348
10285,-5.63578659449084
10286,-5.6391529530547
10287,-5.64251898435871
10288,-5.64588468846647
10289,-5.64925006544159
10290,-5.65261511534767
10291,-5.65597983824827
10292,-5.65934423420693
10293,-5.66270830328719
10294,-5.66607204555256
10295,-5.66943546106653
10296,-5.67279854989257
10297,-5.67616131209416
10298,-5.6795237477347
10299,-5.68288585687764
10300,-5.68624763958637
10301,-5.68960909592427
10302,-5.6929702259547
10303,-5.69633102974102
10304,-5.69969150734654
10305,-5.70305165883458
10306,-5.70641148426842
10307,-5.70977098371135
10308,-5.71313015722661
10309,-5.71648900487742
10310,-5.71984752672703
10311,-5.72320572283861
10312,-5.72656359327535
10313,-5.72992113810042
10314,-5.73327835737695
10315,-5.73663525116806
10316,-5.73999181953687
10317,-5.74334806254646
10318,-5.7467039802599
10319,-5.75005957274025
10320,-5.75341484005053
10321,-5.75676978225376
10322,-5.76012439941293
10323,-5.76347869159103
10324,-5.76683265885101
10325,-5.77018630125581
10326,-5.77353961886837
10327,-5.77689261175157
10328,-5.78024527996831
10329,-5.78359762358146
10330,-5.78694964265386
10331,-5.79030133724835
10332,-5.79365270742774
10333,-5.79700375325482
10334,-5.80035447479238
10335,-5.80370487210317
10336,-5.80705494524993
10337,-5.81040469429538
10338,-5.81375411930224
10339,-5.81710322033317
10340,-5.82045199745086
10341,-5.82380045071795
10342,-5.82714858019707
10343,-5.83049638595083
10344,-5.83384386804183
10345,-5.83719102653266
10346,-5.84053786148585
10347,-5.84388437296396
10348,-5.84723056102952
10349,-5.85057642574501
10350,-5.85392196717293
10351,-5.85726718537575
10352,-5.86061208041591
10353,-5.86395665235586
10354,-5.86730090125799
10355,-5.87064482718471
10356,-5.8739884301984
10357,-5.87733171036141
10358,-5.88067466773609
10359,-5.88401730238476
10360,-5.88735961436972
10361,-5.89070160375327
10362,-5.89404327059766
10363,-5.89738461496516
10364,-5.900725636918
10365,-5.90406633651838
10366,-5.90740671382852
10367,-5.91074676891058
10368,-5.91408650182673
10369,-5.91742591263911
10370,-5.92076500140984
10371,-5.92410376820105
10372,-5.9274422130748
10373,-5.93078033609318
10374,-5.93411813731824
10375,-5.93745561681202
10376,-5.94079277463652
10377,-5.94412961085376
10378,-5.9474661255257
10379,-5.95080231871432
10380,-5.95413819048157
10381,-5.95747374088936
10382,-5.96080896999962
10383,-5.96414387787422
10384,-5.96747846457506
10385,-5.97081273016397
10386,-5.97414667470281
10387,-5.97748029825339
10388,-5.98081360087751
10389,-5.98414658263696
10390,-5.98747924359351
10391,-5.99081158380891
10392,-5.99414360334488
10393,-5.99747530226314
10394,-6.00080668062539
10395,-6.0041377384933
10396,-6.00746847592855
10397,-6.01079889299276
10398,-6.01412898974755
10399,-6.01745876625455
10400,-6.02078822257534
10401,-6.02411735877148
10402,-6.02744617490454
10403,-6.03077467103605
10404,-6.03410284722752
10405,-6.03743070354046
10406,-6.04075824003635
10407,-6.04408545677666
10408,-6.04741235382282
10409,-6.05073893123628
10410,-6.05406518907844
10411,-6.05739112741069
10412,-6.06071674629443
10413,-6.06404204579099
10414,-6.06736702596172
10415,-6.07069168686795
10416,-6.07401602857098
10417,-6.07734005113211
10418,-6.08066375461259
10419,-6.08398713907369
10420,-6.08731020457663
10421,-6.09063295118263
10422,-6.09395537895291
10423,-6.09727748794863
10424,-6.10059927823096
10425,-6.10392074986105
10426,-6.10724190290003
10427,-6.11056273740901
10428,-6.11388325344909
10429,-6.11720345108133
10430,-6.1205233303668
10431,-6.12384289136655
10432,-6.12716213414159
10433,-6.13048105875294
10434,-6.13379966526157
10435,-6.13711795372847
10436,-6.14043592421458
10437,-6.14375357678085
10438,-6.14707091148819
10439,-6.15038792839749
10440,-6.15370462756966
10441,-6.15702100906555
10442,-6.160337072946
10443,-6.16365281927186
10444,-6.16696824810394
10445,-6.17028335950303
10446,-6.17359815352991
10447,-6.17691263024534
10448,-6.18022678971007
10449,-6.18354063198483
10450,-6.18685415713031
10451,-6.19016736520722
10452,-6.19348025627623
10453,-6.19679283039799
10454,-6.20010508763316
10455,-6.20341702804233
10456,-6.20672865168613
10457,-6.21003995862514
10458,-6.21335094891992
10459,-6.21666162263104
10460,-6.21997197981903
10461,-6.22328202054439
10462,-6.22659174486764
10463,-6.22990115284926
10464,-6.23321024454971
10465,-6.23651902002945
10466,-6.23982747934889
10467,-6.24313562256847
10468,-6.24644344974857
10469,-6.24975096094956
10470,-6.25305815623183
10471,-6.2563650356557
10472,-6.25967159928151
10473,-6.26297784716957
10474,-6.26628377938016
10475,-6.26958939597356
10476,-6.27289469701004
10477,-6.27619968254983
10478,-6.27950435265316
10479,-6.28280870738023
10480,-6.28611274679124
10481,-6.28941647094634
10482,-6.29271987990571
10483,-6.29602297372947
10484,-6.29932575247775
10485,-6.30262821621065
10486,-6.30593036498826
10487,-6.30923219887064
10488,-6.31253371791784
10489,-6.31583492218991
10490,-6.31913581174685
10491,-6.32243638664867
10492,-6.32573664695536
10493,-6.32903659272686
10494,-6.33233622402314
10495,-6.33563554090413
10496,-6.33893454342974
10497,-6.34223323165987
10498,-6.34553160565439
10499,-6.34882966547318
10500,-6.35212741117607
10501,-6.35542484282289
10502,-6.35872196047347
10503,-6.36201876418758
10504,-6.36531525402502
10505,-6.36861143004553
10506,-6.37190729230887
10507,-6.37520284087475
10508,-6.37849807580289
10509,-6.38179299715299
10510,-6.38508760498471
10511,-6.38838189935771
10512,-6.39167588033164
10513,-6.39496954796612
10514,-6.39826290232075
10515,-6.40155594345514
10516,-6.40484867142883
10517,-6.4081410863014
10518,-6.4114331881324
10519,-6.41472497698132
10520,-6.41801645290768
10521,-6.42130761597098
10522,-6.42459846623068
10523,-6.42788900374623
10524,-6.43117922857707
10525,-6.43446914078263
10526,-6.4377587404223
10527,-6.44104802755548
10528,-6.44433700224153
10529,-6.4476256645398
10530,-6.45091401450963
10531,-6.45420205221035
10532,-6.45748977770124
10533,-6.4607771910416
10534,-6.4640642922907
10535,-6.46735108150778
10536,-6.47063755875208
10537,-6.47392372408282
10538,-6.47720957755919
10539,-6.48049511924039
10540,-6.48378034918558
10541,-6.48706526745391
10542,-6.49034987410451
10543,-6.49363416919649
10544,-6.49691815278898
10545,-6.50020182494102
10546,-6.50348518571171
10547,-6.50676823516009
10548,-6.51005097334518
10549,-6.51333340032601
10550,-6.51661551616157
10551,-6.51989732091085
10552,-6.5231788146328
10553,-6.5264599973864
10554,-6.52974086923054
10555,-6.53302143022417
10556,-6.53630168042617
10557,-6.53958161989543
10558,-6.54286124869081
10559,-6.54614056687116
10560,-6.54941957449531
10561,-6.55269827162208
10562,-6.55597665831025
10563,-6.55925473461863
10564,-6.56253250060596
10565,-6.565809956331
10566,-6.56908710185248
10567,-6.57236393722911
10568,-6.57564046251959
10569,-6.57891667778261
10570,-6.58219258307682
10571,-6.58546817846088
10572,-6.58874346399341
10573,-6.59201843973303
10574,-6.59529310573834
10575,-6.59856746206792
10576,-6.60184150878033
10577,-6.60511524593413
10578,-6.60838867358784
10579,-6.61166179179998
10580,-6.61493460062905
10581,-6.61820710013352
10582,-6.62147929037188
10583,-6.62475117140255
10584,-6.62802274328397
10585,-6.63129400607458
10586,-6.63456495983274
10587,-6.63783560461686
10588,-6.64110594048529
10589,-6.6443759674964
10590,-6.6476456857085
10591,-6.65091509517992
10592,-6.65418419596896
10593,-6.65745298813389
10594,-6.66072147173299
10595,-6.66398964682451
10596,-6.66725751346667
10597,-6.67052507171769
10598,-6.67379232163579
10599,-6.67705926327914
10600,-6.6803258967059
10601,-6.68359222197425
10602,-6.68685823914229
10603,-6.69012394826815
10604,-6.69338934940994
10605,-6.69665444262575
10606,-6.69991922797363
10607,-6.70318370551165
10608,-6.70644787529784
10609,-6.70971173739022
10610,-6.71297529184678
10611,-6.71623853872554
10612,-6.71950147808443
10613,-6.72276410998143
10614,-6.72602643447448
10615,-6.72928845162149
10616,-6.73255016148037
10617,-6.73581156410901
10618,-6.73907265956528
10619,-6.74233344790703
10620,-6.74559392919211
10621,-6.74885410347835
10622,-6.75211397082353
10623,-6.75537353128547
10624,-6.75863278492193
10625,-6.76189173179066
10626,-6.76515037194942
10627,-6.76840870545593
10628,-6.77166673236789
10629,-6.774924452743
10630,-6.77818186663894
10631,-6.78143897411337
10632,-6.78469577522392
10633,-6.78795227002823
10634,-6.79120845858392
10635,-6.79446434094856
10636,-6.79771991717975
10637,-6.80097518733506
10638,-6.80423015147201
10639,-6.80748480964814
10640,-6.81073916192098
10641,-6.81399320834801
10642,-6.81724694898672
10643,-6.82050038389457
10644,-6.82375351312901
10645,-6.82700633674748
10646,-6.8302588548074
10647,-6.83351106736615
10648,-6.83676297448113
10649,-6.84001457620971
10650,-6.84326587260925
10651,-6.84651686373706
10652,-6.84976754965047
10653,-6.8530179304068
10654,-6.85626800606332
10655,-6.85951777667731
10656,-6.86276724230602
10657,-6.8660164030067
10658,-6.86926525883656
10659,-6.87251380985281
10660,-6.87576205611265
10661,-6.87900999767324
10662,-6.88225763459176
10663,-6.88550496692533
10664,-6.88875199473109
10665,-6.89199871806614
10666,-6.89524513698759
10667,-6.89849125155251
10668,-6.90173706181796
10669,-6.90498256784099
10670,-6.90822776967863
10671,-6.91147266738789
10672,-6.91471726102578
10673,-6.91796155064926
10674,-6.92120553631532
10675,-6.9244492180809
10676,-6.92769259600293
10677,-6.93093567013833
10678,-6.93417844054401
10679,-6.93742090727685
10680,-6.94066307039372
10681,-6.94390492995148
10682,-6.94714648600696
10683,-6.95038773861699
10684,-6.95362868783837
10685,-6.9568693337279
10686,-6.96010967634233
10687,-6.96334971573845
10688,-6.96658945197299
10689,-6.96982888510267
10690,-6.9730680151842
10691,-6.97630684227429
10692,-6.97954536642961
10693,-6.98278358770682
10694,-6.98602150616257
10695,-6.98925912185349
10696,-6.9924964348362
10697,-6.99573344516729
10698,-6.99897015290336
10699,-7.00220655810096
10700,-7.00544266081665
10701,-7.00867846110697
10702,-7.01191395902843
10703,-7.01514915463754
10704,-7.0183840479908
10705,-7.02161863914466
10706,-7.02485292815558
10707,-7.02808691508003
10708,-7.0313205999744
10709,-7.03455398289511
10710,-7.03778706389857
10711,-7.04101984304114
10712,-7.04425232037918
10713,-7.04748449596905
10714,-7.05071636986708
10715,-7.05394794212957
10716,-7.05717921281283
10717,-7.06041018197314
10718,-7.06364084966677
10719,-7.06687121594996
10720,-7.07010128087897
10721,-7.07333104451
10722,-7.07656050689925
10723,-7.07978966810293
10724,-7.0830185281772
10725,-7.08624708717822
10726,-7.08947534516213
10727,-7.09270330218505
10728,-7.09593095830311
10729,-7.09915831357238
10730,-7.10238536804896
10731,-7.10561212178889
10732,-7.10883857484824
10733,-7.11206472728303
10734,-7.11529057914928
10735,-7.11851613050298
10736,-7.12174138140014
10737,-7.1249663318967
10738,-7.12819098204863
10739,-7.13141533191187
10740,-7.13463938154233
10741,-7.13786313099593
10742,-7.14108658032855
10743,-7.14430972959607
10744,-7.14753257885435
10745,-7.15075512815923
10746,-7.15397737756655
10747,-7.15719932713211
10748,-7.16042097691172
10749,-7.16364232696115
10750,-7.16686337733617
10751,-7.17008412809253
10752,-7.17330457928598
10753,-7.17652473097222
10754,-7.17974458320696
10755,-7.18296413604589
10756,-7.18618338954469
10757,-7.189402343759
10758,-7.19262099874447
10759,-7.19583935455674
10760,-7.19905741125141
10761,-7.20227516888407
10762,-7.20549262751031
10763,-7.20870978718568
10764,-7.21192664796575
10765,-7.21514320990604
10766,-7.21835947306207
10767,-7.22157543748934
10768,-7.22479110324335
10769,-7.22800647037955
10770,-7.23122153895341
10771,-7.23443630902037
10772,-7.23765078063586
10773,-7.24086495385528
10774,-7.24407882873402
10775,-7.24729240532748
10776,-7.25050568369101
10777,-7.25371866387995
10778,-7.25693134594965
10779,-7.26014372995542
10780,-7.26335581595256
10781,-7.26656760399636
10782,-7.26977909414209
10783,-7.272990286445
10784,-7.27620118096034
10785,-7.27941177774333
10786,-7.28262207684917
10787,-7.28583207833308
10788,-7.28904178225022
10789,-7.29225118865575
10790,-7.29546029760483
10791,-7.2986691091526
10792,-7.30187762335415
10793,-7.30508584026461
10794,-7.30829375993906
10795,-7.31150138243255
10796,-7.31470870780017
10797,-7.31791573609694
10798,-7.32112246737789
10799,-7.32432890169804
10800,-7.32753503911237
10801,-7.33074087967587
10802,-7.3339464234435
10803,-7.33715167047022
10804,-7.34035662081094
10805,-7.3435612745206
10806,-7.3467656316541
10807,-7.34996969226634
10808,-7.35317345641216
10809,-7.35637692414644
10810,-7.35958009552404
10811,-7.36278297059975
10812,-7.36598554942841
10813,-7.3691878320648
10814,-7.37238981856372
10815,-7.37559150897992
10816,-7.37879290336816
10817,-7.38199400178317
10818,-7.38519480427968
10819,-7.38839531091239
10820,-7.391595521736
10821,-7.39479543680517
10822,-7.39799505617457
10823,-7.40119437989884
10824,-7.40439340803262
10825,-7.40759214063052
10826,-7.41079057774714
10827,-7.41398871943707
10828,-7.41718656575486
10829,-7.42038411675509
10830,-7.42358137249228
10831,-7.42677833302097
10832,-7.42997499839566
10833,-7.43317136867084
10834,-7.436367443901
10835,-7.4395632241406
10836,-7.44275870944408
10837,-7.44595389986589
10838,-7.44914879546043
10839,-7.45234339628212
10840,-7.45553770238535
10841,-7.45873171382447
10842,-7.46192543065387
10843,-7.46511885292788
10844,-7.46831198070081
10845,-7.47150481402701
10846,-7.47469735296074
10847,-7.47788959755631
10848,-7.48108154786799
10849,-7.48427320395001
10850,-7.48746456585663
10851,-7.49065563364206
10852,-7.49384640736052
10853,-7.49703688706619
10854,-7.50022707281326
10855,-7.5034169646559
10856,-7.50660656264823
10857,-7.50979586684441
10858,-7.51298487729855
10859,-7.51617359406475
10860,-7.5193620171971
10861,-7.52255014674969
10862,-7.52573798277655
10863,-7.52892552533174
10864,-7.5321127744693
10865,-7.53529973024322
10866,-7.53848639270751
10867,-7.54167276191616
10868,-7.54485883792313
10869,-7.54804462078238
10870,-7.55123011054785
10871,-7.55441530727346
10872,-7.55760021101312
10873,-7.56078482182073
10874,-7.56396913975017
10875,-7.5671531648553
10876,-7.57033689718997
10877,-7.57352033680803
10878,-7.57670348376327
10879,-7.57988633810953
10880,-7.58306889990058
10881,-7.5862511691902
10882,-7.58943314603215
10883,-7.59261483048017
10884,-7.59579622258802
10885,-7.59897732240939
10886,-7.60215812999798
10887,-7.6053386454075
10888,-7.6085188686916
10889,-7.61169879990395
10890,-7.6148784390982
10891,-7.61805778632795
10892,-7.62123684164683
10893,-7.62441560510846
10894,-7.62759407676638
10895,-7.63077225667419
10896,-7.63395014488544
10897,-7.63712774145366
10898,-7.64030504643239
10899,-7.64348205987512
10900,-7.64665878183536
10901,-7.64983521236658
10902,-7.65301135152226
10903,-7.65618719935584
10904,-7.65936275592076
10905,-7.66253802127044
10906,-7.66571299545829
10907,-7.6688876785377
10908,-7.67206207056205
10909,-7.6752361715847
10910,-7.678409981659
10911,-7.68158350083828
10912,-7.68475672917587
10913,-7.68792966672507
10914,-7.69110231353915
10915,-7.69427466967141
10916,-7.69744673517511
10917,-7.70061851010348
10918,-7.70378999450975
10919,-7.70696118844716
10920,-7.71013209196889
10921,-7.71330270512813
10922,-7.71647302797807
10923,-7.71964306057184
10924,-7.7228128029626
10925,-7.72598225520349
10926,-7.7291514173476
10927,-7.73232028944804
10928,-7.73548887155791
10929,-7.73865716373025
10930,-7.74182516601814
10931,-7.74499287847461
10932,-7.7481603011527
10933,-7.7513274341054
10934,-7.75449427738573
10935,-7.75766083104667
10936,-7.76082709514117
10937,-7.7639930697222
10938,-7.76715875484271
10939,-7.77032415055559
10940,-7.77348925691379
10941,-7.77665407397018
10942,-7.77981860177765
10943,-7.78298284038906
10944,-7.78614678985728
10945,-7.78931045023514
10946,-7.79247382157545
10947,-7.79563690393103
10948,-7.79879969735469
10949,-7.80196220189918
10950,-7.80512441761728
10951,-7.80828634456176
10952,-7.81144798278532
10953,-7.81460933234071
10954,-7.81777039328063
10955,-7.82093116565777
10956,-7.82409164952481
10957,-7.82725184493442
10958,-7.83041175193924
10959,-7.83357137059192
10960,-7.83673070094507
10961,-7.8398897430513
10962,-7.84304849696321
10963,-7.84620696273336
10964,-7.84936514041434
10965,-7.85252303005867
10966,-7.85568063171891
10967,-7.85883794544757
10968,-7.86199497129715
10969,-7.86515170932016
10970,-7.86830815956906
10971,-7.87146432209632
10972,-7.87462019695439
10973,-7.8777757841957
10974,-7.88093108387268
10975,-7.88408609603772
10976,-7.88724082074323
10977,-7.89039525804157
10978,-7.89354940798512
10979,-7.89670327062621
10980,-7.8998568460172
10981,-7.90301013421038
10982,-7.90616313525807
10983,-7.90931584921257
10984,-7.91246827612615
10985,-7.91562041605106
10986,-7.91877226903957
10987,-7.9219238351439
10988,-7.92507511441628
10989,-7.92822610690891
10990,-7.93137681267398
10991,-7.93452723176366
10992,-7.93767736423014
10993,-7.94082721012554
10994,-7.94397676950201
10995,-7.94712604241166
10996,-7.95027502890661
10997,-7.95342372903894
10998,-7.95657214286074
10999,-7.95972027042406
11000,-7.96286811178096
11001,-7.96601566698346
11002,-7.9691629360836
11003,-7.97230991913338
11004,-7.97545661618479
11005,-7.9786030272898
11006,-7.9817491525004
11007,-7.98489499186851
11008,-7.98804054544608
11009,-7.99118581328504
11010,-7.99433079543728
11011,-7.99747549195471
11012,-8.0006199028892
11013,-8.00376402829262
11014,-8.00690786821681
11015,-8.01005142271363
11016,-8.01319469183487
11017,-8.01633767563236
11018,-8.0194803741579
11019,-8.02262278746327
11020,-8.02576491560021
11021,-8.0289067586205
11022,-8.03204831657587
11023,-8.03518958951804
11024,-8.03833057749872
11025,-8.04147128056962
11026,-8.0446116987824
11027,-8.04775183218875
11028,-8.05089168084031
11029,-8.05403124478872
11030,-8.05717052408561
11031,-8.06030951878259
11032,-8.06344822893126
11033,-8.0665866545832
11034,-8.06972479578999
11035,-8.07286265260317
11036,-8.07600022507428
11037,-8.07913751325487
11038,-8.08227451719643
11039,-8.08541123695047
11040,-8.08854767256848
11041,-8.09168382410193
11042,-8.09481969160227
11043,-8.09795527512095
11044,-8.1010905747094
11045,-8.10422559041902
11046,-8.10736032230123
11047,-8.11049477040742
11048,-8.11362893478895
11049,-8.11676281549719
11050,-8.11989641258349
11051,-8.12302972609916
11052,-8.12616275609554
11053,-8.12929550262392
11054,-8.1324279657356
11055,-8.13556014548185
11056,-8.13869204191393
11057,-8.14182365508311
11058,-8.1449549850406
11059,-8.14808603183762
11060,-8.1512167955254
11061,-8.15434727615511
11062,-8.15747747377793
11063,-8.16060738844505
11064,-8.16373702020759
11065,-8.1668663691167
11066,-8.16999543522352
11067,-8.17312421857913
11068,-8.17625271923464
11069,-8.17938093724114
11070,-8.18250887264968
11071,-8.18563652551133
11072,-8.18876389587712
11073,-8.19189098379809
11074,-8.19501778932523
11075,-8.19814431250956
11076,-8.20127055340206
11077,-8.2043965120537
11078,-8.20752218851543
11079,-8.21064758283821
11080,-8.21377269507295
11081,-8.21689752527058
11082,-8.220022073482
11083,-8.22314633975809
11084,-8.22627032414974
11085,-8.2293940267078
11086,-8.23251744748312
11087,-8.23564058652653
11088,-8.23876344388886
11089,-8.24188601962091
11090,-8.24500831377347
11091,-8.24813032639731
11092,-8.25125205754322
11093,-8.25437350726193
11094,-8.25749467560418
11095,-8.2606155626207
11096,-8.2637361683622
11097,-8.26685649287937
11098,-8.2699765362229
11099,-8.27309629844344
11100,-8.27621577959167
11101,-8.27933497971822
11102,-8.28245389887372
11103,-8.28557253710877
11104,-8.28869089447399
11105,-8.29180897101997
11106,-8.29492676679726
11107,-8.29804428185643
11108,-8.30116151624804
11109,-8.3042784700226
11110,-8.30739514323064
11111,-8.31051153592266
11112,-8.31362764814915
11113,-8.3167434799606
11114,-8.31985903140746
11115,-8.32297430254019
11116,-8.32608929340921
11117,-8.32920400406497
11118,-8.33231843455786
11119,-8.33543258493827
11120,-8.3385464552566
11121,-8.34166004556322
11122,-8.34477335590847
11123,-8.34788638634269
11124,-8.35099913691622
11125,-8.35411160767937
11126,-8.35722379868243
11127,-8.36033570997571
11128,-8.36344734160947
11129,-8.36655869363397
11130,-8.36966976609946
11131,-8.37278055905616
11132,-8.37589107255431
11133,-8.3790013066441
11134,-8.38211126137573
11135,-8.38522093679938
11136,-8.38833033296521
11137,-8.39143944992338
11138,-8.39454828772401
11139,-8.39765684641725
11140,-8.40076512605319
11141,-8.40387312668194
11142,-8.40698084835358
11143,-8.41008829111819
11144,-8.4131954550258
11145,-8.41630234012649
11146,-8.41940894647027
11147,-8.42251527410715
11148,-8.42562132308715
11149,-8.42872709346025
11150,-8.43183258527644
11151,-8.43493779858566
11152,-8.43804273343789
11153,-8.44114738988304
11154,-8.44425176797104
11155,-8.4473558677518
11156,-8.45045968927522
11157,-8.45356323259118
11158,-8.45666649774955
11159,-8.45976948480019
11160,-8.46287219379293
11161,-8.46597462477761
11162,-8.46907677780404
11163,-8.47217865292202
11164,-8.47528025018135
11165,-8.47838156963179
11166,-8.48148261132312
11167,-8.48458337530507
11168,-8.48768386162739
11169,-8.49078407033979
11170,-8.49388400149198
11171,-8.49698365513367
11172,-8.50008303131453
11173,-8.50318213008423
11174,-8.50628095149242
11175,-8.50937949558875
11176,-8.51247776242285
11177,-8.51557575204432
11178,-8.51867346450279
11179,-8.52177089984782
11180,-8.52486805812899
11181,-8.52796493939588
11182,-8.53106154369802
11183,-8.53415787108495
11184,-8.5372539216062
11185,-8.54034969531128
11186,-8.54344519224967
11187,-8.54654041247086
11188,-8.54963535602434
11189,-8.55273002295952
11190,-8.55582441332588
11191,-8.55891852717284
11192,-8.56201236454981
11193,-8.5651059255062
11194,-8.5681992100914
11195,-8.57129221835477
11196,-8.57438495034569
11197,-8.5774774061135
11198,-8.58056958570755
11199,-8.58366148917716
11200,-8.58675311657162
11201,-8.58984446794025
11202,-8.59293554333233
11203,-8.59602634279712
11204,-8.59911686638389
11205,-8.60220711414187
11206,-8.6052970861203
11207,-8.6083867823684
11208,-8.61147620293537
11209,-8.6145653478704
11210,-8.61765421722267
11211,-8.62074281104135
11212,-8.62383112937558
11213,-8.62691917227452
11214,-8.63000693978728
11215,-8.63309443196296
11216,-8.63618164885069
11217,-8.63926859049954
11218,-8.64235525695857
11219,-8.64544164827686
11220,-8.64852776450346
11221,-8.65161360568738
11222,-8.65469917187766
11223,-8.65778446312331
11224,-8.66086947947331
11225,-8.66395422097665
11226,-8.6670386876823
11227,-8.67012287963921
11228,-8.67320679689632
11229,-8.67629043950256
11230,-8.67937380750686
11231,-8.6824569009581
11232,-8.68553971990519
11233,-8.688622264397
11234,-8.69170453448238
11235,-8.6947865302102
11236,-8.69786825162929
11237,-8.70094969878848
11238,-8.70403087173657
11239,-8.70711177052237
11240,-8.71019239519466
11241,-8.7132727458022
11242,-8.71635282239378
11243,-8.71943262501812
11244,-8.72251215372397
11245,-8.72559140856003
11246,-8.72867038957503
11247,-8.73174909681765
11248,-8.73482753033658
11249,-8.73790569018048
11250,-8.74098357639802
11251,-8.74406118903782
11252,-8.74713852814853
11253,-8.75021559377875
11254,-8.7532923859771
11255,-8.75636890479217
11256,-8.75944515027252
11257,-8.76252112246673
11258,-8.76559682142334
11259,-8.76867224719091
11260,-8.77174739981794
11261,-8.77482227935296
11262,-8.77789688584447
11263,-8.78097121934094
11264,-8.78404527989087
11265,-8.7871190675427
11266,-8.79019258234489
11267,-8.79326582434587
11268,-8.79633879359407
11269,-8.79941149013789
11270,-8.80248391402573
11271,-8.80555606530599
11272,-8.80862794402701
11273,-8.81169955023717
11274,-8.81477088398481
11275,-8.81784194531827
11276,-8.82091273428586
11277,-8.82398325093588
11278,-8.82705349531664
11279,-8.83012346747642
11280,-8.83319316746347
11281,-8.83626259532607
11282,-8.83933175111245
11283,-8.84240063487083
11284,-8.84546924664945
11285,-8.84853758649649
11286,-8.85160565446016
11287,-8.85467345058864
11288,-8.85774097493007
11289,-8.86080822753263
11290,-8.86387520844445
11291,-8.86694191771366
11292,-8.87000835538836
11293,-8.87307452151667
11294,-8.87614041614668
11295,-8.87920603932645
11296,-8.88227139110406
11297,-8.88533647152755
11298,-8.88840128064496
11299,-8.89146581850432
11300,-8.89453008515363
11301,-8.8975940806409
11302,-8.90065780501412
11303,-8.90372125832126
11304,-8.90678444061028
11305,-8.90984735192912
11306,-8.91290999232573
11307,-8.91597236184804
11308,-8.91903446054394
11309,-8.92209628846134
11310,-8.92515784564812
11311,-8.92821913215215
11312,-8.9312801480213
11313,-8.93434089330342
11314,-8.93740136804632
11315,-8.94046157229785
11316,-8.9435215061058
11317,-8.94658116951797
11318,-8.94964056258215
11319,-8.95269968534611
11320,-8.95575853785761
11321,-8.95881712016438
11322,-8.96187543231417
11323,-8.96493347435469
11324,-8.96799124633366
11325,-8.97104874829877
11326,-8.97410598029769
11327,-8.97716294237811
11328,-8.98021963458767
11329,-8.98327605697403
11330,-8.9863322095848
11331,-8.98938809246762
11332,-8.9924437056701
11333,-8.99549904923981
11334,-8.99855412322435
11335,-9.00160892767129
11336,-9.00466346262818
11337,-9.00771772814256
11338,-9.01077172426196
11339,-9.01382545103392
11340,-9.01687890850592
11341,-9.01993209672547
11342,-9.02298501574004
11343,-9.02603766559711
11344,-9.02909004634412
11345,-9.03214215802853
11346,-9.03519400069776
11347,-9.03824557439923
11348,-9.04129687918035
11349,-9.0443479150885
11350,-9.04739868217109
11351,-9.05044918047545
11352,-9.05349941004897
11353,-9.05654937093896
11354,-9.05959906319278
11355,-9.06264848685774
11356,-9.06569764198113
11357,-9.06874652861026
11358,-9.07179514679241
11359,-9.07484349657483
11360,-9.0778915780048
11361,-9.08093939112955
11362,-9.0839869359963
11363,-9.08703421265229
11364,-9.09008122114472
11365,-9.09312796152077
11366,-9.09617443382764
11367,-9.09922063811248
11368,-9.10226657442246
11369,-9.10531224280471
11370,-9.10835764330637
11371,-9.11140277597457
11372,-9.11444764085639
11373,-9.11749223799894
11374,-9.1205365674493
11375,-9.12358062925453
11376,-9.1266244234617
11377,-9.12966795011785
11378,-9.13271120927
11379,-9.13575420096518
11380,-9.1387969252504
11381,-9.14183938217264
11382,-9.1448815717789
11383,-9.14792349411613
11384,-9.15096514923131
11385,-9.15400653717137
11386,-9.15704765798324
11387,-9.16008851171385
11388,-9.16312909841011
11389,-9.1661694181189
11390,-9.16920947088711
11391,-9.17224925676162
11392,-9.17528877578928
11393,-9.17832802801694
11394,-9.18136701349142
11395,-9.18440573225956
11396,-9.18744418436816
11397,-9.19048236986402
11398,-9.19352028879392
11399,-9.19655794120463
11400,-9.19959532714293
11401,-9.20263244665554
11402,-9.2056692997892
11403,-9.20870588659066
11404,-9.2117422071066
11405,-9.21477826138372
11406,-9.21781404946873
11407,-9.22084957140828
11408,-9.22388482724904
11409,-9.22691981703767
11410,-9.22995454082079
11411,-9.23298899864503
11412,-9.23602319055701
11413,-9.23905711660331
11414,-9.24209077683054
11415,-9.24512417128527
11416,-9.24815730001406
11417,-9.25119016306346
11418,-9.25422276048
11419,-9.25725509231023
11420,-9.26028715860066
11421,-9.26331895939777
11422,-9.26635049474807
11423,-9.26938176469804
11424,-9.27241276929412
11425,-9.2754435085828
11426,-9.27847398261049
11427,-9.28150419142364
11428,-9.28453413506866
11429,-9.28756381359195
11430,-9.29059322703991
11431,-9.29362237545891
11432,-9.29665125889533
11433,-9.29967987739552
11434,-9.30270823100582
11435,-9.30573631977257
11436,-9.30876414374208
11437,-9.31179170296068
11438,-9.31481899747464
11439,-9.31784602733024
11440,-9.32087279257377
11441,-9.32389929325149
11442,-9.32692552940963
11443,-9.32995150109443
11444,-9.33297720835213
11445,-9.33600265122891
11446,-9.33902782977098
11447,-9.34205274402454
11448,-9.34507739403576
11449,-9.34810177985078
11450,-9.35112590151578
11451,-9.35414975907688
11452,-9.3571733525802
11453,-9.36019668207187
11454,-9.36321974759799
11455,-9.36624254920463
11456,-9.36926508693788
11457,-9.37228736084382
11458,-9.37530937096848
11459,-9.37833111735791
11460,-9.38135260005815
11461,-9.38437381911519
11462,-9.38739477457506
11463,-9.39041546648375
11464,-9.39343589488723
11465,-9.39645605983147
11466,-9.39947596136243
11467,-9.40249559952607
11468,-9.4055149743683
11469,-9.40853408593505
11470,-9.41155293427223
11471,-9.41457151942573
11472,-9.41758984144144
11473,-9.42060790036524
11474,-9.42362569624298
11475,-9.42664322912051
11476,-9.42966049904368
11477,-9.4326775060583
11478,-9.43569425021018
11479,-9.43871073154513
11480,-9.44172695010894
11481,-9.44474290594738
11482,-9.44775859910622
11483,-9.45077402963121
11484,-9.45378919756809
11485,-9.4568041029626
11486,-9.45981874586045
11487,-9.46283312630734
11488,-9.46584724434896
11489,-9.46886110003101
11490,-9.47187469339915
11491,-9.47488802449903
11492,-9.4779010933763
11493,-9.4809139000766
11494,-9.48392644464554
11495,-9.48693872712875
11496,-9.48995074757181
11497,-9.49296250602031
11498,-9.49597400251982
11499,-9.49898523711591
11500,-9.50199620985413
11501,-9.50500692078002
11502,-9.5080173699391
11503,-9.51102755737688
11504,-9.51403748313888
11505,-9.51704714727058
11506,-9.52005654981746
11507,-9.52306569082499
11508,-9.52607457033862
11509,-9.5290831884038
11510,-9.53209154506596
11511,-9.53509964037051
11512,-9.53810747436289
11513,-9.54111504708845
11514,-9.5441223585926
11515,-9.54712940892072
11516,-9.55013619811816
11517,-9.55314272623027
11518,-9.55614899330238
11519,-9.55915499937983
11520,-9.56216074450792
11521,-9.56516622873197
11522,-9.56817145209725
11523,-9.57117641464904
11524,-9.57418111643262
11525,-9.57718555749324
11526,-9.58018973787613
11527,-9.58319365762653
11528,-9.58619731678968
11529,-9.58920071541075
11530,-9.59220385353495
11531,-9.59520673120748
11532,-9.59820934847349
11533,-9.60121170537815
11534,-9.60421380196662
11535,-9.60721563828401
11536,-9.61021721437547
11537,-9.61321853028611
11538,-9.61621958606101
11539,-9.61922038174529
11540,-9.62222091738401
11541,-9.62522119302224
11542,-9.62822120870504
11543,-9.63122096447744
11544,-9.63422046038449
11545,-9.6372196964712
11546,-9.64021867278257
11547,-9.64321738936361
11548,-9.6462158462593
11549,-9.64921404351461
11550,-9.65221198117451
11551,-9.65520965928394
11552,-9.65820707788783
11553,-9.66120423703114
11554,-9.66420113675875
11555,-9.66719777711557
11556,-9.6701941581465
11557,-9.67319027989642
11558,-9.6761861424102
11559,-9.67918174573268
11560,-9.68217708990872
11561,-9.68517217498315
11562,-9.68816700100079
11563,-9.69116156800645
11564,-9.69415587604492
11565,-9.697149925161
11566,-9.70014371539946
11567,-9.70313724680506
11568,-9.70613051942256
11569,-9.70912353329669
11570,-9.71211628847219
11571,-9.71510878499376
11572,-9.71810102290612
11573,-9.72109300225397
11574,-9.72408472308197
11575,-9.7270761854348
11576,-9.73006738935712
11577,-9.73305833489358
11578,-9.73604902208882
11579,-9.73903945098746
11580,-9.74202962163411
11581,-9.74501953407337
11582,-9.74800918834983
11583,-9.75099858450807
11584,-9.75398772259266
11585,-9.75697660264816
11586,-9.75996522471909
11587,-9.76295358885
11588,-9.76594169508541
11589,-9.76892954346983
11590,-9.77191713404775
11591,-9.77490446686366
11592,-9.77789154196204
11593,-9.78087835938734
11594,-9.78386491918402
11595,-9.78685122139651
11596,-9.78983726606926
11597,-9.79282305324666
11598,-9.79580858297314
11599,-9.79879385529308
11600,-9.80177887025085
11601,-9.80476362789085
11602,-9.80774812825743
11603,-9.81073237139492
11604,-9.81371635734767
11605,-9.81670008616001
11606,-9.81968355787624
11607,-9.82266677254067
11608,-9.8256497301976
11609,-9.82863243089129
11610,-9.83161487466602
11611,-9.83459706156605
11612,-9.83757899163561
11613,-9.84056066491895
11614,-9.84354208146028
11615,-9.84652324130381
11616,-9.84950414449375
11617,-9.85248479107428
11618,-9.85546518108958
11619,-9.8584453145838
11620,-9.86142519160112
11621,-9.86440481218567
11622,-9.86738417638157
11623,-9.87036328423295
11624,-9.87334213578393
11625,-9.87632073107858
11626,-9.87929907016099
11627,-9.88227715307526
11628,-9.88525497986543
11629,-9.88823255057555
11630,-9.89120986524967
11631,-9.89418692393181
11632,-9.897163726666
11633,-9.90014027349622
11634,-9.9031165644665
11635,-9.90609259962079
11636,-9.90906837900308
11637,-9.91204390265733
11638,-9.91501917062748
11639,-9.91799418295748
11640,-9.92096893969124
11641,-9.92394344087269
11642,-9.92691768654572
11643,-9.92989167675424
11644,-9.93286541154211
11645,-9.93583889095321
11646,-9.93881211503141
11647,-9.94178508382054
11648,-9.94475779736444
11649,-9.94773025570694
11650,-9.95070245889185
11651,-9.95367440696297
11652,-9.95664609996409
11653,-9.959617537939
11654,-9.96258872093146
11655,-9.96555964898522
11656,-9.96853032214404
11657,-9.97150074045164
11658,-9.97447090395175
11659,-9.97744081268809
11660,-9.98041046670434
11661,-9.98337986604421
11662,-9.98634901075138
11663,-9.98931790086949
11664,-9.99228653644222
11665,-9.99525491751321
11666,-9.99822304412609
11667,-10.0011909163245
11668,-10.004158534152
11669,-10.0071258976522
11670,-10.0100930068688
11671,-10.0130598618452
11672,-10.0160264626251
11673,-10.018992809252
11674,-10.0219589017695
11675,-10.024924740221
11676,-10.0278903246502
11677,-10.0308556551004
11678,-10.0338207316153
11679,-10.0367855542383
11680,-10.0397501230128
11681,-10.0427144379824
11682,-10.0456784991906
11683,-10.0486423066806
11684,-10.051605860496
11685,-10.0545691606802
11686,-10.0575322072767
11687,-10.0604950003287
11688,-10.0634575398797
11689,-10.0664198259731
11690,-10.0693818586522
11691,-10.0723436379604
11692,-10.075305163941
11693,-10.0782664366374
11694,-10.0812274560928
11695,-10.0841882223507
11696,-10.0871487354542
11697,-10.0901089954467
11698,-10.0930690023715
11699,-10.0960287562718
11700,-10.0989882571908
11701,-10.1019475051719
11702,-10.1049065002582
11703,-10.107865242493
11704,-10.1108237319194
11705,-10.1137819685807
11706,-10.1167399525201
11707,-10.1196976837807
11708,-10.1226551624057
11709,-10.1256123884383
11710,-10.1285693619216
11711,-10.1315260828987
11712,-10.1344825514128
11713,-10.1374387675069
11714,-10.1403947312242
11715,-10.1433504426077
11716,-10.1463059017005
11717,-10.1492611085458
11718,-10.1522160631865
11719,-10.1551707656657
11720,-10.1581252160264
11721,-10.1610794143116
11722,-10.1640333605644
11723,-10.1669870548278
11724,-10.1699404971447
11725,-10.1728936875582
11726,-10.1758466261111
11727,-10.1787993128465
11728,-10.1817517478072
11729,-10.1847039310363
11730,-10.1876558625766
11731,-10.1906075424711
11732,-10.1935589707627
11733,-10.1965101474942
11734,-10.1994610727085
11735,-10.2024117464485
11736,-10.2053621687571
11737,-10.2083123396771
11738,-10.2112622592513
11739,-10.2142119275225
11740,-10.2171613445337
11741,-10.2201105103275
11742,-10.2230594249468
11743,-10.2260080884343
11744,-10.2289565008328
11745,-10.2319046621852
11746,-10.234852572534
11747,-10.2378002319221
11748,-10.2407476403922
11749,-10.2436947979869
11750,-10.2466417047491
11751,-10.2495883607214
11752,-10.2525347659465
11753,-10.255480920467
11754,-10.2584268243256
11755,-10.2613724775649
11756,-10.2643178802277
11757,-10.2672630323565
11758,-10.2702079339939
11759,-10.2731525851826
11760,-10.2760969859652
11761,-10.2790411363841
11762,-10.2819850364821
11763,-10.2849286863016
11764,-10.2878720858853
11765,-10.2908152352756
11766,-10.2937581345151
11767,-10.2967007836462
11768,-10.2996431827117
11769,-10.3025853317538
11770,-10.3055272308151
11771,-10.3084688799381
11772,-10.3114102791652
11773,-10.3143514285389
11774,-10.3172923281017
11775,-10.3202329778959
11776,-10.323173377964
11777,-10.3261135283485
11778,-10.3290534290916
11779,-10.3319930802358
11780,-10.3349324818235
11781,-10.337871633897
11782,-10.3408105364987
11783,-10.343749189671
11784,-10.3466875934561
11785,-10.3496257478964
11786,-10.3525636530343
11787,-10.355501308912
11788,-10.3584387155717
11789,-10.3613758730559
11790,-10.3643127814067
11791,-10.3672494406665
11792,-10.3701858508774
11793,-10.3731220120817
11794,-10.3760579243217
11795,-10.3789935876395
11796,-10.3819290020774
11797,-10.3848641676776
11798,-10.3877990844821
11799,-10.3907337525333
11800,-10.3936681718733
11801,-10.3966023425442
11802,-10.3995362645882
11803,-10.4024699380474
11804,-10.4054033629639
11805,-10.4083365393798
11806,-10.4112694673373
11807,-10.4142021468784
11808,-10.4171345780452
11809,-10.4200667608798
11810,-10.4229986954242
11811,-10.4259303817205
11812,-10.4288618198106
11813,-10.4317930097367
11814,-10.4347239515408
11815,-10.4376546452648
11816,-10.4405850909507
11817,-10.4435152886405
11818,-10.4464452383762
11819,-10.4493749401998
11820,-10.4523043941532
11821,-10.4552336002783
11822,-10.4581625586171
11823,-10.4610912692115
11824,-10.4640197321034
11825,-10.4669479473346
11826,-10.4698759149471
11827,-10.4728036349828
11828,-10.4757311074835
11829,-10.4786583324911
11830,-10.4815853100474
11831,-10.4845120401942
11832,-10.4874385229734
11833,-10.4903647584267
11834,-10.4932907465961
11835,-10.4962164875232
11836,-10.4991419812498
11837,-10.5020672278178
11838,-10.5049922272689
11839,-10.5079169796448
11840,-10.5108414849872
11841,-10.513765743338
11842,-10.5166897547387
11843,-10.5196135192312
11844,-10.522537036857
11845,-10.525460307658
11846,-10.5283833316757
11847,-10.5313061089518
11848,-10.5342286395281
11849,-10.537150923446
11850,-10.5400729607473
11851,-10.5429947514736
11852,-10.5459162956665
11853,-10.5488375933676
11854,-10.5517586446184
11855,-10.5546794494606
11856,-10.5576000079357
11857,-10.5605203200854
11858,-10.563440385951
11859,-10.5663602055742
11860,-10.5692797789965
11861,-10.5721991062594
11862,-10.5751181874045
11863,-10.5780370224731
11864,-10.5809556115069
11865,-10.5838739545472
11866,-10.5867920516355
11867,-10.5897099028134
11868,-10.5926275081221
11869,-10.5955448676033
11870,-10.5984619812982
11871,-10.6013788492483
11872,-10.604295471495
11873,-10.6072118480797
11874,-10.6101279790438
11875,-10.6130438644286
11876,-10.6159595042755
11877,-10.6188748986258
11878,-10.6217900475209
11879,-10.6247049510022
11880,-10.6276196091108
11881,-10.6305340218882
11882,-10.6334481893756
11883,-10.6363621116143
11884,-10.6392757886457
11885,-10.6421892205109
11886,-10.6451024072512
11887,-10.6480153489078
11888,-10.650928045522
11889,-10.6538404971351
11890,-10.6567527037882
11891,-10.6596646655225
11892,-10.6625763823792
11893,-10.6654878543995
11894,-10.6683990816246
11895,-10.6713100640957
11896,-10.6742208018538
11897,-10.6771312949401
11898,-10.6800415433958
11899,-10.682951547262
11900,-10.6858613065798
11901,-10.6887708213902
11902,-10.6916800917344
11903,-10.6945891176535
11904,-10.6974978991885
11905,-10.7004064363804
11906,-10.7033147292704
11907,-10.7062227778995
11908,-10.7091305823086
11909,-10.7120381425388
11910,-10.7149454586312
11911,-10.7178525306266
11912,-10.7207593585661
11913,-10.7236659424907
11914,-10.7265722824413
11915,-10.7294783784589
11916,-10.7323842305845
11917,-10.7352898388588
11918,-10.738195203323
11919,-10.7411003240179
11920,-10.7440052009843
11921,-10.7469098342632
11922,-10.7498142238956
11923,-10.7527183699221
11924,-10.7556222723838
11925,-10.7585259313214
11926,-10.7614293467758
11927,-10.7643325187879
11928,-10.7672354473983
11929,-10.7701381326481
11930,-10.7730405745779
11931,-10.7759427732286
11932,-10.7788447286408
11933,-10.7817464408555
11934,-10.7846479099133
11935,-10.7875491358551
11936,-10.7904501187214
11937,-10.7933508585532
11938,-10.796251355391
11939,-10.7991516092756
11940,-10.8020516202477
11941,-10.804951388348
11942,-10.8078509136172
11943,-10.8107501960959
11944,-10.8136492358247
11945,-10.8165480328444
11946,-10.8194465871955
11947,-10.8223448989188
11948,-10.8252429680547
11949,-10.8281407946439
11950,-10.8310383787271
11951,-10.8339357203447
11952,-10.8368328195374
11953,-10.8397296763458
11954,-10.8426262908103
11955,-10.8455226629715
11956,-10.84841879287
11957,-10.8513146805463
11958,-10.8542103260409
11959,-10.8571057293943
11960,-10.860000890647
11961,-10.8628958098394
11962,-10.8657904870121
11963,-10.8686849222056
11964,-10.8715791154602
11965,-10.8744730668164
11966,-10.8773667763147
11967,-10.8802602439954
11968,-10.883153469899
11969,-10.8860464540659
11970,-10.8889391965365
11971,-10.8918316973511
11972,-10.8947239565502
11973,-10.897615974174
11974,-10.900507750263
11975,-10.9033992848574
11976,-10.9062905779977
11977,-10.9091816297242
11978,-10.912072440077
11979,-10.9149630090966
11980,-10.9178533368233
11981,-10.9207434232973
11982,-10.9236332685588
11983,-10.9265228726482
11984,-10.9294122356058
11985,-10.9323013574716
11986,-10.9351902382861
11987,-10.9380788780893
11988,-10.9409672769215
11989,-10.943855434823
11990,-10.9467433518338
11991,-10.9496310279942
11992,-10.9525184633444
11993,-10.9554056579244
11994,-10.9582926117745
11995,-10.9611793249349
11996,-10.9640657974455
11997,-10.9669520293466
11998,-10.9698380206782
11999,-10.9727237714805
12000,-10.9756092817936
12001,-10.9784945516574
12002,-10.9813795811122
12003,-10.9842643701979
12004,-10.9871489189547
12005,-10.9900332274224
12006,-10.9929172956413
12007,-10.9958011236512
12008,-10.9986847114923
12009,-11.0015680592044
12010,-11.0044511668276
12011,-11.007334034402
12012,-11.0102166619673
12013,-11.0130990495637
12014,-11.015981197231
12015,-11.0188631050092
12016,-11.0217447729383
12017,-11.024626201058
12018,-11.0275073894085
12019,-11.0303883380295
12020,-11.0332690469609
12021,-11.0361495162426
12022,-11.0390297459146
12023,-11.0419097360166
12024,-11.0447894865885
12025,-11.0476689976701
12026,-11.0505482693014
12027,-11.053427301522
12028,-11.0563060943718
12029,-11.0591846478906
12030,-11.0620629621183
12031,-11.0649410370945
12032,-11.067818872859
12033,-11.0706964694517
12034,-11.0735738269122
12035,-11.0764509452804
12036,-11.0793278245958
12037,-11.0822044648983
12038,-11.0850808662276
12039,-11.0879570286234
12040,-11.0908329521253
12041,-11.093708636773
12042,-11.0965840826063
12043,-11.0994592896647
12044,-11.102334257988
12045,-11.1052089876157
12046,-11.1080834785876
12047,-11.1109577309431
12048,-11.113831744722
12049,-11.1167055199638
12050,-11.1195790567082
12051,-11.1224523549947
12052,-11.1253254148628
12053,-11.1281982363523
12054,-11.1310708195025
12055,-11.1339431643531
12056,-11.1368152709435
12057,-11.1396871393134
12058,-11.1425587695021
12059,-11.1454301615493
12060,-11.1483013154945
12061,-11.151172231377
12062,-11.1540429092364
12063,-11.1569133491121
12064,-11.1597835510437
12065,-11.1626535150705
12066,-11.1655232412319
12067,-11.1683927295675
12068,-11.1712619801166
12069,-11.1741309929186
12070,-11.1769997680129
12071,-11.179868305439
12072,-11.1827366052361
12073,-11.1856046674437
12074,-11.1884724921011
12075,-11.1913400792477
12076,-11.1942074289227
12077,-11.1970745411656
12078,-11.1999414160156
12079,-11.2028080535121
12080,-11.2056744536943
12081,-11.2085406166016
12082,-11.2114065422732
12083,-11.2142722307483
12084,-11.2171376820663
12085,-11.2200028962664
12086,-11.2228678733878
12087,-11.2257326134698
12088,-11.2285971165516
12089,-11.2314613826724
12090,-11.2343254118714
12091,-11.2371892041878
12092,-11.2400527596607
12093,-11.2429160783294
12094,-11.245779160233
12095,-11.2486420054106
12096,-11.2515046139015
12097,-11.2543669857447
12098,-11.2572291209793
12099,-11.2600910196445
12100,-11.2629526817794
12101,-11.2658141074231
12102,-11.2686752966146
12103,-11.271536249393
12104,-11.2743969657974
12105,-11.2772574458669
12106,-11.2801176896405
12107,-11.2829776971572
12108,-11.2858374684561
12109,-11.2886970035761
12110,-11.2915563025563
12111,-11.2944153654357
12112,-11.2972741922533
12113,-11.300132783048
12114,-11.3029911378588
12115,-11.3058492567247
12116,-11.3087071396847
12117,-11.3115647867776
12118,-11.3144221980423
12119,-11.3172793735179
12120,-11.3201363132432
12121,-11.3229930172572
12122,-11.3258494855986
12123,-11.3287057183065
12124,-11.3315617154196
12125,-11.3344174769769
12126,-11.3372730030171
12127,-11.3401282935792
12128,-11.3429833487019
12129,-11.3458381684242
12130,-11.3486927527847
12131,-11.3515471018223
12132,-11.3544012155758
12133,-11.357255094084
12134,-11.3601087373857
12135,-11.3629621455196
12136,-11.3658153185245
12137,-11.3686682564392
12138,-11.3715209593023
12139,-11.3743734271526
12140,-11.3772256600288
12141,-11.3800776579697
12142,-11.3829294210138
12143,-11.3857809492
12144,-11.3886322425669
12145,-11.3914833011532
12146,-11.3943341249975
12147,-11.3971847141385
12148,-11.4000350686148
12149,-11.402885188465
12150,-11.4057350737279
12151,-11.4085847244419
12152,-11.4114341406457
12153,-11.414283322378
12154,-11.4171322696772
12155,-11.4199809825819
12156,-11.4228294611308
12157,-11.4256777053623
12158,-11.4285257153151
12159,-11.4313734910277
12160,-11.4342210325385
12161,-11.4370683398861
12162,-11.4399154131091
12163,-11.4427622522458
12164,-11.4456088573349
12165,-11.4484552284147
12166,-11.4513013655238
12167,-11.4541472687007
12168,-11.4569929379836
12169,-11.4598383734113
12170,-11.4626835750219
12171,-11.465528542854
12172,-11.468373276946
12173,-11.4712177773363
12174,-11.4740620440633
12175,-11.4769060771653
12176,-11.4797498766808
12177,-11.4825934426481
12178,-11.4854367751056
12179,-11.4882798740916
12180,-11.4911227396444
12181,-11.4939653718024
12182,-11.496807770604
12183,-11.4996499360873
12184,-11.5024918682907
12185,-11.5053335672526
12186,-11.5081750330111
12187,-11.5110162656047
12188,-11.5138572650714
12189,-11.5166980314496
12190,-11.5195385647775
12191,-11.5223788650934
12192,-11.5252189324355
12193,-11.5280587668419
12194,-11.530898368351
12195,-11.5337377370008
12196,-11.5365768728297
12197,-11.5394157758757
12198,-11.5422544461771
12199,-11.5450928837719
12200,-11.5479310886984
12201,-11.5507690609947
12202,-11.5536068006989
12203,-11.5564443078491
12204,-11.5592815824835
12205,-11.5621186246401
12206,-11.5649554343571
12207,-11.5677920116725
12208,-11.5706283566245
12209,-11.573464469251
12210,-11.5763003495901
12211,-11.5791359976799
12212,-11.5819714135585
12213,-11.5848065972637
12214,-11.5876415488338
12215,-11.5904762683066
12216,-11.5933107557202
12217,-11.5961450111125
12218,-11.5989790345216
12219,-11.6018128259854
12220,-11.6046463855419
12221,-11.6074797132291
12222,-11.6103128090848
12223,-11.613145673147
12224,-11.6159783054537
12225,-11.6188107060427
12226,-11.621642874952
12227,-11.6244748122195
12228,-11.627306517883
12229,-11.6301379919805
12230,-11.6329692345497
12231,-11.6358002456286
12232,-11.638631025255
12233,-11.6414615734668
12234,-11.6442918903018
12235,-11.6471219757978
12236,-11.6499518299926
12237,-11.652781452924
12238,-11.6556108446299
12239,-11.658440005148
12240,-11.6612689345161
12241,-11.6640976327719
12242,-11.6669260999533
12243,-11.6697543360979
12244,-11.6725823412435
12245,-11.6754101154279
12246,-11.6782376586887
12247,-11.6810649710638
12248,-11.6838920525906
12249,-11.6867189033071
12250,-11.6895455232508
12251,-11.6923719124595
12252,-11.6951980709707
12253,-11.6980239988222
12254,-11.7008496960516
12255,-11.7036751626966
12256,-11.7065003987947
12257,-11.7093254043836
12258,-11.7121501795009
12259,-11.7149747241843
12260,-11.7177990384712
12261,-11.7206231223993
12262,-11.7234469760062
12263,-11.7262705993293
12264,-11.7290939924064
12265,-11.7319171552749
12266,-11.7347400879723
12267,-11.7375627905363
12268,-11.7403852630042
12269,-11.7432075054137
12270,-11.7460295178021
12271,-11.7488513002071
12272,-11.7516728526661
12273,-11.7544941752166
12274,-11.757315267896
12275,-11.7601361307418
12276,-11.7629567637914
12277,-11.7657771670822
12278,-11.7685973406518
12279,-11.7714172845375
12280,-11.7742369987767
12281,-11.7770564834069
12282,-11.7798757384653
12283,-11.7826947639895
12284,-11.7855135600167
12285,-11.7883321265844
12286,-11.7911504637298
12287,-11.7939685714904
12288,-11.7967864499035
12289,-11.7996040990063
12290,-11.8024215188363
12291,-11.8052387094307
12292,-11.8080556708268
12293,-11.810872403062
12294,-11.8136889061734
12295,-11.8165051801984
12296,-11.8193212251742
12297,-11.8221370411382
12298,-11.8249526281274
12299,-11.8277679861793
12300,-11.8305831153309
12301,-11.8333980156195
12302,-11.8362126870824
12303,-11.8390271297567
12304,-11.8418413436796
12305,-11.8446553288883
12306,-11.8474690854199
12307,-11.8502826133117
12308,-11.8530959126008
12309,-11.8559089833243
12310,-11.8587218255194
12311,-11.8615344392232
12312,-11.8643468244728
12313,-11.8671589813053
12314,-11.8699709097578
12315,-11.8727826098675
12316,-11.8755940816713
12317,-11.8784053252065
12318,-11.8812163405099
12319,-11.8840271276188
12320,-11.8868376865701
12321,-11.8896480174008
12322,-11.8924581201481
12323,-11.8952679948489
12324,-11.8980776415402
12325,-11.900887060259
12326,-11.9036962510424
12327,-11.9065052139272
12328,-11.9093139489506
12329,-11.9121224561494
12330,-11.9149307355606
12331,-11.9177387872211
12332,-11.9205466111679
12333,-11.923354207438
12334,-11.9261615760682
12335,-11.9289687170954
12336,-11.9317756305566
12337,-11.9345823164886
12338,-11.9373887749283
12339,-11.9401950059127
12340,-11.9430010094785
12341,-11.9458067856626
12342,-11.9486123345019
12343,-11.9514176560332
12344,-11.9542227502934
12345,-11.9570276173192
12346,-11.9598322571475
12347,-11.9626366698151
12348,-11.9654408553587
12349,-11.9682448138152
12350,-11.9710485452214
12351,-11.9738520496139
12352,-11.9766553270297
12353,-11.9794583775053
12354,-11.9822612010776
12355,-11.9850637977833
12356,-11.987866167659
12357,-11.9906683107416
12358,-11.9934702270678
12359,-11.9962719166741
12360,-11.9990733795974
12361,-12.0018746158743
12362,-12.0046756255414
12363,-12.0074764086355
12364,-12.0102769651931
12365,-12.0130772952509
12366,-12.0158773988456
12367,-12.0186772760138
12368,-12.0214769267921
12369,-12.024276351217
12370,-12.0270755493253
12371,-12.0298745211535
12372,-12.0326732667381
12373,-12.0354717861157
12374,-12.038270079323
12375,-12.0410681463965
12376,-12.0438659873726
12377,-12.046663602288
12378,-12.0494609911791
12379,-12.0522581540825
12380,-12.0550550910348
12381,-12.0578518020723
12382,-12.0606482872316
12383,-12.0634445465492
12384,-12.0662405800616
12385,-12.0690363878051
12386,-12.0718319698164
12387,-12.0746273261317
12388,-12.0774224567876
12389,-12.0802173618205
12390,-12.0830120412669
12391,-12.085806495163
12392,-12.0886007235454
12393,-12.0913947264504
12394,-12.0941885039144
12395,-12.0969820559738
12396,-12.0997753826649
12397,-12.1025684840242
12398,-12.1053613600879
12399,-12.1081540108924
12400,-12.1109464364741
12401,-12.1137386368693
12402,-12.1165306121142
12403,-12.1193223622453
12404,-12.1221138872987
12405,-12.1249051873108
12406,-12.1276962623178
12407,-12.1304871123561
12408,-12.1332777374619
12409,-12.1360681376715
12410,-12.138858313021
12411,-12.1416482635468
12412,-12.144437989285
12413,-12.1472274902719
12414,-12.1500167665437
12415,-12.1528058181366
12416,-12.1555946450868
12417,-12.1583832474305
12418,-12.1611716252038
12419,-12.1639597784429
12420,-12.166747707184
12421,-12.1695354114632
12422,-12.1723228913167
12423,-12.1751101467806
12424,-12.177897177891
12425,-12.180683984684
12426,-12.1834705671958
12427,-12.1862569254624
12428,-12.1890430595199
12429,-12.1918289694045
12430,-12.1946146551521
12431,-12.1974001167988
12432,-12.2001853543808
12433,-12.202970367934
12434,-12.2057551574944
12435,-12.2085397230982
12436,-12.2113240647813
12437,-12.2141081825797
12438,-12.2168920765294
12439,-12.2196757466665
12440,-12.2224591930269
12441,-12.2252424156466
12442,-12.2280254145615
12443,-12.2308081898076
12444,-12.2335907414209
12445,-12.2363730694373
12446,-12.2391551738927
12447,-12.2419370548231
12448,-12.2447187122643
12449,-12.2475001462524
12450,-12.2502813568231
12451,-12.2530623440123
12452,-12.255843107856
12453,-12.2586236483901
12454,-12.2614039656503
12455,-12.2641840596725
12456,-12.2669639304926
12457,-12.2697435781465
12458,-12.2725230026698
12459,-12.2753022040986
12460,-12.2780811824685
12461,-12.2808599378154
12462,-12.283638470175
12463,-12.2864167795832
12464,-12.2891948660758
12465,-12.2919727296884
12466,-12.294750370457
12467,-12.2975277884171
12468,-12.3003049836046
12469,-12.3030819560551
12470,-12.3058587058045
12471,-12.3086352328884
12472,-12.3114115373426
12473,-12.3141876192026
12474,-12.3169634785044
12475,-12.3197391152834
12476,-12.3225145295754
12477,-12.325289721416
12478,-12.328064690841
12479,-12.3308394378859
12480,-12.3336139625864
12481,-12.3363882649781
12482,-12.3391623450967
12483,-12.3419362029777
12484,-12.3447098386568
12485,-12.3474832521695
12486,-12.3502564435515
12487,-12.3530294128383
12488,-12.3558021600655
12489,-12.3585746852687
12490,-12.3613469884834
12491,-12.3641190697452
12492,-12.3668909290895
12493,-12.369662566552
12494,-12.3724339821681
12495,-12.3752051759733
12496,-12.3779761480032
12497,-12.3807468982933
12498,-12.383517426879
12499,-12.3862877337958
12500,-12.3890578190792
12501,-12.3918276827646
12502,-12.3945973248876
12503,-12.3973667454834
12504,-12.4001359445877
12505,-12.4029049222357
12506,-12.4056736784629
12507,-12.4084422133048
12508,-12.4112105267967
12509,-12.413978618974
12510,-12.4167464898721
12511,-12.4195141395264
12512,-12.4222815679722
12513,-12.4250487752449
12514,-12.4278157613799
12515,-12.4305825264124
12516,-12.4333490703779
12517,-12.4361153933116
12518,-12.4388814952488
12519,-12.441647376225
12520,-12.4444130362753
12521,-12.447178475435
12522,-12.4499436937395
12523,-12.452708691224
12524,-12.4554734679238
12525,-12.4582380238741
12526,-12.4610023591102
12527,-12.4637664736673
12528,-12.4665303675807
12529,-12.4692940408856
12530,-12.4720574936171
12531,-12.4748207258105
12532,-12.477583737501
12533,-12.4803465287238
12534,-12.4831090995141
12535,-12.485871449907
12536,-12.4886335799377
12537,-12.4913954896413
12538,-12.494157179053
12539,-12.496918648208
12540,-12.4996798971414
12541,-12.5024409258882
12542,-12.5052017344836
12543,-12.5079623229628
12544,-12.5107226913607
12545,-12.5134828397126
12546,-12.5162427680534
12547,-12.5190024764182
12548,-12.5217619648422
12549,-12.5245212333603
12550,-12.5272802820077
12551,-12.5300391108192
12552,-12.5327977198301
12553,-12.5355561090752
12554,-12.5383142785897
12555,-12.5410722284084
12556,-12.5438299585665
12557,-12.5465874690989
12558,-12.5493447600405
12559,-12.5521018314264
12560,-12.5548586832915
12561,-12.5576153156707
12562,-12.5603717285991
12563,-12.5631279221115
12564,-12.5658838962429
12565,-12.5686396510282
12566,-12.5713951865022
12567,-12.5741505027
12568,-12.5769055996564
12569,-12.5796604774063
12570,-12.5824151359846
12571,-12.5851695754261
12572,-12.5879237957658
12573,-12.5906777970383
12574,-12.5934315792787
12575,-12.5961851425218
12576,-12.5989384868023
12577,-12.6016916121551
12578,-12.604444518615
12579,-12.6071972062168
12580,-12.6099496749954
12581,-12.6127019249854
12582,-12.6154539562217
12583,-12.6182057687391
12584,-12.6209573625722
12585,-12.6237087377559
12586,-12.626459894325
12587,-12.629210832314
12588,-12.6319615517579
12589,-12.6347120526913
12590,-12.6374623351488
12591,-12.6402123991653
12592,-12.6429622447754
12593,-12.6457118720138
12594,-12.6484612809152
12595,-12.6512104715142
12596,-12.6539594438456
12597,-12.6567081979439
12598,-12.6594567338438
12599,-12.66220505158
12600,-12.6649531511871
12601,-12.6677010326997
12602,-12.6704486961524
12603,-12.6731961415799
12604,-12.6759433690167
12605,-12.6786903784974
12606,-12.6814371700566
12607,-12.6841837437289
12608,-12.6869300995488
12609,-12.6896762375509
12610,-12.6924221577697
12611,-12.6951678602398
12612,-12.6979133449958
12613,-12.700658612072
12614,-12.7034036615032
12615,-12.7061484933236
12616,-12.708893107568
12617,-12.7116375042707
12618,-12.7143816834662
12619,-12.717125645189
12620,-12.7198693894736
12621,-12.7226129163544
12622,-12.7253562258659
12623,-12.7280993180426
12624,-12.7308421929187
12625,-12.7335848505289
12626,-12.7363272909074
12627,-12.7390695140888
12628,-12.7418115201074
12629,-12.7445533089975
12630,-12.7472948807937
12631,-12.7500362355302
12632,-12.7527773732414
12633,-12.7555182939617
12634,-12.7582589977255
12635,-12.760999484567
12636,-12.7637397545207
12637,-12.7664798076208
12638,-12.7692196439016
12639,-12.7719592633976
12640,-12.7746986661429
12641,-12.7774378521719
12642,-12.7801768215188
12643,-12.782915574218
12644,-12.7856541103037
12645,-12.7883924298102
12646,-12.7911305327716
12647,-12.7938684192224
12648,-12.7966060891966
12649,-12.7993435427286
12650,-12.8020807798526
12651,-12.8048178006027
12652,-12.8075546050132
12653,-12.8102911931182
12654,-12.8130275649521
12655,-12.8157637205488
12656,-12.8184996599427
12657,-12.8212353831679
12658,-12.8239708902585
12659,-12.8267061812487
12660,-12.8294412561726
12661,-12.8321761150644
12662,-12.8349107579582
12663,-12.837645184888
12664,-12.8403793958881
12665,-12.8431133909924
12666,-12.8458471702352
12667,-12.8485807336505
12668,-12.8513140812723
12669,-12.8540472131347
12670,-12.8567801292719
12671,-12.8595128297177
12672,-12.8622453145064
12673,-12.8649775836718
12674,-12.8677096372481
12675,-12.8704414752693
12676,-12.8731730977693
12677,-12.8759045047823
12678,-12.8786356963421
12679,-12.8813666724827
12680,-12.8840974332382
12681,-12.8868279786425
12682,-12.8895583087296
12683,-12.8922884235334
12684,-12.8950183230879
12685,-12.897748007427
12686,-12.9004774765846
12687,-12.9032067305947
12688,-12.9059357694912
12689,-12.908664593308
12690,-12.911393202079
12691,-12.914121595838
12692,-12.916849774619
12693,-12.9195777384559
12694,-12.9223054873824
12695,-12.9250330214326
12696,-12.9277603406401
12697,-12.9304874450389
12698,-12.9332143346628
12699,-12.9359410095456
12700,-12.9386674697211
12701,-12.9413937152232
12702,-12.9441197460856
12703,-12.9468455623422
12704,-12.9495711640267
12705,-12.9522965511729
12706,-12.9550217238146
12707,-12.9577466819856
12708,-12.9604714257196
12709,-12.9631959550503
12710,-12.9659202700114
12711,-12.9686443706368
12712,-12.9713682569602
12713,-12.9740919290152
12714,-12.9768153868356
12715,-12.979538630455
12716,-12.9822616599072
12717,-12.9849844752258
12718,-12.9877070764445
12719,-12.990429463597
12720,-12.993151636717
12721,-12.995873595838
12722,-12.9985953409938
12723,-13.0013168722179
12724,-13.0040381895441
12725,-13.0067592930058
12726,-13.0094801826368
12727,-13.0122008584706
12728,-13.0149213205409
12729,-13.0176415688811
12730,-13.020361603525
12731,-13.0230814245061
12732,-13.0258010318578
12733,-13.0285204256139
12734,-13.0312396058078
12735,-13.0339585724731
12736,-13.0366773256433
12737,-13.0393958653519
12738,-13.0421141916325
12739,-13.0448323045186
12740,-13.0475502040436
12741,-13.0502678902411
12742,-13.0529853631446
12743,-13.0557026227874
12744,-13.0584196692032
12745,-13.0611365024253
12746,-13.0638531224872
12747,-13.0665695294223
12748,-13.0692857232642
12749,-13.0720017040462
12750,-13.0747174718017
12751,-13.0774330265642
12752,-13.0801483683671
12753,-13.0828634972437
12754,-13.0855784132274
12755,-13.0882931163518
12756,-13.09100760665
12757,-13.0937218841555
12758,-13.0964359489017
12759,-13.0991498009218
12760,-13.1018634402493
12761,-13.1045768669175
12762,-13.1072900809596
12763,-13.1100030824091
12764,-13.1127158712992
12765,-13.1154284476633
12766,-13.1181408115346
12767,-13.1208529629464
12768,-13.123564901932
12769,-13.1262766285247
12770,-13.1289881427578
12771,-13.1316994446645
12772,-13.134410534278
12773,-13.1371214116316
12774,-13.1398320767585
12775,-13.142542529692
12776,-13.1452527704653
12777,-13.1479627991116
12778,-13.150672615664
12779,-13.1533822201559
12780,-13.1560916126203
12781,-13.1588007930905
12782,-13.1615097615996
12783,-13.1642185181807
12784,-13.1669270628672
12785,-13.169635395692
12786,-13.1723435166884
12787,-13.1750514258894
12788,-13.1777591233282
12789,-13.180466609038
12790,-13.1831738830517
12791,-13.1858809454026
12792,-13.1885877961237
12793,-13.1912944352481
12794,-13.1940008628089
12795,-13.1967070788391
12796,-13.1994130833719
12797,-13.2021188764402
12798,-13.2048244580772
12799,-13.2075298283158
12800,-13.2102349871891
12801,-13.2129399347302
12802,-13.2156446709719
12803,-13.2183491959474
12804,-13.2210535096897
12805,-13.2237576122317
12806,-13.2264615036064
12807,-13.2291651838468
12808,-13.2318686529859
12809,-13.2345719110566
12810,-13.2372749580919
12811,-13.2399777941248
12812,-13.2426804191881
12813,-13.2453828333149
12814,-13.248085036538
12815,-13.2507870288903
12816,-13.2534888104048
12817,-13.2561903811143
12818,-13.2588917410518
12819,-13.2615928902502
12820,-13.2642938287422
12821,-13.2669945565609
12822,-13.2696950737389
12823,-13.2723953803093
12824,-13.2750954763049
12825,-13.2777953617584
12826,-13.2804950367028
12827,-13.2831945011708
12828,-13.2858937551953
12829,-13.288592798809
12830,-13.2912916320448
12831,-13.2939902549355
12832,-13.2966886675138
12833,-13.2993868698126
12834,-13.3020848618645
12835,-13.3047826437025
12836,-13.3074802153591
12837,-13.3101775768672
12838,-13.3128747282595
12839,-13.3155716695688
12840,-13.3182684008277
12841,-13.320964922069
12842,-13.3236612333254
12843,-13.3263573346295
12844,-13.3290532260142
12845,-13.331748907512
12846,-13.3344443791557
12847,-13.3371396409779
12848,-13.3398346930113
12849,-13.3425295352885
12850,-13.3452241678422
12851,-13.347918590705
12852,-13.3506128039096
12853,-13.3533068074886
12854,-13.3560006014746
12855,-13.3586941859002
12856,-13.361387560798
12857,-13.3640807262006
12858,-13.3667736821406
12859,-13.3694664286506
12860,-13.3721589657632
12861,-13.3748512935108
12862,-13.3775434119262
12863,-13.3802353210417
12864,-13.38292702089
12865,-13.3856185115036
12866,-13.3883097929151
12867,-13.3910008651568
12868,-13.3936917282615
12869,-13.3963823822614
12870,-13.3990728271893
12871,-13.4017630630774
12872,-13.4044530899584
12873,-13.4071429078647
12874,-13.4098325168288
12875,-13.4125219168831
12876,-13.41521110806
12877,-13.4179000903921
12878,-13.4205888639117
12879,-13.4232774286513
12880,-13.4259657846432
12881,-13.42865393192
12882,-13.431341870514
12883,-13.4340296004577
12884,-13.4367171217833
12885,-13.4394044345233
12886,-13.4420915387101
12887,-13.444778434376
12888,-13.4474651215534
12889,-13.4501516002746
12890,-13.4528378705721
12891,-13.455523932478
12892,-13.4582097860248
12893,-13.4608954312448
12894,-13.4635808681703
12895,-13.4662660968336
12896,-13.468951117267
12897,-13.4716359295027
12898,-13.4743205335732
12899,-13.4770049295106
12900,-13.4796891173472
12901,-13.4823730971153
12902,-13.4850568688472
12903,-13.4877404325751
12904,-13.4904237883312
12905,-13.4931069361477
12906,-13.4957898760569
12907,-13.4984726080911
12908,-13.5011551322823
12909,-13.5038374486629
12910,-13.506519557265
12911,-13.5092014581208
12912,-13.5118831512625
12913,-13.5145646367222
12914,-13.5172459145321
12915,-13.5199269847244
12916,-13.5226078473313
12917,-13.5252885023848
12918,-13.5279689499171
12919,-13.5306491899603
12920,-13.5333292225466
12921,-13.5360090477081
12922,-13.5386886654768
12923,-13.5413680758849
12924,-13.5440472789645
12925,-13.5467262747476
12926,-13.5494050632663
12927,-13.5520836445527
12928,-13.5547620186388
12929,-13.5574401855567
12930,-13.5601181453385
12931,-13.5627958980162
12932,-13.5654734436218
12933,-13.5681507821873
12934,-13.5708279137448
12935,-13.5735048383262
12936,-13.5761815559636
12937,-13.578858066689
12938,-13.5815343705343
12939,-13.5842104675315
12940,-13.5868863577126
12941,-13.5895620411096
12942,-13.5922375177544
12943,-13.5949127876789
12944,-13.5975878509152
12945,-13.6002627074951
12946,-13.6029373574506
12947,-13.6056118008135
12948,-13.6082860376159
12949,-13.6109600678896
12950,-13.6136338916664
12951,-13.6163075089784
12952,-13.6189809198573
12953,-13.6216541243351
12954,-13.6243271224436
12955,-13.6269999142147
12956,-13.6296724996802
12957,-13.632344878872
12958,-13.6350170518219
12959,-13.6376890185618
12960,-13.6403607791234
12961,-13.6430323335386
12962,-13.6457036818393
12963,-13.6483748240571
12964,-13.6510457602239
12965,-13.6537164903715
12966,-13.6563870145317
12967,-13.6590573327361
12968,-13.6617274450167
12969,-13.6643973514052
12970,-13.6670670519332
12971,-13.6697365466326
12972,-13.6724058355351
12973,-13.6750749186724
12974,-13.6777437960762
12975,-13.6804124677783
12976,-13.6830809338103
12977,-13.685749194204
12978,-13.688417248991
12979,-13.691085098203
12980,-13.6937527418718
12981,-13.6964201800289
12982,-13.699087412706
12983,-13.7017544399349
12984,-13.704421261747
12985,-13.7070878781742
12986,-13.709754289248
12987,-13.712420495
12988,-13.7150864954618
12989,-13.7177522906652
12990,-13.7204178806416
12991,-13.7230832654226
12992,-13.72574844504
12993,-13.7284134195251
12994,-13.7310781889097
12995,-13.7337427532252
12996,-13.7364071125033
12997,-13.7390712667755
12998,-13.7417352160733
12999,-13.7443989604283
13000,-13.747062499872
13001,-13.749725834436
13002,-13.7523889641516
13003,-13.7550518890506
13004,-13.7577146091643
13005,-13.7603771245242
13006,-13.7630394351619
13007,-13.7657015411088
13008,-13.7683634423964
13009,-13.7710251390561
13010,-13.7736866311195
13011,-13.776347918618
13012,-13.7790090015829
13013,-13.7816698800458
13014,-13.7843305540381
13015,-13.7869910235911
13016,-13.7896512887364
13017,-13.7923113495053
13018,-13.7949712059292
13019,-13.7976308580396
13020,-13.8002903058677
13021,-13.802949549445
13022,-13.8056085888028
13023,-13.8082674239726
13024,-13.8109260549857
13025,-13.8135844818733
13026,-13.8162427046669
13027,-13.8189007233979
13028,-13.8215585380974
13029,-13.8242161487969
13030,-13.8268735555277
13031,-13.829530758321
13032,-13.8321877572082
13033,-13.8348445522205
13034,-13.8375011433893
13035,-13.8401575307458
13036,-13.8428137143213
13037,-13.845469694147
13038,-13.8481254702543
13039,-13.8507810426743
13040,-13.8534364114383
13041,-13.8560915765775
13042,-13.8587465381232
13043,-13.8614012961066
13044,-13.8640558505589
13045,-13.8667102015113
13046,-13.8693643489949
13047,-13.8720182930411
13048,-13.874672033681
13049,-13.8773255709456
13050,-13.8799789048664
13051,-13.8826320354742
13052,-13.8852849628005
13053,-13.8879376868762
13054,-13.8905902077325
13055,-13.8932425254006
13056,-13.8958946399116
13057,-13.8985465512966
13058,-13.9011982595867
13059,-13.9038497648131
13060,-13.9065010670068
13061,-13.9091521661989
13062,-13.9118030624204
13063,-13.9144537557026
13064,-13.9171042460764
13065,-13.9197545335729
13066,-13.9224046182232
13067,-13.9250545000583
13068,-13.9277041791092
13069,-13.9303536554071
13070,-13.9330029289828
13071,-13.9356519998675
13072,-13.9383008680921
13073,-13.9409495336877
13074,-13.9435979966852
13075,-13.9462462571157
13076,-13.9488943150101
13077,-13.9515421703994
13078,-13.9541898233146
13079,-13.9568372737866
13080,-13.9594845218464
13081,-13.962131567525
13082,-13.9647784108532
13083,-13.967425051862
13084,-13.9700714905824
13085,-13.9727177270453
13086,-13.9753637612815
13087,-13.978009593322
13088,-13.9806552231977
13089,-13.9833006509395
13090,-13.9859458765782
13091,-13.9885909001448
13092,-13.9912357216701
13093,-13.9938803411849
13094,-13.9965247587202
13095,-13.9991689743067
13096,-14.0018129879754
13097,-14.004456799757
13098,-14.0071004096825
13099,-14.0097438177825
13100,-14.0123870240879
13101,-14.0150300286296
13102,-14.0176728314383
13103,-14.0203154325448
13104,-14.0229578319799
13105,-14.0256000297744
13106,-14.0282420259591
13107,-14.0308838205647
13108,-14.033525413622
13109,-14.0361668051617
13110,-14.0388079952145
13111,-14.0414489838113
13112,-14.0440897709827
13113,-14.0467303567595
13114,-14.0493707411724
13115,-14.0520109242521
13116,-14.0546509060292
13117,-14.0572906865345
13118,-14.0599302657987
13119,-14.0625696438525
13120,-14.0652088207264
13121,-14.0678477964513
13122,-14.0704865710577
13123,-14.0731251445763
13124,-14.0757635170378
13125,-14.0784016884728
13126,-14.0810396589118
13127,-14.0836774283857
13128,-14.0863149969248
13129,-14.08895236456
13130,-14.0915895313217
13131,-14.0942264972406
13132,-14.0968632623473
13133,-14.0994998266723
13134,-14.1021361902462
13135,-14.1047723530996
13136,-14.107408315263
13137,-14.1100440767671
13138,-14.1126796376423
13139,-14.1153149979192
13140,-14.1179501576283
13141,-14.1205851168002
13142,-14.1232198754654
13143,-14.1258544336543
13144,-14.1284887913975
13145,-14.1311229487255
13146,-14.1337569056688
13147,-14.1363906622579
13148,-14.1390242185232
13149,-14.1416575744952
13150,-14.1442907302044
13151,-14.1469236856812
13152,-14.1495564409561
13153,-14.1521889960596
13154,-14.154821351022
13155,-14.1574535058738
13156,-14.1600854606454
13157,-14.1627172153672
13158,-14.1653487700697
13159,-14.1679801247833
13160,-14.1706112795382
13161,-14.173242234365
13162,-14.175872989294
13163,-14.1785035443556
13164,-14.1811338995801
13165,-14.1837640549979
13166,-14.1863940106394
13167,-14.1890237665349
13168,-14.1916533227147
13169,-14.1942826792093
13170,-14.1969118360488
13171,-14.1995407932636
13172,-14.2021695508841
13173,-14.2047981089405
13174,-14.2074264674631
13175,-14.2100546264823
13176,-14.2126825860282
13177,-14.2153103461313
13178,-14.2179379068217
13179,-14.2205652681298
13180,-14.2231924300857
13181,-14.2258193927197
13182,-14.2284461560621
13183,-14.2310727201431
13184,-14.233699084993
13185,-14.2363252506419
13186,-14.23895121712
13187,-14.2415769844577
13188,-14.244202552685
13189,-14.2468279218322
13190,-14.2494530919295
13191,-14.252078063007
13192,-14.2547028350949
13193,-14.2573274082235
13194,-14.2599517824227
13195,-14.2625759577229
13196,-14.2651999341541
13197,-14.2678237117465
13198,-14.2704472905302
13199,-14.2730706705353
13200,-14.275693851792
13201,-14.2783168343304
13202,-14.2809396181805
13203,-14.2835622033726
13204,-14.2861845899366
13205,-14.2888067779027
13206,-14.2914287673009
13207,-14.2940505581613
13208,-14.2966721505139
13209,-14.2992935443889
13210,-14.3019147398163
13211,-14.3045357368261
13212,-14.3071565354483
13213,-14.3097771357131
13214,-14.3123975376503
13215,-14.3150177412901
13216,-14.3176377466624
13217,-14.3202575537973
13218,-14.3228771627247
13219,-14.3254965734746
13220,-14.328115786077
13221,-14.3307348005619
13222,-14.3333536169593
13223,-14.3359722352991
13224,-14.3385906556113
13225,-14.3412088779257
13226,-14.3438269022725
13227,-14.3464447286814
13228,-14.3490623571825
13229,-14.3516797878056
13230,-14.3542970205807
13231,-14.3569140555376
13232,-14.3595308927063
13233,-14.3621475321167
13234,-14.3647639737986
13235,-14.367380217782
13236,-14.3699962640967
13237,-14.3726121127725
13238,-14.3752277638394
13239,-14.3778432173272
13240,-14.3804584732657
13241,-14.3830735316847
13242,-14.3856883926142
13243,-14.3883030560839
13244,-14.3909175221237
13245,-14.3935317907634
13246,-14.3961458620327
13247,-14.3987597359615
13248,-14.4013734125795
13249,-14.4039868919167
13250,-14.4066001740026
13251,-14.4092132588672
13252,-14.4118261465401
13253,-14.4144388370511
13254,-14.4170513304301
13255,-14.4196636267066
13256,-14.4222757259106
13257,-14.4248876280716
13258,-14.4274993332195
13259,-14.4301108413839
13260,-14.4327221525945
13261,-14.4353332668812
13262,-14.4379441842734
13263,-14.4405549048011
13264,-14.4431654284937
13265,-14.4457757553811
13266,-14.4483858854929
13267,-14.4509958188587
13268,-14.4536055555083
13269,-14.4562150954712
13270,-14.4588244387771
13271,-14.4614335854556
13272,-14.4640425355364
13273,-14.4666512890492
13274,-14.4692598460234
13275,-14.4718682064888
13276,-14.4744763704749
13277,-14.4770843380114
13278,-14.4796921091278
13279,-14.4822996838536
13280,-14.4849070622186
13281,-14.4875142442523
13282,-14.4901212299841
13283,-14.4927280194438
13284,-14.4953346126607
13285,-14.4979410096646
13286,-14.5005472104849
13287,-14.5031532151511
13288,-14.5057590236928
13289,-14.5083646361394
13290,-14.5109700525206
13291,-14.5135752728658
13292,-14.5161802972045
13293,-14.5187851255662
13294,-14.5213897579803
13295,-14.5239941944765
13296,-14.526598435084
13297,-14.5292024798324
13298,-14.5318063287512
13299,-14.5344099818698
13300,-14.5370134392177
13301,-14.5396167008242
13302,-14.5422197667189
13303,-14.544822636931
13304,-14.5474253114902
13305,-14.5500277904257
13306,-14.552630073767
13307,-14.5552321615435
13308,-14.5578340537845
13309,-14.5604357505195
13310,-14.5630372517778
13311,-14.5656385575889
13312,-14.5682396679819
13313,-14.5708405829865
13314,-14.5734413026318
13315,-14.5760418269472
13316,-14.5786421559621
13317,-14.5812422897057
13318,-14.5838422282075
13319,-14.5864419714967
13320,-14.5890415196027
13321,-14.5916408725548
13322,-14.5942400303821
13323,-14.5968389931142
13324,-14.5994377607802
13325,-14.6020363334093
13326,-14.604634711031
13327,-14.6072328936744
13328,-14.6098308813689
13329,-14.6124286741436
13330,-14.6150262720278
13331,-14.6176236750507
13332,-14.6202208832417
13333,-14.6228178966298
13334,-14.6254147152444
13335,-14.6280113391147
13336,-14.6306077682697
13337,-14.6332040027389
13338,-14.6358000425512
13339,-14.638395887736
13340,-14.6409915383225
13341,-14.6435869943397
13342,-14.6461822558168
13343,-14.6487773227831
13344,-14.6513721952677
13345,-14.6539668732996
13346,-14.6565613569081
13347,-14.6591556461224
13348,-14.6617497409714
13349,-14.6643436414844
13350,-14.6669373476904
13351,-14.6695308596186
13352,-14.6721241772981
13353,-14.6747173007579
13354,-14.6773102300272
13355,-14.6799029651351
13356,-14.6824955061105
13357,-14.6850878529826
13358,-14.6876800057805
13359,-14.6902719645332
13360,-14.6928637292697
13361,-14.6954553000191
13362,-14.6980466768104
13363,-14.7006378596727
13364,-14.703228848635
13365,-14.7058196437263
13366,-14.7084102449756
13367,-14.7110006524119
13368,-14.7135908660642
13369,-14.7161808859616
13370,-14.7187707121329
13371,-14.7213603446072
13372,-14.7239497834134
13373,-14.7265390285805
13374,-14.7291280801375
13375,-14.7317169381133
13376,-14.7343056025369
13377,-14.7368940734372
13378,-14.7394823508431
13379,-14.7420704347835
13380,-14.7446583252875
13381,-14.7472460223838
13382,-14.7498335261014
13383,-14.7524208364693
13384,-14.7550079535162
13385,-14.7575948772711
13386,-14.7601816077629
13387,-14.7627681450203
13388,-14.7653544890724
13389,-14.767940639948
13390,-14.7705265976759
13391,-14.7731123622849
13392,-14.775697933804
13393,-14.7782833122619
13394,-14.7808684976875
13395,-14.7834534901095
13396,-14.7860382895569
13397,-14.7886228960584
13398,-14.7912073096428
13399,-14.793791530339
13400,-14.7963755581757
13401,-14.7989593931816
13402,-14.8015430353857
13403,-14.8041264848165
13404,-14.806709741503
13405,-14.8092928054739
13406,-14.8118756767579
13407,-14.8144583553837
13408,-14.8170408413802
13409,-14.819623134776
13410,-14.8222052355998
13411,-14.8247871438804
13412,-14.8273688596466
13413,-14.8299503829269
13414,-14.8325317137501
13415,-14.8351128521449
13416,-14.83769379814
13417,-14.8402745517641
13418,-14.8428551130458
13419,-14.8454354820138
13420,-14.8480156586968
13421,-14.8505956431234
13422,-14.8531754353223
13423,-14.8557550353221
13424,-14.8583344431515
13425,-14.860913658839
13426,-14.8634926824134
13427,-14.8660715139031
13428,-14.8686501533369
13429,-14.8712286007434
13430,-14.873806856151
13431,-14.8763849195885
13432,-14.8789627910845
13433,-14.8815404706674
13434,-14.8841179583658
13435,-14.8866952542084
13436,-14.8892723582237
13437,-14.8918492704402
13438,-14.8944259908865
13439,-14.8970025195912
13440,-14.8995788565827
13441,-14.9021550018896
13442,-14.9047309555404
13443,-14.9073067175636
13444,-14.9098822879878
13445,-14.9124576668414
13446,-14.9150328541529
13447,-14.9176078499509
13448,-14.9201826542637
13449,-14.92275726712
13450,-14.9253316885481
13451,-14.9279059185765
13452,-14.9304799572337
13453,-14.9330538045481
13454,-14.9356274605482
13455,-14.9382009252624
13456,-14.9407741987192
13457,-14.9433472809469
13458,-14.945920171974
13459,-14.9484928718289
13460,-14.95106538054
13461,-14.9536376981358
13462,-14.9562098246445
13463,-14.9587817600946
13464,-14.9613535045145
13465,-14.9639250579325
13466,-14.9664964203771
13467,-14.9690675918766
13468,-14.9716385724592
13469,-14.9742093621535
13470,-14.9767799609877
13471,-14.9793503689902
13472,-14.9819205861892
13473,-14.9844906126132
13474,-14.9870604482905
13475,-14.9896300932493
13476,-14.9921995475179
13477,-14.9947688111247
13478,-14.997337884098
13479,-14.999906766466
13480,-15.002475458257
13481,-15.0050439594994
13482,-15.0076122702213
13483,-15.010180390451
13484,-15.0127483202168
13485,-15.0153160595469
13486,-15.0178836084696
13487,-15.0204509670131
13488,-15.0230181352057
13489,-15.0255851130755
13490,-15.0281519006508
13491,-15.0307184979599
13492,-15.0332849050308
13493,-15.0358511218918
13494,-15.0384171485711
13495,-15.0409829850969
13496,-15.0435486314973
13497,-15.0461140878006
13498,-15.0486793540349
13499,-15.0512444302283
13500,-15.0538093164091
13501,-15.0563740126053
13502,-15.0589385188451
13503,-15.0615028351567
13504,-15.0640669615682
13505,-15.0666308981076
13506,-15.0691946448032
13507,-15.071758201683
13508,-15.0743215687752
13509,-15.0768847461078
13510,-15.0794477337089
13511,-15.0820105316066
13512,-15.084573139829
13513,-15.0871355584042
13514,-15.0896977873602
13515,-15.0922598267251
13516,-15.094821676527
13517,-15.0973833367938
13518,-15.0999448075538
13519,-15.1025060888347
13520,-15.1050671806649
13521,-15.1076280830721
13522,-15.1101887960845
13523,-15.1127493197301
13524,-15.1153096540368
13525,-15.1178697990327
13526,-15.1204297547458
13527,-15.122989521204
13528,-15.1255490984353
13529,-15.1281084864678
13530,-15.1306676853293
13531,-15.1332266950479
13532,-15.1357855156514
13533,-15.138344147168
13534,-15.1409025896253
13535,-15.1434608430516
13536,-15.1460189074745
13537,-15.1485767829222
13538,-15.1511344694224
13539,-15.1536919670032
13540,-15.1562492756923
13541,-15.1588063955178
13542,-15.1613633265075
13543,-15.1639200686893
13544,-15.1664766220911
13545,-15.1690329867408
13546,-15.1715891626661
13547,-15.1741451498951
13548,-15.1767009484555
13549,-15.1792565583752
13550,-15.181811979682
13551,-15.1843672124039
13552,-15.1869222565685
13553,-15.1894771122038
13554,-15.1920317793375
13555,-15.1945862579975
13556,-15.1971405482116
13557,-15.1996946500076
13558,-15.2022485634132
13559,-15.2048022884563
13560,-15.2073558251647
13561,-15.2099091735661
13562,-15.2124623336883
13563,-15.215015305559
13564,-15.2175680892061
13565,-15.2201206846572
13566,-15.2226730919402
13567,-15.2252253110827
13568,-15.2277773421125
13569,-15.2303291850574
13570,-15.2328808399449
13571,-15.235432306803
13572,-15.2379835856592
13573,-15.2405346765413
13574,-15.2430855794769
13575,-15.2456362944938
13576,-15.2481868216197
13577,-15.2507371608821
13578,-15.2532873123089
13579,-15.2558372759276
13580,-15.258387051766
13581,-15.2609366398516
13582,-15.2634860402122
13583,-15.2660352528753
13584,-15.2685842778687
13585,-15.2711331152198
13586,-15.2736817649565
13587,-15.2762302271062
13588,-15.2787785016966
13589,-15.2813265887552
13590,-15.2838744883098
13591,-15.2864222003879
13592,-15.288969725017
13593,-15.2915170622248
13594,-15.2940642120388
13595,-15.2966111744867
13596,-15.2991579495959
13597,-15.301704537394
13598,-15.3042509379085
13599,-15.3067971511671
13600,-15.3093431771973
13601,-15.3118890160265
13602,-15.3144346676823
13603,-15.3169801321923
13604,-15.3195254095839
13605,-15.3220704998847
13606,-15.3246154031221
13607,-15.3271601193237
13608,-15.329704648517
13609,-15.3322489907293
13610,-15.3347931459883
13611,-15.3373371143213
13612,-15.3398808957559
13613,-15.3424244903195
13614,-15.3449678980396
13615,-15.3475111189435
13616,-15.3500541530588
13617,-15.3525970004129
13618,-15.3551396610332
13619,-15.3576821349472
13620,-15.3602244221821
13621,-15.3627665227656
13622,-15.3653084367249
13623,-15.3678501640875
13624,-15.3703917048808
13625,-15.3729330591321
13626,-15.3754742268688
13627,-15.3780152081183
13628,-15.380556002908
13629,-15.3830966112653
13630,-15.3856370332175
13631,-15.3881772687919
13632,-15.3907173180158
13633,-15.3932571809168
13634,-15.395796857522
13635,-15.3983363478587
13636,-15.4008756519544
13637,-15.4034147698364
13638,-15.4059537015318
13639,-15.4084924470681
13640,-15.4110310064726
13641,-15.4135693797724
13642,-15.416107566995
13643,-15.4186455681676
13644,-15.4211833833174
13645,-15.4237210124718
13646,-15.426258455658
13647,-15.4287957129032
13648,-15.4313327842347
13649,-15.4338696696798
13650,-15.4364063692656
13651,-15.4389428830194
13652,-15.4414792109685
13653,-15.44401535314
13654,-15.4465513095612
13655,-15.4490870802593
13656,-15.4516226652614
13657,-15.4541580645949
13658,-15.4566932782867
13659,-15.4592283063643
13660,-15.4617631488546
13661,-15.4642978057849
13662,-15.4668322771824
13663,-15.4693665630742
13664,-15.4719006634875
13665,-15.4744345784494
13666,-15.476968307987
13667,-15.4795018521276
13668,-15.4820352108982
13669,-15.4845683843259
13670,-15.4871013724379
13671,-15.4896341752612
13672,-15.4921667928231
13673,-15.4946992251505
13674,-15.4972314722706
13675,-15.4997635342105
13676,-15.5022954109972
13677,-15.5048271026578
13678,-15.5073586092195
13679,-15.5098899307092
13680,-15.512421067154
13681,-15.514952018581
13682,-15.5174827850171
13683,-15.5200133664896
13684,-15.5225437630253
13685,-15.5250739746514
13686,-15.5276040013948
13687,-15.5301338432825
13688,-15.5326635003417
13689,-15.5351929725991
13690,-15.537722260082
13691,-15.5402513628173
13692,-15.5427802808318
13693,-15.5453090141528
13694,-15.547837562807
13695,-15.5503659268215
13696,-15.5528941062233
13697,-15.5554221010392
13698,-15.5579499112963
13699,-15.5604775370215
13700,-15.5630049782418
13701,-15.565532234984
13702,-15.5680593072751
13703,-15.570586195142
13704,-15.5731128986117
13705,-15.575639417711
13706,-15.5781657524669
13707,-15.5806919029062
13708,-15.5832178690559
13709,-15.5857436509428
13710,-15.5882692485939
13711,-15.5907946620359
13712,-15.5933198912957
13713,-15.5958449364003
13714,-15.5983697973765
13715,-15.6008944742511
13716,-15.603418967051
13717,-15.605943275803
13718,-15.6084674005339
13719,-15.6109913412706
13720,-15.6135150980399
13721,-15.6160386708687
13722,-15.6185620597836
13723,-15.6210852648116
13724,-15.6236082859794
13725,-15.6261311233139
13726,-15.6286537768418
13727,-15.6311762465898
13728,-15.6336985325848
13729,-15.6362206348536
13730,-15.6387425534228
13731,-15.6412642883194
13732,-15.6437858395699
13733,-15.6463072072012
13734,-15.64882839124
13735,-15.651349391713
13736,-15.653870208647
13737,-15.6563908420686
13738,-15.6589112920047
13739,-15.6614315584818
13740,-15.6639516415268
13741,-15.6664715411663
13742,-15.6689912574271
13743,-15.6715107903357
13744,-15.6740301399189
13745,-15.6765493062033
13746,-15.6790682892157
13747,-15.6815870889826
13748,-15.6841057055309
13749,-15.686624138887
13750,-15.6891423890777
13751,-15.6916604561295
13752,-15.6941783400692
13753,-15.6966960409233
13754,-15.6992135587186
13755,-15.7017308934815
13756,-15.7042480452387
13757,-15.7067650140169
13758,-15.7092817998425
13759,-15.7117984027423
13760,-15.7143148227428
13761,-15.7168310598705
13762,-15.7193471141522
13763,-15.7218629856142
13764,-15.7243786742833
13765,-15.7268941801859
13766,-15.7294095033486
13767,-15.731924643798
13768,-15.7344396015606
13769,-15.736954376663
13770,-15.7394689691316
13771,-15.741983378993
13772,-15.7444976062737
13773,-15.7470116510003
13774,-15.7495255131992
13775,-15.7520391928969
13776,-15.75455269012
13777,-15.7570660048949
13778,-15.7595791372481
13779,-15.7620920872061
13780,-15.7646048547954
13781,-15.7671174400424
13782,-15.7696298429737
13783,-15.7721420636155
13784,-15.7746541019945
13785,-15.777165958137
13786,-15.7796776320695
13787,-15.7821891238184
13788,-15.7847004334102
13789,-15.7872115608712
13790,-15.789722506228
13791,-15.7922332695068
13792,-15.7947438507341
13793,-15.7972542499363
13794,-15.7997644671398
13795,-15.802274502371
13796,-15.8047843556562
13797,-15.8072940270219
13798,-15.8098035164944
13799,-15.8123128241
13800,-15.8148219498652
13801,-15.8173308938162
13802,-15.8198396559795
13803,-15.8223482363814
13804,-15.8248566350481
13805,-15.8273648520061
13806,-15.8298728872816
13807,-15.832380740901
13808,-15.8348884128907
13809,-15.8373959032768
13810,-15.8399032120857
13811,-15.8424103393436
13812,-15.844917285077
13813,-15.847424049312
13814,-15.849930632075
13815,-15.8524370333922
13816,-15.8549432532899
13817,-15.8574492917943
13818,-15.8599551489318
13819,-15.8624608247285
13820,-15.8649663192106
13821,-15.8674716324045
13822,-15.8699767643364
13823,-15.8724817150325
13824,-15.874986484519
13825,-15.8774910728221
13826,-15.8799954799681
13827,-15.8824997059831
13828,-15.8850037508933
13829,-15.887507614725
13830,-15.8900112975043
13831,-15.8925147992574
13832,-15.8950181200105
13833,-15.8975212597897
13834,-15.9000242186213
13835,-15.9025269965313
13836,-15.905029593546
13837,-15.9075320096914
13838,-15.9100342449938
13839,-15.9125362994792
13840,-15.9150381731738
13841,-15.9175398661037
13842,-15.9200413782951
13843,-15.9225427097739
13844,-15.9250438605665
13845,-15.9275448306988
13846,-15.9300456201969
13847,-15.932546229087
13848,-15.9350466573951
13849,-15.9375469051473
13850,-15.9400469723696
13851,-15.9425468590883
13852,-15.9450465653292
13853,-15.9475460911185
13854,-15.9500454364822
13855,-15.9525446014464
13856,-15.9550435860371
13857,-15.9575423902804
13858,-15.9600410142022
13859,-15.9625394578286
13860,-15.9650377211856
13861,-15.9675358042992
13862,-15.9700337071954
13863,-15.9725314299003
13864,-15.9750289724398
13865,-15.9775263348399
13866,-15.9800235171266
13867,-15.9825205193259
13868,-15.9850173414637
13869,-15.9875139835661
13870,-15.9900104456589
13871,-15.9925067277681
13872,-15.9950028299198
13873,-15.9974987521397
13874,-15.9999944944539
13875,-16.0024900568884
13876,-16.0049854394689
13877,-16.0074806422215
13878,-16.009975665172
13879,-16.0124705083465
13880,-16.0149651717707
13881,-16.0174596554706
13882,-16.019953959472
13883,-16.022448083801
13884,-16.0249420284832
13885,-16.0274357935447
13886,-16.0299293790113
13887,-16.0324227849089
13888,-16.0349160112632
13889,-16.0374090581003
13890,-16.0399019254459
13891,-16.0423946133258
13892,-16.0448871217659
13893,-16.0473794507921
13894,-16.0498716004302
13895,-16.0523635707059
13896,-16.0548553616452
13897,-16.0573469732737
13898,-16.0598384056174
13899,-16.062329658702
13900,-16.0648207325533
13901,-16.0673116271971
13902,-16.0698023426592
13903,-16.0722928789654
13904,-16.0747832361413
13905,-16.0772734142129
13906,-16.0797634132058
13907,-16.0822532331459
13908,-16.0847428740588
13909,-16.0872323359703
13910,-16.0897216189062
13911,-16.0922107228921
13912,-16.0946996479538
13913,-16.0971883941171
13914,-16.0996769614076
13915,-16.102165349851
13916,-16.1046535594731
13917,-16.1071415902995
13918,-16.109629442356
13919,-16.1121171156683
13920,-16.1146046102619
13921,-16.1170919261626
13922,-16.1195790633962
13923,-16.1220660219881
13924,-16.1245528019641
13925,-16.1270394033499
13926,-16.1295258261711
13927,-16.1320120704533
13928,-16.1344981362222
13929,-16.1369840235034
13930,-16.1394697323225
13931,-16.1419552627052
13932,-16.1444406146771
13933,-16.1469257882637
13934,-16.1494107834908
13935,-16.1518956003838
13936,-16.1543802389685
13937,-16.1568646992703
13938,-16.1593489813149
13939,-16.1618330851278
13940,-16.1643170107346
13941,-16.1668007581609
13942,-16.1692843274322
13943,-16.1717677185741
13944,-16.1742509316122
13945,-16.1767339665719
13946,-16.1792168234789
13947,-16.1816995023586
13948,-16.1841820032366
13949,-16.1866643261385
13950,-16.1891464710896
13951,-16.1916284381156
13952,-16.194110227242
13953,-16.1965918384942
13954,-16.1990732718977
13955,-16.201554527478
13956,-16.2040356052607
13957,-16.2065165052712
13958,-16.2089972275349
13959,-16.2114777720774
13960,-16.2139581389241
13961,-16.2164383281004
13962,-16.2189183396318
13963,-16.2213981735438
13964,-16.2238778298618
13965,-16.2263573086112
13966,-16.2288366098175
13967,-16.231315733506
13968,-16.2337946797023
13969,-16.2362734484317
13970,-16.2387520397195
13971,-16.2412304535914
13972,-16.2437086900725
13973,-16.2461867491883
13974,-16.2486646309643
13975,-16.2511423354257
13976,-16.253619862598
13977,-16.2560972125065
13978,-16.2585743851765
13979,-16.2610513806336
13980,-16.2635281989029
13981,-16.2660048400099
13982,-16.2684813039798
13983,-16.2709575908381
13984,-16.2734337006101
13985,-16.275909633321
13986,-16.2783853889963
13987,-16.2808609676611
13988,-16.2833363693409
13989,-16.2858115940609
13990,-16.2882866418465
13991,-16.2907615127229
13992,-16.2932362067154
13993,-16.2957107238493
13994,-16.2981850641499
13995,-16.3006592276424
13996,-16.3031332143521
13997,-16.3056070243043
13998,-16.3080806575243
13999,-16.3105541140372
14000,-16.3130273938683
14001,-16.3155004970429
14002,-16.3179734235862
14003,-16.3204461735235
14004,-16.3229187468798
14005,-16.3253911436806
14006,-16.3278633639509
14007,-16.330335407716
14008,-16.3328072750011
14009,-16.3352789658314
14010,-16.3377504802321
14011,-16.3402218182283
14012,-16.3426929798452
14013,-16.3451639651081
14014,-16.3476347740421
14015,-16.3501054066723
14016,-16.3525758630239
14017,-16.3550461431221
14018,-16.3575162469919
14019,-16.3599861746587
14020,-16.3624559261474
14021,-16.3649255014832
14022,-16.3673949006913
14023,-16.3698641237967
14024,-16.3723331708246
14025,-16.3748020418002
14026,-16.3772707367484
14027,-16.3797392556943
14028,-16.3822075986632
14029,-16.3846757656801
14030,-16.38714375677
14031,-16.3896115719581
14032,-16.3920792112693
14033,-16.3945466747289
14034,-16.3970139623617
14035,-16.399481074193
14036,-16.4019480102477
14037,-16.4044147705509
14038,-16.4068813551277
14039,-16.409347764003
14040,-16.4118139972019
14041,-16.4142800547494
14042,-16.4167459366706
14043,-16.4192116429904
14044,-16.4216771737339
14045,-16.424142528926
14046,-16.4266077085918
14047,-16.4290727127562
14048,-16.4315375414443
14049,-16.434002194681
14050,-16.4364666724914
14051,-16.4389309749002
14052,-16.4413951019326
14053,-16.4438590536136
14054,-16.4463228299679
14055,-16.4487864310207
14056,-16.4512498567968
14057,-16.4537131073211
14058,-16.4561761826187
14059,-16.4586390827145
14060,-16.4611018076333
14061,-16.4635643574001
14062,-16.4660267320397
14063,-16.4684889315772
14064,-16.4709509560374
14065,-16.4734128054452
14066,-16.4758744798255
14067,-16.4783359792032
14068,-16.4807973036031
14069,-16.4832584530502
14070,-16.4857194275692
14071,-16.4881802271851
14072,-16.4906408519228
14073,-16.493101301807
14074,-16.4955615768627
14075,-16.4980216771146
14076,-16.5004816025877
14077,-16.5029413533067
14078,-16.5054009292964
14079,-16.5078603305818
14080,-16.5103195571876
14081,-16.5127786091386
14082,-16.5152374864596
14083,-16.5176961891754
14084,-16.5201547173109
14085,-16.5226130708908
14086,-16.5250712499398
14087,-16.5275292544829
14088,-16.5299870845447
14089,-16.5324447401501
14090,-16.5349022213237
14091,-16.5373595280904
14092,-16.5398166604749
14093,-16.5422736185019
14094,-16.5447304021962
14095,-16.5471870115826
14096,-16.5496434466857
14097,-16.5520997075303
14098,-16.5545557941411
14099,-16.5570117065428
14100,-16.5594674447602
14101,-16.5619230088179
14102,-16.5643783987407
14103,-16.5668336145532
14104,-16.5692886562801
14105,-16.5717435239461
14106,-16.574198217576
14107,-16.5766527371943
14108,-16.5791070828258
14109,-16.581561254495
14110,-16.5840152522268
14111,-16.5864690760456
14112,-16.5889227259762
14113,-16.5913762020432
14114,-16.5938295042713
14115,-16.5962826326851
14116,-16.5987355873091
14117,-16.6011883681681
14118,-16.6036409752866
14119,-16.6060934086893
14120,-16.6085456684008
14121,-16.6109977544456
14122,-16.6134496668483
14123,-16.6159014056337
14124,-16.6183529708261
14125,-16.6208043624503
14126,-16.6232555805308
14127,-16.6257066250921
14128,-16.6281574961589
14129,-16.6306081937557
14130,-16.633058717907
14131,-16.6355090686374
14132,-16.6379592459714
14133,-16.6404092499336
14134,-16.6428590805485
14135,-16.6453087378406
14136,-16.6477582218345
14137,-16.6502075325547
14138,-16.6526566700257
14139,-16.6551056342719
14140,-16.657554425318
14141,-16.6600030431884
14142,-16.6624514879075
14143,-16.6648997594999
14144,-16.6673478579901
14145,-16.6697957834025
14146,-16.6722435357616
14147,-16.6746911150919
14148,-16.6771385214178
14149,-16.6795857547638
14150,-16.6820328151543
14151,-16.6844797026138
14152,-16.6869264171667
14153,-16.6893729588375
14154,-16.6918193276506
14155,-16.6942655236304
14156,-16.6967115468013
14157,-16.6991573971877
14158,-16.7016030748141
14159,-16.7040485797049
14160,-16.7064939118844
14161,-16.708939071377
14162,-16.7113840582072
14163,-16.7138288723993
14164,-16.7162735139777
14165,-16.7187179829668
14166,-16.7211622793909
14167,-16.7236064032744
14168,-16.7260503546417
14169,-16.728494133517
14170,-16.7309377399249
14171,-16.7333811738895
14172,-16.7358244354353
14173,-16.7382675245865
14174,-16.7407104413675
14175,-16.7431531858026
14176,-16.7455957579162
14177,-16.7480381577325
14178,-16.7504803852758
14179,-16.7529224405705
14180,-16.7553643236408
14181,-16.7578060345111
14182,-16.7602475732055
14183,-16.7626889397485
14184,-16.7651301341643
14185,-16.767571156477
14186,-16.7700120067111
14187,-16.7724526848908
14188,-16.7748931910403
14189,-16.7773335251838
14190,-16.7797736873457
14191,-16.7822136775501
14192,-16.7846534958213
14193,-16.7870931421835
14194,-16.7895326166609
14195,-16.7919719192778
14196,-16.7944110500584
14197,-16.7968500090269
14198,-16.7992887962074
14199,-16.8017274116242
14200,-16.8041658553015
14201,-16.8066041272634
14202,-16.8090422275342
14203,-16.811480156138
14204,-16.8139179130991
14205,-16.8163554984414
14206,-16.8187929121893
14207,-16.8212301543669
14208,-16.8236672249983
14209,-16.8261041241077
14210,-16.8285408517192
14211,-16.8309774078569
14212,-16.8334137925451
14213,-16.8358500058077
14214,-16.838286047669
14215,-16.8407219181531
14216,-16.843157617284
14217,-16.8455931450859
14218,-16.8480285015829
14219,-16.850463686799
14220,-16.8528987007584
14221,-16.8553335434851
14222,-16.8577682150033
14223,-16.860202715337
14224,-16.8626370445102
14225,-16.8650712025471
14226,-16.8675051894717
14227,-16.869939005308
14228,-16.8723726500801
14229,-16.8748061238121
14230,-16.877239426528
14231,-16.8796725582518
14232,-16.8821055190076
14233,-16.8845383088193
14234,-16.886970927711
14235,-16.8894033757068
14236,-16.8918356528306
14237,-16.8942677591064
14238,-16.8966996945582
14239,-16.8991314592101
14240,-16.901563053086
14241,-16.9039944762098
14242,-16.9064257286057
14243,-16.9088568102975
14244,-16.9112877213092
14245,-16.9137184616649
14246,-16.9161490313883
14247,-16.9185794305036
14248,-16.9210096590346
14249,-16.9234397170053
14250,-16.9258696044396
14251,-16.9282993213615
14252,-16.9307288677949
14253,-16.9331582437637
14254,-16.9355874492919
14255,-16.9380164844033
14256,-16.9404453491219
14257,-16.9428740434715
14258,-16.9453025674761
14259,-16.9477309211595
14260,-16.9501591045457
14261,-16.9525871176586
14262,-16.9550149605219
14263,-16.9574426331596
14264,-16.9598701355956
14265,-16.9622974678537
14266,-16.9647246299578
14267,-16.9671516219316
14268,-16.9695784437992
14269,-16.9720050955843
14270,-16.9744315773108
14271,-16.9768578890024
14272,-16.979284030683
14273,-16.9817100023765
14274,-16.9841358041067
14275,-16.9865614358974
14276,-16.9889868977723
14277,-16.9914121897553
14278,-16.9938373118702
14279,-16.9962622641408
14280,-16.9986870465908
14281,-17.0011116592441
14282,-17.0035361021245
14283,-17.0059603752556
14284,-17.0083844786613
14285,-17.0108084123654
14286,-17.0132321763915
14287,-17.0156557707635
14288,-17.0180791955051
14289,-17.02050245064
14290,-17.022925536192
14291,-17.0253484521849
14292,-17.0277711986422
14293,-17.0301937755878
14294,-17.0326161830455
14295,-17.0350384210388
14296,-17.0374604895915
14297,-17.0398823887273
14298,-17.04230411847
14299,-17.0447256788431
14300,-17.0471470698705
14301,-17.0495682915757
14302,-17.0519893439825
14303,-17.0544102271145
14304,-17.0568309409954
14305,-17.0592514856488
14306,-17.0616718610985
14307,-17.0640920673681
14308,-17.0665121044811
14309,-17.0689319724614
14310,-17.0713516713325
14311,-17.073771201118
14312,-17.0761905618415
14313,-17.0786097535268
14314,-17.0810287761974
14315,-17.0834476298769
14316,-17.085866314589
14317,-17.0882848303572
14318,-17.0907031772051
14319,-17.0931213551564
14320,-17.0955393642346
14321,-17.0979572044633
14322,-17.1003748758661
14323,-17.1027923784666
14324,-17.1052097122883
14325,-17.1076268773548
14326,-17.1100438736897
14327,-17.1124607013165
14328,-17.1148773602588
14329,-17.1172938505401
14330,-17.1197101721839
14331,-17.1221263252138
14332,-17.1245423096534
14333,-17.1269581255261
14334,-17.1293737728555
14335,-17.131789251665
14336,-17.1342045619782
14337,-17.1366197038187
14338,-17.1390346772098
14339,-17.1414494821751
14340,-17.1438641187381
14341,-17.1462785869223
14342,-17.1486928867512
14343,-17.1511070182482
14344,-17.1535209814367
14345,-17.1559347763404
14346,-17.1583484029826
14347,-17.1607618613867
14348,-17.1631751515763
14349,-17.1655882735748
14350,-17.1680012274056
14351,-17.1704140130922
14352,-17.172826630658
14353,-17.1752390801264
14354,-17.1776513615209
14355,-17.1800634748648
14356,-17.1824754201816
14357,-17.1848871974947
14358,-17.1872988068275
14359,-17.1897102482033
14360,-17.1921215216457
14361,-17.1945326271779
14362,-17.1969435648233
14363,-17.1993543346054
14364,-17.2017649365475
14365,-17.204175370673
14366,-17.2065856370052
14367,-17.2089957355675
14368,-17.2114056663833
14369,-17.2138154294758
14370,-17.2162250248685
14371,-17.2186344525847
14372,-17.2210437126477
14373,-17.2234528050808
14374,-17.2258617299074
14375,-17.2282704871508
14376,-17.2306790768343
14377,-17.2330874989813
14378,-17.2354957536149
14379,-17.2379038407586
14380,-17.2403117604356
14381,-17.2427195126692
14382,-17.2451270974827
14383,-17.2475345148993
14384,-17.2499417649425
14385,-17.2523488476353
14386,-17.2547557630012
14387,-17.2571625110632
14388,-17.2595690918448
14389,-17.2619755053692
14390,-17.2643817516596
14391,-17.2667878307392
14392,-17.2691937426313
14393,-17.2715994873591
14394,-17.2740050649459
14395,-17.2764104754149
14396,-17.2788157187892
14397,-17.2812207950921
14398,-17.2836257043469
14399,-17.2860304465766
14400,-17.2884350218046
14401,-17.290839430054
14402,-17.293243671348
14403,-17.2956477457097
14404,-17.2980516531625
14405,-17.3004553937293
14406,-17.3028589674335
14407,-17.3052623742981
14408,-17.3076656143464
14409,-17.3100686876014
14410,-17.3124715940864
14411,-17.3148743338244
14412,-17.3172769068387
14413,-17.3196793131523
14414,-17.3220815527885
14415,-17.3244836257702
14416,-17.3268855321207
14417,-17.329287271863
14418,-17.3316888450203
14419,-17.3340902516156
14420,-17.3364914916722
14421,-17.338892565213
14422,-17.3412934722611
14423,-17.3436942128398
14424,-17.3460947869719
14425,-17.3484951946807
14426,-17.3508954359892
14427,-17.3532955109204
14428,-17.3556954194974
14429,-17.3580951617433
14430,-17.3604947376812
14431,-17.362894147334
14432,-17.3652933907249
14433,-17.3676924678768
14434,-17.3700913788128
14435,-17.372490123556
14436,-17.3748887021293
14437,-17.3772871145558
14438,-17.3796853608585
14439,-17.3820834410604
14440,-17.3844813551845
14441,-17.3868791032539
14442,-17.3892766852914
14443,-17.3916741013201
14444,-17.3940713513631
14445,-17.3964684354432
14446,-17.3988653535835
14447,-17.4012621058069
14448,-17.4036586921363
14449,-17.4060551125949
14450,-17.4084513672054
14451,-17.4108474559909
14452,-17.4132433789744
14453,-17.4156391361787
14454,-17.4180347276268
14455,-17.4204301533416
14456,-17.4228254133461
14457,-17.4252205076632
14458,-17.4276154363158
14459,-17.4300101993269
14460,-17.4324047967193
14461,-17.4347992285159
14462,-17.4371934947397
14463,-17.4395875954135
14464,-17.4419815305602
14465,-17.4443753002028
14466,-17.4467689043641
14467,-17.449162343067
14468,-17.4515556163343
14469,-17.453948724189
14470,-17.4563416666538
14471,-17.4587344437517
14472,-17.4611270555055
14473,-17.4635195019381
14474,-17.4659117830722
14475,-17.4683038989308
14476,-17.4706958495367
14477,-17.4730876349126
14478,-17.4754792550815
14479,-17.4778707100661
14480,-17.4802619998894
14481,-17.4826531245739
14482,-17.4850440841427
14483,-17.4874348786185
14484,-17.489825508024
14485,-17.4922159723821
14486,-17.4946062717156
14487,-17.4969964060472
14488,-17.4993863753998
14489,-17.501776179796
14490,-17.5041658192587
14491,-17.5065552938107
14492,-17.5089446034746
14493,-17.5113337482733
14494,-17.5137227282295
14495,-17.516111543366
14496,-17.5185001937054
14497,-17.5208886792705
14498,-17.5232770000841
14499,-17.5256651561689
14500,-17.5280531475476
14501,-17.5304409742428
14502,-17.5328286362775
14503,-17.5352161336741
14504,-17.5376034664555
14505,-17.5399906346444
14506,-17.5423776382633
14507,-17.5447644773351
14508,-17.5471511518824
14509,-17.5495376619279
14510,-17.5519240074943
14511,-17.5543101886042
14512,-17.5566962052803
14513,-17.5590820575452
14514,-17.5614677454217
14515,-17.5638532689323
14516,-17.5662386280998
14517,-17.5686238229467
14518,-17.5710088534956
14519,-17.5733937197694
14520,-17.5757784217904
14521,-17.5781629595815
14522,-17.5805473331652
14523,-17.582931542564
14524,-17.5853155878007
14525,-17.5876994688978
14526,-17.590083185878
14527,-17.5924667387637
14528,-17.5948501275777
14529,-17.5972333523425
14530,-17.5996164130806
14531,-17.6019993098147
14532,-17.6043820425674
14533,-17.6067646113611
14534,-17.6091470162185
14535,-17.6115292571621
14536,-17.6139113342145
14537,-17.6162932473982
14538,-17.6186749967358
14539,-17.6210565822498
14540,-17.6234380039627
14541,-17.6258192618971
14542,-17.6282003560755
14543,-17.6305812865204
14544,-17.6329620532543
14545,-17.6353426562998
14546,-17.6377230956793
14547,-17.6401033714154
14548,-17.6424834835305
14549,-17.6448634320472
14550,-17.6472432169879
14551,-17.6496228383752
14552,-17.6520022962314
14553,-17.6543815905791
14554,-17.6567607214408
14555,-17.6591396888388
14556,-17.6615184927957
14557,-17.663897133334
14558,-17.666275610476
14559,-17.6686539242442
14560,-17.6710320746611
14561,-17.6734100617491
14562,-17.6757878855307
14563,-17.6781655460282
14564,-17.6805430432641
14565,-17.6829203772608
14566,-17.6852975480407
14567,-17.6876745556263
14568,-17.6900514000398
14569,-17.6924280813039
14570,-17.6948045994407
14571,-17.6971809544728
14572,-17.6995571464225
14573,-17.7019331753122
14574,-17.7043090411642
14575,-17.706684744001
14576,-17.7090602838449
14577,-17.7114356607183
14578,-17.7138108746436
14579,-17.716185925643
14580,-17.7185608137389
14581,-17.7209355389538
14582,-17.7233101013098
14583,-17.7256845008294
14584,-17.728058737535
14585,-17.7304328114487
14586,-17.732806722593
14587,-17.7351804709901
14588,-17.7375540566624
14589,-17.7399274796322
14590,-17.7423007399218
14591,-17.7446738375535
14592,-17.7470467725495
14593,-17.7494195449323
14594,-17.7517921547239
14595,-17.7541646019469
14596,-17.7565368866233
14597,-17.7589090087755
14598,-17.7612809684258
14599,-17.7636527655964
14600,-17.7660244003095
14601,-17.7683958725875
14602,-17.7707671824526
14603,-17.773138329927
14604,-17.775509315033
14605,-17.7778801377927
14606,-17.7802507982285
14607,-17.7826212963625
14608,-17.7849916322171
14609,-17.7873618058143
14610,-17.7897318171764
14611,-17.7921016663256
14612,-17.7944713532842
14613,-17.7968408780742
14614,-17.799210240718
14615,-17.8015794412377
14616,-17.8039484796555
14617,-17.8063173559935
14618,-17.808686070274
14619,-17.8110546225191
14620,-17.8134230127509
14621,-17.8157912409917
14622,-17.8181593072637
14623,-17.8205272115888
14624,-17.8228949539894
14625,-17.8252625344875
14626,-17.8276299531053
14627,-17.829997209865
14628,-17.8323643047886
14629,-17.8347312378982
14630,-17.8370980092161
14631,-17.8394646187643
14632,-17.8418310665649
14633,-17.8441973526401
14634,-17.8465634770119
14635,-17.8489294397024
14636,-17.8512952407338
14637,-17.8536608801281
14638,-17.8560263579075
14639,-17.8583916740939
14640,-17.8607568287094
14641,-17.8631218217763
14642,-17.8654866533164
14643,-17.8678513233519
14644,-17.8702158319048
14645,-17.8725801789972
14646,-17.8749443646512
14647,-17.8773083888887
14648,-17.8796722517318
14649,-17.8820359532026
14650,-17.8843994933231
14651,-17.8867628721152
14652,-17.8891260896012
14653,-17.8914891458028
14654,-17.8938520407422
14655,-17.8962147744414
14656,-17.8985773469224
14657,-17.9009397582071
14658,-17.9033020083176
14659,-17.9056640972759
14660,-17.9080260251039
14661,-17.9103877918237
14662,-17.9127493974571
14663,-17.9151108420262
14664,-17.917472125553
14665,-17.9198332480594
14666,-17.9221942095673
14667,-17.9245550100988
14668,-17.9269156496757
14669,-17.9292761283201
14670,-17.9316364460538
14671,-17.9339966028988
14672,-17.936356598877
14673,-17.9387164340104
14674,-17.9410761083209
14675,-17.9434356218304
14676,-17.9457949745608
14677,-17.948154166534
14678,-17.9505131977719
14679,-17.9528720682965
14680,-17.9552307781295
14681,-17.957589327293
14682,-17.9599477158088
14683,-17.9623059436988
14684,-17.9646640109849
14685,-17.9670219176889
14686,-17.9693796638327
14687,-17.9717372494381
14688,-17.9740946745271
14689,-17.9764519391215
14690,-17.9788090432431
14691,-17.9811659869139
14692,-17.9835227701555
14693,-17.9858793929899
14694,-17.988235855439
14695,-17.9905921575244
14696,-17.9929482992681
14697,-17.9953042806919
14698,-17.9976601018176
14699,-18.000015762667
14700,-18.0023712632619
14701,-18.0047266036241
14702,-18.0070817837754
14703,-18.0094368037376
14704,-18.0117916635326
14705,-18.014146363182
14706,-18.0165009027076
14707,-18.0188552821313
14708,-18.0212095014748
14709,-18.0235635607599
14710,-18.0259174600084
14711,-18.0282711992419
14712,-18.0306247784822
14713,-18.0329781977512
14714,-18.0353314570705
14715,-18.0376845564619
14716,-18.0400374959471
14717,-18.0423902755479
14718,-18.0447428952859
14719,-18.047095355183
14720,-18.0494476552607
14721,-18.0517997955409
14722,-18.0541517760453
14723,-18.0565035967955
14724,-18.0588552578132
14725,-18.0612067591202
14726,-18.0635581007381
14727,-18.0659092826886
14728,-18.0682603049935
14729,-18.0706111676743
14730,-18.0729618707528
14731,-18.0753124142506
14732,-18.0776627981894
14733,-18.0800130225909
14734,-18.0823630874767
14735,-18.0847129928684
14736,-18.0870627387878
14737,-18.0894123252564
14738,-18.0917617522959
14739,-18.0941110199279
14740,-18.0964601281741
14741,-18.0988090770561
14742,-18.1011578665954
14743,-18.1035064968138
14744,-18.1058549677328
14745,-18.1082032793741
14746,-18.1105514317592
14747,-18.1128994249098
14748,-18.1152472588474
14749,-18.1175949335936
14750,-18.11994244917
14751,-18.1222898055982
14752,-18.1246370028998
14753,-18.1269840410964
14754,-18.1293309202095
14755,-18.1316776402606
14756,-18.1340242012714
14757,-18.1363706032634
14758,-18.1387168462581
14759,-18.1410629302771
14760,-18.1434088553419
14761,-18.1457546214741
14762,-18.1481002286953
14763,-18.1504456770268
14764,-18.1527909664903
14765,-18.1551360971073
14766,-18.1574810688993
14767,-18.1598258818878
14768,-18.1621705360943
14769,-18.1645150315403
14770,-18.1668593682474
14771,-18.1692035462369
14772,-18.1715475655305
14773,-18.1738914261495
14774,-18.1762351281155
14775,-18.1785786714499
14776,-18.1809220561742
14777,-18.18326528231
14778,-18.1856083498785
14779,-18.1879512589014
14780,-18.1902940094
14781,-18.1926366013959
14782,-18.1949790349104
14783,-18.197321309965
14784,-18.1996634265811
14785,-18.2020053847802
14786,-18.2043471845837
14787,-18.206688826013
14788,-18.2090303090896
14789,-18.2113716338348
14790,-18.2137128002701
14791,-18.2160538084168
14792,-18.2183946582964
14793,-18.2207353499303
14794,-18.2230758833399
14795,-18.2254162585465
14796,-18.2277564755716
14797,-18.2300965344365
14798,-18.2324364351626
14799,-18.2347761777713
14800,-18.2371157622839
14801,-18.2394551887218
14802,-18.2417944571064
14803,-18.244133567459
14804,-18.246472519801
14805,-18.2488113141537
14806,-18.2511499505385
14807,-18.2534884289766
14808,-18.2558267494895
14809,-18.2581649120984
14810,-18.2605029168248
14811,-18.2628407636898
14812,-18.2651784527148
14813,-18.2675159839212
14814,-18.2698533573302
14815,-18.2721905729632
14816,-18.2745276308414
14817,-18.2768645309861
14818,-18.2792012734187
14819,-18.2815378581604
14820,-18.2838742852324
14821,-18.2862105546562
14822,-18.2885466664529
14823,-18.2908826206437
14824,-18.2932184172501
14825,-18.2955540562932
14826,-18.2978895377943
14827,-18.3002248617746
14828,-18.3025600282555
14829,-18.304895037258
14830,-18.3072298888036
14831,-18.3095645829133
14832,-18.3118991196085
14833,-18.3142334989103
14834,-18.31656772084
14835,-18.3189017854188
14836,-18.321235692668
14837,-18.3235694426086
14838,-18.325903035262
14839,-18.3282364706493
14840,-18.3305697487917
14841,-18.3329028697104
14842,-18.3352358334267
14843,-18.3375686399616
14844,-18.3399012893364
14845,-18.3422337815722
14846,-18.3445661166902
14847,-18.3468982947116
14848,-18.3492303156575
14849,-18.3515621795491
14850,-18.3538938864075
14851,-18.3562254362539
14852,-18.3585568291095
14853,-18.3608880649953
14854,-18.3632191439326
14855,-18.3655500659424
14856,-18.3678808310458
14857,-18.3702114392641
14858,-18.3725418906182
14859,-18.3748721851294
14860,-18.3772023228187
14861,-18.3795323037073
14862,-18.3818621278162
14863,-18.3841917951665
14864,-18.3865213057794
14865,-18.3888506596759
14866,-18.3911798568771
14867,-18.3935088974041
14868,-18.3958377812779
14869,-18.3981665085197
14870,-18.4004950791505
14871,-18.4028234931913
14872,-18.4051517506633
14873,-18.4074798515874
14874,-18.4098077959848
14875,-18.4121355838765
14876,-18.4144632152834
14877,-18.4167906902268
14878,-18.4191180087275
14879,-18.4214451708066
14880,-18.4237721764852
14881,-18.4260990257842
14882,-18.4284257187247
14883,-18.4307522553278
14884,-18.4330786356143
14885,-18.4354048596053
14886,-18.4377309273218
14887,-18.4400568387848
14888,-18.4423825940154
14889,-18.4447081930344
14890,-18.4470336358628
14891,-18.4493589225217
14892,-18.451684053032
14893,-18.4540090274147
14894,-18.4563338456908
14895,-18.4586585078812
14896,-18.4609830140068
14897,-18.4633073640886
14898,-18.4656315581477
14899,-18.4679555962048
14900,-18.470279478281
14901,-18.4726032043972
14902,-18.4749267745743
14903,-18.4772501888333
14904,-18.479573447195
14905,-18.4818965496805
14906,-18.4842194963105
14907,-18.4865422871061
14908,-18.4888649220881
14909,-18.4911874012775
14910,-18.493509724695
14911,-18.4958318923617
14912,-18.4981539042985
14913,-18.5004757605261
14914,-18.5027974610655
14915,-18.5051190059375
14916,-18.5074403951631
14917,-18.5097616287631
14918,-18.5120827067584
14919,-18.5144036291698
14920,-18.5167243960181
14921,-18.5190450073243
14922,-18.5213654631092
14923,-18.5236857633937
14924,-18.5260059081984
14925,-18.5283258975444
14926,-18.5306457314525
14927,-18.5329654099434
14928,-18.5352849330379
14929,-18.537604300757
14930,-18.5399235131214
14931,-18.5422425701519
14932,-18.5445614718694
14933,-18.5468802182946
14934,-18.5491988094483
14935,-18.5515172453514
14936,-18.5538355260246
14937,-18.5561536514887
14938,-18.5584716217644
14939,-18.5607894368727
14940,-18.5631070968341
14941,-18.5654246016696
14942,-18.5677419513998
14943,-18.5700591460456
14944,-18.5723761856276
14945,-18.5746930701667
14946,-18.5770097996836
14947,-18.5793263741989
14948,-18.5816427937336
14949,-18.5839590583083
14950,-18.5862751679436
14951,-18.5885911226605
14952,-18.5909069224795
14953,-18.5932225674215
14954,-18.595538057507
14955,-18.5978533927569
14956,-18.6001685731918
14957,-18.6024835988324
14958,-18.6047984696995
14959,-18.6071131858137
14960,-18.6094277471957
14961,-18.6117421538662
14962,-18.6140564058459
14963,-18.6163705031555
14964,-18.6186844458156
14965,-18.6209982338469
14966,-18.62331186727
14967,-18.6256253461057
14968,-18.6279386703746
14969,-18.6302518400972
14970,-18.6325648552944
14971,-18.6348777159867
14972,-18.6371904221948
14973,-18.6395029739393
14974,-18.6418153712408
14975,-18.64412761412
14976,-18.6464397025974
14977,-18.6487516366938
14978,-18.6510634164297
14979,-18.6533750418257
14980,-18.6556865129025
14981,-18.6579978296805
14982,-18.6603089921806
14983,-18.6626200004231
14984,-18.6649308544288
14985,-18.6672415542182
14986,-18.6695520998119
14987,-18.6718624912305
14988,-18.6741727284945
14989,-18.6764828116245
14990,-18.6787927406411
14991,-18.6811025155648
14992,-18.6834121364162
14993,-18.6857216032159
14994,-18.6880309159844
14995,-18.6903400747422
14996,-18.6926490795099
14997,-18.694957930308
14998,-18.6972666271571
14999,-18.6995751700777
15000,-18.7018835590903
