"f","l_density"
20,-50.0985719480786
21,-48.409228078685
22,-46.7984873780801
23,-45.2593592800069
24,-43.7857462080675
25,-42.3722976707819
26,-41.014292989989
27,-39.707546173452
28,-38.4483280959927
29,-37.2333023423135
30,-36.0594719307708
31,-34.9241347760902
32,-33.8248462253753
33,-32.7593873607724
34,-31.7257380353671
35,-30.7220538186961
36,-29.7466461907598
37,-28.7979654502805
38,-27.8745859027292
39,-26.9751929726813
40,-26.0985719480786
41,-25.2435981145412
42,-24.409228078685
43,-23.5944921125249
44,-22.7984873780801
45,-22.0203719134631
46,-21.2593592800069
47,-20.514713785112
48,-19.7857462080675
49,-19.0718099666103
50,-18.3722976707819
51,-17.6866380180594
52,-17.014292989989
53,-16.3547553158585
54,-15.707546173452
55,-15.0722131007834
56,-14.4483280959927
57,-13.8354858854214
58,-13.2333023423135
59,-12.6414130406911
60,-12.0594719307708
61,-11.487150123866
62,-10.9241347760902
63,-10.3701280613773
64,-9.82484622537525
65,-9.28801871269235
66,-8.75938736077237
67,-8.23870565438872
68,-7.72573803536711
69,-7.2202592626992
70,-6.72205381869606
71,-6.23091535726289
72,-5.74664619075975
73,-5.26905681225485
74,-4.79796545028046
75,-4.33319765347412
76,-3.8745859027292
77,-3.42196924869762
78,-2.9751929726813
79,-2.53410826912479
80,-2.09857194807856
81,-1.66844615614426
82,-1.24359811454125
83,-0.823899873049065
84,-0.409228078685004
85,0.000536241929580683
86,0.405507887475096
87,0.805797674994224
88,1.20151262191988
89,1.59275611781829
90,1.97962808653694
91,2.36222513939345
92,2.74064071999305
93,3.1149652412175
94,3.48528621488804
95,3.85168837456749
96,4.2142537919325
97,4.57306198711581
98,4.92819003338974
99,5.27971265653538
100,5.62770232921814
101,5.97222936066782
102,6.31336198194064
103,6.65116642702199
104,6.98570701001096
105,7.31704619861169
106,7.64524468414152
107,7.97036144825227
108,8.29245382654799
109,8.61157756927098
110,8.92778689921657
111,9.24113456702728
112,9.55167190400724
113,9.85944887258925
114,10.1645141145785
115,10.4669149972898
116,10.7666976576865
117,11.0639070446265
118,11.3585869593089
119,11.6507800940154
120,11.9405280692292
121,12.227871469215
122,12.512849876134
123,12.7955019027665
124,13.0758652239098
125,13.3539766065148
126,13.6298719386227
127,13.9035862571567
128,14.1751537746247
129,14.4446079047828
130,14.7119812873077
131,14.9773058115236
132,15.2406126392276
133,15.5019322266533
134,15.7612943456113
135,16.0187281038447
136,16.2742619646329
137,16.5279237656774
138,16.7797407373008
139,17.0297395199889
140,17.2779461813039
141,17.5243862321958
142,17.7690846427371
143,18.0120658573061
144,18.2533538092402
145,18.4929719349832
146,18.7309431877452
147,18.9672900506975
148,19.2020345497195
149,19.4351982657166
150,19.6668023465259
151,19.8968675184266
152,20.1254140972708
153,20.3524619992484
154,20.5780307513024
155,20.8021395012064
156,21.0248070273187
157,21.2460517480238
158,21.4658917308752
159,21.6843447014493
160,21.9014280519214
161,22.1171588493756
162,22.3315538438557
163,22.5446294761706
164,22.7564018854588
165,22.9668869165243
166,23.1761001269509
167,23.384056794002
168,23.590771921315
169,23.7962602453972
170,24.0005362419296
171,24.2036141318863
172,24.4055078874751
173,24.6062312379061
174,24.8057976749942
175,25.0042204586006
176,25.2015126219199
177,25.3976869766167
178,25.5927561178183
179,25.7867324289669
180,25.9796280865369
181,26.1714550646217
182,26.3622251393935
183,26.5519498934418
184,26.7406407199931
185,26.9283088270162
186,27.1149652412175
187,27.300620811928
188,27.485286214888
189,27.6689719559305
190,27.8516883745675
191,28.0334456474827
192,28.2142537919325
193,28.3941226690587
194,28.5730619871158
195,28.7510813046154
196,28.9281900333897
197,29.1043974415778
198,29.2797126565354
199,29.4541446676723
200,29.6277023292181
201,29.800394362919
202,29.9722293606678
203,30.143215787069
204,30.3133619819406
205,30.4826761627555
206,30.651166427022
207,30.8188407546086
208,30.985707010011
209,31.1517729445659
210,31.3170461986117
211,31.4815343035972
212,31.6452446841415
213,31.8081846600449
214,31.9703614482523
215,32.1317821647718
216,32.292453826548
217,32.4523833532922
218,32.611577569271
219,32.7700432050529
220,32.9277868992166
221,33.0848152000191
222,33.2411345670273
223,33.3967513727121
224,33.5516719040072
225,33.7059023638336
226,33.8594488725893
227,34.0123174696067
228,34.1645141145785
229,34.3160446889514
230,34.4669149972897
231,34.6171307686101
232,34.7666976576865
233,34.9156212463275
234,35.0639070446265
235,35.2115604921847
236,35.3585869593089
237,35.504991748183
238,35.6507800940154
239,35.7959571661627
240,35.9405280692292
241,36.0844978441438
242,36.227871469215
243,36.3706538611635
244,36.512849876134
245,36.6544643106864
246,36.7955019027665
247,36.935967332657
248,37.0758652239098
249,37.2152001442587
250,37.3539766065148
251,37.360608697949
252,37.3672144191687
253,37.3737939790478
254,37.380347583988
255,37.3868754379584
256,37.3933777425328
257,37.3998546969276
258,37.406306498038
259,37.4127333404745
260,37.4191354165973
261,37.4255129165518
262,37.4318660283015
263,37.4381949376621
264,37.4444998283336
265,37.4507808819325
266,37.4570382780229
267,37.4632721941478
268,37.4694828058591
269,37.4756702867468
270,37.4818348084691
271,37.4879765407799
272,37.4940956515577
273,37.5001923068325
274,37.5062666708135
275,37.5123189059149
276,37.5183491727825
277,37.524357630319
278,37.5303444357093
279,37.5363097444452
280,37.5422537103493
281,37.5481764855991
282,37.5540782207504
283,37.5599590647601
284,37.5658191650089
285,37.5716586673232
286,37.5774777159974
287,37.5832764538147
288,37.5890550220683
289,37.5948135605825
290,37.6005522077323
291,37.6062711004638
292,37.6119703743138
293,37.6176501634289
294,37.6233106005844
295,37.6289518172033
296,37.6345739433741
297,37.6401771078691
298,37.6457614381623
299,37.6513270604463
300,37.6568740996496
301,37.6624026794537
302,37.6679129223094
303,37.673404949453
304,37.6788788809225
305,37.6843348355731
306,37.6897729310932
307,37.6951932840188
308,37.7005960097493
309,37.7059812225618
310,37.7113490356257
311,37.7166995610169
312,37.7220329097321
313,37.7273491917022
314,37.7326485158063
315,37.7379309898848
316,37.7431967207527
317,37.7484458142125
318,37.7536783750672
319,37.7588945071323
320,37.7640943132488
321,37.7692778952949
322,37.7744453541982
323,37.7795967899473
324,37.7847323016038
325,37.7898519873134
326,37.794955944317
327,37.8000442689623
328,37.8051170567142
329,37.810174402166
330,37.8152163990496
331,37.8202431402461
332,37.8252547177961
333,37.8302512229096
334,37.8352327459763
335,37.8401993765751
336,37.845151203484
337,37.8500883146895
338,37.8550107973959
339,37.8599187380347
340,37.8648122222737
341,37.8696913350258
342,37.874556160458
343,37.8794067820001
344,37.8842432823533
345,37.8890657434985
346,37.8938742467048
347,37.8986688725377
348,37.903449700867
349,37.9082168108753
350,37.9129702810653
351,37.9177101892676
352,37.9224366126489
353,37.9271496277189
354,37.931849310338
355,37.9365357357249
356,37.9412089784631
357,37.9458691125088
358,37.9505162111976
359,37.9551503472511
360,37.9597715927843
361,37.9643800193121
362,37.9689756977558
363,37.9735586984497
364,37.9781290911478
365,37.9826869450299
366,37.9872323287079
367,37.9917653102322
368,37.9962859570977
369,38.0007943362497
370,38.0052905140901
371,38.0097745564829
372,38.0142465287605
373,38.0187064957289
374,38.0231545216737
375,38.0275906703656
376,38.0320150050656
377,38.0364275885308
378,38.0408284830195
379,38.0452177502965
380,38.0495954516385
381,38.0539616478388
382,38.0583163992129
383,38.0626597656031
384,38.0669918063836
385,38.0713125804653
386,38.0756221463008
387,38.0799205618888
388,38.0842078847791
389,38.088484172077
390,38.0927494804481
391,38.0970038661226
392,38.1012473848997
393,38.1054800921523
394,38.109702042831
395,38.1139132914687
396,38.1181138921844
397,38.1223038986878
398,38.1264833642832
399,38.1306523418737
400,38.1348108839649
401,38.1389590426692
402,38.1430968697098
403,38.1472244164242
404,38.1513417337683
405,38.1554488723199
406,38.1595458822827
407,38.1636328134901
408,38.1677097154084
409,38.1717766371407
410,38.1758336274303
411,38.1798807346643
412,38.1839180068771
413,38.1879454917537
414,38.1919632366332
415,38.1959712885121
416,38.1999696940474
417,38.2039584995601
418,38.2079377510385
419,38.2119074941412
420,38.2158677742
421,38.2198186362237
422,38.2237601249004
423,38.2276922846011
424,38.2316151593825
425,38.2355287929897
426,38.2394332288596
427,38.2433285101236
428,38.2472146796102
429,38.2510917798482
430,38.2549598530693
431,38.258818941211
432,38.2626690859191
433,38.2665103285506
434,38.2703427101761
435,38.2741662715831
436,38.2779810532775
437,38.2817870954874
438,38.2855844381646
439,38.2893731209878
440,38.2931531833649
441,38.2969246644352
442,38.3006876030722
443,38.3044420378858
444,38.3081880072248
445,38.3119255491791
446,38.3156547015821
447,38.3193755020131
448,38.3230879877993
449,38.3267921960183
450,38.3304881635004
451,38.3341759268303
452,38.33785552235
453,38.3415269861602
454,38.345190354123
455,38.3488456618638
456,38.3524929447732
457,38.3561322380095
458,38.3597635765
459,38.3633869949439
460,38.3670025278138
461,38.3706102093574
462,38.3742100736001
463,38.3778021543465
464,38.3813864851823
465,38.3849630994765
466,38.3885320303828
467,38.3920933108418
468,38.3956469735829
469,38.3991930511255
470,38.4027315757816
471,38.4062625796571
472,38.4097860946533
473,38.4133021524694
474,38.4168107846034
475,38.4203120223545
476,38.4238058968241
477,38.427292438918
478,38.4307716793477
479,38.4342436486322
480,38.4377083770996
481,38.4411658948886
482,38.4446162319502
483,38.4480594180489
484,38.451495482765
485,38.4549244554951
486,38.4583463654546
487,38.4617612416785
488,38.4651691130232
489,38.4685700081678
490,38.4719639556157
491,38.4753509836961
492,38.478731120565
493,38.4821043942071
494,38.485470832437
495,38.4888304629004
496,38.4921833130757
497,38.4955294102753
498,38.4988687816468
499,38.5022014541746
500,38.5055274546809
501,38.4973943102844
502,38.4892773835346
503,38.4811766098835
504,38.4730919251678
505,38.4650232656057
506,38.4569705677941
507,38.4489337687052
508,38.4409128056838
509,38.4329076164446
510,38.4249181390687
511,38.4169443120013
512,38.4089860740486
513,38.4010433643749
514,38.3931161225
515,38.3852042882964
516,38.3773078019865
517,38.3694266041398
518,38.3615606356704
519,38.3537098378342
520,38.3458741522265
521,38.3380535207791
522,38.3302478857579
523,38.3224571897602
524,38.3146813757123
525,38.3069203868671
526,38.2991741668011
527,38.2914426594127
528,38.2837258089191
529,38.2760235598543
530,38.2683358570665
531,38.2606626457157
532,38.2530038712715
533,38.2453594795108
534,38.2377294165153
535,38.2301136286694
536,38.2225120626578
537,38.2149246654634
538,38.207351384365
539,38.199792166935
540,38.1922469610374
541,38.1847157148257
542,38.1771983767405
543,38.1696948955076
544,38.1622052201357
545,38.1547292999145
546,38.1472670844127
547,38.1398185234757
548,38.1323835672238
549,38.1249621660501
550,38.1175542706184
551,38.1101598318616
552,38.1027788009794
553,38.0954111294363
554,38.0880567689602
555,38.08071567154
556,38.0733877894238
557,38.0660730751172
558,38.0587714813814
559,38.0514829612314
560,38.044207467934
561,38.0369449550062
562,38.0296953762134
563,38.0224586855674
564,38.015234837325
565,38.0080237859862
566,38.0008254862921
567,37.9936398932236
568,37.9864669619997
569,37.9793066480756
570,37.9721589071411
571,37.9650236951192
572,37.9579009681641
573,37.9507906826597
574,37.9436927952183
575,37.9366072626786
576,37.9295340421044
577,37.9224730907828
578,37.9154243662228
579,37.9083878261538
580,37.9013634285241
581,37.8943511314993
582,37.8873508934607
583,37.880362673004
584,37.8733864289379
585,37.8664221202823
586,37.8594697062673
587,37.8525291463314
588,37.8456004001202
589,37.8386834274852
590,37.8317781884819
591,37.8248846433691
592,37.818002752607
593,37.8111324768558
594,37.804273776975
595,37.7974266140211
596,37.7905909492473
597,37.7837667441012
598,37.7769539602243
599,37.7701525594502
600,37.7633625038037
601,37.756583755499
602,37.749816276939
603,37.7430600307137
604,37.7363149795991
605,37.729581086556
606,37.7228583147286
607,37.7161466274434
608,37.7094459882081
609,37.7027563607103
610,37.6960777088163
611,37.68940999657
612,37.6827531881915
613,37.6761072480764
614,37.6694721407944
615,37.662847831088
616,37.6562342838716
617,37.6496314642304
618,37.6430393374193
619,37.6364578688614
620,37.6298870241477
621,37.6233267690352
622,37.6167770694463
623,37.6102378914678
624,37.6037092013493
625,37.597190965503
626,37.5906831505017
627,37.5841857230787
628,37.5776986501261
629,37.5712218986941
630,37.5647554359899
631,37.5582992293767
632,37.5518532463729
633,37.5454174546509
634,37.538991822036
635,37.5325763165059
636,37.5261709061893
637,37.5197755593652
638,37.5133902444617
639,37.5070149300555
640,37.5006495848707
641,37.4942941777775
642,37.4879486777922
643,37.4816130540755
644,37.4752872759318
645,37.4689713128086
646,37.4626651342952
647,37.4563687101222
648,37.4500820101602
649,37.4438050044195
650,37.4375376630486
651,37.4312799563339
652,37.4250318546985
653,37.4187933287015
654,37.4125643490373
655,37.4063448865344
656,37.4001349121549
657,37.3939343969937
658,37.3877433122775
659,37.381561629364
660,37.3753893197412
661,37.3692263550269
662,37.3630727069672
663,37.3569283474364
664,37.3507932484359
665,37.3446673820936
666,37.3385507206628
667,37.3324432365219
668,37.3263449021735
669,37.3202556902433
670,37.3141755734799
671,37.3081045247539
672,37.3020425170568
673,37.295989523501
674,37.2899455173182
675,37.2839104718595
676,37.2778843605942
677,37.2718671571094
678,37.265858835109
679,37.2598593684132
680,37.2538687309578
681,37.2478868967935
682,37.2419138400853
683,37.2359495351116
684,37.229993956264
685,37.2240470780459
686,37.2181088750727
687,37.2121793220704
688,37.2062583938756
689,37.2003460654342
690,37.1944423118015
691,37.1885471081407
692,37.1826604297233
693,37.1767822519274
694,37.170912550238
695,37.1650513002459
696,37.159198477647
697,37.153354058242
698,37.1475180179359
699,37.1416903327369
700,37.1358709787561
701,37.1300599322071
702,37.1242571694052
703,37.1184626667665
704,37.1126764008082
705,37.1068983481471
706,37.1011284854996
707,37.095366789681
708,37.0896132376047
709,37.0838678062822
710,37.0781304728218
711,37.0724012144288
712,37.0666800084044
713,37.0609668321455
714,37.0552616631439
715,37.0495644789862
716,37.0438752573525
717,37.0381939760168
718,37.0325206128458
719,37.0268551457987
720,37.0211975529265
721,37.0155478123717
722,37.0099059023677
723,37.0042718012381
724,36.9986454873966
725,36.9930269393462
726,36.9874161356788
727,36.9818130550746
728,36.9762176763018
729,36.9706299782161
730,36.96504993976
731,36.9594775399627
732,36.9539127579391
733,36.94835557289
734,36.942805964101
735,36.9372639109423
736,36.9317293928684
737,36.9262023894175
738,36.9206828802108
739,36.9151708449525
740,36.9096662634291
741,36.9041691155089
742,36.8986793811418
743,36.8931970403585
744,36.8877220732705
745,36.8822544600694
746,36.8767941810263
747,36.8713412164918
748,36.8658955468953
749,36.8604571527447
750,36.8550260146258
751,36.849602113202
752,36.8441854292141
753,36.8387759434795
754,36.8333736368919
755,36.8279784904212
756,36.8225904851127
757,36.8172096020869
758,36.8118358225391
759,36.806469127739
760,36.8011094990302
761,36.79575691783
762,36.7904113656287
763,36.7850728239898
764,36.7797412745488
765,36.7744166990136
766,36.7690990791636
767,36.7637883968497
768,36.7584846339935
769,36.7531877725873
770,36.7478977946937
771,36.7426146824449
772,36.7373384180429
773,36.7320689837585
774,36.7268063619314
775,36.7215505349698
776,36.7163014853498
777,36.7110591956153
778,36.7058236483774
779,36.7005948263145
780,36.6953727121714
781,36.6901572887594
782,36.6849485389555
783,36.6797464457028
784,36.6745509920093
785,36.6693621609482
786,36.6641799356572
787,36.6590042993385
788,36.6538352352582
789,36.648672726746
790,36.643516757195
791,36.6383673100614
792,36.633224368864
793,36.6280879171841
794,36.6229579386648
795,36.6178344170114
796,36.6127173359903
797,36.6076066794291
798,36.6025024312164
799,36.5974045753012
800,36.5923130956927
801,36.5872279764602
802,36.5821492017324
803,36.5770767556976
804,36.5720106226027
805,36.5669507867539
806,36.5618972325154
807,36.5568499443099
808,36.5518089066176
809,36.5467741039767
810,36.5417455209823
811,36.5367231422869
812,36.5317069525994
813,36.5266969366854
814,36.5216930793666
815,36.5166953655206
816,36.5117037800806
817,36.5067183080351
818,36.501738934428
819,36.4967656443576
820,36.491798422977
821,36.4868372554936
822,36.4818821271687
823,36.4769330233174
824,36.4719899293083
825,36.4670528305633
826,36.4621217125572
827,36.4571965608175
828,36.4522773609243
829,36.4473640985097
830,36.442456759258
831,36.4375553289051
832,36.4326597932384
833,36.4277701380964
834,36.4228863493687
835,36.4180084129955
836,36.4131363149678
837,36.4082700413263
838,36.4034095781623
839,36.3985549116164
840,36.3937060278789
841,36.3888629131895
842,36.3840255538368
843,36.3791939361583
844,36.37436804654
845,36.3695478714163
846,36.3647333972699
847,36.3599246106312
848,36.3551214980784
849,36.350324046237
850,36.3455322417798
851,36.3407460714268
852,36.3359655219446
853,36.3311905801463
854,36.3264212328916
855,36.321657467086
856,36.3168992696813
857,36.3121466276747
858,36.307399528109
859,36.3026579580722
860,36.2979219046977
861,36.2931913551632
862,36.2884662966916
863,36.2837467165498
864,36.2790326020493
865,36.2743239405454
866,36.2696207194372
867,36.2649229261677
868,36.260230548223
869,36.2555435731326
870,36.250861988469
871,36.2461857818477
872,36.2415149409264
873,36.2368494534056
874,36.232189307028
875,36.2275344895782
876,36.2228849888828
877,36.21824079281
878,36.2136018892695
879,36.2089682662122
880,36.2043399116303
881,36.1997168135567
882,36.1950989600651
883,36.1904863392699
884,36.1858789393255
885,36.1812767484268
886,36.1766797548087
887,36.1720879467456
888,36.1675013125519
889,36.1629198405812
890,36.1583435192265
891,36.1537723369199
892,36.1492062821323
893,36.1446453433737
894,36.1400895091922
895,36.1355387681746
896,36.1309931089459
897,36.1264525201692
898,36.1219169905454
899,36.1173865088131
900,36.1128610637486
901,36.1083406441655
902,36.1038252389146
903,36.0993148368839
904,36.0948094269981
905,36.0903089982187
906,36.085813539544
907,36.0813230400083
908,36.0768374886825
909,36.0723568746735
910,36.0678811871239
911,36.0634104152123
912,36.058944548153
913,36.0544835751956
914,36.050027485625
915,36.0455762687612
916,36.0411299139595
917,36.0366884106097
918,36.0322517481364
919,36.0278199159988
920,36.0233929036905
921,36.0189707007393
922,36.014553296707
923,36.0101406811895
924,36.0057328438165
925,36.0013297742512
926,35.9969314621903
927,35.9925378973642
928,35.988149069536
929,35.9837649685024
930,35.9793855840926
931,35.9750109061688
932,35.970640924626
933,35.9662756293912
934,35.9619150104244
935,35.9575590577174
936,35.9532077612942
937,35.9488611112109
938,35.9445190975552
939,35.9401817104466
940,35.9358489400362
941,35.9315207765064
942,35.927197210071
943,35.9228782309748
944,35.9185638294938
945,35.9142539959348
946,35.9099487206352
947,35.9056479939634
948,35.9013518063179
949,35.8970601481277
950,35.8927730098523
951,35.8884903819809
952,35.884212255033
953,35.8799386195578
954,35.8756694661342
955,35.8714047853709
956,35.8671445679059
957,35.8628888044066
958,35.8586374855698
959,35.8543906021212
960,35.8501481448156
961,35.8459101044366
962,35.8416764717968
963,35.8374472377371
964,35.8332223931272
965,35.829001928865
966,35.8247858358767
967,35.8205741051169
968,35.8163667275679
969,35.8121636942401
970,35.8079649961719
971,35.803770624429
972,35.7995805701051
973,35.7953948243211
974,35.7912133782254
975,35.7870362229935
976,35.7828633498282
977,35.7786947499593
978,35.7745304146434
979,35.770370335164
980,35.7662145028314
981,35.7620629089822
982,35.7579155449798
983,35.7537724022137
984,35.7496334720999
985,35.7454987460803
986,35.7413682156231
987,35.7372418722224
988,35.7331197073979
989,35.7290017126954
990,35.7248878796861
991,35.7207781999668
992,35.7166726651596
993,35.7125712669121
994,35.7084739968971
995,35.7043808468123
996,35.7002918083808
997,35.6962068733504
998,35.6921260334935
999,35.6880492806077
1000,35.6839766065148
1001,35.666339132698
1002,35.6487192699412
1003,35.6311169831104
1004,35.6135322371762
1005,35.5959649972139
1006,35.5784152284031
1007,35.5608828960273
1008,35.543367965473
1009,35.52587040223
1010,35.5083901718905
1011,35.4909272401489
1012,35.4734815728014
1013,35.4560531357455
1014,35.4386418949795
1015,35.4212478166024
1016,35.4038708668135
1017,35.3865110119115
1018,35.3691682182946
1019,35.3518424524603
1020,35.3345336810041
1021,35.3172418706202
1022,35.2999669881004
1023,35.2827090003339
1024,35.2654678743071
1025,35.2482435771028
1026,35.2310360759004
1027,35.2138453379752
1028,35.1966713306977
1029,35.179514021534
1030,35.1623733780447
1031,35.1452493678851
1032,35.1281419588043
1033,35.1110511186454
1034,35.0939768153445
1035,35.076919016931
1036,35.0598776915267
1037,35.0428528073458
1038,35.0258443326943
1039,35.00885223597
1040,34.9918764856616
1041,34.9749170503487
1042,34.9579738987017
1043,34.9410469994808
1044,34.9241363215362
1045,34.9072418338075
1046,34.8903635053235
1047,34.8735013052016
1048,34.856655202648
1049,34.8398251669567
1050,34.8230111675095
1051,34.8062131737758
1052,34.789431155312
1053,34.7726650817612
1054,34.7559149228531
1055,34.7391806484034
1056,34.7224622283137
1057,34.705759632571
1058,34.6890728312475
1059,34.6724017945
1060,34.6557464925701
1061,34.6391068957834
1062,34.6224829745495
1063,34.6058746993615
1064,34.5892820407955
1065,34.5727049695109
1066,34.5561434562495
1067,34.5395974718355
1068,34.5230669871749
1069,34.5065519732556
1070,34.4900524011468
1071,34.4735682419988
1072,34.4570994670427
1073,34.4406460475899
1074,34.4242079550321
1075,34.4077851608409
1076,34.3913776365675
1077,34.3749853538423
1078,34.3586082843747
1079,34.3422463999529
1080,34.3258996724433
1081,34.3095680737905
1082,34.2932515760171
1083,34.276950151223
1084,34.2606637715854
1085,34.2443924093585
1086,34.2281360368733
1087,34.2118946265369
1088,34.1956681508329
1089,34.1794565823204
1090,34.1632598936343
1091,34.1470780574845
1092,34.1309110466563
1093,34.1147588340093
1094,34.098621392478
1095,34.0824986950707
1096,34.0663907148698
1097,34.0502974250314
1098,34.0342187987849
1099,34.0181548094327
1100,34.0021054303503
1101,33.9860706349855
1102,33.9700503968587
1103,33.9540446895621
1104,33.9380534867597
1105,33.9220767621874
1106,33.9061144896519
1107,33.8901666430312
1108,33.874233196274
1109,33.8583141233994
1110,33.8424093984969
1111,33.826518995726
1112,33.8106428893157
1113,33.7947810535648
1114,33.7789334628412
1115,33.7631000915818
1116,33.7472809142922
1117,33.7314759055467
1118,33.7156850399876
1119,33.6999082923254
1120,33.6841456373383
1121,33.668397049872
1122,33.6526625048396
1123,33.6369419772211
1124,33.6212354420633
1125,33.6055428744798
1126,33.5898642496503
1127,33.5741995428208
1128,33.5585487293028
1129,33.5429117844739
1130,33.5272886837768
1131,33.5116794027194
1132,33.4960839168747
1133,33.4805022018802
1134,33.464934233438
1135,33.4493799873144
1136,33.4338394393397
1137,33.4183125654081
1138,33.4027993414774
1139,33.3872997435685
1140,33.3718137477658
1141,33.3563413302162
1142,33.3408824671297
1143,33.3254371347785
1144,33.310005309497
1145,33.2945869676819
1146,33.2791820857916
1147,33.2637906403459
1148,33.2484126079263
1149,33.2330479651753
1150,33.2176966887963
1151,33.2023587555537
1152,33.1870341422721
1153,33.1717228258366
1154,33.1564247831926
1155,33.141139991345
1156,33.1258684273588
1157,33.1106100683582
1158,33.0953648915268
1159,33.0801328741074
1160,33.0649139934015
1161,33.0497082267693
1162,33.0345155516297
1163,33.0193359454594
1164,33.0041693857938
1165,32.9890158502256
1166,32.9738753164056
1167,32.9587477620417
1168,32.9436331648995
1169,32.9285315028013
1170,32.9134427536265
1171,32.8983668953113
1172,32.883303905848
1173,32.8682537632856
1174,32.8532164457291
1175,32.8381919313394
1176,32.823180198333
1177,32.8081812249823
1178,32.7931949896147
1179,32.778221470613
1180,32.7632606464149
1181,32.7483124955128
1182,32.7333769964538
1183,32.7184541278395
1184,32.7035438683257
1185,32.6886461966222
1186,32.6737610914927
1187,32.6588885317546
1188,32.6440284962787
1189,32.6291809639895
1190,32.6143459138642
1191,32.5995233249333
1192,32.5847131762798
1193,32.5699154470397
1194,32.5551301164012
1195,32.5403571636048
1196,32.525596567943
1197,32.5108483087605
1198,32.4961123654534
1199,32.4813887174697
1200,32.4666773443086
1201,32.4519782255205
1202,32.4372913407071
1203,32.4226166695207
1204,32.4079541916644
1205,32.393303886892
1206,32.3786657350077
1207,32.3640397158656
1208,32.3494258093701
1209,32.3348239954755
1210,32.3202342541858
1211,32.3056565655544
1212,32.2910909096843
1213,32.2765372667276
1214,32.2619956168856
1215,32.2474659404083
1216,32.2329482175946
1217,32.2184424287919
1218,32.2039485543962
1219,32.1894665748516
1220,32.1749964706502
1221,32.1605382223324
1222,32.1460918104861
1223,32.1316572157469
1224,32.1172344187979
1225,32.1028234003696
1226,32.0884241412395
1227,32.0740366222324
1228,32.0596608242196
1229,32.0452967281194
1230,32.0309443148966
1231,32.0166035655622
1232,32.0022744611738
1233,31.9879569828348
1234,31.9736511116948
1235,31.9593568289491
1236,31.9450741158385
1237,31.9308029536497
1238,31.9165433237143
1239,31.9022952074096
1240,31.8880585861576
1241,31.8738334414253
1242,31.8596197547247
1243,31.8454175076123
1244,31.8312266816889
1245,31.8170472585999
1246,31.802879220035
1247,31.7887225477276
1248,31.7745772234553
1249,31.7604432290395
1250,31.7463205463452
1251,31.7322091572807
1252,31.718109043798
1253,31.7040201878921
1254,31.6899425716012
1255,31.6758761770065
1256,31.6618209862318
1257,31.6477769814438
1258,31.6337441448516
1259,31.6197224587068
1260,31.6057119053033
1261,31.5917124669771
1262,31.577724126106
1263,31.5637468651102
1264,31.549780666451
1265,31.5358255126318
1266,31.5218813861972
1267,31.5079482697333
1268,31.4940261458674
1269,31.4801149972678
1270,31.4662148066438
1271,31.4523255567455
1272,31.4384472303639
1273,31.4245798103302
1274,31.4107232795163
1275,31.3968776208345
1276,31.383042817237
1277,31.3692188517163
1278,31.3554057073047
1279,31.3416033670744
1280,31.3278118141374
1281,31.314031031645
1282,31.300261002788
1283,31.2865017107968
1284,31.2727531389406
1285,31.259015270528
1286,31.2452880889064
1287,31.231571577462
1288,31.2178657196198
1289,31.2041704988434
1290,31.1904858986347
1291,31.1768119025342
1292,31.1631484941204
1293,31.1494956570102
1294,31.1358533748582
1295,31.122221631357
1296,31.108600410237
1297,31.0949896952663
1298,31.0813894702503
1299,31.0677997190321
1300,31.0542204254919
1301,31.0406515735471
1302,31.0270931471523
1303,31.0135451302989
1304,31.0000075070153
1305,30.9864802613665
1306,30.9729633774542
1307,30.9594568394165
1308,30.945960631428
1309,30.9324747376996
1310,30.9189991424784
1311,30.9055338300473
1312,30.8920787847254
1313,30.8786339908676
1314,30.8651994328645
1315,30.8517750951423
1316,30.8383609621629
1317,30.8249570184233
1318,30.811563248456
1319,30.7981796368287
1320,30.7848061681441
1321,30.7714428270399
1322,30.7580895981888
1323,30.744746466298
1324,30.7314134161097
1325,30.7180904324004
1326,30.7047774999812
1327,30.6914746036974
1328,30.6781817284287
1329,30.6648988590889
1330,30.6516259806258
1331,30.6383630780212
1332,30.6251101362907
1333,30.6118671404836
1334,30.598634075683
1335,30.5854109270052
1336,30.5721976796004
1337,30.5589943186516
1338,30.5458008293755
1339,30.5326171970218
1340,30.519443406873
1341,30.5062794442448
1342,30.4931252944857
1343,30.4799809429768
1344,30.4668463751321
1345,30.4537215763978
1346,30.4406065322529
1347,30.4275012282085
1348,30.4144056498081
1349,30.4013197826272
1350,30.3882436122736
1351,30.3751771243869
1352,30.3621203046386
1353,30.349073138732
1354,30.3360356124022
1355,30.3230077114157
1356,30.3099894215706
1357,30.2969807286964
1358,30.2839816186538
1359,30.2709920773351
1360,30.2580120906632
1361,30.2450416445925
1362,30.2320807251081
1363,30.219129318226
1364,30.206187409993
1365,30.1932549864866
1366,30.1803320338148
1367,30.1674185381161
1368,30.1545144855595
1369,30.1416198623444
1370,30.1287346547002
1371,30.1158588488865
1372,30.1029924311931
1373,30.0901353879396
1374,30.0772877054757
1375,30.0644493701806
1376,30.0516203684635
1377,30.0388006867629
1378,30.0259903115471
1379,30.0131892293139
1380,30.0003974265901
1381,29.9876148899321
1382,29.9748416059254
1383,29.9620775611847
1384,29.9493227423535
1385,29.9365771361043
1386,29.9238407291388
1387,29.911113508187
1388,29.8983954600078
1389,29.8856865713888
1390,29.872986829146
1391,29.8602962201239
1392,29.8476147311953
1393,29.8349423492613
1394,29.8222790612512
1395,29.8096248541226
1396,29.7969797148608
1397,29.7843436304793
1398,29.7717165880194
1399,29.7590985745502
1400,29.7464895771686
1401,29.7338895829991
1402,29.7212985791936
1403,29.7087165529317
1404,29.6961434914203
1405,29.6835793818937
1406,29.6710242116132
1407,29.6584779678677
1408,29.6459406379729
1409,29.6334122092714
1410,29.6208926691331
1411,29.6083820049546
1412,29.5958802041591
1413,29.5833872541968
1414,29.5709031425443
1415,29.558427856705
1416,29.5459613842086
1417,29.5335037126113
1418,29.5210548294956
1419,29.5086147224701
1420,29.49618337917
1421,29.4837607872563
1422,29.471346934416
1423,29.4589418083622
1424,29.446545396834
1425,29.4341576875961
1426,29.421778668439
1427,29.409408327179
1428,29.397046651658
1429,29.3846936297431
1430,29.3723492493273
1431,29.3600134983288
1432,29.3476863646912
1433,29.3353678363831
1434,29.3230579013985
1435,29.3107565477566
1436,29.2984637635014
1437,29.286179536702
1438,29.2739038554524
1439,29.2616367078713
1440,29.2493780821024
1441,29.2371279663138
1442,29.2248863486986
1443,29.212653217474
1444,29.2004285608821
1445,29.1882123671891
1446,29.1760046246858
1447,29.1638053216872
1448,29.1516144465324
1449,29.1394319875848
1450,29.1272579332318
1451,29.1150922718849
1452,29.1029349919795
1453,29.0907860819749
1454,29.0786455303541
1455,29.0665133256241
1456,29.0543894563154
1457,29.0422739109821
1458,29.030166678202
1459,29.0180677465764
1460,29.0059771047298
1461,28.9938947413103
1462,28.9818206449893
1463,28.9697548044613
1464,28.957697208444
1465,28.9456478456783
1466,28.9336067049281
1467,28.9215737749803
1468,28.9095490446446
1469,28.8975325027538
1470,28.8855241381634
1471,28.8735239397514
1472,28.8615318964189
1473,28.8495479970892
1474,28.8375722307085
1475,28.8256045862452
1476,28.8136450526903
1477,28.8016936190573
1478,28.7897502743816
1479,28.7778150077211
1480,28.7658878081561
1481,28.7539686647885
1482,28.7420575667428
1483,28.7301545031652
1484,28.7182594632239
1485,28.7063724361091
1486,28.6944934110326
1487,28.6826223772282
1488,28.6707593239513
1489,28.6589042404791
1490,28.6470571161102
1491,28.6352179401647
1492,28.6233867019845
1493,28.6115633909327
1494,28.5997479963937
1495,28.5879405077734
1496,28.5761409144987
1497,28.564349206018
1498,28.5525653718007
1499,28.5407894013371
1500,28.5290212841389
1501,28.5172610097385
1502,28.5055085676892
1503,28.4937639475653
1504,28.4820271389619
1505,28.4702981314947
1506,28.4585769148003
1507,28.4468634785356
1508,28.4351578123786
1509,28.4234599060272
1510,28.4117697492004
1511,28.4000873316372
1512,28.3884126430971
1513,28.3767456733599
1514,28.3650864122256
1515,28.3534348495146
1516,28.3417909750672
1517,28.330154778744
1518,28.3185262504255
1519,28.3069053800123
1520,28.2952921574249
1521,28.2836865726036
1522,28.2720886155086
1523,28.2604982761201
1524,28.2489155444376
1525,28.2373404104806
1526,28.2257728642881
1527,28.2142128959187
1528,28.2026604954507
1529,28.1911156529815
1530,28.1795783586282
1531,28.1680486025273
1532,28.1565263748344
1533,28.1450116657245
1534,28.1335044653919
1535,28.12200476405
1536,28.1105125519312
1537,28.0990278192871
1538,28.0875505563884
1539,28.0760807535245
1540,28.0646184010041
1541,28.0531634891545
1542,28.0417160083218
1543,28.0302759488711
1544,28.0188433011859
1545,28.0074180556688
1546,27.9960002027407
1547,27.9845897328412
1548,27.9731866364284
1549,27.961790903979
1550,27.9504025259879
1551,27.9390214929686
1552,27.9276477954529
1553,27.9162814239908
1554,27.9049223691508
1555,27.8935706215192
1556,27.8822261717008
1557,27.8708890103184
1558,27.8595591280129
1559,27.848236515443
1560,27.8369211632856
1561,27.8256130622356
1562,27.8143122030055
1563,27.8030185763258
1564,27.7917321729447
1565,27.7804529836283
1566,27.7691809991603
1567,27.7579162103419
1568,27.7466586079921
1569,27.7354081829475
1570,27.7241649260621
1571,27.7129288282073
1572,27.7016998802721
1573,27.6904780731628
1574,27.679263397803
1575,27.6680558451336
1576,27.6568554061129
1577,27.6456620717162
1578,27.6344758329361
1579,27.6232966807822
1580,27.6121246062813
1581,27.6009596004772
1582,27.5898016544306
1583,27.5786507592193
1584,27.5675069059378
1585,27.5563700856977
1586,27.5452402896273
1587,27.5341175088715
1588,27.5230017345923
1589,27.5118929579682
1590,27.5007911701942
1591,27.4896963624821
1592,27.4786085260603
1593,27.4675276521736
1594,27.4564537320834
1595,27.4453867570673
1596,27.4343267184196
1597,27.4232736074508
1598,27.4122274154878
1599,27.4011881338736
1600,27.3901557539677
1601,27.3791302671456
1602,27.368111664799
1603,27.3570999383358
1604,27.3460950791798
1605,27.3350970787709
1606,27.3241059285653
1607,27.3131216200346
1608,27.3021441446668
1609,27.2911734939654
1610,27.2802096594501
1611,27.2692526326562
1612,27.2583024051346
1613,27.2473589684523
1614,27.2364223141916
1615,27.2254924339507
1616,27.2145693193434
1617,27.2036529619988
1618,27.1927433535619
1619,27.1818404856928
1620,27.1709443500674
1621,27.1600549383767
1622,27.1491722423274
1623,27.1382962536412
1624,27.1274269640553
1625,27.1165643653222
1626,27.1057084492095
1627,27.0948592074999
1628,27.0840166319915
1629,27.0731807144974
1630,27.0623514468456
1631,27.0515288208794
1632,27.040712828457
1633,27.0299034614515
1634,27.019100711751
1635,27.0083045712584
1636,26.9975150318915
1637,26.986732085583
1638,26.9759557242804
1639,26.9651859399456
1640,26.9544227245557
1641,26.9436660701021
1642,26.932915968591
1643,26.9221724120432
1644,26.9114353924939
1645,26.9007049019932
1646,26.8899809326053
1647,26.879263476409
1648,26.8685525254976
1649,26.8578480719788
1650,26.8471501079744
1651,26.8364586256208
1652,26.8257736170687
1653,26.8150950744828
1654,26.8044229900421
1655,26.79375735594
1656,26.7830981643839
1657,26.7724454075951
1658,26.7617990778093
1659,26.751159167276
1660,26.740525668259
1661,26.7298985730359
1662,26.7192778738981
1663,26.7086635631512
1664,26.6980556331144
1665,26.687454076121
1666,26.676858884518
1667,26.6662700506661
1668,26.6556875669398
1669,26.6451114257274
1670,26.6345416194307
1671,26.6239781404653
1672,26.6134209812604
1673,26.6028701342586
1674,26.5923255919163
1675,26.5817873467033
1676,26.5712553911029
1677,26.5607297176117
1678,26.55021031874
1679,26.5396971870113
1680,26.5291903149624
1681,26.5186896951437
1682,26.5081953201185
1683,26.4977071824637
1684,26.4872252747693
1685,26.4767495896384
1686,26.4662801196874
1687,26.4558168575459
1688,26.4453597958563
1689,26.4349089272744
1690,26.4244642444689
1691,26.4140257401215
1692,26.4035934069269
1693,26.3931672375927
1694,26.3827472248396
1695,26.3723333614009
1696,26.361925640023
1697,26.351524053465
1698,26.3411285944988
1699,26.3307392559092
1700,26.3203560304936
1701,26.3099789110621
1702,26.2996078904375
1703,26.2892429614554
1704,26.2788841169638
1705,26.2685313498234
1706,26.2581846529073
1707,26.2478440191015
1708,26.2375094413041
1709,26.2271809124258
1710,26.2168584253899
1711,26.2065419731319
1712,26.1962315485997
1713,26.1859271447538
1714,26.1756287545667
1715,26.1653363710234
1716,26.1550499871211
1717,26.1447695958693
1718,26.1344951902895
1719,26.1242267634157
1720,26.1139643082938
1721,26.103707817982
1722,26.0934572855504
1723,26.0832127040814
1724,26.0729740666693
1725,26.0627413664204
1726,26.0525145964531
1727,26.0422937498976
1728,26.0320788198961
1729,26.0218697996029
1730,26.0116666821838
1731,26.0014694608167
1732,25.9912781286912
1733,25.9810926790089
1734,25.9709131049829
1735,25.9607393998381
1736,25.9505715568114
1737,25.9404095691509
1738,25.9302534301168
1739,25.9201031329806
1740,25.9099586710256
1741,25.8998200375466
1742,25.8896872258501
1743,25.8795602292537
1744,25.8694390410871
1745,25.8593236546911
1746,25.8492140634179
1747,25.8391102606313
1748,25.8290122397064
1749,25.8189199940296
1750,25.808833516999
1751,25.7987528020235
1752,25.7886778425236
1753,25.778608631931
1754,25.7685451636886
1755,25.7584874312506
1756,25.7484354280824
1757,25.7383891476603
1758,25.7283485834721
1759,25.7183137290164
1760,25.7082845778032
1761,25.6982611233532
1762,25.6882433591984
1763,25.6782312788818
1764,25.6682248759571
1765,25.6582241439894
1766,25.6482290765544
1767,25.6382396672388
1768,25.6282559096403
1769,25.6182777973672
1770,25.608305324039
1771,25.5983384832856
1772,25.588377268748
1773,25.5784216740779
1774,25.5684716929376
1775,25.5585273190003
1776,25.5485885459498
1777,25.5386553674805
1778,25.5287277772976
1779,25.5188057691168
1780,25.5088893366643
1781,25.4989784736772
1782,25.4890731739028
1783,25.4791734310992
1784,25.4692792390347
1785,25.4593905914883
1786,25.4495074822494
1787,25.4396299051179
1788,25.4297578539039
1789,25.4198913224281
1790,25.4100303045215
1791,25.4001747940253
1792,25.3903247847912
1793,25.3804802706811
1794,25.3706412455671
1795,25.3608077033317
1796,25.3509796378676
1797,25.3411570430775
1798,25.3313399128746
1799,25.3215282411818
1800,25.3117220219327
1801,25.3019212490705
1802,25.2921259165488
1803,25.2823360183312
1804,25.2725515483911
1805,25.2627725007124
1806,25.2529988692885
1807,25.2432306481231
1808,25.2334678312297
1809,25.2237104126318
1810,25.2139583863627
1811,25.2042117464658
1812,25.1944704869942
1813,25.1847346020108
1814,25.1750040855885
1815,25.1652789318099
1816,25.1555591347672
1817,25.1458446885628
1818,25.1361355873084
1819,25.1264318251256
1820,25.1167333961457
1821,25.1070402945096
1822,25.097352514368
1823,25.0876700498811
1824,25.0779928952187
1825,25.0683210445601
1826,25.0586544920945
1827,25.0489932320203
1828,25.0393372585456
1829,25.0296865658879
1830,25.0200411482743
1831,25.0104009999413
1832,25.0007661151348
1833,24.9911364881102
1834,24.9815121131322
1835,24.971892984475
1836,24.962279096422
1837,24.9526704432662
1838,24.9430670193095
1839,24.9334688188636
1840,24.9238758362492
1841,24.9142880657961
1842,24.9047055018437
1843,24.8951281387404
1844,24.8855559708438
1845,24.8759889925207
1846,24.8664271981471
1847,24.8568705821081
1848,24.8473191387979
1849,24.8377728626199
1850,24.8282317479864
1851,24.8186957893189
1852,24.8091649810479
1853,24.799639317613
1854,24.7901187934626
1855,24.7806034030542
1856,24.7710931408544
1857,24.7615880013384
1858,24.7520879789907
1859,24.7425930683044
1860,24.7331032637817
1861,24.7236185599335
1862,24.7141389512796
1863,24.7046644323488
1864,24.6951949976785
1865,24.6857306418149
1866,24.676271359313
1867,24.6668171447366
1868,24.6573679926582
1869,24.6479238976591
1870,24.638484854329
1871,24.6290508572667
1872,24.6196219010794
1873,24.610197980383
1874,24.6007790898019
1875,24.5913652239693
1876,24.5819563775268
1877,24.5725525451248
1878,24.5631537214221
1879,24.553759901086
1880,24.5443710787923
1881,24.5349872492253
1882,24.525608407078
1883,24.5162345470517
1884,24.5068656638559
1885,24.4975017522089
1886,24.4881428068372
1887,24.4787888224757
1888,24.4694397938677
1889,24.460095715765
1890,24.4507565829274
1891,24.4414223901233
1892,24.4320931321292
1893,24.4227688037301
1894,24.4134493997191
1895,24.4041349148976
1896,24.3948253440751
1897,24.3855206820695
1898,24.3762209237068
1899,24.3669260638213
1900,24.3576360972552
1901,24.3483510188591
1902,24.3390708234915
1903,24.3297955060192
1904,24.3205250613171
1905,24.3112594842679
1906,24.3019987697627
1907,24.2927429127003
1908,24.283491907988
1909,24.2742457505405
1910,24.265004435281
1911,24.2557679571404
1912,24.2465363110577
1913,24.2373094919796
1914,24.2280874948611
1915,24.2188703146647
1916,24.2096579463611
1917,24.2004503849288
1918,24.191247625354
1919,24.1820496626309
1920,24.1728564917615
1921,24.1636681077555
1922,24.1544845056306
1923,24.1453056804121
1924,24.1361316271331
1925,24.1269623408344
1926,24.1177978165647
1927,24.1086380493802
1928,24.0994830343449
1929,24.0903327665305
1930,24.0811872410163
1931,24.0720464528892
1932,24.0629103972439
1933,24.0537790691826
1934,24.0446524638151
1935,24.0355305762588
1936,24.0264134016386
1937,24.0173009350872
1938,24.0081931717445
1939,23.9990901067582
1940,23.9899917352832
1941,23.9808980524823
1942,23.9718090535254
1943,23.96272473359
1944,23.9536450878611
1945,23.9445701115312
1946,23.9354997997999
1947,23.9264341478744
1948,23.9173731509695
1949,23.9083168043069
1950,23.899265103116
1951,23.8902180426334
1952,23.8811756181031
1953,23.8721378247764
1954,23.8631046579117
1955,23.8540761127751
1956,23.8450521846394
1957,23.8360328687851
1958,23.8270181604998
1959,23.8180080550783
1960,23.8090025478225
1961,23.8000016340416
1962,23.7910053090521
1963,23.7820135681775
1964,23.7730264067483
1965,23.7640438201025
1966,23.7550658035848
1967,23.7460923525475
1968,23.7371234623495
1969,23.728159128357
1970,23.7191993459432
1971,23.7102441104886
1972,23.7012934173802
1973,23.6923472620126
1974,23.683405639787
1975,23.6744685461116
1976,23.6655359764019
1977,23.6566079260801
1978,23.6476843905753
1979,23.6387653653236
1980,23.6298508457682
1981,23.6209408273589
1982,23.6120353055525
1983,23.6031342758129
1984,23.5942377336104
1985,23.5853456744227
1986,23.5764580937338
1987,23.5675749870349
1988,23.5586963498238
1989,23.5498221776053
1990,23.5409524658907
1991,23.5320872101982
1992,23.5232264060528
1993,23.5143700489862
1994,23.5055181345369
1995,23.4966706582499
1996,23.4878276156771
1997,23.478989002377
1998,23.4701548139148
1999,23.4613250458623
2000,23.452499693798
2001,23.4441929122522
2002,23.4358902809846
2003,23.4275917958502
2004,23.41929745271
2005,23.4110072474313
2006,23.4027211758877
2007,23.3944392339588
2008,23.3861614175304
2009,23.3778877224945
2010,23.3696181447491
2011,23.3613526801985
2012,23.353091324753
2013,23.344834074329
2014,23.336580924849
2015,23.3283318722416
2016,23.3200869124414
2017,23.3118460413891
2018,23.3036092550315
2019,23.2953765493211
2020,23.2871479202169
2021,23.2789233636836
2022,23.2707028756919
2023,23.2624864522185
2024,23.2542740892461
2025,23.2460657827634
2026,23.2378615287649
2027,23.2296613232512
2028,23.2214651622286
2029,23.2132730417095
2030,23.2050849577122
2031,23.1969009062607
2032,23.188720883385
2033,23.180544885121
2034,23.1723729075104
2035,23.1642049466006
2036,23.156040998445
2037,23.1478810591029
2038,23.1397251246391
2039,23.1315731911244
2040,23.1234252546354
2041,23.1152813112544
2042,23.1071413570694
2043,23.0990053881743
2044,23.0908734006685
2045,23.0827453906574
2046,23.074621354252
2047,23.0665012875688
2048,23.0583851867304
2049,23.0502730478647
2050,23.0421648671054
2051,23.034060640592
2052,23.0259603644695
2053,23.0178640348884
2054,23.0097716480051
2055,23.0016831999816
2056,22.9935986869851
2057,22.985518105189
2058,22.9774414507717
2059,22.9693687199176
2060,22.9612999088164
2061,22.9532350136635
2062,22.9451740306598
2063,22.9371169560115
2064,22.9290637859308
2065,22.9210145166349
2066,22.9129691443469
2067,22.904927665295
2068,22.8968900757132
2069,22.8888563718408
2070,22.8808265499226
2071,22.8728006062088
2072,22.8647785369551
2073,22.8567603384225
2074,22.8487460068776
2075,22.8407355385921
2076,22.8327289298434
2077,22.8247261769142
2078,22.8167272760924
2079,22.8087322236715
2080,22.8007410159501
2081,22.7927536492323
2082,22.7847701198276
2083,22.7767904240505
2084,22.7688145582212
2085,22.7608425186649
2086,22.7528743017122
2087,22.744909903699
2088,22.7369493209665
2089,22.728992549861
2090,22.7210395867341
2091,22.7130904279428
2092,22.7051450698491
2093,22.6972035088204
2094,22.6892657412291
2095,22.681331763453
2096,22.673401571875
2097,22.6654751628831
2098,22.6575525328706
2099,22.6496336782359
2100,22.6417185953826
2101,22.6338072807193
2102,22.6258997306599
2103,22.6179959416232
2104,22.6100959100333
2105,22.6021996323193
2106,22.5943071049155
2107,22.5864183242611
2108,22.5785332868005
2109,22.5706519889831
2110,22.5627744272635
2111,22.5549005981011
2112,22.5470304979604
2113,22.5391641233111
2114,22.5313014706277
2115,22.5234425363897
2116,22.5155873170819
2117,22.5077358091936
2118,22.4998880092195
2119,22.4920439136589
2120,22.4842035190165
2121,22.4763668218015
2122,22.4685338185283
2123,22.4607045057162
2124,22.4528788798893
2125,22.4450569375766
2126,22.4372386753122
2127,22.429424089635
2128,22.4216131770887
2129,22.4138059342218
2130,22.406002357588
2131,22.3982024437455
2132,22.3904061892575
2133,22.382613590692
2134,22.3748246446219
2135,22.3670393476247
2136,22.3592576962831
2137,22.3514796871842
2138,22.3437053169202
2139,22.3359345820877
2140,22.3281674792885
2141,22.3204040051289
2142,22.31264415622
2143,22.3048879291777
2144,22.2971353206227
2145,22.2893863271801
2146,22.2816409454802
2147,22.2738991721576
2148,22.2661610038518
2149,22.258426437207
2150,22.250695468872
2151,22.2429680955003
2152,22.2352443137501
2153,22.2275241202842
2154,22.2198075117702
2155,22.2120944848801
2156,22.2043850362907
2157,22.1966791626834
2158,22.1889768607441
2159,22.1812781271636
2160,22.1735829586369
2161,22.1658913518639
2162,22.158203303549
2163,22.150518810401
2164,22.1428378691335
2165,22.1351604764645
2166,22.1274866291167
2167,22.1198163238172
2168,22.1121495572976
2169,22.1044863262942
2170,22.0968266275477
2171,22.0891704578032
2172,22.0815178138106
2173,22.0738686923239
2174,22.0662230901019
2175,22.0585810039077
2176,22.050942430509
2177,22.0433073666777
2178,22.0356758091905
2179,22.0280477548282
2180,22.0204232003763
2181,22.0128021426246
2182,22.0051845783672
2183,21.9975705044029
2184,21.9899599175347
2185,21.9823528145699
2186,21.9747491923204
2187,21.9671490476023
2188,21.9595523772362
2189,21.951959178047
2190,21.944369446864
2191,21.9367831805207
2192,21.9292003758551
2193,21.9216210297094
2194,21.9140451389302
2195,21.9064727003683
2196,21.8989037108791
2197,21.8913381673218
2198,21.8837760665605
2199,21.8762174054629
2200,21.8686621809016
2201,21.8611103897531
2202,21.8535620288981
2203,21.8460170952219
2204,21.8384755856138
2205,21.8309374969672
2206,21.82340282618
2207,21.8158715701543
2208,21.8083437257962
2209,21.8008192900161
2210,21.7932982597287
2211,21.7857806318527
2212,21.7782664033112
2213,21.7707555710313
2214,21.7632481319443
2215,21.7557440829858
2216,21.7482434210952
2217,21.7407461432164
2218,21.7332522462974
2219,21.7257617272901
2220,21.7182745831506
2221,21.7107908108393
2222,21.7033104073205
2223,21.6958333695627
2224,21.6883596945384
2225,21.6808893792243
2226,21.6734224206011
2227,21.6659588156535
2228,21.6584985613705
2229,21.6510416547449
2230,21.6435880927736
2231,21.6361378724576
2232,21.628690990802
2233,21.6212474448158
2234,21.613807231512
2235,21.6063703479077
2236,21.598936791024
2237,21.591506557886
2238,21.5840796455226
2239,21.576656050967
2240,21.5692357712562
2241,21.561818803431
2242,21.5544051445365
2243,21.5469947916216
2244,21.539587741739
2245,21.5321839919456
2246,21.5247835393021
2247,21.5173863808731
2248,21.5099925137271
2249,21.5026019349367
2250,21.4952146415781
2251,21.4878306307317
2252,21.4804498994816
2253,21.4730724449159
2254,21.4656982641264
2255,21.458327354209
2256,21.4509597122633
2257,21.4435953353927
2258,21.4362342207048
2259,21.4288763653105
2260,21.4215217663251
2261,21.4141704208673
2262,21.4068223260598
2263,21.3994774790291
2264,21.3921358769055
2265,21.3847975168232
2266,21.37746239592
2267,21.3701305113376
2268,21.3628018602215
2269,21.355476439721
2270,21.348154246989
2271,21.3408352791823
2272,21.3335195334615
2273,21.3262070069909
2274,21.3188976969384
2275,21.3115916004759
2276,21.3042887147787
2277,21.2969890370262
2278,21.2896925644013
2279,21.2823992940905
2280,21.2751092232842
2281,21.2678223491765
2282,21.260538668965
2283,21.2532581798512
2284,21.2459808790402
2285,21.2387067637407
2286,21.2314358311651
2287,21.2241680785295
2288,21.2169035030537
2289,21.2096421019609
2290,21.2023838724782
2291,21.1951288118363
2292,21.1878769172694
2293,21.1806281860153
2294,21.1733826153157
2295,21.1661402024155
2296,21.1589009445636
2297,21.1516648390121
2298,21.144431883017
2299,21.1372020738377
2300,21.1299754087374
2301,21.1227518849825
2302,21.1155314998433
2303,21.1083142505936
2304,21.1011001345105
2305,21.0938891488749
2306,21.0866812909712
2307,21.0794765580873
2308,21.0722749475147
2309,21.0650764565481
2310,21.0578810824862
2311,21.0506888226308
2312,21.0434996742875
2313,21.0363136347652
2314,21.0291307013764
2315,21.0219508714369
2316,21.0147741422662
2317,21.0076005111872
2318,21.0004299755263
2319,20.9932625326132
2320,20.9860981797812
2321,20.9789369143671
2322,20.9717787337109
2323,20.9646236351563
2324,20.9574716160502
2325,20.9503226737432
2326,20.943176805589
2327,20.9360340089451
2328,20.9288942811719
2329,20.9217576196337
2330,20.9146240216978
2331,20.9074934847352
2332,20.9003660061201
2333,20.8932415832301
2334,20.8861202134462
2335,20.8790018941528
2336,20.8718866227376
2337,20.8647743965916
2338,20.8576652131093
2339,20.8505590696885
2340,20.8434559637302
2341,20.8363558926389
2342,20.8292588538223
2343,20.8221648446916
2344,20.8150738626611
2345,20.8079859051484
2346,20.8009009695747
2347,20.7938190533643
2348,20.7867401539446
2349,20.7796642687466
2350,20.7725913952045
2351,20.7655215307556
2352,20.7584546728407
2353,20.7513908189038
2354,20.7443299663921
2355,20.737272112756
2356,20.7302172554493
2357,20.7231653919289
2358,20.716116519655
2359,20.7090706360912
2360,20.702027738704
2361,20.6949878249633
2362,20.6879508923422
2363,20.680916938317
2364,20.6738859603672
2365,20.6668579559756
2366,20.6598329226279
2367,20.6528108578134
2368,20.6457917590242
2369,20.6387756237557
2370,20.6317624495067
2371,20.6247522337789
2372,20.6177449740772
2373,20.6107406679097
2374,20.6037393127876
2375,20.5967409062254
2376,20.5897454457405
2377,20.5827529288537
2378,20.5757633530886
2379,20.5687767159723
2380,20.5617930150347
2381,20.554812247809
2382,20.5478344118315
2383,20.5408595046414
2384,20.5338875237813
2385,20.5269184667966
2386,20.519952331236
2387,20.5129891146513
2388,20.5060288145971
2389,20.4990714286314
2390,20.492116954315
2391,20.485165389212
2392,20.4782167308894
2393,20.4712709769173
2394,20.4643281248688
2395,20.4573881723201
2396,20.4504511168503
2397,20.4435169560419
2398,20.4365856874799
2399,20.4296573087527
2400,20.4227318174517
2401,20.415809211171
2402,20.4088894875081
2403,20.4019726440632
2404,20.3950586784397
2405,20.3881475882439
2406,20.381239371085
2407,20.3743340245753
2408,20.3674315463301
2409,20.3605319339676
2410,20.3536351851089
2411,20.3467412973783
2412,20.3398502684028
2413,20.3329620958124
2414,20.3260767772401
2415,20.3191943103219
2416,20.3123146926967
2417,20.3054379220062
2418,20.2985639958953
2419,20.2916929120114
2420,20.2848246680052
2421,20.2779592615302
2422,20.2710966902428
2423,20.2642369518021
2424,20.2573800438706
2425,20.2505259641131
2426,20.2436747101977
2427,20.2368262797952
2428,20.2299806705794
2429,20.2231378802269
2430,20.216297906417
2431,20.2094607468323
2432,20.2026263991577
2433,20.1957948610815
2434,20.1889661302945
2435,20.1821402044904
2436,20.1753170813658
2437,20.1684967586202
2438,20.1616792339558
2439,20.1548645050777
2440,20.1480525696938
2441,20.1412434255148
2442,20.1344370702542
2443,20.1276335016284
2444,20.1208327173565
2445,20.1140347151605
2446,20.1072394927651
2447,20.1004470478979
2448,20.0936573782891
2449,20.0868704816718
2450,20.0800863557819
2451,20.0733049983581
2452,20.0665264071418
2453,20.0597505798771
2454,20.052977514311
2455,20.0462072081932
2456,20.039439659276
2457,20.0326748653148
2458,20.0259128240673
2459,20.0191535332943
2460,20.0123969907591
2461,20.0056431942278
2462,19.9988921414694
2463,19.9921438302552
2464,19.9853982583597
2465,19.9786554235598
2466,19.9719153236352
2467,19.9651779563682
2468,19.9584433195439
2469,19.9517114109502
2470,19.9449822283774
2471,19.9382557696188
2472,19.93153203247
2473,19.9248110147297
2474,19.918092714199
2475,19.9113771286817
2476,19.9046642559843
2477,19.897954093916
2478,19.8912466402886
2479,19.8845418929164
2480,19.8778398496167
2481,19.8711405082092
2482,19.8644438665161
2483,19.8577499223626
2484,19.8510586735763
2485,19.8443701179873
2486,19.8376842534287
2487,19.8310010777358
2488,19.8243205887467
2489,19.8176427843023
2490,19.8109676622457
2491,19.8042952204229
2492,19.7976254566824
2493,19.7909583688753
2494,19.7842939548552
2495,19.7776322124784
2496,19.7709731396037
2497,19.7643167340926
2498,19.7576629938089
2499,19.7510119166193
2500,19.7443635003929
2501,19.7377177430012
2502,19.7310746423185
2503,19.7244341962216
2504,19.7177964025898
2505,19.7111612593048
2506,19.7045287642511
2507,19.6978989153156
2508,19.6912717103878
2509,19.6846471473595
2510,19.6780252241253
2511,19.6714059385821
2512,19.6647892886295
2513,19.6581752721695
2514,19.6515638871066
2515,19.6449551313478
2516,19.6383490028027
2517,19.6317454993833
2518,19.625144619004
2519,19.6185463595818
2520,19.6119507190362
2521,19.6053576952892
2522,19.5987672862652
2523,19.5921794898909
2524,19.5855943040958
2525,19.5790117268118
2526,19.5724317559729
2527,19.565854389516
2528,19.5592796253803
2529,19.5527074615072
2530,19.5461378958409
2531,19.5395709263279
2532,19.5330065509171
2533,19.5264447675598
2534,19.5198855742099
2535,19.5133289688234
2536,19.5067749493591
2537,19.5002235137779
2538,19.4936746600434
2539,19.4871283861213
2540,19.4805846899798
2541,19.4740435695898
2542,19.4675050229241
2543,19.4609690479583
2544,19.4544356426701
2545,19.4479048050398
2546,19.44137653305
2547,19.4348508246856
2548,19.428327677934
2549,19.4218070907848
2550,19.4152890612302
2551,19.4087735872646
2552,19.4022606668848
2553,19.3957502980899
2554,19.3892424788815
2555,19.3827372072633
2556,19.3762344812416
2557,19.3697342988249
2558,19.3632366580241
2559,19.3567415568524
2560,19.3502489933252
2561,19.3437589654605
2562,19.3372714712784
2563,19.3307865088014
2564,19.3243040760543
2565,19.3178241710643
2566,19.3113467918607
2567,19.3048719364753
2568,19.2983996029421
2569,19.2919297892975
2570,19.2854624935799
2571,19.2789977138305
2572,19.2725354480923
2573,19.2660756944108
2574,19.2596184508338
2575,19.2531637154112
2576,19.2467114861955
2577,19.2402617612411
2578,19.2338145386049
2579,19.2273698163459
2580,19.2209275925256
2581,19.2144878652075
2582,19.2080506324575
2583,19.2016158923436
2584,19.1951836429363
2585,19.1887538823081
2586,19.1823266085337
2587,19.1759018196903
2588,19.1694795138572
2589,19.1630596891158
2590,19.1566423435499
2591,19.1502274752454
2592,19.1438150822906
2593,19.1374051627757
2594,19.1309977147933
2595,19.1245927364382
2596,19.1181902258076
2597,19.1117901810004
2598,19.1053926001182
2599,19.0989974812644
2600,19.0926048225449
2601,19.0862146220676
2602,19.0798268779427
2603,19.0734415882824
2604,19.0670587512013
2605,19.060678364816
2606,19.0543004272453
2607,19.0479249366103
2608,19.041551891034
2609,19.0351812886419
2610,19.0288131275613
2611,19.022447405922
2612,19.0160841218555
2613,19.009723273496
2614,19.0033648589794
2615,18.9970088764439
2616,18.9906553240299
2617,18.9843041998799
2618,18.9779555021383
2619,18.971609228952
2620,18.9652653784698
2621,18.9589239488426
2622,18.9525849382235
2623,18.9462483447678
2624,18.9399141666326
2625,18.9335824019774
2626,18.9272530489638
2627,18.9209261057553
2628,18.9146015705176
2629,18.9082794414186
2630,18.9019597166281
2631,18.8956423943181
2632,18.8893274726626
2633,18.8830149498378
2634,18.876704824022
2635,18.8703970933953
2636,18.8640917561402
2637,18.8577888104412
2638,18.8514882544846
2639,18.8451900864591
2640,18.8388943045552
2641,18.8326009069658
2642,18.8263098918854
2643,18.8200212575108
2644,18.813735002041
2645,18.8074511236767
2646,18.8011696206208
2647,18.7948904910784
2648,18.7886137332563
2649,18.7823393453636
2650,18.7760673256113
2651,18.7697976722125
2652,18.7635303833823
2653,18.7572654573377
2654,18.751002892298
2655,18.7447426864841
2656,18.7384848381193
2657,18.7322293454286
2658,18.7259762066394
2659,18.7197254199806
2660,18.7134769836835
2661,18.7072308959812
2662,18.7009871551088
2663,18.6947457593034
2664,18.6885067068042
2665,18.6822699958523
2666,18.6760356246907
2667,18.6698035915644
2668,18.6635738947206
2669,18.6573465324081
2670,18.6511215028779
2671,18.6448988043831
2672,18.6386784351783
2673,18.6324603935206
2674,18.6262446776687
2675,18.6200312858833
2676,18.6138202164272
2677,18.607611467565
2678,18.6014050375633
2679,18.5952009246906
2680,18.5889991272175
2681,18.5827996434163
2682,18.5766024715614
2683,18.570407609929
2684,18.5642150567974
2685,18.5580248104466
2686,18.5518368691588
2687,18.5456512312179
2688,18.5394678949098
2689,18.5332868585222
2690,18.5271081203449
2691,18.5209316786695
2692,18.5147575317895
2693,18.5085856780003
2694,18.5024161155992
2695,18.4962488428855
2696,18.4900838581602
2697,18.4839211597264
2698,18.4777607458889
2699,18.4716026149544
2700,18.4654467652318
2701,18.4592931950313
2702,18.4531419026656
2703,18.4469928864487
2704,18.440846144697
2705,18.4347016757283
2706,18.4285594778626
2707,18.4224195494217
2708,18.4162818887291
2709,18.4101464941102
2710,18.4040133638924
2711,18.3978824964049
2712,18.3917538899787
2713,18.3856275429466
2714,18.3795034536433
2715,18.3733816204054
2716,18.3672620415712
2717,18.361144715481
2718,18.3550296404768
2719,18.3489168149025
2720,18.3428062371038
2721,18.3366979054282
2722,18.330591818225
2723,18.3244879738455
2724,18.3183863706426
2725,18.3122870069711
2726,18.3061898811877
2727,18.3000949916507
2728,18.2940023367203
2729,18.2879119147587
2730,18.2818237241295
2731,18.2757377631985
2732,18.269654030333
2733,18.2635725239023
2734,18.2574932422774
2735,18.2514161838311
2736,18.2453413469378
2737,18.2392687299741
2738,18.2331983313179
2739,18.2271301493493
2740,18.2210641824499
2741,18.2150004290032
2742,18.2089388873943
2743,18.2028795560104
2744,18.1968224332401
2745,18.1907675174739
2746,18.1847148071042
2747,18.1786643005249
2748,18.1726159961319
2749,18.1665698923226
2750,18.1605259874964
2751,18.1544842800544
2752,18.1484447683992
2753,18.1424074509353
2754,18.1363723260691
2755,18.1303393922086
2756,18.1243086477634
2757,18.118280091145
2758,18.1122537207665
2759,18.106229535043
2760,18.100207532391
2761,18.0941877112288
2762,18.0881700699766
2763,18.0821546070561
2764,18.0761413208909
2765,18.070130209906
2766,18.0641212725285
2767,18.058114507187
2768,18.0521099123118
2769,18.0461074863349
2770,18.04010722769
2771,18.0341091348126
2772,18.0281132061398
2773,18.0221194401104
2774,18.0161278351649
2775,18.0101383897454
2776,18.0041511022959
2777,17.9981659712619
2778,17.9921829950905
2779,17.9862021722308
2780,17.9802235011332
2781,17.9742469802501
2782,17.9682726080354
2783,17.9623003829445
2784,17.9563303034349
2785,17.9503623679653
2786,17.9443965749964
2787,17.9384329229904
2788,17.9324714104112
2789,17.9265120357242
2790,17.9205547973968
2791,17.9145996938977
2792,17.9086467236974
2793,17.9026958852681
2794,17.8967471770834
2795,17.8908005976189
2796,17.8848561453514
2797,17.8789138187598
2798,17.8729736163243
2799,17.8670355365268
2800,17.861099577851
2801,17.8551657387819
2802,17.8492340178064
2803,17.8433044134129
2804,17.8373769240915
2805,17.8314515483338
2806,17.8255282846331
2807,17.8196071314843
2808,17.8136880873838
2809,17.8077711508298
2810,17.8018563203219
2811,17.7959435943615
2812,17.7900329714515
2813,17.7841244500963
2814,17.7782180288021
2815,17.7723137060765
2816,17.7664114804288
2817,17.7605113503698
2818,17.7546133144121
2819,17.7487173710697
2820,17.7428235188581
2821,17.7369317562946
2822,17.7310420818978
2823,17.7251544941883
2824,17.7192689916878
2825,17.7133855729199
2826,17.7075042364096
2827,17.7016249806835
2828,17.6957478042699
2829,17.6898727056984
2830,17.6839996835003
2831,17.6781287362086
2832,17.6722598623576
2833,17.6663930604833
2834,17.6605283291232
2835,17.6546656668163
2836,17.6488050721034
2837,17.6429465435264
2838,17.6370900796292
2839,17.6312356789569
2840,17.6253833400564
2841,17.6195330614758
2842,17.6136848417651
2843,17.6078386794757
2844,17.6019945731603
2845,17.5961525213735
2846,17.5903125226712
2847,17.5844745756109
2848,17.5786386787515
2849,17.5728048306535
2850,17.566973029879
2851,17.5611432749915
2852,17.5553155645561
2853,17.5494898971392
2854,17.543666271309
2855,17.537844685635
2856,17.5320251386884
2857,17.5262076290416
2858,17.5203921552687
2859,17.5145787159453
2860,17.5087673096485
2861,17.5029579349568
2862,17.4971505904502
2863,17.4913452747103
2864,17.4855419863202
2865,17.4797407238642
2866,17.4739414859284
2867,17.4681442711002
2868,17.4623490779686
2869,17.4565559051241
2870,17.4507647511584
2871,17.4449756146649
2872,17.4391884942385
2873,17.4334033884755
2874,17.4276202959737
2875,17.4218392153322
2876,17.4160601451517
2877,17.4102830840345
2878,17.4045080305841
2879,17.3987349834055
2880,17.3929639411053
2881,17.3871949022914
2882,17.3814278655734
2883,17.3756628295619
2884,17.3698997928693
2885,17.3641387541095
2886,17.3583797118975
2887,17.35262266485
2888,17.3468676115851
2889,17.3411145507222
2890,17.3353634808824
2891,17.3296144006879
2892,17.3238673087626
2893,17.3181222037317
2894,17.3123790842218
2895,17.306637948861
2896,17.3008987962789
2897,17.2951616251063
2898,17.2894264339756
2899,17.2836932215204
2900,17.2779619863761
2901,17.272232727179
2902,17.2665054425673
2903,17.2607801311803
2904,17.2550567916588
2905,17.249335422645
2906,17.2436160227826
2907,17.2378985907164
2908,17.2321831250929
2909,17.22646962456
2910,17.2207580877667
2911,17.2150485133637
2912,17.209340900003
2913,17.2036352463379
2914,17.1979315510232
2915,17.1922298127149
2916,17.1865300300706
2917,17.1808322017493
2918,17.1751363264112
2919,17.1694424027178
2920,17.1637504293324
2921,17.1580604049192
2922,17.152372328144
2923,17.146686197674
2924,17.1410020121777
2925,17.135319770325
2926,17.1296394707871
2927,17.1239611122366
2928,17.1182846933474
2929,17.112610212795
2930,17.1069376692559
2931,17.1012670614082
2932,17.0955983879313
2933,17.0899316475059
2934,17.0842668388142
2935,17.0786039605394
2936,17.0729430113665
2937,17.0672839899815
2938,17.0616268950719
2939,17.0559717253266
2940,17.0503184794356
2941,17.0446671560904
2942,17.0390177539838
2943,17.03337027181
2944,17.0277247082645
2945,17.0220810620441
2946,17.0164393318468
2947,17.0107995163722
2948,17.0051616143211
2949,16.9995256243955
2950,16.9938915452988
2951,16.9882593757359
2952,16.9826291144127
2953,16.9770007600366
2954,16.9713743113164
2955,16.965749766962
2956,16.9601271256848
2957,16.9545063861973
2958,16.9488875472135
2959,16.9432706074485
2960,16.937655565619
2961,16.9320424204427
2962,16.9264311706388
2963,16.9208218149277
2964,16.9152143520311
2965,16.909608780672
2966,16.9040050995748
2967,16.8984033074649
2968,16.8928034030694
2969,16.8872053851164
2970,16.8816092523353
2971,16.8760150034569
2972,16.8704226372132
2973,16.8648321523375
2974,16.8592435475643
2975,16.8536568216295
2976,16.8480719732704
2977,16.8424890012251
2978,16.8369079042335
2979,16.8313286810364
2980,16.8257513303761
2981,16.820175850996
2982,16.8146022416409
2983,16.8090305010568
2984,16.803460627991
2985,16.7978926211919
2986,16.7923264794094
2987,16.7867622013944
2988,16.7811997858994
2989,16.7756392316777
2990,16.7700805374842
2991,16.764523702075
2992,16.7589687242074
2993,16.7534156026398
2994,16.747864336132
2995,16.7423149234452
2996,16.7367673633414
2997,16.7312216545843
2998,16.7256777959386
2999,16.7201357861703
3000,16.7145956240465
3001,16.7090573083357
3002,16.7035208378076
3003,16.6979862112331
3004,16.6924534273843
3005,16.6869224850345
3006,16.6813933829584
3007,16.6758661199318
3008,16.6703406947316
3009,16.6648171061362
3010,16.6592953529249
3011,16.6537754338785
3012,16.6482573477789
3013,16.6427410934091
3014,16.6372266695535
3015,16.6317140749976
3016,16.6262033085281
3017,16.620694368933
3018,16.6151872550015
3019,16.6096819655238
3020,16.6041784992915
3021,16.5986768550975
3022,16.5931770317355
3023,16.5876790280009
3024,16.5821828426899
3025,16.5766884746
3026,16.5711959225301
3027,16.5657051852799
3028,16.5602162616507
3029,16.5547291504447
3030,16.5492438504654
3031,16.5437603605175
3032,16.5382786794068
3033,16.5327988059403
3034,16.5273207389264
3035,16.5218444771743
3036,16.5163700194946
3037,16.5108973646991
3038,16.5054265116006
3039,16.4999574590134
3040,16.4944902057525
3041,16.4890247506346
3042,16.4835610924771
3043,16.4780992300988
3044,16.4726391623196
3045,16.4671808879606
3046,16.4617244058442
3047,16.4562697147936
3048,16.4508168136335
3049,16.4453657011895
3050,16.4399163762886
3051,16.4344688377588
3052,16.4290230844293
3053,16.4235791151303
3054,16.4181369286935
3055,16.4126965239513
3056,16.4072578997377
3057,16.4018210548875
3058,16.3963859882368
3059,16.3909526986228
3060,16.3855211848839
3061,16.3800914458595
3062,16.3746634803902
3063,16.3692372873179
3064,16.3638128654853
3065,16.3583902137366
3066,16.352969330917
3067,16.3475502158726
3068,16.3421328674509
3069,16.3367172845004
3070,16.3313034658709
3071,16.325891410413
3072,16.3204811169788
3073,16.3150725844213
3074,16.3096658115945
3075,16.3042607973539
3076,16.2988575405557
3077,16.2934560400575
3078,16.2880562947179
3079,16.2826583033967
3080,16.2772620649546
3081,16.2718675782536
3082,16.2664748421568
3083,16.2610838555284
3084,16.2556946172336
3085,16.2503071261388
3086,16.2449213811114
3087,16.2395373810201
3088,16.2341551247346
3089,16.2287746111255
3090,16.2233958390649
3091,16.2180188074255
3092,16.2126435150816
3093,16.2072699609082
3094,16.2018981437816
3095,16.1965280625791
3096,16.1911597161792
3097,16.1857931034614
3098,16.1804282233062
3099,16.1750650745953
3100,16.1697036562115
3101,16.1643439670387
3102,16.1589860059617
3103,16.1536297718665
3104,16.1482752636403
3105,16.1429224801711
3106,16.1375714203482
3107,16.1322220830619
3108,16.1268744672036
3109,16.1215285716656
3110,16.1161843953416
3111,16.110841937126
3112,16.1055011959145
3113,16.1001621706039
3114,16.0948248600919
3115,16.0894892632773
3116,16.0841553790599
3117,16.0788232063409
3118,16.0734927440221
3119,16.0681639910066
3120,16.0628369461985
3121,16.0575116085031
3122,16.0521879768265
3123,16.046866050076
3124,16.0415458271599
3125,16.0362273069877
3126,16.0309104884696
3127,16.0255953705173
3128,16.0202819520431
3129,16.0149702319607
3130,16.0096602091846
3131,16.0043518826305
3132,15.999045251215
3133,15.9937403138558
3134,15.9884370694718
3135,15.9831355169826
3136,15.9778356553091
3137,15.9725374833731
3138,15.9672410000976
3139,15.9619462044063
3140,15.9566530952243
3141,15.9513616714775
3142,15.9460719320929
3143,15.9407838759985
3144,15.9354975021234
3145,15.9302128093975
3146,15.9249297967521
3147,15.9196484631191
3148,15.9143688074316
3149,15.9090908286239
3150,15.9038145256311
3151,15.8985398973892
3152,15.8932669428356
3153,15.8879956609083
3154,15.8827260505466
3155,15.8774581106907
3156,15.8721918402817
3157,15.866927238262
3158,15.8616643035746
3159,15.8564030351639
3160,15.8511434319751
3161,15.8458854929543
3162,15.8406292170489
3163,15.8353746032071
3164,15.830121650378
3165,15.8248703575119
3166,15.8196207235601
3167,15.8143727474747
3168,15.8091264282089
3169,15.8038817647169
3170,15.7986387559539
3171,15.7933974008761
3172,15.7881576984407
3173,15.7829196476057
3174,15.7776832473303
3175,15.7724484965747
3176,15.7672153942998
3177,15.7619839394679
3178,15.7567541310419
3179,15.7515259679859
3180,15.746299449265
3181,15.741074573845
3182,15.7358513406929
3183,15.7306297487768
3184,15.7254097970655
3185,15.7201914845288
3186,15.7149748101377
3187,15.709759772864
3188,15.7045463716804
3189,15.6993346055607
3190,15.6941244734796
3191,15.6889159744129
3192,15.6837091073371
3193,15.6785038712299
3194,15.6733002650698
3195,15.6680982878365
3196,15.6628979385102
3197,15.6576992160726
3198,15.6525021195059
3199,15.6473066477936
3200,15.64211279992
3201,15.6369205748703
3202,15.6317299716307
3203,15.6265409891885
3204,15.6213536265316
3205,15.6161678826491
3206,15.6109837565312
3207,15.6058012471686
3208,15.6006203535533
3209,15.5954410746782
3210,15.5902634095369
3211,15.5850873571243
3212,15.579912916436
3213,15.5747400864685
3214,15.5695688662194
3215,15.5643992546871
3216,15.5592312508711
3217,15.5540648537717
3218,15.5489000623902
3219,15.5437368757286
3220,15.5385752927903
3221,15.5334153125792
3222,15.5282569341003
3223,15.5231001563595
3224,15.5179449783636
3225,15.5127913991204
3226,15.5076394176387
3227,15.5024890329279
3228,15.4973402439985
3229,15.4921930498622
3230,15.4870474495311
3231,15.4819034420186
3232,15.4767610263389
3233,15.4716202015071
3234,15.4664809665391
3235,15.461343320452
3236,15.4562072622636
3237,15.4510727909926
3238,15.4459399056587
3239,15.4408086052825
3240,15.4356788888854
3241,15.4305507554898
3242,15.4254242041191
3243,15.4202992337974
3244,15.4151758435498
3245,15.4100540324024
3246,15.4049337993819
3247,15.3998151435163
3248,15.3946980638342
3249,15.3895825593652
3250,15.3844686291397
3251,15.3793562721893
3252,15.3742454875461
3253,15.3691362742433
3254,15.364028631315
3255,15.3589225577961
3256,15.3538180527225
3257,15.348715115131
3258,15.343613744059
3259,15.3385139385452
3260,15.3334156976289
3261,15.3283190203503
3262,15.3232239057507
3263,15.3181303528721
3264,15.3130383607574
3265,15.3079479284504
3266,15.3028590549957
3267,15.2977717394389
3268,15.2926859808265
3269,15.2876017782057
3270,15.2825191306248
3271,15.2774380371327
3272,15.2723584967794
3273,15.2672805086157
3274,15.2622040716933
3275,15.2571291850646
3276,15.2520558477831
3277,15.2469840589031
3278,15.2419138174797
3279,15.2368451225688
3280,15.2317779732274
3281,15.2267123685132
3282,15.2216483074847
3283,15.2165857892014
3284,15.2115248127236
3285,15.2064653771125
3286,15.20140748143
3287,15.1963511247391
3288,15.1912963061035
3289,15.1862430245878
3290,15.1811912792574
3291,15.1761410691786
3292,15.1710923934186
3293,15.1660452510452
3294,15.1609996411275
3295,15.155955562735
3296,15.1509130149384
3297,15.1458719968089
3298,15.1408325074188
3299,15.1357945458413
3300,15.1307581111501
3301,15.12572320242
3302,15.1206898187267
3303,15.1156579591466
3304,15.1106276227569
3305,15.1055988086358
3306,15.1005715158622
3307,15.0955457435159
3308,15.0905214906775
3309,15.0854987564285
3310,15.0804775398511
3311,15.0754578400285
3312,15.0704396560446
3313,15.0654229869842
3314,15.0604078319329
3315,15.0553941899771
3316,15.0503820602041
3317,15.045371441702
3318,15.0403623335597
3319,15.0353547348668
3320,15.0303486447141
3321,15.0253440621928
3322,15.0203409863951
3323,15.0153394164141
3324,15.0103393513437
3325,15.0053407902783
3326,15.0003437323136
3327,14.9953481765458
3328,14.9903541220721
3329,14.9853615679902
3330,14.9803705133991
3331,14.9753809573981
3332,14.9703928990877
3333,14.965406337569
3334,14.9604212719439
3335,14.9554377013154
3336,14.9504556247869
3337,14.9454750414628
3338,14.9404959504484
3339,14.9355183508495
3340,14.9305422417732
3341,14.9255676223268
3342,14.9205944916189
3343,14.9156228487587
3344,14.9106526928561
3345,14.905684023022
3346,14.900716838368
3347,14.8957511380064
3348,14.8907869210504
3349,14.8858241866142
3350,14.8808629338123
3351,14.8759031617605
3352,14.870944869575
3353,14.865988056373
3354,14.8610327212725
3355,14.8560788633922
3356,14.8511264818516
3357,14.8461755757711
3358,14.8412261442717
3359,14.8362781864753
3360,14.8313317015046
3361,14.826386688483
3362,14.8214431465348
3363,14.816501074785
3364,14.8115604723593
3365,14.8066213383843
3366,14.8016836719875
3367,14.7967474722968
3368,14.7918127384413
3369,14.7868794695505
3370,14.7819476647551
3371,14.7770173231861
3372,14.7720884439756
3373,14.7671610262563
3374,14.7622350691619
3375,14.7573105718266
3376,14.7523875333855
3377,14.7474659529744
3378,14.7425458297301
3379,14.7376271627898
3380,14.7327099512918
3381,14.7277941943749
3382,14.7228798911788
3383,14.717967040844
3384,14.7130556425117
3385,14.7081456953239
3386,14.7032371984232
3387,14.6983301509532
3388,14.6934245520581
3389,14.688520400883
3390,14.6836176965735
3391,14.6787164382763
3392,14.6738166251385
3393,14.6689182563082
3394,14.6640213309342
3395,14.659125848166
3396,14.654231807154
3397,14.649339207049
3398,14.644448047003
3399,14.6395583261684
3400,14.6346700436986
3401,14.6297831987475
3402,14.62489779047
3403,14.6200138180215
3404,14.6151312805583
3405,14.6102501772374
3406,14.6053705072166
3407,14.6004922696544
3408,14.59561546371
3409,14.5907400885433
3410,14.5858661433151
3411,14.5809936271869
3412,14.5761225393207
3413,14.5712528788796
3414,14.5663846450272
3415,14.5615178369278
3416,14.5566524537467
3417,14.5517884946497
3418,14.5469259588033
3419,14.542064845375
3420,14.5372051535326
3421,14.5323468824452
3422,14.527490031282
3423,14.5226345992135
3424,14.5177805854105
3425,14.5129279890447
3426,14.5080768092887
3427,14.5032270453154
3428,14.4983786962989
3429,14.4935317614136
3430,14.4886862398349
3431,14.4838421307388
3432,14.4789994333021
3433,14.4741581467023
3434,14.4693182701175
3435,14.4644798027267
3436,14.4596427437094
3437,14.4548070922461
3438,14.4499728475178
3439,14.4451400087063
3440,14.440308574994
3441,14.4354785455641
3442,14.4306499196006
3443,14.4258226962882
3444,14.420996874812
3445,14.4161724543582
3446,14.4113494341135
3447,14.4065278132654
3448,14.4017075910021
3449,14.3968887665123
3450,14.3920713389858
3451,14.3872553076128
3452,14.3824406715842
3453,14.3776274300918
3454,14.3728155823279
3455,14.3680051274857
3456,14.3631960647589
3457,14.3583883933421
3458,14.3535821124304
3459,14.3487772212197
3460,14.3439737189066
3461,14.3391716046884
3462,14.3343708777631
3463,14.3295715373293
3464,14.3247735825865
3465,14.3199770127347
3466,14.3151818269745
3467,14.3103880245076
3468,14.305595604536
3469,14.3008045662625
3470,14.2960149088907
3471,14.2912266316248
3472,14.2864397336697
3473,14.2816542142309
3474,14.2768700725147
3475,14.2720873077281
3476,14.2673059190787
3477,14.2625259057748
3478,14.2577472670254
3479,14.2529700020403
3480,14.2481941100297
3481,14.2434195902047
3482,14.2386464417772
3483,14.2338746639593
3484,14.2291042559644
3485,14.224335217006
3486,14.2195675462987
3487,14.2148012430575
3488,14.2100363064983
3489,14.2052727358375
3490,14.2005105302923
3491,14.1957496890804
3492,14.1909902114204
3493,14.1862320965313
3494,14.1814753436331
3495,14.1767199519463
3496,14.1719659206919
3497,14.1672132490918
3498,14.1624619363685
3499,14.1577119817453
3500,14.1529633844458
3501,14.1482161436947
3502,14.143470258717
3503,14.1387257287386
3504,14.133982552986
3505,14.1292407306863
3506,14.1245002610674
3507,14.1197611433578
3508,14.1150233767864
3509,14.1102869605832
3510,14.1055518939786
3511,14.1008181762037
3512,14.0960858064903
3513,14.0913547840708
3514,14.0866251081782
3515,14.0818967780463
3516,14.0771697929095
3517,14.0724441520028
3518,14.0677198545619
3519,14.0629968998232
3520,14.0582752870236
3521,14.0535550154008
3522,14.048836084193
3523,14.0441184926393
3524,14.0394022399792
3525,14.0346873254529
3526,14.0299737483014
3527,14.0252615077661
3528,14.0205506030892
3529,14.0158410335136
3530,14.0111327982826
3531,14.0064258966405
3532,14.001720327832
3533,13.9970160911023
3534,13.9923131856977
3535,13.9876116108647
3536,13.9829113658506
3537,13.9782124499035
3538,13.9735148622718
3539,13.9688186022048
3540,13.9641236689524
3541,13.9594300617651
3542,13.9547377798939
3543,13.9500468225906
3544,13.9453571891077
3545,13.9406688786982
3546,13.9359818906157
3547,13.9312962241145
3548,13.9266118784495
3549,13.9219288528764
3550,13.9172471466512
3551,13.9125667590308
3552,13.9078876892726
3553,13.9032099366347
3554,13.8985335003758
3555,13.8938583797552
3556,13.8891845740328
3557,13.8845120824692
3558,13.8798409043256
3559,13.8751710388638
3560,13.8705024853463
3561,13.8658352430361
3562,13.8611693111968
3563,13.8565046890928
3564,13.851841375989
3565,13.8471793711509
3566,13.8425186738447
3567,13.8378592833371
3568,13.8332011988955
3569,13.828544419788
3570,13.8238889452832
3571,13.8192347746502
3572,13.814581907159
3573,13.8099303420799
3574,13.8052800786842
3575,13.8006311162433
3576,13.7959834540297
3577,13.7913370913163
3578,13.7866920273765
3579,13.7820482614845
3580,13.777405792915
3581,13.7727646209434
3582,13.7681247448455
3583,13.7634861638981
3584,13.7588488773781
3585,13.7542128845635
3586,13.7495781847325
3587,13.7449447771641
3588,13.7403126611379
3589,13.735681835934
3590,13.7310523008334
3591,13.7264240551172
3592,13.7217970980676
3593,13.7171714289671
3594,13.7125470470988
3595,13.7079239517466
3596,13.7033021421948
3597,13.6986816177284
3598,13.6940623776329
3599,13.6894444211946
3600,13.6848277477001
3601,13.6802123564369
3602,13.6755982466929
3603,13.6709854177565
3604,13.6663738689171
3605,13.6617635994642
3606,13.6571546086882
3607,13.6525468958799
3608,13.647940460331
3609,13.6433353013334
3610,13.6387314181799
3611,13.6341288101637
3612,13.6295274765786
3613,13.624927416719
3614,13.6203286298801
3615,13.6157311153574
3616,13.6111348724471
3617,13.6065399004459
3618,13.6019461986512
3619,13.597353766361
3620,13.5927626028737
3621,13.5881727074886
3622,13.5835840795052
3623,13.5789967182237
3624,13.5744106229452
3625,13.5698257929709
3626,13.5652422276029
3627,13.5606599261437
3628,13.5560788878965
3629,13.5514991121651
3630,13.5469205982537
3631,13.5423433454671
3632,13.537767353111
3633,13.5331926204912
3634,13.5286191469144
3635,13.5240469316878
3636,13.519475974119
3637,13.5149062735165
3638,13.5103378291891
3639,13.5057706404462
3640,13.5012047065979
3641,13.4966400269547
3642,13.4920766008279
3643,13.4875144275291
3644,13.4829535063707
3645,13.4783938366655
3646,13.4738354177269
3647,13.469278248869
3648,13.4647223294062
3649,13.4601676586537
3650,13.4556142359272
3651,13.4510620605429
3652,13.4465111318177
3653,13.4419614490688
3654,13.4374130116143
3655,13.4328658187726
3656,13.4283198698627
3657,13.4237751642043
3658,13.4192317011175
3659,13.4146894799231
3660,13.4101484999422
3661,13.4056087604969
3662,13.4010702609094
3663,13.3965330005027
3664,13.3919969786002
3665,13.3874621945261
3666,13.382928647605
3667,13.3783963371619
3668,13.3738652625227
3669,13.3693354230136
3670,13.3648068179613
3671,13.3602794466933
3672,13.3557533085375
3673,13.3512284028223
3674,13.3467047288767
3675,13.3421822860304
3676,13.3376610736133
3677,13.3331410909562
3678,13.3286223373903
3679,13.3241048122472
3680,13.3195885148593
3681,13.3150734445595
3682,13.310559600681
3683,13.3060469825579
3684,13.3015355895245
3685,13.2970254209159
3686,13.2925164760676
3687,13.2880087543157
3688,13.2835022549969
3689,13.2789969774483
3690,13.2744929210075
3691,13.2699900850129
3692,13.2654884688032
3693,13.2609880717178
3694,13.2564888930965
3695,13.2519909322796
3696,13.2474941886082
3697,13.2429986614236
3698,13.2385043500679
3699,13.2340112538836
3700,13.2295193722138
3701,13.225028704402
3702,13.2205392497924
3703,13.2160510077296
3704,13.2115639775589
3705,13.2070781586259
3706,13.2025935502769
3707,13.1981101518586
3708,13.1936279627185
3709,13.1891469822042
3710,13.1846672096643
3711,13.1801886444475
3712,13.1757112859032
3713,13.1712351333815
3714,13.1667601862328
3715,13.162286443808
3716,13.1578139054588
3717,13.153342570537
3718,13.1488724383954
3719,13.1444035083869
3720,13.1399357798652
3721,13.1354692521844
3722,13.1310039246991
3723,13.1265397967646
3724,13.1220768677364
3725,13.1176151369709
3726,13.1131546038247
3727,13.1086952676551
3728,13.1042371278198
3729,13.0997801836771
3730,13.0953244345858
3731,13.0908698799053
3732,13.0864165189952
3733,13.081964351216
3734,13.0775133759286
3735,13.0730635924942
3736,13.0686150002748
3737,13.0641675986327
3738,13.0597213869309
3739,13.0552763645327
3740,13.0508325308022
3741,13.0463898851037
3742,13.0419484268021
3743,13.0375081552629
3744,13.0330690698522
3745,13.0286311699362
3746,13.0241944548822
3747,13.0197589240574
3748,13.0153245768299
3749,13.0108914125682
3750,13.0064594306413
3751,13.0020286304187
3752,12.9975990112704
3753,12.993170572567
3754,12.9887433136794
3755,12.9843172339791
3756,12.9798923328382
3757,12.9754686096292
3758,12.9710460637252
3759,12.9666246944996
3760,12.9622045013265
3761,12.9577854835803
3762,12.9533676406362
3763,12.9489509718697
3764,12.9445354766566
3765,12.9401211543737
3766,12.9357080043979
3767,12.9312960261066
3768,12.9268852188779
3769,12.9224755820904
3770,12.9180671151229
3771,12.913659817355
3772,12.9092536881667
3773,12.9048487269384
3774,12.9004449330512
3775,12.8960423058864
3776,12.891640844826
3777,12.8872405492524
3778,12.8828414185487
3779,12.8784434520981
3780,12.8740466492847
3781,12.8696510094928
3782,12.8652565321073
3783,12.8608632165136
3784,12.8564710620975
3785,12.8520800682455
3786,12.8476902343443
3787,12.8433015597813
3788,12.8389140439442
3789,12.8345276862214
3790,12.8301424860016
3791,12.8257584426741
3792,12.8213755556287
3793,12.8169938242556
3794,12.8126132479454
3795,12.8082338260894
3796,12.8038555580792
3797,12.7994784433071
3798,12.7951024811656
3799,12.7907276710478
3800,12.7863540123474
3801,12.7819815044583
3802,12.7776101467753
3803,12.7732399386932
3804,12.7688708796076
3805,12.7645029689144
3806,12.7601362060102
3807,12.7557705902918
3808,12.7514061211567
3809,12.7470427980028
3810,12.7426806202283
3811,12.7383195872322
3812,12.7339596984137
3813,12.7296009531726
3814,12.7252433509091
3815,12.7208868910241
3816,12.7165315729186
3817,12.7121773959943
3818,12.7078243596534
3819,12.7034724632985
3820,12.6991217063325
3821,12.6947720881592
3822,12.6904236081824
3823,12.6860762658067
3824,12.681730060437
3825,12.6773849914787
3826,12.6730410583377
3827,12.6686982604202
3828,12.6643565971333
3829,12.660016067884
3830,12.6556766720801
3831,12.65133840913
3832,12.647001278442
3833,12.6426652794255
3834,12.6383304114901
3835,12.6339966740457
3836,12.6296640665028
3837,12.6253325882726
3838,12.6210022387663
3839,12.6166730173958
3840,12.6123449235736
3841,12.6080179567125
3842,12.6036921162256
3843,12.5993674015268
3844,12.5950438120302
3845,12.5907213471505
3846,12.5864000063028
3847,12.5820797889025
3848,12.5777606943658
3849,12.5734427221091
3850,12.5691258715494
3851,12.5648101421039
3852,12.5604955331906
3853,12.5561820442276
3854,12.5518696746338
3855,12.5475584238284
3856,12.5432482912309
3857,12.5389392762615
3858,12.5346313783407
3859,12.5303245968895
3860,12.5260189313294
3861,12.5217143810822
3862,12.5174109455703
3863,12.5131086242165
3864,12.5088074164439
3865,12.5045073216764
3866,12.500208339338
3867,12.4959104688533
3868,12.4916137096474
3869,12.4873180611457
3870,12.4830235227741
3871,12.478730093959
3872,12.4744377741272
3873,12.4701465627059
3874,12.465856459123
3875,12.4615674628064
3876,12.4572795731848
3877,12.4529927896871
3878,12.448707111743
3879,12.4444225387822
3880,12.4401390702351
3881,12.4358567055325
3882,12.4315754441057
3883,12.4272952853862
3884,12.4230162288063
3885,12.4187382737984
3886,12.4144614197955
3887,12.4101856662311
3888,12.405911012539
3889,12.4016374581535
3890,12.3973650025094
3891,12.3930936450417
3892,12.3888233851862
3893,12.3845542223788
3894,12.380286156056
3895,12.3760191856548
3896,12.3717533106124
3897,12.3674885303666
3898,12.3632248443557
3899,12.3589622520182
3900,12.3547007527934
3901,12.3504403461205
3902,12.3461810314397
3903,12.3419228081912
3904,12.3376656758158
3905,12.3334096337548
3906,12.3291546814498
3907,12.3249008183429
3908,12.3206480438765
3909,12.3163963574938
3910,12.3121457586379
3911,12.3078962467528
3912,12.3036478212825
3913,12.2994004816718
3914,12.2951542273657
3915,12.2909090578098
3916,12.2866649724499
3917,12.2824219707324
3918,12.278180052104
3919,12.273939216012
3920,12.2696994619039
3921,12.2654607892279
3922,12.2612231974323
3923,12.256986685966
3924,12.2527512542784
3925,12.2485169018191
3926,12.2442836280384
3927,12.2400514323868
3928,12.2358203143152
3929,12.2315902732751
3930,12.2273613087182
3931,12.2231334200969
3932,12.2189066068638
3933,12.214680868472
3934,12.2104562043749
3935,12.2062326140265
3936,12.202010096881
3937,12.1977886523934
3938,12.1935682800186
3939,12.1893489792123
3940,12.1851307494304
3941,12.1809135901294
3942,12.1766975007661
3943,12.1724824807977
3944,12.1682685296818
3945,12.1640556468765
3946,12.1598438318403
3947,12.1556330840321
3948,12.151423402911
3949,12.1472147879369
3950,12.1430072385699
3951,12.1388007542704
3952,12.1345953344994
3953,12.1303909787183
3954,12.1261876863887
3955,12.1219854569728
3956,12.1177842899333
3957,12.113584184733
3958,12.1093851408354
3959,12.1051871577042
3960,12.1009902348037
3961,12.0967943715984
3962,12.0925995675533
3963,12.0884058221338
3964,12.0842131348058
3965,12.0800215050355
3966,12.0758309322894
3967,12.0716414160347
3968,12.0674529557387
3969,12.0632655508693
3970,12.0590792008947
3971,12.0548939052835
3972,12.0507096635048
3973,12.0465264750279
3974,12.0423443393229
3975,12.0381632558598
3976,12.0339832241093
3977,12.0298042435425
3978,12.0256263136308
3979,12.0214494338459
3980,12.0172736036603
3981,12.0130988225464
3982,12.0089250899773
3983,12.0047524054265
3984,12.0005807683677
3985,11.9964101782752
3986,11.9922406346236
3987,11.9880721368878
3988,11.9839046845434
3989,11.979738277066
3990,11.9755729139319
3991,11.9714085946177
3992,11.9672453186004
3993,11.9630830853572
3994,11.9589218943661
3995,11.954761745105
3996,11.9506026370527
3997,11.946444569688
3998,11.9422875424902
3999,11.9381315549391
4000,11.9339766065148
4001,11.930777654873
4002,11.9275795026694
4003,11.9243821495044
4004,11.9211855949789
4005,11.917989838694
4006,11.9147948802511
4007,11.911600719252
4008,11.9084073552987
4009,11.9052147879936
4010,11.9020230169392
4011,11.8988320417384
4012,11.8956418619945
4013,11.892452477311
4014,11.8892638872917
4015,11.8860760915406
4016,11.8828890896623
4017,11.8797028812613
4018,11.8765174659427
4019,11.8733328433118
4020,11.8701490129741
4021,11.8669659745355
4022,11.8637837276022
4023,11.8606022717806
4024,11.8574216066775
4025,11.8542417319
4026,11.8510626470553
4027,11.8478843517512
4028,11.8447068455955
4029,11.8415301281964
4030,11.8383541991625
4031,11.8351790581026
4032,11.8320047046257
4033,11.8288311383413
4034,11.825658358859
4035,11.8224863657888
4036,11.8193151587409
4037,11.8161447373258
4038,11.8129751011545
4039,11.8098062498379
4040,11.8066381829877
4041,11.8034709002153
4042,11.8003044011329
4043,11.7971386853526
4044,11.7939737524871
4045,11.7908096021493
4046,11.7876462339521
4047,11.7844836475092
4048,11.7813218424341
4049,11.7781608183408
4050,11.7750005748438
4051,11.7718411115574
4052,11.7686824280966
4053,11.7655245240766
4054,11.7623673991126
4055,11.7592110528206
4056,11.7560554848163
4057,11.7529006947162
4058,11.7497466821367
4059,11.7465934466948
4060,11.7434409880075
4061,11.7402893056922
4062,11.7371383993667
4063,11.733988268649
4064,11.7308389131572
4065,11.7276903325099
4066,11.7245425263259
4067,11.7213954942244
4068,11.7182492358247
4069,11.7151037507464
4070,11.7119590386096
4071,11.7088150990344
4072,11.7056719316414
4073,11.7025295360513
4074,11.6993879118852
4075,11.6962470587644
4076,11.6931069763106
4077,11.6899676641456
4078,11.6868291218917
4079,11.6836913491712
4080,11.6805543456069
4081,11.6774181108219
4082,11.6742826444393
4083,11.6711479460828
4084,11.6680140153762
4085,11.6648808519437
4086,11.6617484554095
4087,11.6586168253985
4088,11.6554859615354
4089,11.6523558634456
4090,11.6492265307545
4091,11.646097963088
4092,11.6429701600719
4093,11.6398431213328
4094,11.6367168464971
4095,11.6335913351917
4096,11.6304665870437
4097,11.6273426016806
4098,11.6242193787301
4099,11.62109691782
4100,11.6179752185787
4101,11.6148542806346
4102,11.6117341036165
4103,11.6086146871534
4104,11.6054960308747
4105,11.6023781344099
4106,11.5992609973889
4107,11.5961446194419
4108,11.5930290001991
4109,11.5899141392914
4110,11.5868000363495
4111,11.5836866910048
4112,11.5805741028887
4113,11.5774622716329
4114,11.5743511968694
4115,11.5712408782306
4116,11.568131315349
4117,11.5650225078574
4118,11.5619144553888
4119,11.5588071575767
4120,11.5557006140546
4121,11.5525948244565
4122,11.5494897884164
4123,11.5463855055688
4124,11.5432819755484
4125,11.5401791979902
4126,11.5370771725292
4127,11.5339758988011
4128,11.5308753764416
4129,11.5277756050866
4130,11.5246765843725
4131,11.5215783139358
4132,11.5184807934133
4133,11.515384022442
4134,11.5122880006593
4135,11.5091927277028
4136,11.5060982032103
4137,11.5030044268199
4138,11.4999113981701
4139,11.4968191168994
4140,11.4937275826468
4141,11.4906367950515
4142,11.4875467537528
4143,11.4844574583905
4144,11.4813689086044
4145,11.4782811040349
4146,11.4751940443223
4147,11.4721077291075
4148,11.4690221580313
4149,11.4659373307351
4150,11.4628532468603
4151,11.4597699060488
4152,11.4566873079425
4153,11.4536054521838
4154,11.4505243384151
4155,11.4474439662793
4156,11.4443643354194
4157,11.4412854454788
4158,11.4382072961011
4159,11.43512988693
4160,11.4320532176096
4161,11.4289772877844
4162,11.4259020970988
4163,11.4228276451978
4164,11.4197539317265
4165,11.4166809563302
4166,11.4136087186545
4167,11.4105372183455
4168,11.4074664550491
4169,11.4043964284117
4170,11.4013271380801
4171,11.3982585837011
4172,11.3951907649218
4173,11.3921236813897
4174,11.3890573327525
4175,11.385991718658
4176,11.3829268387543
4177,11.3798626926901
4178,11.3767992801138
4179,11.3737366006744
4180,11.3706746540211
4181,11.3676134398033
4182,11.3645529576707
4183,11.3614932072733
4184,11.3584341882612
4185,11.3553759002848
4186,11.3523183429948
4187,11.3492615160421
4188,11.346205419078
4189,11.3431500517539
4190,11.3400954137214
4191,11.3370415046325
4192,11.3339883241393
4193,11.3309358718943
4194,11.3278841475502
4195,11.3248331507599
4196,11.3217828811766
4197,11.3187333384536
4198,11.3156845222447
4199,11.3126364322038
4200,11.309589067985
4201,11.3065424292427
4202,11.3034965156317
4203,11.3004513268067
4204,11.2974068624231
4205,11.2943631221361
4206,11.2913201056014
4207,11.2882778124749
4208,11.2852362424127
4209,11.2821953950712
4210,11.2791552701071
4211,11.2761158671772
4212,11.2730771859385
4213,11.2700392260486
4214,11.2670019871649
4215,11.2639654689453
4216,11.2609296710479
4217,11.2578945931311
4218,11.2548602348533
4219,11.2518265958735
4220,11.2487936758507
4221,11.2457614744442
4222,11.2427299913135
4223,11.2396992261184
4224,11.236669178519
4225,11.2336398481755
4226,11.2306112347484
4227,11.2275833378986
4228,11.2245561572868
4229,11.2215296925745
4230,11.2185039434231
4231,11.2154789094943
4232,11.21245459045
4233,11.2094309859524
4234,11.206408095664
4235,11.2033859192475
4236,11.2003644563657
4237,11.1973437066818
4238,11.1943236698592
4239,11.1913043455615
4240,11.1882857334526
4241,11.1852678331966
4242,11.1822506444578
4243,11.1792341669008
4244,11.1762184001904
4245,11.1732033439916
4246,11.1701889979698
4247,11.1671753617905
4248,11.1641624351194
4249,11.1611502176225
4250,11.1581387089661
4251,11.1551279088166
4252,11.1521178168408
4253,11.1491084327055
4254,11.1460997560779
4255,11.1430917866255
4256,11.1400845240159
4257,11.1370779679169
4258,11.1340721179967
4259,11.1310669739237
4260,11.1280625353663
4261,11.1250588019934
4262,11.1220557734741
4263,11.1190534494776
4264,11.1160518296734
4265,11.1130509137314
4266,11.1100507013213
4267,11.1070511921136
4268,11.1040523857785
4269,11.1010542819868
4270,11.0980568804093
4271,11.0950601807173
4272,11.092064182582
4273,11.0890688856751
4274,11.0860742896684
4275,11.0830803942339
4276,11.0800871990439
4277,11.077094703771
4278,11.0741029080879
4279,11.0711118116675
4280,11.068121414183
4281,11.065131715308
4282,11.062142714716
4283,11.059154412081
4284,11.056166807077
4285,11.0531798993785
4286,11.0501936886599
4287,11.0472081745961
4288,11.0442233568622
4289,11.0412392351333
4290,11.0382558090849
4291,11.0352730783929
4292,11.032291042733
4293,11.0293097017815
4294,11.0263290552148
4295,11.0233491027095
4296,11.0203698439423
4297,11.0173912785905
4298,11.0144134063313
4299,11.0114362268421
4300,11.0084597398008
4301,11.0054839448853
4302,11.0025088417739
4303,10.9995344301448
4304,10.9965607096768
4305,10.9935876800488
4306,10.9906153409398
4307,10.9876436920291
4308,10.9846727329963
4309,10.9817024635211
4310,10.9787328832835
4311,10.9757639919638
4312,10.9727957892423
4313,10.9698282747997
4314,10.9668614483168
4315,10.9638953094749
4316,10.9609298579551
4317,10.957965093439
4318,10.9550010156084
4319,10.9520376241453
4320,10.9490749187318
4321,10.9461128990504
4322,10.9431515647837
4323,10.9401909156146
4324,10.9372309512262
4325,10.9342716713017
4326,10.9313130755247
4327,10.928355163579
4328,10.9253979351484
4329,10.9224413899172
4330,10.9194855275697
4331,10.9165303477907
4332,10.9135758502648
4333,10.9106220346772
4334,10.9076689007132
4335,10.9047164480582
4336,10.9017646763979
4337,10.8988135854183
4338,10.8958631748055
4339,10.8929134442459
4340,10.889964393426
4341,10.8870160220326
4342,10.8840683297527
4343,10.8811213162736
4344,10.8781749812828
4345,10.8752293244677
4346,10.8722843455164
4347,10.869340044117
4348,10.8663964199576
4349,10.8634534727269
4350,10.8605112021136
4351,10.8575696078065
4352,10.854628689495
4353,10.8516884468683
4354,10.8487488796161
4355,10.8458099874281
4356,10.8428717699943
4357,10.8399342270051
4358,10.8369973581508
4359,10.8340611631222
4360,10.83112564161
4361,10.8281907933053
4362,10.8252566178995
4363,10.822323115084
4364,10.8193902845507
4365,10.8164581259913
4366,10.8135266390981
4367,10.8105958235634
4368,10.8076656790797
4369,10.80473620534
4370,10.801807402037
4371,10.7988792688641
4372,10.7959518055146
4373,10.7930250116822
4374,10.7900988870607
4375,10.7871734313442
4376,10.7842486442268
4377,10.7813245254031
4378,10.7784010745677
4379,10.7754782914154
4380,10.7725561756415
4381,10.7696347269411
4382,10.7667139450099
4383,10.7637938295434
4384,10.7608743802376
4385,10.7579555967886
4386,10.7550374788929
4387,10.7521200262469
4388,10.7492032385473
4389,10.7462871154912
4390,10.7433716567757
4391,10.7404568620982
4392,10.7375427311562
4393,10.7346292636476
4394,10.7317164592703
4395,10.7288043177225
4396,10.7258928387027
4397,10.7229820219095
4398,10.7200718670416
4399,10.7171623737981
4400,10.7142535418782
4401,10.7113453709814
4402,10.7084378608073
4403,10.7055310110557
4404,10.7026248214267
4405,10.6997192916205
4406,10.6968144213376
4407,10.6939102102786
4408,10.6910066581445
4409,10.6881037646362
4410,10.6852015294551
4411,10.6822999523026
4412,10.6793990328803
4413,10.6764987708903
4414,10.6735991660345
4415,10.6707002180152
4416,10.6678019265349
4417,10.6649042912964
4418,10.6620073120024
4419,10.6591109883562
4420,10.6562153200609
4421,10.6533203068201
4422,10.6504259483375
4423,10.6475322443169
4424,10.6446391944626
4425,10.6417467984786
4426,10.6388550560697
4427,10.6359639669404
4428,10.6330735307957
4429,10.6301837473406
4430,10.6272946162805
4431,10.6244061373208
4432,10.6215183101674
4433,10.6186311345259
4434,10.6157446101026
4435,10.6128587366038
4436,10.6099735137359
4437,10.6070889412056
4438,10.6042050187199
4439,10.6013217459857
4440,10.5984391227105
4441,10.5955571486016
4442,10.5926758233668
4443,10.5897951467139
4444,10.5869151183511
4445,10.5840357379865
4446,10.5811570053287
4447,10.5782789200863
4448,10.5754014819682
4449,10.5725246906834
4450,10.5696485459412
4451,10.5667730474511
4452,10.5638981949227
4453,10.5610239880659
4454,10.5581504265906
4455,10.5552775102071
4456,10.5524052386259
4457,10.5495336115576
4458,10.5466626287129
4459,10.543792289803
4460,10.5409225945389
4461,10.5380535426322
4462,10.5351851337944
4463,10.5323173677373
4464,10.5294502441728
4465,10.5265837628132
4466,10.5237179233709
4467,10.5208527255583
4468,10.5179881690883
4469,10.5151242536738
4470,10.5122609790279
4471,10.509398344864
4472,10.5065363508956
4473,10.5036749968364
4474,10.5008142824004
4475,10.4979542073016
4476,10.4950947712543
4477,10.492235973973
4478,10.4893778151724
4479,10.4865202945674
4480,10.483663411873
4481,10.4808071668045
4482,10.4779515590773
4483,10.4750965884071
4484,10.4722422545096
4485,10.4693885571008
4486,10.4665354958971
4487,10.4636830706147
4488,10.4608312809703
4489,10.4579801266806
4490,10.4551296074626
4491,10.4522797230334
4492,10.4494304731104
4493,10.4465818574111
4494,10.4437338756532
4495,10.4408865275546
4496,10.4380398128334
4497,10.4351937312078
4498,10.4323482823965
4499,10.4295034661179
4500,10.426659282091
4501,10.4238157300348
4502,10.4209728096685
4503,10.4181305207115
4504,10.4152888628834
4505,10.4124478359039
4506,10.4096074394931
4507,10.4067676733711
4508,10.4039285372582
4509,10.4010900308749
4510,10.3982521539421
4511,10.3954149061805
4512,10.3925782873112
4513,10.3897422970555
4514,10.3869069351349
4515,10.3840722012709
4516,10.3812380951855
4517,10.3784046166006
4518,10.3755717652385
4519,10.3727395408214
4520,10.369907943072
4521,10.3670769717129
4522,10.3642466264672
4523,10.3614169070579
4524,10.3585878132083
4525,10.355759344642
4526,10.3529315010825
4527,10.3501042822537
4528,10.3472776878797
4529,10.3444517176846
4530,10.3416263713929
4531,10.3388016487291
4532,10.335977549418
4533,10.3331540731845
4534,10.3303312197538
4535,10.3275089888511
4536,10.3246873802019
4537,10.321866393532
4538,10.3190460285671
4539,10.3162262850333
4540,10.3134071626568
4541,10.310588661164
4542,10.3077707802815
4543,10.3049535197359
4544,10.3021368792544
4545,10.2993208585639
4546,10.2965054573917
4547,10.2936906754654
4548,10.2908765125126
4549,10.2880629682611
4550,10.2852500424389
4551,10.2824377347743
4552,10.2796260449956
4553,10.2768149728313
4554,10.2740045180103
4555,10.2711946802613
4556,10.2683854593135
4557,10.2655768548961
4558,10.2627688667386
4559,10.2599614945706
4560,10.257154738122
4561,10.2543485971226
4562,10.2515430713027
4563,10.2487381603925
4564,10.2459338641226
4565,10.2431301822237
4566,10.2403271144267
4567,10.2375246604625
4568,10.2347228200624
4569,10.2319215929577
4570,10.2291209788802
4571,10.2263209775614
4572,10.2235215887334
4573,10.2207228121281
4574,10.217924647478
4575,10.2151270945154
4576,10.212330152973
4577,10.2095338225836
4578,10.2067381030801
4579,10.2039429941957
4580,10.2011484956637
4581,10.1983546072176
4582,10.1955613285911
4583,10.1927686595181
4584,10.1899765997326
4585,10.1871851489686
4586,10.1843943069608
4587,10.1816040734435
4588,10.1788144481515
4589,10.1760254308197
4590,10.1732370211831
4591,10.1704492189771
4592,10.1676620239369
4593,10.1648754357982
4594,10.1620894542967
4595,10.1593040791684
4596,10.1565193101494
4597,10.153735146976
4598,10.1509515893845
4599,10.1481686371116
4600,10.1453862898942
4601,10.142604547469
4602,10.1398234095734
4603,10.1370428759446
4604,10.13426294632
4605,10.1314836204373
4606,10.1287048980344
4607,10.1259267788492
4608,10.1231492626199
4609,10.1203723490848
4610,10.1175960379824
4611,10.1148203290513
4612,10.1120452220305
4613,10.1092707166589
4614,10.1064968126757
4615,10.1037235098203
4616,10.1009508078321
4617,10.0981787064509
4618,10.0954072054165
4619,10.0926363044689
4620,10.0898660033484
4621,10.0870963017952
4622,10.08432719955
4623,10.0815586963534
4624,10.0787907919463
4625,10.0760234860697
4626,10.0732567784649
4627,10.0704906688731
4628,10.067725157036
4629,10.0649602426953
4630,10.0621959255927
4631,10.0594322054705
4632,10.0566690820707
4633,10.0539065551358
4634,10.0511446244083
4635,10.0483832896308
4636,10.0456225505464
4637,10.0428624068979
4638,10.0401028584287
4639,10.0373439048821
4640,10.0345855460016
4641,10.031827781531
4642,10.0290706112141
4643,10.026314034795
4644,10.0235580520178
4645,10.020802662627
4646,10.018047866367
4647,10.0152936629825
4648,10.0125400522185
4649,10.00978703382
4650,10.007034607532
4651,10.0042827731001
4652,10.0015315302697
4653,9.9987808787865
4654,9.99603081839633
4655,9.99328134884523
4656,9.99053246987937
4657,9.98778418124509
4658,9.98503648268887
4659,9.98228937395742
4660,9.97954285479753
4661,9.97679692495621
4662,9.97405158418061
4663,9.97130683221806
4664,9.96856266881601
4665,9.96581909372214
4666,9.96307610668423
4667,9.96033370745026
4668,9.95759189576835
4669,9.95485067138679
4670,9.95211003405404
4671,9.94936998351871
4672,9.94663051952958
4673,9.94389164183557
4674,9.9411533501858
4675,9.93841564432953
4676,9.93567852401617
4677,9.93294198899529
4678,9.93020603901664
4679,9.92747067383013
4680,9.92473589318581
4681,9.92200169683392
4682,9.91926808452482
4683,9.91653505600908
4684,9.91380261103737
4685,9.91107074936057
4686,9.9083394707297
4687,9.90560877489594
4688,9.90287866161062
4689,9.90014913062525
4690,9.89742018169149
4691,9.89469181456115
4692,9.89196402898622
4693,9.88923682471882
4694,9.88651020151124
4695,9.88378415911593
4696,9.88105869728551
4697,9.87833381577274
4698,9.87560951433056
4699,9.87288579271202
4700,9.87016265067038
4701,9.86744008795905
4702,9.86471810433156
4703,9.86199669954165
4704,9.85927587334315
4705,9.85655562549013
4706,9.85383595573676
4707,9.85111686383736
4708,9.84839834954644
4709,9.84568041261866
4710,9.84296305280881
4711,9.84024626987187
4712,9.83753006356297
4713,9.83481443363738
4714,9.83209937985051
4715,9.82938490195798
4716,9.82667099971551
4717,9.82395767287902
4718,9.82124492120456
4719,9.81853274444833
4720,9.81582114236671
4721,9.8131101147162
4722,9.81039966125348
4723,9.80768978173538
4724,9.8049804759189
4725,9.80227174356116
4726,9.79956358441945
4727,9.79685599825124
4728,9.7941489848141
4729,9.79144254386579
4730,9.78873667516422
4731,9.78603137846747
4732,9.78332665353372
4733,9.78062250012136
4734,9.77791891798891
4735,9.77521590689503
4736,9.77251346659857
4737,9.76981159685849
4738,9.76711029743392
4739,9.76440956808415
4740,9.76170940856862
4741,9.75900981864693
4742,9.7563107980788
4743,9.75361234662412
4744,9.75091446404295
4745,9.74821715009548
4746,9.74552040454207
4747,9.7428242271432
4748,9.74012861765955
4749,9.73743357585188
4750,9.73473910148119
4751,9.73204519430855
4752,9.72935185409522
4753,9.72665908060262
4754,9.72396687359231
4755,9.72127523282597
4756,9.71858415806547
4757,9.71589364907283
4758,9.71320370561019
4759,9.71051432743987
4760,9.70782551432433
4761,9.70513726602617
4762,9.70244958230813
4763,9.69976246293314
4764,9.69707590766425
4765,9.69438991626465
4766,9.69170448849773
4767,9.68901962412694
4768,9.68633532291598
4769,9.68365158462862
4770,9.68096840902882
4771,9.67828579588067
4772,9.67560374494843
4773,9.67292225599648
4774,9.67024132878936
4775,9.66756096309177
4776,9.66488115866854
4777,9.66220191528465
4778,9.65952323270525
4779,9.65684511069562
4780,9.65416754902116
4781,9.65149054744747
4782,9.64881410574026
4783,9.6461382236654
4784,9.64346290098891
4785,9.64078813747696
4786,9.63811393289585
4787,9.63544028701202
4788,9.6327671995921
4789,9.63009467040281
4790,9.62742269921107
4791,9.62475128578391
4792,9.62208042988851
4793,9.61941013129219
4794,9.61674038976246
4795,9.61407120506692
4796,9.61140257697334
4797,9.60873450524965
4798,9.60606698966389
4799,9.60340002998426
4800,9.60073362597912
4801,9.59806777741695
4802,9.59540248406642
4803,9.59273774569628
4804,9.59007356207546
4805,9.58740993297305
4806,9.58474685815823
4807,9.5820843374004
4808,9.57942237046904
4809,9.5767609571338
4810,9.57410009716447
4811,9.57143979033099
4812,9.56878003640344
4813,9.56612083515203
4814,9.56346218634713
4815,9.56080408975925
4816,9.55814654515902
4817,9.55548955231726
4818,9.5528331110049
4819,9.550177220993
4820,9.54752188205281
4821,9.54486709395567
4822,9.54221285647309
4823,9.53955916937673
4824,9.53690603243836
4825,9.53425344542993
4826,9.5316014081235
4827,9.5289499202913
4828,9.52629898170566
4829,9.52364859213911
4830,9.52099875136427
4831,9.51834945915392
4832,9.51570071528099
4833,9.51305251951854
4834,9.51040487163978
4835,9.50775777141804
4836,9.50511121862681
4837,9.50246521303972
4838,9.49981975443053
4839,9.49717484257315
4840,9.49453047724164
4841,9.49188665821016
4842,9.48924338525304
4843,9.48660065814476
4844,9.48395847665993
4845,9.48131684057326
4846,9.47867574965968
4847,9.47603520369418
4848,9.47339520245194
4849,9.47075574570826
4850,9.46811683323859
4851,9.46547846481848
4852,9.46284064022369
4853,9.46020335923003
4854,9.45756662161354
4855,9.45493042715033
4856,9.4522947756167
4857,9.44965966678902
4858,9.44702510044388
4859,9.44439107635794
4860,9.44175759430803
4861,9.43912465407112
4862,9.43649225542431
4863,9.43386039814482
4864,9.43122908201005
4865,9.42859830679751
4866,9.42596807228482
4867,9.42333837824982
4868,9.42070922447039
4869,9.41808061072459
4870,9.41545253679065
4871,9.41282500244689
4872,9.41019800747176
4873,9.4075715516439
4874,9.40494563474202
4875,9.40232025654502
4876,9.39969541683192
4877,9.39707111538187
4878,9.39444735197413
4879,9.39182412638817
4880,9.3892014384035
4881,9.38657928779984
4882,9.38395767435703
4883,9.38133659785501
4884,9.37871605807388
4885,9.37609605479391
4886,9.37347658779544
4887,9.37085765685897
4888,9.36823926176516
4889,9.36562140229476
4890,9.36300407822871
4891,9.36038728934803
4892,9.35777103543391
4893,9.35515531626764
4894,9.3525401316307
4895,9.34992548130465
4896,9.3473113650712
4897,9.3446977827122
4898,9.34208473400962
4899,9.3394722187456
4900,9.33686023670237
4901,9.33424878766233
4902,9.33163787140797
4903,9.32902748772193
4904,9.32641763638702
4905,9.32380831718615
4906,9.32119952990235
4907,9.3185912743188
4908,9.31598355021882
4909,9.31337635738585
4910,9.31076969560346
4911,9.30816356465538
4912,9.30555796432543
4913,9.30295289439757
4914,9.30034835465594
4915,9.29774434488474
4916,9.29514086486837
4917,9.2925379143913
4918,9.28993549323818
4919,9.28733360119376
4920,9.28473223804296
4921,9.28213140357076
4922,9.27953109756235
4923,9.276931319803
4924,9.27433207007814
4925,9.27173334817331
4926,9.26913515387418
4927,9.26653748696658
4928,9.26394034723644
4929,9.26134373446983
4930,9.25874764845292
4931,9.2561520889721
4932,9.25355705581379
4933,9.25096254876458
4934,9.2483685676112
4935,9.24577511214051
4936,9.24318218213946
4937,9.24058977739518
4938,9.23799789769491
4939,9.235406542826
4940,9.23281571257596
4941,9.23022540673241
4942,9.22763562508311
4943,9.22504636741592
4944,9.22245763351888
4945,9.21986942318014
4946,9.21728173618793
4947,9.21469457233066
4948,9.21210793139687
4949,9.20952181317521
4950,9.20693621745443
4951,9.20435114402349
4952,9.20176659267141
4953,9.19918256318734
4954,9.19659905536059
4955,9.19401606898057
4956,9.19143360383683
4957,9.18885165971905
4958,9.18627023641702
4959,9.1836893337207
4960,9.18110895142011
4961,9.17852908930547
4962,9.17594974716706
4963,9.17337092479534
4964,9.17079262198087
4965,9.16821483851433
4966,9.16563757418654
4967,9.16306082878845
4968,9.16048460211113
4969,9.15790889394578
4970,9.15533370408371
4971,9.15275903231638
4972,9.15018487843536
4973,9.14761124223233
4974,9.14503812349915
4975,9.14246552202775
4976,9.13989343761022
4977,9.13732187003875
4978,9.13475081910566
4979,9.13218028460343
4980,9.1296102663246
4981,9.12704076406192
4982,9.12447177760817
4983,9.12190330675632
4984,9.11933535129945
4985,9.11676791103075
4986,9.11420098574357
4987,9.11163457523133
4988,9.10906867928762
4989,9.10650329770615
4990,9.10393843028071
4991,9.10137407680527
4992,9.0988102370739
4993,9.09624691088077
4994,9.09368409802022
4995,9.09112179828669
4996,9.08856001147474
4997,9.08599873737905
4998,9.08343797579445
4999,9.08087772651586
5000,9.07831798933833
5001,9.07575876405705
5002,9.07320005046733
5003,9.07064184836459
5004,9.06808415754437
5005,9.06552697780234
5006,9.06297030893431
5007,9.06041415073619
5008,9.05785850300401
5009,9.05530336553394
5010,9.05274873812223
5011,9.05019462056533
5012,9.04764101265976
5013,9.04508791420214
5014,9.04253532498925
5015,9.03998324481799
5016,9.03743167348537
5017,9.03488061078852
5018,9.0323300565247
5019,9.02978001049128
5020,9.02723047248577
5021,9.02468144230577
5022,9.02213291974902
5023,9.01958490461342
5024,9.01703739669689
5025,9.01449039579757
5026,9.01194390171369
5027,9.00939791424356
5028,9.00685243318566
5029,9.00430745833858
5030,9.00176298950102
5031,8.99921902647179
5032,8.99667556904986
5033,8.99413261703427
5034,8.9915901702242
5035,8.98904822841897
5036,8.98650679141798
5037,8.98396585902081
5038,8.98142543102708
5039,8.97888550723659
5040,8.97634608744923
5041,8.97380717146505
5042,8.97126875908413
5043,8.96873085010678
5044,8.96619344433335
5045,8.96365654156434
5046,8.96112014160036
5047,8.95858424424215
5048,8.95604884929054
5049,8.95351395654651
5050,8.95097956581116
5051,8.94844567688567
5052,8.94591228957138
5053,8.94337940366972
5054,8.94084701898224
5055,8.93831513531064
5056,8.93578375245671
5057,8.93325287022233
5058,8.93072248840957
5059,8.92819260682055
5060,8.92566322525754
5061,8.92313434352292
5062,8.9206059614192
5063,8.91807807874899
5064,8.91555069531501
5065,8.91302381092012
5066,8.91049742536726
5067,8.90797153845956
5068,8.90544615000019
5069,8.90292125979245
5070,8.9003968676398
5071,8.89787297334577
5072,8.89534957671404
5073,8.89282667754838
5074,8.89030427565268
5075,8.88778237083098
5076,8.88526096288737
5077,8.88274005162612
5078,8.88021963685157
5079,8.87769971836822
5080,8.87518029598064
5081,8.87266136949354
5082,8.87014293871176
5083,8.86762500344021
5084,8.86510756348395
5085,8.86259061864815
5086,8.86007416873809
5087,8.85755821355917
5088,8.85504275291689
5089,8.8525277866169
5090,8.85001331446491
5091,8.8474993362668
5092,8.84498585182851
5093,8.84247286095615
5094,8.83996036345591
5095,8.8374483591341
5096,8.83493684779714
5097,8.83242582925159
5098,8.82991530330409
5099,8.8274052697614
5100,8.82489572843041
5101,8.82238667911811
5102,8.81987812163162
5103,8.81737005577814
5104,8.81486248136503
5105,8.81235539819973
5106,8.8098488060898
5107,8.8073427048429
5108,8.80483709426683
5109,8.8023319741695
5110,8.79982734435891
5111,8.79732320464319
5112,8.79481955483058
5113,8.79231639472942
5114,8.78981372414817
5115,8.78731154289544
5116,8.78480985077988
5117,8.78230864761032
5118,8.77980793319564
5119,8.77730770734489
5120,8.77480796986719
5121,8.7723087205718
5122,8.76980995926807
5123,8.7673116857655
5124,8.76481389987362
5125,8.76231660140217
5126,8.75981979016093
5127,8.75732346595983
5128,8.75482762860889
5129,8.75233227791825
5130,8.74983741369818
5131,8.74734303575901
5132,8.74484914391124
5133,8.74235573796542
5134,8.73986281773228
5135,8.73737038302261
5136,8.73487843364732
5137,8.73238696941744
5138,8.7298959901441
5139,8.72740549563855
5140,8.72491548571215
5141,8.72242596017636
5142,8.71993691884276
5143,8.71744836152304
5144,8.71496028802898
5145,8.7124726981725
5146,8.70998559176561
5147,8.70749896862044
5148,8.70501282854921
5149,8.70252717136428
5150,8.7000419968781
5151,8.69755730490323
5152,8.69507309525234
5153,8.69258936773822
5154,8.69010612217375
5155,8.68762335837192
5156,8.68514107614585
5157,8.68265927530875
5158,8.68017795567396
5159,8.6776971170549
5160,8.6752167592651
5161,8.67273688211824
5162,8.67025748542805
5163,8.66777856900842
5164,8.66530013267329
5165,8.66282217623678
5166,8.66034469951307
5167,8.65786770231646
5168,8.65539118446135
5169,8.65291514576225
5170,8.65043958603378
5171,8.64796450509069
5172,8.6454899027478
5173,8.64301577882007
5174,8.64054213312253
5175,8.63806896547035
5176,8.6355962756788
5177,8.63312406356324
5178,8.63065232893917
5179,8.62818107162215
5180,8.6257102914279
5181,8.62323998817222
5182,8.62077016167099
5183,8.61830081174024
5184,8.6158319381961
5185,8.6133635408548
5186,8.61089561953264
5187,8.60842817404609
5188,8.60596120421167
5189,8.60349470984607
5190,8.60102869076601
5191,8.59856314678835
5192,8.5960980777301
5193,8.59363348340831
5194,8.59116936364016
5195,8.58870571824292
5196,8.58624254703402
5197,8.58377984983093
5198,8.58131762645126
5199,8.57885587671271
5200,8.57639460043311
5201,8.57393379743036
5202,8.57147346752249
5203,8.56901361052763
5204,8.56655422626399
5205,8.56409531454996
5206,8.56163687520394
5207,8.55917890804448
5208,8.55672141289024
5209,8.55426438955998
5210,8.55180783787254
5211,8.54935175764691
5212,8.54689614870215
5213,8.54444101085743
5214,8.54198634393202
5215,8.53953214774531
5216,8.53707842211679
5217,8.53462516686603
5218,8.53217238181275
5219,8.52972006677672
5220,8.52726822157784
5221,8.52481684603613
5222,8.52236593997169
5223,8.51991550320472
5224,8.51746553555555
5225,8.51501603684458
5226,8.51256700689235
5227,8.51011844551946
5228,8.50767035254664
5229,8.50522272779473
5230,8.50277557108465
5231,8.50032888223744
5232,8.49788266107422
5233,8.49543690741626
5234,8.49299162108487
5235,8.49054680190152
5236,8.48810244968773
5237,8.48565856426516
5238,8.48321514545557
5239,8.4807721930808
5240,8.47832970696281
5241,8.47588768692365
5242,8.47344613278548
5243,8.47100504437058
5244,8.46856442150128
5245,8.46612426400006
5246,8.46368457168949
5247,8.46124534439222
5248,8.45880658193103
5249,8.45636828412878
5250,8.45393045080845
5251,8.45149308179311
5252,8.44905617690593
5253,8.44661973597018
5254,8.44418375880923
5255,8.44174824524658
5256,8.43931319510578
5257,8.43687860821052
5258,8.43444448438455
5259,8.43201082345179
5260,8.42957762523619
5261,8.42714488956185
5262,8.42471261625293
5263,8.42228080513372
5264,8.41984945602858
5265,8.41741856876202
5266,8.41498814315858
5267,8.41255817904299
5268,8.41012867623999
5269,8.40769963457447
5270,8.4052710538714
5271,8.40284293395588
5272,8.40041527465308
5273,8.39798807578827
5274,8.39556133718682
5275,8.39313505867423
5276,8.39070924007604
5277,8.38828388121796
5278,8.38585898192575
5279,8.38343454202527
5280,8.38101056134252
5281,8.37858703970354
5282,8.37616397693452
5283,8.37374137286172
5284,8.37131922731149
5285,8.36889754011033
5286,8.36647631108478
5287,8.3640555400615
5288,8.36163522686727
5289,8.35921537132894
5290,8.35679597327345
5291,8.35437703252788
5292,8.35195854891936
5293,8.34954052227516
5294,8.34712295242262
5295,8.34470583918919
5296,8.34228918240241
5297,8.33987298188992
5298,8.33745723747946
5299,8.33504194899888
5300,8.33262711627611
5301,8.33021273913917
5302,8.32779881741621
5303,8.32538535093544
5304,8.32297233952519
5305,8.32055978301386
5306,8.31814768123001
5307,8.31573603400223
5308,8.31332484115922
5309,8.31091410252982
5310,8.30850381794291
5311,8.3060939872275
5312,8.30368461021268
5313,8.30127568672767
5314,8.29886721660173
5315,8.29645919966428
5316,8.29405163574477
5317,8.2916445246728
5318,8.28923786627806
5319,8.28683166039029
5320,8.28442590683938
5321,8.2820206054553
5322,8.27961575606809
5323,8.27721135850791
5324,8.27480741260503
5325,8.27240391818978
5326,8.27000087509262
5327,8.26759828314407
5328,8.26519614217477
5329,8.26279445201545
5330,8.26039321249693
5331,8.25799242345016
5332,8.2555920847061
5333,8.25319219609591
5334,8.25079275745077
5335,8.24839376860198
5336,8.24599522938095
5337,8.24359713961916
5338,8.24119949914818
5339,8.23880230779972
5340,8.23640556540553
5341,8.23400927179748
5342,8.23161342680754
5343,8.22921803026778
5344,8.22682308201032
5345,8.22442858186743
5346,8.22203452967143
5347,8.21964092525476
5348,8.21724776844997
5349,8.21485505908965
5350,8.21246279700653
5351,8.21007098203342
5352,8.20767961400323
5353,8.20528869274893
5354,8.20289821810364
5355,8.20050818990053
5356,8.19811860797287
5357,8.19572947215405
5358,8.19334078227751
5359,8.19095253817683
5360,8.18856473968565
5361,8.18617738663771
5362,8.18379047886686
5363,8.181404016207
5364,8.17901799849218
5365,8.17663242555651
5366,8.17424729723418
5367,8.17186261335952
5368,8.16947837376689
5369,8.16709457829082
5370,8.16471122676584
5371,8.16232831902664
5372,8.159945854908
5373,8.15756383424473
5374,8.15518225687183
5375,8.15280112262432
5376,8.15042043133732
5377,8.14804018284606
5378,8.14566037698585
5379,8.14328101359211
5380,8.14090209250033
5381,8.13852361354611
5382,8.13614557656512
5383,8.13376798139314
5384,8.13139082786604
5385,8.12901411581977
5386,8.12663784509037
5387,8.124262015514
5388,8.12188662692688
5389,8.11951167916534
5390,8.11713717206577
5391,8.1147631054647
5392,8.11238947919871
5393,8.1100162931045
5394,8.10764354701884
5395,8.1052712407786
5396,8.10289937422072
5397,8.10052794718228
5398,8.09815695950038
5399,8.09578641101229
5400,8.09341630155532
5401,8.09104663096687
5402,8.08867739908444
5403,8.08630860574563
5404,8.08394025078813
5405,8.08157233404969
5406,8.07920485536819
5407,8.07683781458157
5408,8.07447121152787
5409,8.07210504604524
5410,8.06973931797189
5411,8.06737402714612
5412,8.06500917340635
5413,8.06264475659106
5414,8.06028077653883
5415,8.05791723308833
5416,8.05555412607831
5417,8.05319145534762
5418,8.05082922073522
5419,8.04846742208012
5420,8.04610605922142
5421,8.04374513199835
5422,8.04138464025019
5423,8.03902458381633
5424,8.03666496253622
5425,8.03430577624946
5426,8.03194702479566
5427,8.02958870801457
5428,8.02723082574601
5429,8.02487337782991
5430,8.02251636410626
5431,8.02015978441517
5432,8.01780363859678
5433,8.0154479264914
5434,8.01309264793936
5435,8.01073780278111
5436,8.0083833908572
5437,8.00602941200822
5438,8.0036758660749
5439,8.00132275289803
5440,7.99897007231848
5441,7.99661782417724
5442,7.99426600831537
5443,7.99191462457401
5444,7.9895636727944
5445,7.98721315281784
5446,7.98486306448576
5447,7.98251340763965
5448,7.9801641821211
5449,7.97781538777178
5450,7.97546702443344
5451,7.97311909194794
5452,7.97077159015718
5453,7.96842451890322
5454,7.96607787802814
5455,7.96373166737416
5456,7.96138588678351
5457,7.95904053609861
5458,7.95669561516189
5459,7.95435112381588
5460,7.95200706190323
5461,7.94966342926663
5462,7.94732022574889
5463,7.94497745119289
5464,7.94263510544163
5465,7.94029318833812
5466,7.93795169972555
5467,7.9356106394471
5468,7.93327000734614
5469,7.93092980326604
5470,7.92859002705029
5471,7.92625067854248
5472,7.92391175758625
5473,7.92157326402536
5474,7.91923519770363
5475,7.91689755846499
5476,7.91456034615343
5477,7.91222356061305
5478,7.90988720168801
5479,7.90755126922257
5480,7.90521576306108
5481,7.90288068304796
5482,7.90054602902774
5483,7.89821180084501
5484,7.89587799834444
5485,7.89354462137082
5486,7.89121166976899
5487,7.8888791433839
5488,7.88654704206057
5489,7.8842153656441
5490,7.8818841139797
5491,7.87955328691264
5492,7.87722288428826
5493,7.87489290595204
5494,7.87256335174949
5495,7.87023422152623
5496,7.86790551512796
5497,7.86557723240047
5498,7.86324937318962
5499,7.86092193734136
5500,7.85859492470174
5501,7.85626833511685
5502,7.85394216843293
5503,7.85161642449625
5504,7.84929110315318
5505,7.84696620425018
5506,7.84464172763378
5507,7.84231767315063
5508,7.83999404064739
5509,7.8376708299709
5510,7.83534804096799
5511,7.83302567348564
5512,7.83070372737088
5513,7.82838220247085
5514,7.82606109863273
5515,7.82374041570383
5516,7.8214201535315
5517,7.81910031196323
5518,7.81678089084653
5519,7.81446189002903
5520,7.81214330935842
5521,7.80982514868251
5522,7.80750740784917
5523,7.80519008670632
5524,7.80287318510203
5525,7.80055670288439
5526,7.79824063990163
5527,7.795924996002
5528,7.79360977103388
5529,7.79129496484572
5530,7.78898057728604
5531,7.78666660820345
5532,7.78435305744665
5533,7.78203992486443
5534,7.7797272103056
5535,7.77741491361915
5536,7.77510303465408
5537,7.77279157325949
5538,7.77048052928456
5539,7.76816990257857
5540,7.76585969299085
5541,7.76354990037086
5542,7.76124052456808
5543,7.75893156543211
5544,7.75662302281264
5545,7.7543148965594
5546,7.75200718652224
5547,7.74969989255109
5548,7.74739301449593
5549,7.74508655220683
5550,7.74278050553398
5551,7.74047487432761
5552,7.73816965843803
5553,7.73586485771567
5554,7.73356047201098
5555,7.73125650117456
5556,7.72895294505703
5557,7.72664980350913
5558,7.72434707638167
5559,7.72204476352551
5560,7.71974286479166
5561,7.71744138003115
5562,7.71514030909509
5563,7.71283965183471
5564,7.71053940810131
5565,7.70823957774624
5566,7.70594016062094
5567,7.70364115657697
5568,7.70134256546592
5569,7.69904438713948
5570,7.69674662144943
5571,7.69444926824761
5572,7.69215232738595
5573,7.68985579871646
5574,7.68755968209125
5575,7.68526397736245
5576,7.68296868438232
5577,7.6806738030032
5578,7.67837933307748
5579,7.67608527445767
5580,7.67379162699632
5581,7.67149839054607
5582,7.66920556495965
5583,7.66691315008987
5584,7.66462114578959
5585,7.66232955191179
5586,7.66003836830951
5587,7.65774759483587
5588,7.65545723134405
5589,7.65316727768733
5590,7.6508777337191
5591,7.64858859929275
5592,7.64629987426181
5593,7.64401155847988
5594,7.64172365180061
5595,7.63943615407777
5596,7.63714906516517
5597,7.63486238491673
5598,7.63257611318642
5599,7.63029024982831
5600,7.62800479469654
5601,7.62571974764531
5602,7.62343510852893
5603,7.62115087720179
5604,7.61886705351832
5605,7.61658363733306
5606,7.6143006285006
5607,7.61201802687565
5608,7.60973583231296
5609,7.60745404466737
5610,7.60517266379381
5611,7.60289168954726
5612,7.60061112178281
5613,7.59833096035559
5614,7.59605120512086
5615,7.59377185593389
5616,7.59149291265009
5617,7.58921437512492
5618,7.58693624321389
5619,7.58465851677264
5620,7.58238119565686
5621,7.58010427972231
5622,7.57782776882484
5623,7.57555166282038
5624,7.57327596156492
5625,7.57100066491453
5626,7.56872577272538
5627,7.5664512848537
5628,7.56417720115578
5629,7.56190352148801
5630,7.55963024570685
5631,7.55735737366884
5632,7.5550849052306
5633,7.5528128402488
5634,7.55054117858022
5635,7.54826992008168
5636,7.54599906461012
5637,7.54372861202254
5638,7.54145856217598
5639,7.53918891492762
5640,7.53691967013467
5641,7.53465082765441
5642,7.53238238734423
5643,7.53011434906158
5644,7.52784671266397
5645,7.52557947800903
5646,7.52331264495442
5647,7.52104621335788
5648,7.51878018307726
5649,7.51651455397046
5650,7.51424932589544
5651,7.51198449871028
5652,7.5097200722731
5653,7.50745604644209
5654,7.50519242107555
5655,7.50292919603183
5656,7.50066637116936
5657,7.49840394634664
5658,7.49614192142226
5659,7.49388029625487
5660,7.4916190707032
5661,7.48935824462606
5662,7.48709781788233
5663,7.48483779033096
5664,7.48257816183098
5665,7.4803189322415
5666,7.4780601014217
5667,7.47580166923082
5668,7.47354363552821
5669,7.47128600017325
5670,7.46902876302545
5671,7.46677192394431
5672,7.46451548278951
5673,7.46225943942071
5674,7.46000379369769
5675,7.45774854548031
5676,7.45549369462851
5677,7.45323924100224
5678,7.45098518446161
5679,7.44873152486675
5680,7.44647826207787
5681,7.44422539595527
5682,7.44197292635932
5683,7.43972085315045
5684,7.43746917618918
5685,7.43521789533609
5686,7.43296701045185
5687,7.43071652139719
5688,7.4284664280329
5689,7.42621673021989
5690,7.42396742781909
5691,7.42171852069155
5692,7.41947000869835
5693,7.41722189170067
5694,7.41497416955977
5695,7.41272684213694
5696,7.41047990929361
5697,7.40823337089121
5698,7.4059872267913
5699,7.4037414768555
5700,7.40149612094547
5701,7.39925115892297
5702,7.39700659064987
5703,7.39476241598801
5704,7.39251863479943
5705,7.39027524694613
5706,7.38803225229024
5707,7.38578965069397
5708,7.38354744201957
5709,7.3813056261294
5710,7.37906420288584
5711,7.3768231721514
5712,7.37458253378861
5713,7.37234228766011
5714,7.3701024336286
5715,7.36786297155684
5716,7.3656239013077
5717,7.36338522274406
5718,7.36114693572894
5719,7.35890904012537
5720,7.3566715357965
5721,7.35443442260553
5722,7.35219770041573
5723,7.34996136909045
5724,7.3477254284931
5725,7.34548987848718
5726,7.34325471893623
5727,7.34101994970391
5728,7.33878557065391
5729,7.33655158165001
5730,7.33431798255605
5731,7.33208477323594
5732,7.32985195355369
5733,7.32761952337335
5734,7.32538748255905
5735,7.32315583097499
5736,7.32092456848543
5737,7.31869369495475
5738,7.31646321024734
5739,7.31423311422769
5740,7.31200340676036
5741,7.30977408770999
5742,7.30754515694125
5743,7.30531661431892
5744,7.30308845970784
5745,7.30086069297293
5746,7.29863331397916
5747,7.2964063225916
5748,7.29417971867535
5749,7.2919535020956
5750,7.28972767271764
5751,7.28750223040678
5752,7.28527717502842
5753,7.28305250644805
5754,7.28082822453119
5755,7.27860432914349
5756,7.2763808201506
5757,7.27415769741829
5758,7.27193496081238
5759,7.26971261019876
5760,7.2674906454434
5761,7.26526906641232
5762,7.26304787297163
5763,7.26082706498752
5764,7.2586066423262
5765,7.25638660485402
5766,7.25416695243732
5767,7.25194768494258
5768,7.2497288022363
5769,7.24751030418509
5770,7.2452921906556
5771,7.24307446151455
5772,7.24085711662876
5773,7.23864015586507
5774,7.23642357909043
5775,7.23420738617185
5776,7.2319915769764
5777,7.22977615137122
5778,7.22756110922352
5779,7.22534645040059
5780,7.22313217476978
5781,7.22091828219849
5782,7.21870477255424
5783,7.21649164570457
5784,7.21427890151709
5785,7.21206653985951
5786,7.2098545605996
5787,7.20764296360517
5788,7.20543174874415
5789,7.20322091588448
5790,7.20101046489421
5791,7.19880039564144
5792,7.19659070799434
5793,7.19438140182116
5794,7.19217247699021
5795,7.18996393336985
5796,7.18775577082855
5797,7.18554798923481
5798,7.18334058845721
5799,7.18113356836442
5800,7.17892692882513
5801,7.17672066970815
5802,7.17451479088231
5803,7.17230929221657
5804,7.17010417357987
5805,7.1678994348413
5806,7.16569507586998
5807,7.16349109653511
5808,7.16128749670591
5809,7.15908427625176
5810,7.15688143504202
5811,7.15467897294617
5812,7.15247688983373
5813,7.1502751855743
5814,7.14807386003754
5815,7.1458729130932
5816,7.14367234461105
5817,7.14147215446098
5818,7.13927234251292
5819,7.13707290863686
5820,7.13487385270286
5821,7.13267517458108
5822,7.13047687414169
5823,7.12827895125499
5824,7.1260814057913
5825,7.12388423762103
5826,7.12168744661462
5827,7.11949103264264
5828,7.11729499557566
5829,7.11509933528437
5830,7.11290405163951
5831,7.11070914451186
5832,7.10851461377231
5833,7.10632045929177
5834,7.10412668094126
5835,7.10193327859184
5836,7.09974025211464
5837,7.09754760138087
5838,7.09535532626178
5839,7.09316342662872
5840,7.09097190235306
5841,7.08878075330631
5842,7.08658997935995
5843,7.08439958038561
5844,7.08220955625493
5845,7.08001990683965
5846,7.07783063201157
5847,7.07564173164253
5848,7.07345320560447
5849,7.07126505376938
5850,7.06907727600931
5851,7.06688987219638
5852,7.06470284220279
5853,7.06251618590078
5854,7.06032990316267
5855,7.05814399386086
5856,7.05595845786778
5857,7.05377329505596
5858,7.05158850529795
5859,7.04940408846644
5860,7.04722004443411
5861,7.04503637307375
5862,7.04285307425818
5863,7.04067014786034
5864,7.03848759375317
5865,7.03630541180972
5866,7.03412360190308
5867,7.03194216390643
5868,7.029761097693
5869,7.02758040313607
5870,7.02540008010901
5871,7.02322012848524
5872,7.02104054813825
5873,7.01886133894162
5874,7.01668250076892
5875,7.01450403349388
5876,7.01232593699021
5877,7.01014821113176
5878,7.00797085579237
5879,7.005793870846
5880,7.00361725616665
5881,7.00144101162839
5882,6.99926513710537
5883,6.99708963247177
5884,6.99491449760185
5885,6.99273973236994
5886,6.99056533665043
5887,6.98839131031778
5888,6.9862176532465
5889,6.98404436531118
5890,6.98187144638647
5891,6.97969889634706
5892,6.97752671506775
5893,6.97535490242335
5894,6.97318345828878
5895,6.97101238253901
5896,6.96884167504905
5897,6.96667133569401
5898,6.96450136434902
5899,6.96233176088933
5900,6.9601625251902
5901,6.95799365712698
5902,6.95582515657509
5903,6.95365702340999
5904,6.95148925750723
5905,6.9493218587424
5906,6.94715482699116
5907,6.94498816212923
5908,6.94282186403242
5909,6.94065593257657
5910,6.93849036763758
5911,6.93632516909146
5912,6.93416033681422
5913,6.93199587068197
5914,6.9298317705709
5915,6.92766803635722
5916,6.92550466791721
5917,6.92334166512724
5918,6.92117902786373
5919,6.91901675600316
5920,6.91685484942206
5921,6.91469330799705
5922,6.91253213160478
5923,6.91037132012201
5924,6.90821087342549
5925,6.90605079139212
5926,6.90389107389879
5927,6.90173172082248
5928,6.89957273204024
5929,6.89741410742917
5930,6.89525584686644
5931,6.89309795022928
5932,6.89094041739498
5933,6.88878324824088
5934,6.88662644264441
5935,6.88447000048305
5936,6.88231392163431
5937,6.88015820597582
5938,6.87800285338524
5939,6.87584786374027
5940,6.87369323691872
5941,6.87153897279843
5942,6.86938507125731
5943,6.86723153217333
5944,6.86507835542451
5945,6.86292554088897
5946,6.86077308844484
5947,6.85862099797035
5948,6.85646926934379
5949,6.85431790244348
5950,6.85216689714782
5951,6.85001625333528
5952,6.8478659708844
5953,6.84571604967374
5954,6.84356648958194
5955,6.84141729048774
5956,6.83926845226989
5957,6.83711997480722
5958,6.8349718579786
5959,6.83282410166302
5960,6.83067670573947
5961,6.82852967008703
5962,6.82638299458483
5963,6.82423667911206
5964,6.82209072354798
5965,6.81994512777192
5966,6.81779989166325
5967,6.81565501510138
5968,6.81351049796585
5969,6.81136634013619
5970,6.80922254149204
5971,6.80707910191306
5972,6.804936021279
5973,6.80279329946966
5974,6.80065093636491
5975,6.79850893184465
5976,6.79636728578889
5977,6.79422599807765
5978,6.79208506859104
5979,6.78994449720921
5980,6.78780428381241
5981,6.78566442828091
5982,6.78352493049504
5983,6.78138579033521
5984,6.77924700768189
5985,6.77710858241559
5986,6.7749705144169
5987,6.77283280356647
5988,6.77069544974498
5989,6.76855845283323
5990,6.76642181271199
5991,6.76428552926218
5992,6.76214960236474
5993,6.76001403190064
5994,6.75787881775098
5995,6.75574395979684
5996,6.75360945791942
5997,6.75147531199997
5998,6.74934152191977
5999,6.74720808756017
6000,6.7450750088026
6001,6.74294228552855
6002,6.74080991761954
6003,6.73867790495715
6004,6.73654624742305
6005,6.73441494489896
6006,6.73228399726663
6007,6.7301534044079
6008,6.72802316620467
6009,6.72589328253888
6010,6.72376375329253
6011,6.7216345783477
6012,6.71950575758652
6013,6.71737729089116
6014,6.71524917814386
6015,6.71312141922694
6016,6.71099401402274
6017,6.70886696241369
6018,6.70674026428227
6019,6.70461391951102
6020,6.70248792798252
6021,6.70036228957943
6022,6.69823700418446
6023,6.69611207168039
6024,6.69398749195004
6025,6.69186326487631
6026,6.68973939034212
6027,6.68761586823049
6028,6.68549269842448
6029,6.68336988080721
6030,6.68124741526186
6031,6.67912530167166
6032,6.67700353991991
6033,6.67488212988996
6034,6.67276107146521
6035,6.67064036452916
6036,6.6685200089653
6037,6.66640000465723
6038,6.66428035148861
6039,6.6621610493431
6040,6.66004209810449
6041,6.65792349765657
6042,6.65580524788324
6043,6.65368734866842
6044,6.65156979989609
6045,6.64945260145031
6046,6.64733575321517
6047,6.64521925507483
6048,6.64310310691352
6049,6.64098730861551
6050,6.63887186006513
6051,6.63675676114678
6052,6.6346420117449
6053,6.632527611744
6054,6.63041356102862
6055,6.62829985948341
6056,6.62618650699304
6057,6.62407350344224
6058,6.62196084871579
6059,6.61984854269856
6060,6.61773658527544
6061,6.6156249763314
6062,6.61351371575144
6063,6.61140280342065
6064,6.60929223922416
6065,6.60718202304717
6066,6.60507215477493
6067,6.60296263429271
6068,6.60085346148589
6069,6.59874463623989
6070,6.5966361584402
6071,6.59452802797231
6072,6.59242024472183
6073,6.5903128085744
6074,6.5882057194157
6075,6.58609897713153
6076,6.58399258160766
6077,6.58188653272997
6078,6.57978083038439
6079,6.57767547445691
6080,6.57557046483354
6081,6.5734658014004
6082,6.57136148404363
6083,6.56925751264944
6084,6.56715388710408
6085,6.56505060729387
6086,6.56294767310521
6087,6.56084508442449
6088,6.55874284113822
6089,6.55664094313295
6090,6.55453939029526
6091,6.5524381825118
6092,6.5503373196693
6093,6.54823680165452
6094,6.54613662835426
6095,6.54403679965541
6096,6.54193731544493
6097,6.53983817560977
6098,6.53773938003697
6099,6.53564092861367
6100,6.53354282122699
6101,6.53144505776416
6102,6.52934763811244
6103,6.52725056215913
6104,6.52515382979164
6105,6.52305744089738
6106,6.52096139536385
6107,6.51886569307859
6108,6.51677033392919
6109,6.51467531780331
6110,6.51258064458866
6111,6.51048631417299
6112,6.50839232644413
6113,6.50629868128995
6114,6.50420537859838
6115,6.50211241825741
6116,6.50001980015506
6117,6.49792752417944
6118,6.49583559021869
6119,6.49374399816103
6120,6.49165274789468
6121,6.48956183930799
6122,6.48747127228932
6123,6.48538104672707
6124,6.48329116250975
6125,6.48120161952587
6126,6.47911241766402
6127,6.47702355681283
6128,6.47493503686101
6129,6.47284685769731
6130,6.47075901921052
6131,6.46867152128951
6132,6.46658436382319
6133,6.46449754670052
6134,6.46241106981055
6135,6.46032493304231
6136,6.45823913628497
6137,6.45615367942769
6138,6.45406856235971
6139,6.45198378497035
6140,6.44989934714891
6141,6.44781524878484
6142,6.44573148976755
6143,6.44364806998658
6144,6.44156498933148
6145,6.43948224769185
6146,6.4373998449574
6147,6.43531778101783
6148,6.43323605576292
6149,6.43115466908248
6150,6.42907362086644
6151,6.42699291100471
6152,6.42491253938729
6153,6.42283250590424
6154,6.42075281044563
6155,6.41867345290163
6156,6.41659443316246
6157,6.41451575111836
6158,6.41243740665965
6159,6.41035939967669
6160,6.40828173005993
6161,6.40620439769981
6162,6.40412740248689
6163,6.40205074431173
6164,6.39997442306496
6165,6.39789843863728
6166,6.39582279091943
6167,6.3937474798022
6168,6.39167250517643
6169,6.38959786693303
6170,6.38752356496296
6171,6.3854495991572
6172,6.38337596940685
6173,6.38130267560297
6174,6.37922971763678
6175,6.37715709539946
6176,6.37508480878229
6177,6.37301285767659
6178,6.37094124197375
6179,6.36886996156518
6180,6.36679901634238
6181,6.36472840619688
6182,6.36265813102026
6183,6.36058819070416
6184,6.35851858514028
6185,6.35644931422036
6186,6.3543803778362
6187,6.35231177587965
6188,6.35024350824259
6189,6.34817557481701
6190,6.3461079754949
6191,6.34404071016831
6192,6.34197377872938
6193,6.33990718107025
6194,6.33784091708314
6195,6.33577498666032
6196,6.33370938969411
6197,6.33164412607688
6198,6.32957919570107
6199,6.32751459845913
6200,6.32545033424361
6201,6.32338640294708
6202,6.32132280446218
6203,6.3192595386816
6204,6.31719660549806
6205,6.31513400480436
6206,6.31307173649333
6207,6.31100980045788
6208,6.30894819659094
6209,6.30688692478551
6210,6.30482598493463
6211,6.3027653769314
6212,6.30070510066899
6213,6.29864515604058
6214,6.29658554293942
6215,6.29452626125884
6216,6.29246731089218
6217,6.29040869173285
6218,6.28835040367431
6219,6.28629244661008
6220,6.28423482043371
6221,6.28217752503882
6222,6.28012056031907
6223,6.27806392616818
6224,6.27600762247992
6225,6.2739516491481
6226,6.2718960060666
6227,6.26984069312933
6228,6.26778571023028
6229,6.26573105726346
6230,6.26367673412294
6231,6.26162274070285
6232,6.25956907689738
6233,6.25751574260074
6234,6.25546273770721
6235,6.25341006211112
6236,6.25135771570686
6237,6.24930569838884
6238,6.24725401005156
6239,6.24520265058954
6240,6.24315161989738
6241,6.2411009178697
6242,6.23905054440119
6243,6.23700049938656
6244,6.23495078272064
6245,6.23290139429823
6246,6.23085233401424
6247,6.22880360176359
6248,6.22675519744127
6249,6.22470712094231
6250,6.22265937216182
6251,6.22061195099493
6252,6.21856485733682
6253,6.21651809108275
6254,6.21447165212798
6255,6.21242554036786
6256,6.21037975569779
6257,6.2083342980132
6258,6.2062891672096
6259,6.20424436318249
6260,6.2021998858275
6261,6.20015573504025
6262,6.19811191071643
6263,6.19606841275179
6264,6.19402524104211
6265,6.19198239548325
6266,6.18993987597107
6267,6.18789768240154
6268,6.18585581467062
6269,6.18381427267436
6270,6.18177305630887
6271,6.17973216547026
6272,6.17769160005473
6273,6.17565135995852
6274,6.17361144507791
6275,6.17157185530925
6276,6.16953259054892
6277,6.16749365069337
6278,6.16545503563905
6279,6.16341674528253
6280,6.16137877952039
6281,6.15934113824924
6282,6.15730382136579
6283,6.15526682876677
6284,6.15323016034895
6285,6.15119381600916
6286,6.14915779564429
6287,6.14712209915128
6288,6.14508672642708
6289,6.14305167736875
6290,6.14101695187335
6291,6.13898254983801
6292,6.1369484711599
6293,6.13491471573625
6294,6.13288128346434
6295,6.13084817424148
6296,6.12881538796505
6297,6.12678292453247
6298,6.12475078384119
6299,6.12271896578876
6300,6.12068747027273
6301,6.11865629719071
6302,6.11662544644038
6303,6.11459491791944
6304,6.11256471152567
6305,6.11053482715685
6306,6.10850526471085
6307,6.1064760240856
6308,6.10444710517904
6309,6.10241850788917
6310,6.10039023211403
6311,6.09836227775175
6312,6.09633464470048
6313,6.0943073328584
6314,6.09228034212376
6315,6.09025367239486
6316,6.08822732357006
6317,6.08620129554772
6318,6.08417558822629
6319,6.08215020150427
6320,6.08012513528019
6321,6.07810038945264
6322,6.07607596392025
6323,6.07405185858168
6324,6.07202807333569
6325,6.07000460808104
6326,6.06798146271655
6327,6.06595863714111
6328,6.06393613125364
6329,6.0619139449531
6330,6.0598920781385
6331,6.05787053070892
6332,6.05584930256346
6333,6.05382839360128
6334,6.05180780372161
6335,6.04978753282367
6336,6.04776758080679
6337,6.04574794757033
6338,6.04372863301364
6339,6.04170963703622
6340,6.03969095953754
6341,6.03767260041714
6342,6.03565455957461
6343,6.03363683690959
6344,6.03161943232177
6345,6.02960234571086
6346,6.02758557697667
6347,6.025569126019
6348,6.02355299273773
6349,6.02153717703279
6350,6.01952167880414
6351,6.01750649795179
6352,6.01549163437582
6353,6.01347708797633
6354,6.01146285865346
6355,6.00944894630745
6356,6.00743535083852
6357,6.00542207214699
6358,6.00340911013318
6359,6.0013964646975
6360,5.99938413574039
6361,5.99737212316233
6362,5.99536042686387
6363,5.99334904674556
6364,5.99133798270805
6365,5.98932723465201
6366,5.98731680247815
6367,5.98530668608724
6368,5.98329688538011
6369,5.9812874002576
6370,5.97927823062064
6371,5.97726937637017
6372,5.97526083740718
6373,5.97325261363275
6374,5.97124470494793
6375,5.9692371112539
6376,5.96722983245183
6377,5.96522286844295
6378,5.96321621912855
6379,5.96120988440996
6380,5.95920386418853
6381,5.95719815836571
6382,5.95519276684293
6383,5.95318768952174
6384,5.95118292630367
6385,5.94917847709033
6386,5.94717434178339
6387,5.94517052028452
6388,5.94316701249547
6389,5.94116381831804
6390,5.93916093765407
6391,5.93715837040543
6392,5.93515611647403
6393,5.93315417576187
6394,5.93115254817096
6395,5.92915123360338
6396,5.92715023196122
6397,5.92514954314664
6398,5.92314916706186
6399,5.9211491036091
6400,5.91914935269069
6401,5.91714991420894
6402,5.91515078806626
6403,5.91315197416507
6404,5.91115347240784
6405,5.90915528269712
6406,5.90715740493545
6407,5.90515983902545
6408,5.9031625848698
6409,5.9011656423712
6410,5.89916901143239
6411,5.89717269195617
6412,5.89517668384537
6413,5.89318098700291
6414,5.8911856013317
6415,5.88919052673472
6416,5.88719576311501
6417,5.88520131037563
6418,5.88320716841968
6419,5.88121333715035
6420,5.87921981647082
6421,5.87722660628435
6422,5.87523370649423
6423,5.8732411170038
6424,5.87124883771647
6425,5.86925686853565
6426,5.86726520936481
6427,5.86527386010748
6428,5.86328282066724
6429,5.86129209094768
6430,5.85930167085247
6431,5.8573115602853
6432,5.85532175914993
6433,5.85333226735015
6434,5.85134308478977
6435,5.84935421137271
6436,5.84736564700287
6437,5.84537739158421
6438,5.84338944502079
6439,5.84140180721662
6440,5.83941447807584
6441,5.83742745750258
6442,5.83544074540104
6443,5.83345434167546
6444,5.83146824623011
6445,5.82948245896934
6446,5.82749697979751
6447,5.82551180861904
6448,5.82352694533839
6449,5.82154238986005
6450,5.8195581420886
6451,5.8175742019286
6452,5.81559056928473
6453,5.81360724406164
6454,5.81162422616407
6455,5.80964151549679
6456,5.80765911196461
6457,5.80567701547241
6458,5.80369522592506
6459,5.80171374322755
6460,5.79973256728483
6461,5.79775169800197
6462,5.79577113528404
6463,5.79379087903616
6464,5.79181092916351
6465,5.7898312855713
6466,5.78785194816478
6467,5.78587291684924
6468,5.78389419153006
6469,5.78191577211259
6470,5.77993765850228
6471,5.77795985060462
6472,5.77598234832511
6473,5.77400515156933
6474,5.77202826024287
6475,5.7700516742514
6476,5.7680753935006
6477,5.76609941789622
6478,5.76412374734403
6479,5.76214838174986
6480,5.7601733210196
6481,5.75819856505913
6482,5.75622411377445
6483,5.75424996707151
6484,5.7522761248564
6485,5.75030258703517
6486,5.74832935351397
6487,5.74635642419898
6488,5.7443837989964
6489,5.74241147781251
6490,5.7404394605536
6491,5.73846774712603
6492,5.73649633743617
6493,5.73452523139048
6494,5.73255442889542
6495,5.73058392985751
6496,5.72861373418333
6497,5.72664384177948
6498,5.7246742525526
6499,5.7227049664094
6500,5.72073598325659
6501,5.71876730300099
6502,5.71679892554939
6503,5.71483085080865
6504,5.71286307868571
6505,5.71089560908749
6506,5.708928441921
6507,5.70696157709329
6508,5.70499501451141
6509,5.7030287540825
6510,5.70106279571374
6511,5.69909713931231
6512,5.69713178478546
6513,5.69516673204051
6514,5.69320198098477
6515,5.69123753152565
6516,5.68927338357054
6517,5.68730953702692
6518,5.6853459918023
6519,5.68338274780423
6520,5.68141980494028
6521,5.67945716311812
6522,5.6774948222454
6523,5.67553278222985
6524,5.67357104297922
6525,5.67160960440133
6526,5.66964846640403
6527,5.66768762889519
6528,5.66572709178277
6529,5.66376685497472
6530,5.66180691837905
6531,5.65984728190384
6532,5.65788794545717
6533,5.65592890894721
6534,5.65397017228212
6535,5.65201173537013
6536,5.65005359811953
6537,5.64809576043861
6538,5.64613822223574
6539,5.64418098341929
6540,5.64222404389772
6541,5.6402674035795
6542,5.63831106237315
6543,5.63635502018725
6544,5.6343992769304
6545,5.63244383251122
6546,5.63048868683843
6547,5.62853383982074
6548,5.62657929136695
6549,5.62462504138584
6550,5.6226710897863
6551,5.62071743647721
6552,5.61876408136751
6553,5.61681102436617
6554,5.61485826538225
6555,5.61290580432477
6556,5.61095364110287
6557,5.60900177562568
6558,5.60705020780241
6559,5.60509893754226
6560,5.60314796475452
6561,5.60119728934851
6562,5.59924691123358
6563,5.59729683031911
6564,5.59534704651457
6565,5.59339755972942
6566,5.59144836987319
6567,5.58949947685543
6568,5.58755088058575
6569,5.58560258097381
6570,5.58365457792928
6571,5.58170687136188
6572,5.57975946118138
6573,5.57781234729762
6574,5.57586552962043
6575,5.57391900805969
6576,5.57197278252536
6577,5.57002685292739
6578,5.56808121917582
6579,5.56613588118067
6580,5.56419083885207
6581,5.56224609210016
6582,5.5603016408351
6583,5.55835748496713
6584,5.55641362440647
6585,5.55447005906348
6586,5.55252678884847
6587,5.55058381367182
6588,5.54864113344399
6589,5.54669874807539
6590,5.54475665747658
6591,5.54281486155807
6592,5.54087336023046
6593,5.53893215340438
6594,5.5369912409905
6595,5.53505062289954
6596,5.53311029904224
6597,5.53117026932937
6598,5.52923053367179
6599,5.52729109198037
6600,5.52535194416601
6601,5.52341309013967
6602,5.52147452981235
6603,5.51953626309507
6604,5.51759828989892
6605,5.51566061013499
6606,5.51372322371446
6607,5.51178613054852
6608,5.5098493305484
6609,5.50791282362538
6610,5.50597660969077
6611,5.50404068865593
6612,5.50210506043226
6613,5.5001697249312
6614,5.49823468206423
6615,5.49629993174285
6616,5.49436547387863
6617,5.49243130838317
6618,5.4904974351681
6619,5.48856385414511
6620,5.48663056522589
6621,5.48469756832224
6622,5.48276486334591
6623,5.48083245020878
6624,5.47890032882271
6625,5.47696849909961
6626,5.47503696095144
6627,5.47310571429021
6628,5.47117475902795
6629,5.46924409507672
6630,5.46731372234867
6631,5.46538364075594
6632,5.46345385021072
6633,5.46152435062525
6634,5.45959514191181
6635,5.45766622398272
6636,5.45573759675032
6637,5.453809260127
6638,5.45188121402523
6639,5.44995345835745
6640,5.44802599303618
6641,5.44609881797398
6642,5.44417193308344
6643,5.44224533827718
6644,5.44031903346789
6645,5.43839301856826
6646,5.43646729349107
6647,5.43454185814908
6648,5.43261671245514
6649,5.43069185632211
6650,5.42876728966288
6651,5.42684301239042
6652,5.42491902441772
6653,5.42299532565778
6654,5.42107191602369
6655,5.41914879542853
6656,5.41722596378547
6657,5.41530342100766
6658,5.41338116700835
6659,5.41145920170077
6660,5.40953752499827
6661,5.40761613681413
6662,5.40569503706176
6663,5.40377422565457
6664,5.40185370250602
6665,5.3999334675296
6666,5.39801352063883
6667,5.39609386174731
6668,5.39417449076863
6669,5.39225540761644
6670,5.39033661220444
6671,5.38841810444635
6672,5.38649988425594
6673,5.38458195154701
6674,5.38266430623342
6675,5.38074694822902
6676,5.37882987744776
6677,5.37691309380359
6678,5.37499659721051
6679,5.37308038758256
6680,5.37116446483381
6681,5.36924882887838
6682,5.36733347963042
6683,5.36541841700412
6684,5.36350364091371
6685,5.36158915127346
6686,5.35967494799768
6687,5.35776103100071
6688,5.35584740019694
6689,5.35393405550079
6690,5.35202099682672
6691,5.35010822408923
6692,5.34819573720285
6693,5.34628353608217
6694,5.34437162064178
6695,5.34245999079637
6696,5.34054864646059
6697,5.3386375875492
6698,5.33672681397696
6699,5.33481632565865
6700,5.33290612250915
6701,5.33099620444331
6702,5.32908657137607
6703,5.32717722322238
6704,5.32526815989724
6705,5.32335938131568
6706,5.32145088739276
6707,5.31954267804361
6708,5.31763475318337
6709,5.31572711272722
6710,5.31381975659039
6711,5.31191268468815
6712,5.31000589693577
6713,5.30809939324861
6714,5.30619317354204
6715,5.30428723773148
6716,5.30238158573238
6717,5.30047621746021
6718,5.29857113283051
6719,5.29666633175885
6720,5.29476181416081
6721,5.29285757995205
6722,5.29095362904823
6723,5.28904996136509
6724,5.28714657681835
6725,5.28524347532383
6726,5.28334065679733
6727,5.28143812115473
6728,5.27953586831193
6729,5.27763389818488
6730,5.27573221068953
6731,5.27383080574192
6732,5.27192968325808
6733,5.27002884315413
6734,5.26812828534617
6735,5.26622800975037
6736,5.26432801628294
6737,5.26242830486012
6738,5.26052887539818
6739,5.25862972781343
6740,5.25673086202221
6741,5.25483227794093
6742,5.25293397548602
6743,5.25103595457392
6744,5.24913821512114
6745,5.24724075704421
6746,5.24534358025972
6747,5.24344668468427
6748,5.2415500702345
6749,5.23965373682711
6750,5.23775768437882
6751,5.23586191280637
6752,5.23396642202658
6753,5.23207121195627
6754,5.23017628251232
6755,5.22828163361162
6756,5.22638726517113
6757,5.22449317710783
6758,5.22259936933871
6759,5.22070584178087
6760,5.21881259435137
6761,5.21691962696735
6762,5.21502693954596
6763,5.21313453200441
6764,5.21124240425995
6765,5.20935055622985
6766,5.2074589878314
6767,5.20556769898197
6768,5.20367668959894
6769,5.20178595959973
6770,5.1998955089018
6771,5.19800533742265
6772,5.19611544507979
6773,5.19422583179082
6774,5.19233649747331
6775,5.19044744204492
6776,5.18855866542333
6777,5.18667016752625
6778,5.18478194827142
6779,5.18289400757663
6780,5.18100634535972
6781,5.17911896153854
6782,5.17723185603097
6783,5.17534502875496
6784,5.17345847962847
6785,5.1715722085695
6786,5.1696862154961
6787,5.16780050032636
6788,5.16591506297836
6789,5.16402990337027
6790,5.16214502142028
6791,5.16026041704659
6792,5.15837609016748
6793,5.15649204070123
6794,5.15460826856618
6795,5.15272477368069
6796,5.15084155596317
6797,5.14895861533204
6798,5.14707595170579
6799,5.14519356500291
6800,5.14331145514198
6801,5.14142962204155
6802,5.13954806562026
6803,5.13766678579675
6804,5.13578578248972
6805,5.13390505561788
6806,5.13202460510002
6807,5.13014443085489
6808,5.12826453280137
6809,5.1263849108583
6810,5.1245055649446
6811,5.12262649497919
6812,5.12074770088107
6813,5.11886918256925
6814,5.11699093996275
6815,5.11511297298068
6816,5.11323528154215
6817,5.1113578655663
6818,5.10948072497235
6819,5.10760385967949
6820,5.10572726960701
6821,5.10385095467419
6822,5.10197491480036
6823,5.10009914990491
6824,5.09822365990721
6825,5.09634844472672
6826,5.09447350428291
6827,5.09259883849527
6828,5.09072444728338
6829,5.08885033056679
6830,5.08697648826511
6831,5.08510292029802
6832,5.08322962658519
6833,5.08135660704634
6834,5.07948386160122
6835,5.07761139016964
6836,5.0757391926714
6837,5.07386726902638
6838,5.07199561915447
6839,5.0701242429756
6840,5.06825314040975
6841,5.06638231137691
6842,5.06451175579711
6843,5.06264147359044
6844,5.06077146467699
6845,5.05890172897693
6846,5.0570322664104
6847,5.05516307689764
6848,5.05329416035889
6849,5.05142551671443
6850,5.04955714588458
6851,5.04768904778968
6852,5.04582122235013
6853,5.04395366948634
6854,5.04208638911879
6855,5.04021938116794
6856,5.03835264555433
6857,5.03648618219853
6858,5.03461999102112
6859,5.03275407194275
6860,5.03088842488407
6861,5.02902304976577
6862,5.02715794650861
6863,5.02529311503334
6864,5.02342855526078
6865,5.02156426711176
6866,5.01970025050714
6867,5.01783650536784
6868,5.01597303161481
6869,5.014109829169
6870,5.01224689795145
6871,5.0103842378832
6872,5.00852184888532
6873,5.00665973087892
6874,5.00479788378516
6875,5.00293630752522
6876,5.00107500202032
6877,4.99921396719172
6878,4.99735320296069
6879,4.99549270924855
6880,4.99363248597668
6881,4.99177253306644
6882,4.98991285043926
6883,4.98805343801662
6884,4.98619429571997
6885,4.98433542347089
6886,4.98247682119089
6887,4.98061848880161
6888,4.97876042622465
6889,4.97690263338166
6890,4.97504511019438
6891,4.97318785658451
6892,4.97133087247382
6893,4.96947415778411
6894,4.96761771243721
6895,4.965761536355
6896,4.96390562945937
6897,4.96204999167227
6898,4.96019462291565
6899,4.95833952311152
6900,4.95648469218192
6901,4.95463013004892
6902,4.95277583663463
6903,4.95092181186117
6904,4.94906805565074
6905,4.94721456792552
6906,4.94536134860777
6907,4.94350839761975
6908,4.94165571488379
6909,4.9398033003222
6910,4.93795115385737
6911,4.93609927541172
6912,4.93424766490767
6913,4.93239632226772
6914,4.93054524741437
6915,4.92869444027015
6916,4.92684390075766
6917,4.92499362879948
6918,4.92314362431829
6919,4.92129388723675
6920,4.91944441747757
6921,4.91759521496351
6922,4.91574627961732
6923,4.91389761136183
6924,4.91204921011987
6925,4.91020107581435
6926,4.90835320836816
6927,4.90650560770425
6928,4.90465827374559
6929,4.90281120641521
6930,4.90096440563614
6931,4.89911787133146
6932,4.89727160342428
6933,4.89542560183777
6934,4.89357986649507
6935,4.89173439731942
6936,4.88988919423406
6937,4.88804425716226
6938,4.88619958602733
6939,4.88435518075263
6940,4.88251104126153
6941,4.88066716747744
6942,4.87882355932379
6943,4.87698021672409
6944,4.87513713960181
6945,4.87329432788053
6946,4.87145178148379
6947,4.86960950033524
6948,4.86776748435848
6949,4.86592573347722
6950,4.86408424761516
6951,4.86224302669602
6952,4.86040207064359
6953,4.85856137938169
6954,4.85672095283412
6955,4.8548807909248
6956,4.8530408935776
6957,4.85120126071649
6958,4.8493618922654
6959,4.84752278814836
6960,4.84568394828942
6961,4.84384537261261
6962,4.84200706104206
6963,4.8401690135019
6964,4.83833122991629
6965,4.83649371020945
6966,4.83465645430559
6967,4.83281946212898
6968,4.83098273360392
6969,4.82914626865474
6970,4.82731006720581
6971,4.82547412918153
6972,4.82363845450629
6973,4.82180304310461
6974,4.81996789490093
6975,4.81813300981981
6976,4.81629838778579
6977,4.81446402872348
6978,4.81262993255748
6979,4.81079609921245
6980,4.80896252861309
6981,4.8071292206841
6982,4.80529617535026
6983,4.80346339253633
6984,4.80163087216714
6985,4.79979861416753
6986,4.7979666184624
6987,4.79613488497665
6988,4.79430341363522
6989,4.79247220436311
6990,4.7906412570853
6991,4.78881057172686
6992,4.78698014821286
6993,4.78514998646838
6994,4.7833200864186
6995,4.78149044798867
6996,4.77966107110379
6997,4.7778319556892
6998,4.77600310167017
6999,4.77417450897201
7000,4.77234617752002
7001,4.7705181072396
7002,4.76869029805612
7003,4.76686274989502
7004,4.76503546268175
7005,4.76320843634182
7006,4.76138167080073
7007,4.75955516598405
7008,4.75772892181735
7009,4.75590293822627
7010,4.75407721513645
7011,4.75225175247357
7012,4.75042655016337
7013,4.74860160813157
7014,4.74677692630394
7015,4.74495250460629
7016,4.74312834296451
7017,4.74130444130441
7018,4.73948079955194
7019,4.737657417633
7020,4.73583429547359
7021,4.73401143299969
7022,4.73218883013734
7023,4.73036648681259
7024,4.72854440295155
7025,4.72672257848036
7026,4.72490101332514
7027,4.7230797074121
7028,4.72125866066746
7029,4.71943787301747
7030,4.71761734438841
7031,4.7157970747066
7032,4.71397706389839
7033,4.71215731189016
7034,4.7103378186083
7035,4.70851858397928
7036,4.70669960792953
7037,4.70488089038559
7038,4.703062431274
7039,4.70124423052129
7040,4.69942628805409
7041,4.69760860379901
7042,4.69579117768271
7043,4.6939740096319
7044,4.69215709957329
7045,4.69034044743362
7046,4.6885240531397
7047,4.68670791661832
7048,4.68489203779635
7049,4.68307641660066
7050,4.68126105295815
7051,4.67944594679578
7052,4.6776310980405
7053,4.67581650661933
7054,4.6740021724593
7055,4.67218809548747
7056,4.67037427563094
7057,4.66856071281682
7058,4.66674740697228
7059,4.66493435802453
7060,4.66312156590076
7061,4.66130903052822
7062,4.65949675183421
7063,4.65768472974604
7064,4.65587296419103
7065,4.65406145509658
7066,4.65225020239009
7067,4.65043920599899
7068,4.64862846585074
7069,4.64681798187286
7070,4.64500775399285
7071,4.64319778213828
7072,4.64138806623675
7073,4.63957860621586
7074,4.6377694020033
7075,4.6359604535267
7076,4.6341517607138
7077,4.63234332349233
7078,4.63053514179009
7079,4.62872721553485
7080,4.62691954465448
7081,4.62511212907682
7082,4.62330496872976
7083,4.62149806354125
7084,4.61969141343924
7085,4.61788501835171
7086,4.61607887820668
7087,4.61427299293219
7088,4.61246736245634
7089,4.61066198670724
7090,4.60885686561299
7091,4.6070519991018
7092,4.60524738710187
7093,4.6034430295414
7094,4.60163892634868
7095,4.59983507745199
7096,4.59803148277966
7097,4.59622814226004
7098,4.5944250558215
7099,4.59262222339246
7100,4.59081964490136
7101,4.58901732027669
7102,4.58721524944692
7103,4.58541343234062
7104,4.58361186888634
7105,4.58181055901267
7106,4.58000950264823
7107,4.57820869972169
7108,4.57640815016173
7109,4.57460785389704
7110,4.5728078108564
7111,4.57100802096856
7112,4.56920848416234
7113,4.56740920036657
7114,4.56561016951011
7115,4.56381139152184
7116,4.56201286633073
7117,4.56021459386569
7118,4.55841657405572
7119,4.55661880682985
7120,4.55482129211709
7121,4.55302402984655
7122,4.55122701994732
7123,4.54943026234853
7124,4.54763375697934
7125,4.54583750376896
7126,4.5440415026466
7127,4.54224575354152
7128,4.540450256383
7129,4.53865501110034
7130,4.53686001762291
7131,4.53506527588008
7132,4.53327078580122
7133,4.53147654731579
7134,4.52968256035324
7135,4.52788882484307
7136,4.5260953407148
7137,4.52430210789796
7138,4.52250912632216
7139,4.52071639591699
7140,4.5189239166121
7141,4.51713168833715
7142,4.51533971102185
7143,4.5135479845959
7144,4.51175650898909
7145,4.50996528413119
7146,4.50817430995202
7147,4.50638358638143
7148,4.50459311334928
7149,4.5028028907855
7150,4.50101291862
7151,4.49922319678275
7152,4.49743372520375
7153,4.49564450381301
7154,4.4938555325406
7155,4.49206681131659
7156,4.49027834007109
7157,4.48849011873423
7158,4.4867021472362
7159,4.48491442550718
7160,4.48312695347741
7161,4.48133973107713
7162,4.47955275823665
7163,4.47776603488625
7164,4.47597956095631
7165,4.47419333637719
7166,4.47240736107928
7167,4.47062163499304
7168,4.46883615804889
7169,4.46705093017735
7170,4.46526595130893
7171,4.46348122137419
7172,4.46169674030369
7173,4.45991250802804
7174,4.45812852447787
7175,4.45634478958386
7176,4.4545613032767
7177,4.4527780654871
7178,4.45099507614581
7179,4.44921233518362
7180,4.44742984253134
7181,4.44564759811979
7182,4.44386560187987
7183,4.44208385374244
7184,4.44030235363846
7185,4.43852110149884
7186,4.4367400972546
7187,4.43495934083673
7188,4.43317883217628
7189,4.43139857120431
7190,4.42961855785192
7191,4.42783879205023
7192,4.42605927373041
7193,4.42428000282364
7194,4.42250097926112
7195,4.4207222029741
7196,4.41894367389385
7197,4.41716539195166
7198,4.41538735707887
7199,4.41360956920681
7200,4.41183202826689
7201,4.41005473419051
7202,4.40827768690913
7203,4.40650088635419
7204,4.4047243324572
7205,4.4029480251497
7206,4.40117196436323
7207,4.39939615002938
7208,4.39762058207976
7209,4.395845260446
7210,4.3940701850598
7211,4.39229535585282
7212,4.39052077275682
7213,4.38874643570352
7214,4.38697234462473
7215,4.38519849945226
7216,4.38342490011792
7217,4.38165154655362
7218,4.37987843869122
7219,4.37810557646266
7220,4.3763329597999
7221,4.3745605886349
7222,4.37278846289969
7223,4.37101658252631
7224,4.36924494744679
7225,4.36747355759326
7226,4.36570241289785
7227,4.36393151329268
7228,4.36216085870992
7229,4.36039044908182
7230,4.35862028434058
7231,4.35685036441847
7232,4.3550806892478
7233,4.35331125876087
7234,4.35154207289002
7235,4.34977313156765
7236,4.34800443472613
7237,4.34623598229793
7238,4.34446777421547
7239,4.34269981041127
7240,4.34093209081783
7241,4.33916461536769
7242,4.33739738399343
7243,4.33563039662766
7244,4.33386365320297
7245,4.33209715365204
7246,4.33033089790755
7247,4.32856488590221
7248,4.32679911756877
7249,4.32503359283997
7250,4.32326831164863
7251,4.32150327392755
7252,4.3197384796096
7253,4.31797392862764
7254,4.31620962091458
7255,4.31444555640337
7256,4.31268173502694
7257,4.31091815671831
7258,4.30915482141047
7259,4.30739172903649
7260,4.30562887952941
7261,4.30386627282235
7262,4.30210390884844
7263,4.30034178754081
7264,4.29857990883267
7265,4.29681827265723
7266,4.2950568789477
7267,4.29329572763736
7268,4.29153481865951
7269,4.28977415194745
7270,4.28801372743455
7271,4.28625354505417
7272,4.28449360473971
7273,4.28273390642462
7274,4.28097445004234
7275,4.27921523552636
7276,4.27745626281019
7277,4.27569753182736
7278,4.27393904251146
7279,4.27218079479606
7280,4.2704227886148
7281,4.26866502390132
7282,4.2669075005893
7283,4.26515021861243
7284,4.26339317790447
7285,4.26163637839916
7286,4.25987982003028
7287,4.25812350273165
7288,4.25636742643712
7289,4.25461159108053
7290,4.2528559965958
7291,4.25110064291685
7292,4.24934552997761
7293,4.24759065771208
7294,4.24583602605424
7295,4.24408163493814
7296,4.24232748429782
7297,4.24057357406738
7298,4.23881990418093
7299,4.23706647457261
7300,4.23531328517656
7301,4.233560335927
7302,4.23180762675816
7303,4.23005515760426
7304,4.22830292839958
7305,4.22655093907843
7306,4.22479918957512
7307,4.22304767982404
7308,4.22129640975953
7309,4.21954537931604
7310,4.21779458842797
7311,4.21604403702979
7312,4.21429372505601
7313,4.21254365244113
7314,4.2107938191197
7315,4.20904422502629
7316,4.20729487009547
7317,4.20554575426191
7318,4.20379687746023
7319,4.20204823962511
7320,4.20029984069127
7321,4.19855168059343
7322,4.19680375926634
7323,4.1950560766448
7324,4.19330863266361
7325,4.19156142725761
7326,4.18981446036167
7327,4.18806773191066
7328,4.18632124183954
7329,4.18457499008321
7330,4.18282897657667
7331,4.1810832012549
7332,4.17933766405293
7333,4.17759236490582
7334,4.17584730374863
7335,4.17410248051648
7336,4.1723578951445
7337,4.17061354756784
7338,4.16886943772169
7339,4.16712556554124
7340,4.16538193096175
7341,4.16363853391848
7342,4.1618953743467
7343,4.16015245218176
7344,4.15840976735897
7345,4.15666731981371
7346,4.15492510948138
7347,4.15318313629739
7348,4.15144140019721
7349,4.1496999011163
7350,4.14795863899015
7351,4.1462176137543
7352,4.1444768253443
7353,4.14273627369574
7354,4.1409959587442
7355,4.13925588042533
7356,4.1375160386748
7357,4.13577643342827
7358,4.13403706462147
7359,4.13229793219012
7360,4.13055903606999
7361,4.12882037619689
7362,4.12708195250659
7363,4.12534376493497
7364,4.1236058134179
7365,4.12186809789125
7366,4.12013061829094
7367,4.11839337455293
7368,4.1166563666132
7369,4.11491959440773
7370,4.11318305787255
7371,4.11144675694371
7372,4.10971069155729
7373,4.10797486164939
7374,4.10623926715614
7375,4.10450390801369
7376,4.10276878415822
7377,4.10103389552596
7378,4.09929924205311
7379,4.09756482367593
7380,4.09583064033073
7381,4.0940966919538
7382,4.09236297848148
7383,4.09062949985012
7384,4.08889625599613
7385,4.08716324685592
7386,4.08543047236591
7387,4.08369793246259
7388,4.08196562708243
7389,4.08023355616196
7390,4.07850171963772
7391,4.07677011744627
7392,4.07503874952421
7393,4.07330761580817
7394,4.07157671623477
7395,4.06984605074071
7396,4.06811561926266
7397,4.06638542173737
7398,4.06465545810156
7399,4.06292572829202
7400,4.06119623224555
7401,4.05946696989898
7402,4.05773794118915
7403,4.05600914605293
7404,4.05428058442723
7405,4.05255225624899
7406,4.05082416145514
7407,4.04909629998268
7408,4.0473686717686
7409,4.04564127674994
7410,4.04391411486374
7411,4.04218718604709
7412,4.04046049023709
7413,4.03873402737088
7414,4.03700779738562
7415,4.03528180021847
7416,4.03355603580667
7417,4.03183050408742
7418,4.03010520499801
7419,4.0283801384757
7420,4.02665530445781
7421,4.02493070288167
7422,4.02320633368464
7423,4.02148219680412
7424,4.01975829217749
7425,4.01803461974222
7426,4.01631117943574
7427,4.01458797119556
7428,4.01286499495918
7429,4.01114225066415
7430,4.00941973824801
7431,4.00769745764836
7432,4.00597540880282
7433,4.00425359164901
7434,4.0025320061246
7435,4.00081065216729
7436,3.99908952971477
7437,3.99736863870479
7438,3.99564797907514
7439,3.99392755076355
7440,3.9922073537079
7441,3.99048738784597
7442,3.98876765311566
7443,3.98704814945484
7444,3.98532887680144
7445,3.98360983509338
7446,3.98189102426864
7447,3.98017244426521
7448,3.97845409502109
7449,3.97673597647431
7450,3.97501808856297
7451,3.97330043122513
7452,3.9715830043989
7453,3.96986580802244
7454,3.96814884203391
7455,3.96643210637148
7456,3.96471560097337
7457,3.96299932577784
7458,3.96128328072313
7459,3.95956746574752
7460,3.95785188078935
7461,3.95613652578692
7462,3.95442140067864
7463,3.95270650540285
7464,3.95099183989799
7465,3.9492774041025
7466,3.94756319795481
7467,3.94584922139344
7468,3.94413547435688
7469,3.94242195678368
7470,3.94070866861238
7471,3.93899560978158
7472,3.93728278022989
7473,3.93557017989594
7474,3.93385780871838
7475,3.93214566663591
7476,3.93043375358722
7477,3.92872206951105
7478,3.92701061434617
7479,3.92529938803134
7480,3.92358839050539
7481,3.92187762170712
7482,3.9201670815754
7483,3.91845677004912
7484,3.91674668706716
7485,3.91503683256848
7486,3.91332720649202
7487,3.91161780877674
7488,3.90990863936166
7489,3.90819969818581
7490,3.90649098518822
7491,3.904782500308
7492,3.90307424348421
7493,3.901366214656
7494,3.89965841376251
7495,3.89795084074292
7496,3.89624349553641
7497,3.89453637808223
7498,3.89282948831959
7499,3.89112282618778
7500,3.8894163916261
7501,3.88771018457386
7502,3.88600420497042
7503,3.88429845275511
7504,3.88259292786735
7505,3.88088763024655
7506,3.87918255983214
7507,3.8774777165636
7508,3.87577310038042
7509,3.87406871122209
7510,3.87236454902816
7511,3.8706606137382
7512,3.86895690529177
7513,3.86725342362852
7514,3.86555016868804
7515,3.86384714041002
7516,3.86214433873411
7517,3.86044176360004
7518,3.85873941494753
7519,3.85703729271634
7520,3.85533539684624
7521,3.85363372727702
7522,3.85193228394854
7523,3.85023106680062
7524,3.84853007577315
7525,3.84682931080601
7526,3.84512877183914
7527,3.84342845881247
7528,3.84172837166598
7529,3.84002851033967
7530,3.83832887477354
7531,3.83662946490763
7532,3.83493028068203
7533,3.8332313220368
7534,3.83153258891207
7535,3.82983408124797
7536,3.82813579898467
7537,3.82643774206234
7538,3.82473991042119
7539,3.82304230400146
7540,3.82134492274341
7541,3.81964776658729
7542,3.81795083547343
7543,3.81625412934217
7544,3.81455764813383
7545,3.8128613917888
7546,3.81116536024747
7547,3.80946955345026
7548,3.80777397133763
7549,3.80607861385004
7550,3.80438348092798
7551,3.80268857251197
7552,3.80099388854255
7553,3.79929942896028
7554,3.79760519370577
7555,3.79591118271959
7556,3.7942173959424
7557,3.79252383331485
7558,3.79083049477763
7559,3.78913738027144
7560,3.78744448973702
7561,3.7857518231151
7562,3.78405938034646
7563,3.78236716137192
7564,3.78067516613228
7565,3.77898339456839
7566,3.77729184662113
7567,3.77560052223139
7568,3.77390942134007
7569,3.77221854388814
7570,3.77052788981654
7571,3.76883745906627
7572,3.76714725157832
7573,3.76545726729373
7574,3.76376750615358
7575,3.76207796809893
7576,3.76038865307089
7577,3.75869956101058
7578,3.75701069185915
7579,3.75532204555778
7580,3.75363362204766
7581,3.75194542127001
7582,3.7502574431661
7583,3.74856968767715
7584,3.74688215474447
7585,3.74519484430939
7586,3.74350775631322
7587,3.74182089069734
7588,3.74013424740312
7589,3.73844782637197
7590,3.73676162754533
7591,3.73507565086462
7592,3.73338989627134
7593,3.73170436370699
7594,3.73001905311307
7595,3.72833396443115
7596,3.72664909760278
7597,3.72496445256957
7598,3.72328002927311
7599,3.72159582765505
7600,3.71991184765704
7601,3.71822808922077
7602,3.71654455228796
7603,3.71486123680032
7604,3.71317814269959
7605,3.71149526992757
7606,3.70981261842605
7607,3.70813018813686
7608,3.70644797900182
7609,3.70476599096281
7610,3.70308422396172
7611,3.70140267794047
7612,3.69972135284097
7613,3.69804024860521
7614,3.69635936517515
7615,3.69467870249279
7616,3.69299826050017
7617,3.69131803913936
7618,3.68963803835238
7619,3.68795825808137
7620,3.68627869826841
7621,3.68459935885568
7622,3.68292023978533
7623,3.68124134099953
7624,3.67956266244051
7625,3.67788420405049
7626,3.67620596577172
7627,3.67452794754649
7628,3.67285014931711
7629,3.67117257102587
7630,3.66949521261514
7631,3.66781807402727
7632,3.66614115520468
7633,3.66446445608975
7634,3.66278797662494
7635,3.66111171675268
7636,3.65943567641548
7637,3.65775985555584
7638,3.65608425411628
7639,3.65440887203935
7640,3.65273370926763
7641,3.65105876574368
7642,3.64938404141016
7643,3.64770953620969
7644,3.64603525008493
7645,3.64436118297855
7646,3.64268733483329
7647,3.64101370559186
7648,3.63934029519701
7649,3.63766710359152
7650,3.63599413071818
7651,3.63432137651981
7652,3.63264884093926
7653,3.6309765239194
7654,3.62930442540308
7655,3.62763254533324
7656,3.62596088365281
7657,3.62428944030473
7658,3.62261821523199
7659,3.62094720837757
7660,3.6192764196845
7661,3.61760584909583
7662,3.61593549655462
7663,3.61426536200394
7664,3.61259544538693
7665,3.61092574664668
7666,3.60925626572639
7667,3.60758700256921
7668,3.60591795711835
7669,3.60424912931702
7670,3.60258051910847
7671,3.60091212643596
7672,3.59924395124277
7673,3.59757599347224
7674,3.59590825306766
7675,3.59424072997241
7676,3.59257342412986
7677,3.59090633548341
7678,3.58923946397648
7679,3.58757280955252
7680,3.58590637215497
7681,3.58424015172734
7682,3.58257414821312
7683,3.58090836155586
7684,3.57924279169909
7685,3.57757743858641
7686,3.57591230216139
7687,3.57424738236767
7688,3.57258267914889
7689,3.5709181924487
7690,3.56925392221079
7691,3.56758986837887
7692,3.56592603089666
7693,3.56426240970792
7694,3.56259900475642
7695,3.56093581598595
7696,3.55927284334033
7697,3.5576100867634
7698,3.55594754619901
7699,3.55428522159105
7700,3.55262311288343
7701,3.55096122002007
7702,3.5492995429449
7703,3.54763808160191
7704,3.54597683593509
7705,3.54431580588845
7706,3.54265499140603
7707,3.54099439243188
7708,3.53933400891006
7709,3.53767384078472
7710,3.53601388799993
7711,3.53435415049986
7712,3.53269462822866
7713,3.53103532113054
7714,3.52937622914968
7715,3.52771735223033
7716,3.52605869031675
7717,3.5244002433532
7718,3.52274201128396
7719,3.52108399405338
7720,3.51942619160577
7721,3.51776860388552
7722,3.51611123083698
7723,3.51445407240458
7724,3.51279712853273
7725,3.51114039916588
7726,3.50948388424849
7727,3.50782758372507
7728,3.50617149754012
7729,3.50451562563817
7730,3.50285996796377
7731,3.50120452446152
7732,3.49954929507599
7733,3.4978942797518
7734,3.49623947843363
7735,3.49458489106609
7736,3.49293051759389
7737,3.49127635796174
7738,3.48962241211434
7739,3.48796867999647
7740,3.48631516155288
7741,3.48466185672837
7742,3.48300876546774
7743,3.48135588771582
7744,3.47970322341748
7745,3.47805077251761
7746,3.47639853496107
7747,3.4747465106928
7748,3.47309469965774
7749,3.47144310180084
7750,3.46979171706711
7751,3.46814054540152
7752,3.46648958674912
7753,3.46483884105495
7754,3.46318830826406
7755,3.46153798832156
7756,3.45988788117256
7757,3.45823798676218
7758,3.45658830503558
7759,3.45493883593793
7760,3.45328957941443
7761,3.4516405354103
7762,3.44999170387077
7763,3.4483430847411
7764,3.44669467796657
7765,3.44504648349248
7766,3.44339850126415
7767,3.44175073122694
7768,3.44010317332619
7769,3.4384558275073
7770,3.43680869371568
7771,3.43516177189674
7772,3.43351506199594
7773,3.43186856395877
7774,3.43022227773067
7775,3.42857620325721
7776,3.42693034048389
7777,3.42528468935625
7778,3.42363924981989
7779,3.42199402182041
7780,3.42034900530341
7781,3.41870420021454
7782,3.41705960649945
7783,3.41541522410381
7784,3.41377105297335
7785,3.41212709305378
7786,3.41048334429083
7787,3.40883980663027
7788,3.40719648001787
7789,3.40555336439948
7790,3.40391045972088
7791,3.40226776592793
7792,3.40062528296651
7793,3.39898301078249
7794,3.39734094932179
7795,3.39569909853034
7796,3.3940574583541
7797,3.39241602873903
7798,3.39077480963112
7799,3.3891338009764
7800,3.38749300272088
7801,3.38585241481063
7802,3.38421203719173
7803,3.38257186981026
7804,3.38093191261235
7805,3.37929216554413
7806,3.37765262855178
7807,3.37601330158145
7808,3.37437418457935
7809,3.37273527749171
7810,3.37109658026476
7811,3.36945809284476
7812,3.36781981517801
7813,3.36618174721081
7814,3.36454388888946
7815,3.36290624016032
7816,3.36126880096976
7817,3.35963157126416
7818,3.35799455098993
7819,3.35635774009349
7820,3.35472113852129
7821,3.35308474621979
7822,3.35144856313551
7823,3.34981258921492
7824,3.34817682440457
7825,3.34654126865099
7826,3.34490592190078
7827,3.34327078410052
7828,3.34163585519682
7829,3.3400011351363
7830,3.33836662386561
7831,3.33673232133145
7832,3.3350982274805
7833,3.33346434225946
7834,3.33183066561508
7835,3.33019719749411
7836,3.32856393784332
7837,3.32693088660952
7838,3.32529804373951
7839,3.32366540918012
7840,3.32203298287823
7841,3.3204007647807
7842,3.31876875483441
7843,3.31713695298632
7844,3.31550535918333
7845,3.31387397337242
7846,3.31224279550056
7847,3.31061182551475
7848,3.308981063362
7849,3.30735050898935
7850,3.30572016234387
7851,3.30409002337264
7852,3.30246009202275
7853,3.30083036824132
7854,3.2992008519755
7855,3.29757154317244
7856,3.29594244177932
7857,3.29431354774334
7858,3.29268486101173
7859,3.29105638153172
7860,3.28942810925058
7861,3.28780004411558
7862,3.28617218607405
7863,3.28454453507327
7864,3.28291709106059
7865,3.2812898539834
7866,3.27966282378905
7867,3.27803600042497
7868,3.27640938383855
7869,3.27478297397726
7870,3.27315677078855
7871,3.27153077421989
7872,3.2699049842188
7873,3.2682794007328
7874,3.26665402370942
7875,3.26502885309623
7876,3.2634038888408
7877,3.26177913089076
7878,3.2601545791937
7879,3.25853023369728
7880,3.25690609434916
7881,3.25528216109702
7882,3.25365843388854
7883,3.25203491267148
7884,3.25041159739355
7885,3.24878848800252
7886,3.24716558444618
7887,3.24554288667234
7888,3.24392039462878
7889,3.24229810826338
7890,3.24067602752398
7891,3.23905415235846
7892,3.23743248271473
7893,3.2358110185407
7894,3.23418975978433
7895,3.23256870639355
7896,3.23094785831636
7897,3.22932721550074
7898,3.22770677789473
7899,3.22608654544637
7900,3.22446651810369
7901,3.22284669581478
7902,3.22122707852776
7903,3.21960766619072
7904,3.21798845875181
7905,3.21636945615919
7906,3.21475065836101
7907,3.21313206530549
7908,3.21151367694085
7909,3.20989549321531
7910,3.20827751407714
7911,3.20665973947459
7912,3.20504216935598
7913,3.20342480366961
7914,3.20180764236381
7915,3.20019068538695
7916,3.19857393268739
7917,3.19695738421352
7918,3.19534103991375
7919,3.19372489973653
7920,3.19210896363029
7921,3.19049323154351
7922,3.18887770342467
7923,3.18726237922229
7924,3.1856472588849
7925,3.18403234236103
7926,3.18241762959927
7927,3.18080312054819
7928,3.17918881515641
7929,3.17757471337255
7930,3.17596081514526
7931,3.1743471204232
7932,3.17273362915505
7933,3.17112034128952
7934,3.16950725677532
7935,3.16789437556123
7936,3.16628169759597
7937,3.16466922282834
7938,3.16305695120714
7939,3.16144488268118
7940,3.15983301719931
7941,3.15822135471039
7942,3.15660989516329
7943,3.15499863850692
7944,3.15338758469018
7945,3.15177673366202
7946,3.15016608537137
7947,3.14855563976724
7948,3.1469453967986
7949,3.14533535641447
7950,3.14372551856389
7951,3.14211588319589
7952,3.14050645025956
7953,3.13889721970398
7954,3.13728819147827
7955,3.13567936553154
7956,3.13407074181296
7957,3.13246232027167
7958,3.13085410085688
7959,3.12924608351778
7960,3.12763826820361
7961,3.1260306548636
7962,3.12442324344699
7963,3.12281603390311
7964,3.12120902618123
7965,3.11960222023068
7966,3.11799561600079
7967,3.11638921344092
7968,3.11478301250046
7969,3.11317701312878
7970,3.11157121527533
7971,3.10996561888951
7972,3.10836022392078
7973,3.10675503031864
7974,3.10515003803255
7975,3.10354524701203
7976,3.10194065720661
7977,3.10033626856584
7978,3.09873208103927
7979,3.09712809457651
7980,3.09552430912717
7981,3.09392072464084
7982,3.09231734106719
7983,3.09071415835587
7984,3.08911117645656
7985,3.08750839531897
7986,3.08590581489281
7987,3.08430343512782
7988,3.08270125597376
7989,3.08109927738039
7990,3.07949749929753
7991,3.07789592167497
7992,3.07629454446255
7993,3.07469336761011
7994,3.07309239106754
7995,3.07149161478472
7996,3.06989103871154
7997,3.06829066279795
7998,3.06669048699388
7999,3.0650905112493
8000,3.06349073551418
8001,3.05916292087429
8002,3.05483564710982
8003,3.05050891408559
8004,3.04618272166648
8005,3.0418570697174
8006,3.03753195810334
8007,3.03320738668933
8008,3.02888335534043
8009,3.02455986392176
8010,3.02023691229853
8011,3.01591450033594
8012,3.01159262789928
8013,3.00727129485388
8014,3.00295050106512
8015,2.99863024639842
8016,2.99431053071927
8017,2.98999135389319
8018,2.98567271578577
8019,2.98135461626264
8020,2.97703705518949
8021,2.97272003243202
8022,2.96840354785605
8023,2.96408760132739
8024,2.95977219271193
8025,2.9554573218756
8026,2.95114298868438
8027,2.94682919300431
8028,2.94251593470146
8029,2.93820321364197
8030,2.93389102969203
8031,2.92957938271785
8032,2.92526827258574
8033,2.92095769916202
8034,2.91664766231306
8035,2.91233816190532
8036,2.90802919780526
8037,2.90372076987942
8038,2.89941287799438
8039,2.89510552201678
8040,2.89079870181329
8041,2.88649241725064
8042,2.88218666819562
8043,2.87788145451505
8044,2.87357677607582
8045,2.86927263274486
8046,2.86496902438915
8047,2.8606659508757
8048,2.85636341207162
8049,2.85206140784401
8050,2.84775993806006
8051,2.84345900258701
8052,2.83915860129212
8053,2.83485873404271
8054,2.83055940070617
8055,2.82626060114992
8056,2.82196233524144
8057,2.81766460284824
8058,2.8133674038379
8059,2.80907073807805
8060,2.80477460543635
8061,2.80047900578053
8062,2.79618393897836
8063,2.79188940489765
8064,2.78759540340627
8065,2.78330193437215
8066,2.77900899766324
8067,2.77471659314757
8068,2.77042472069319
8069,2.76613338016823
8070,2.76184257144084
8071,2.75755229437925
8072,2.7532625488517
8073,2.7489733347265
8074,2.74468465187203
8075,2.74039650015668
8076,2.73610887944891
8077,2.73182178961723
8078,2.72753523053019
8079,2.72324920205639
8080,2.7189637040645
8081,2.7146787364232
8082,2.71039429900124
8083,2.70611039166744
8084,2.70182701429062
8085,2.69754416673969
8086,2.69326184888359
8087,2.68898006059132
8088,2.68469880173192
8089,2.68041807217446
8090,2.67613787178811
8091,2.67185820044204
8092,2.66757905800548
8093,2.66330044434772
8094,2.6590223593381
8095,2.65474480284599
8096,2.65046777474082
8097,2.64619127489208
8098,2.64191530316928
8099,2.63763985944201
8100,2.63336494357988
8101,2.62909055545256
8102,2.62481669492979
8103,2.62054336188131
8104,2.61627055617695
8105,2.61199827768657
8106,2.60772652628009
8107,2.60345530182746
8108,2.59918460419869
8109,2.59491443326384
8110,2.59064478889302
8111,2.58637567095637
8112,2.5821070793241
8113,2.57783901386645
8114,2.57357147445372
8115,2.56930446095626
8116,2.56503797324445
8117,2.56077201118874
8118,2.55650657465963
8119,2.55224166352763
8120,2.54797727766335
8121,2.54371341693739
8122,2.53945008122046
8123,2.53518727038327
8124,2.53092498429659
8125,2.52666322283127
8126,2.52240198585816
8127,2.51814127324817
8128,2.51388108487229
8129,2.50962142060151
8130,2.5053622803069
8131,2.50110366385958
8132,2.49684557113069
8133,2.49258800199144
8134,2.48833095631307
8135,2.4840744339669
8136,2.47981843482427
8137,2.47556295875655
8138,2.47130800563522
8139,2.46705357533174
8140,2.46279966771764
8141,2.45854628266453
8142,2.45429342004402
8143,2.45004107972779
8144,2.44578926158758
8145,2.44153796549515
8146,2.43728719132231
8147,2.43303693894094
8148,2.42878720822296
8149,2.42453799904031
8150,2.42028931126501
8151,2.41604114476912
8152,2.41179349942474
8153,2.407546375104
8154,2.40329977167913
8155,2.39905368902235
8156,2.39480812700595
8157,2.39056308550228
8158,2.38631856438372
8159,2.38207456352268
8160,2.37783108279168
8161,2.37358812206321
8162,2.36934568120985
8163,2.36510376010423
8164,2.36086235861901
8165,2.3566214766269
8166,2.35238111400065
8167,2.34814127061308
8168,2.34390194633703
8169,2.33966314104541
8170,2.33542485461117
8171,2.33118708690729
8172,2.32694983780681
8173,2.32271310718282
8174,2.31847689490846
8175,2.31424120085689
8176,2.31000602490135
8177,2.30577136691512
8178,2.30153722677149
8179,2.29730360434385
8180,2.2930704995056
8181,2.2888379121302
8182,2.28460584209115
8183,2.28037428926202
8184,2.27614325351638
8185,2.27191273472789
8186,2.26768273277023
8187,2.26345324751715
8188,2.25922427884241
8189,2.25499582661986
8190,2.25076789072337
8191,2.24654047102684
8192,2.24231356740427
8193,2.23808717972965
8194,2.23386130787704
8195,2.22963595172056
8196,2.22541111113435
8197,2.22118678599261
8198,2.21696297616958
8199,2.21273968153955
8200,2.20851690197687
8201,2.2042946373559
8202,2.20007288755108
8203,2.19585165243688
8204,2.19163093188782
8205,2.18741072577846
8206,2.18319103398343
8207,2.17897185637736
8208,2.17475319283497
8209,2.17053504323101
8210,2.16631740744025
8211,2.16210028533756
8212,2.15788367679782
8213,2.15366758169595
8214,2.14945199990693
8215,2.14523693130579
8216,2.14102237576759
8217,2.13680833316744
8218,2.13259480338052
8219,2.12838178628201
8220,2.12416928174718
8221,2.11995728965132
8222,2.11574580986977
8223,2.11153484227791
8224,2.10732438675119
8225,2.10311444316508
8226,2.09890501139509
8227,2.09469609131682
8228,2.09048768280585
8229,2.08627978573787
8230,2.08207239998855
8231,2.07786552543368
8232,2.07365916194903
8233,2.06945330941044
8234,2.0652479676938
8235,2.06104313667506
8236,2.05683881623016
8237,2.05263500623516
8238,2.04843170656611
8239,2.0442289170991
8240,2.04002663771033
8241,2.03582486827597
8242,2.03162360867228
8243,2.02742285877555
8244,2.02322261846212
8245,2.01902288760836
8246,2.01482366609071
8247,2.01062495378564
8248,2.00642675056967
8249,2.00222905631935
8250,1.9980318709113
8251,1.99383519422216
8252,1.98963902612863
8253,1.98544336650746
8254,1.98124821523544
8255,1.97705357218938
8256,1.97285943724617
8257,1.96866581028273
8258,1.96447269117602
8259,1.96028007980305
8260,1.95608797604088
8261,1.95189637976661
8262,1.94770529085738
8263,1.94351470919038
8264,1.93932463464284
8265,1.93513506709204
8266,1.9309460064153
8267,1.92675745249
8268,1.92256940519352
8269,1.91838186440335
8270,1.91419482999698
8271,1.91000830185194
8272,1.90582227984584
8273,1.90163676385629
8274,1.89745175376099
8275,1.89326724943765
8276,1.88908325076404
8277,1.88489975761797
8278,1.88071676987729
8279,1.87653428741991
8280,1.87235231012377
8281,1.86817083786684
8282,1.86398987052718
8283,1.85980940798286
8284,1.85562945011198
8285,1.85144999679273
8286,1.8472710479033
8287,1.84309260332194
8288,1.83891466292697
8289,1.83473722659672
8290,1.83056029420956
8291,1.82638386564393
8292,1.82220794077831
8293,1.81803251949122
8294,1.81385760166119
8295,1.80968318716685
8296,1.80550927588685
8297,1.80133586769987
8298,1.79716296248466
8299,1.79299056011999
8300,1.78881866048468
8301,1.78464726345761
8302,1.78047636891768
8303,1.77630597674385
8304,1.77213608681513
8305,1.76796669901054
8306,1.76379781320919
8307,1.75962942929019
8308,1.75546154713272
8309,1.75129416661601
8310,1.7471272876193
8311,1.74296091002191
8312,1.73879503370319
8313,1.73462965854251
8314,1.73046478441933
8315,1.72630041121312
8316,1.72213653880339
8317,1.71797316706972
8318,1.71381029589172
8319,1.70964792514903
8320,1.70548605472136
8321,1.70132468448844
8322,1.69716381433006
8323,1.69300344412603
8324,1.68884357375624
8325,1.68468420310059
8326,1.68052533203903
8327,1.67636696045157
8328,1.67220908821826
8329,1.66805171521916
8330,1.66389484133443
8331,1.65973846644422
8332,1.65558259042874
8333,1.65142721316827
8334,1.6472723345431
8335,1.64311795443356
8336,1.63896407272007
8337,1.63481068928303
8338,1.63065780400294
8339,1.62650541676028
8340,1.62235352743564
8341,1.61820213590962
8342,1.61405124206285
8343,1.60990084577603
8344,1.60575094692989
8345,1.6016015454052
8346,1.59745264108278
8347,1.59330423384349
8348,1.58915632356822
8349,1.58500891013794
8350,1.58086199343362
8351,1.57671557333629
8352,1.57256964972704
8353,1.56842422248697
8354,1.56427929149724
8355,1.56013485663906
8356,1.55599091779367
8357,1.55184747484236
8358,1.54770452766645
8359,1.54356207614732
8360,1.53942012016639
8361,1.5352786596051
8362,1.53113769434497
8363,1.52699722426753
8364,1.52285724925436
8365,1.51871776918711
8366,1.51457878394743
8367,1.51044029341702
8368,1.50630229747767
8369,1.50216479601116
8370,1.49802778889932
8371,1.49389127602404
8372,1.48975525726725
8373,1.48561973251091
8374,1.48148470163701
8375,1.47735016452764
8376,1.47321612106487
8377,1.46908257113083
8378,1.46494951460771
8379,1.46081695137772
8380,1.45668488132313
8381,1.45255330432624
8382,1.44842222026941
8383,1.444291629035
8384,1.44016153050546
8385,1.43603192456326
8386,1.43190281109092
8387,1.42777418997097
8388,1.42364606108605
8389,1.41951842431877
8390,1.41539127955181
8391,1.41126462666792
8392,1.40713846554985
8393,1.4030127960804
8394,1.39888761814244
8395,1.39476293161885
8396,1.39063873639256
8397,1.38651503234656
8398,1.38239181936386
8399,1.37826909732752
8400,1.37414686612063
8401,1.37002512562635
8402,1.36590387572785
8403,1.36178311630836
8404,1.35766284725117
8405,1.35354306843956
8406,1.34942377975688
8407,1.34530498108655
8408,1.34118667231199
8409,1.33706885331666
8410,1.33295152398411
8411,1.32883468419788
8412,1.32471833384156
8413,1.32060247279882
8414,1.31648710095332
8415,1.3123722181888
8416,1.30825782438901
8417,1.30414391943778
8418,1.30003050321894
8419,1.29591757561639
8420,1.29180513651407
8421,1.28769318579594
8422,1.28358172334601
8423,1.27947074904835
8424,1.27536026278706
8425,1.27125026444627
8426,1.26714075391016
8427,1.26303173106296
8428,1.25892319578892
8429,1.25481514797235
8430,1.2507075874976
8431,1.24660051424905
8432,1.24249392811111
8433,1.23838782896829
8434,1.23428221670507
8435,1.23017709120599
8436,1.22607245235567
8437,1.22196830003873
8438,1.21786463413984
8439,1.21376145454372
8440,1.20965876113513
8441,1.20555655379885
8442,1.20145483241973
8443,1.19735359688265
8444,1.19325284707252
8445,1.18915258287431
8446,1.18505280417302
8447,1.18095351085368
8448,1.17685470280138
8449,1.17275637990125
8450,1.16865854203845
8451,1.16456118909818
8452,1.16046432096569
8453,1.15636793752627
8454,1.15227203866524
8455,1.14817662426797
8456,1.14408169421988
8457,1.13998724840639
8458,1.13589328671303
8459,1.1317998090253
8460,1.12770681522877
8461,1.12361430520908
8462,1.11952227885186
8463,1.11543073604281
8464,1.11133967666765
8465,1.10724910061217
8466,1.10315900776218
8467,1.09906939800353
8468,1.09498027122212
8469,1.09089162730389
8470,1.0868034661348
8471,1.08271578760089
8472,1.07862859158819
8473,1.07454187798281
8474,1.0704556466709
8475,1.06636989753862
8476,1.06228463047219
8477,1.05819984535788
8478,1.05411554208198
8479,1.05003172053082
8480,1.04594838059079
8481,1.04186552214831
8482,1.03778314508984
8483,1.03370124930187
8484,1.02961983467095
8485,1.02553890108365
8486,1.0214584484266
8487,1.01737847658645
8488,1.01329898544991
8489,1.00921997490371
8490,1.00514144483465
8491,1.00106339512952
8492,0.996985825675199
8493,0.992908736358588
8494,0.988832127066622
8495,0.984755997686281
8496,0.980680348104578
8497,0.976605178208588
8498,0.972530487885401
8499,0.968456277022152
8500,0.964382545506033
8501,0.960309293224255
8502,0.956236520064072
8503,0.952164225912795
8504,0.948092410657757
8505,0.944021074186328
8506,0.939950216385939
8507,0.935879837144043
8508,0.931809936348136
8509,0.927740513885747
8510,0.923671569644468
8511,0.919603103511908
8512,0.915535115375715
8513,0.911467605123599
8514,0.907400572643288
8515,0.90333401782255
8516,0.899267940549213
8517,0.895202340711122
8518,0.891137218196165
8519,0.887072572892287
8520,0.883008404687455
8521,0.878944713469672
8522,0.874881499127003
8523,0.870818761547532
8524,0.866756500619388
8525,0.862694716230734
8526,0.858633408269792
8527,0.854572576624802
8528,0.850512221184045
8529,0.846452341835861
8530,0.842392938468609
8531,0.838334010970686
8532,0.834275559230552
8533,0.830217583136681
8534,0.826160082577591
8535,0.822103057441856
8536,0.818046507618071
8537,0.813990432994868
8538,0.80993483346094
8539,0.805879708905
8540,0.801825059215805
8541,0.797770884282144
8542,0.793717183992866
8543,0.78966395823684
8544,0.785611206902971
8545,0.781558929880227
8546,0.777507127057592
8547,0.773455798324089
8548,0.769404943568802
8549,0.765354562680834
8550,0.761304655549323
8551,0.757255222063471
8552,0.753206262112495
8553,0.749157775585652
8554,0.745109762372259
8555,0.741062222361651
8556,0.737015155443208
8557,0.732968561506343
8558,0.728922440440527
8559,0.724876792135251
8560,0.720831616480043
8561,0.71678691336449
8562,0.712742682678198
8563,0.708698924310814
8564,0.704655638152039
8565,0.700612824091598
8566,0.696570482019249
8567,0.692528611824813
8568,0.688487213398128
8569,0.684446286629069
8570,0.680405831407573
8571,0.676365847623594
8572,0.672326335167129
8573,0.668287293928209
8574,0.664248723796924
8575,0.660210624663382
8576,0.656172996417727
8577,0.652135838950165
8578,0.648099152150919
8579,0.644062935910249
8580,0.640027190118476
8581,0.635991914665938
8582,0.63195710944301
8583,0.627922774340127
8584,0.623888909247743
8585,0.619855514056348
8586,0.615822588656493
8587,0.611790132938743
8588,0.607758146793714
8589,0.603726630112047
8590,0.599695582784447
8591,0.595665004701632
8592,0.591634895754363
8593,0.587605255833455
8594,0.583576084829745
8595,0.579547382634103
8596,0.575519149137463
8597,0.571491384230773
8598,0.56746408780502
8599,0.56343725975125
8600,0.559410899960525
8601,0.555385008323948
8602,0.551359584732677
8603,0.54733462907789
8604,0.543310141250808
8605,0.539286121142685
8606,0.535262568644831
8607,0.531239483648576
8608,0.527216866045286
8609,0.523194715726385
8610,0.519173032583318
8611,0.515151816507562
8612,0.511131067390657
8613,0.507110785124159
8614,0.50309096959966
8615,0.499071620708814
8616,0.495052738343288
8617,0.491034322394789
8618,0.487016372755083
8619,0.48299888931595
8620,0.478981871969219
8621,0.474965320606745
8622,0.470949235120445
8623,0.466933615402251
8624,0.462918461344134
8625,0.458903772838121
8626,0.454889549776258
8627,0.450875792050628
8628,0.446862499553371
8629,0.442849672176646
8630,0.438837309812648
8631,0.43482541235363
8632,0.430813979691863
8633,0.42680301171966
8634,0.422792508329368
8635,0.41878246941339
8636,0.414772894864144
8637,0.410763784574089
8638,0.40675513843574
8639,0.402746956341629
8640,0.398739238184324
8641,0.394731983856453
8642,0.390725193250661
8643,0.386718866259627
8644,0.382713002776092
8645,0.37870760269281
8646,0.374702665902575
8647,0.370698192298237
8648,0.366694181772663
8649,0.362690634218764
8650,0.358687549529482
8651,0.354684927597816
8652,0.350682768316782
8653,0.346681071579432
8654,0.342679837278878
8655,0.338679065308246
8656,0.334678755560699
8657,0.330678907929459
8658,0.326679522307766
8659,0.322680598588893
8660,0.318682136666173
8661,0.314684136432954
8662,0.310686597782624
8663,0.306689520608625
8664,0.302692904804416
8665,0.298696750263503
8666,0.294701056879416
8667,0.290705824545748
8668,0.286711053156106
8669,0.282716742604133
8670,0.278722892783531
8671,0.274729503588018
8672,0.270736574911347
8673,0.266744106647332
8674,0.262752098689798
8675,0.25876055093261
8676,0.254769463269692
8677,0.250778835594978
8678,0.246788667802447
8679,0.242798959786128
8680,0.238809711440068
8681,0.234820922658361
8682,0.230832593335127
8683,0.226844723364543
8684,0.222857312640805
8685,0.218870361058142
8686,0.214883868510843
8687,0.210897834893212
8688,0.206912260099588
8689,0.202927144024369
8690,0.198942486561969
8691,0.194958287606836
8692,0.190974547053478
8693,0.186991264796417
8694,0.183008440730211
8695,0.179026074749478
8696,0.175044166748848
8697,0.171062716622997
8698,0.167081724266628
8699,0.163101189574503
8700,0.159121112441398
8701,0.155141492762128
8702,0.151162330431561
8703,0.147183625344584
8704,0.143205377396119
8705,0.139227586481144
8706,0.135250252494655
8707,0.131273375331679
8708,0.127296954887307
8709,0.12332099105664
8710,0.119345483734818
8711,0.115370432817035
8712,0.111395838198503
8713,0.107421699774477
8714,0.103448017440239
8715,0.0994747910911302
8716,0.0955020206225057
8717,0.0915297059297555
8718,0.0875578469083291
8719,0.0835864434536897
8720,0.0796154954613355
8721,0.0756450028268243
8722,0.0716749654457258
8723,0.0677053832136476
8724,0.0637362560262535
8725,0.0597675837792222
8726,0.0557993663682685
8727,0.0518316036891644
8728,0.0478642956376953
8729,0.0438974421096905
8730,0.0399310430010082
8731,0.035965098207563
8732,0.0319996076252851
8733,0.0280345711501386
8734,0.0240699886781464
8735,0.0201058601053443
8736,0.0161421853278059
8737,0.0121789642416594
8738,0.00821619674304896
8739,0.00425388272815308
8740,0.000292022093208999
8741,-0.00366938526553273
8742,-0.00763033945178648
8743,-0.0115908405692089
8744,-0.0155508887214433
8745,-0.0195104840120885
8746,-0.0234696265447174
8747,-0.0274283164228439
8748,-0.0313865537499689
8749,-0.0353443386295567
8750,-0.0393016711650169
8751,-0.0432585514597426
8752,-0.0472149796170931
8753,-0.0511709557403699
8754,-0.055126479932861
8755,-0.059081552297819
8756,-0.0630361729384399
8757,-0.0669903419579048
8758,-0.0709440594593538
8759,-0.0748973255458969
8760,-0.0788501403205903
8761,-0.0828025038864726
8762,-0.0867544163465492
8763,-0.0907058778037699
8764,-0.0946568883610688
8765,-0.0986074481213448
8766,-0.102557557187441
8767,-0.106507215662187
8768,-0.110456423648376
8769,-0.114405181248746
8770,-0.118353488566021
8771,-0.122301345702887
8772,-0.126248752761978
8773,-0.130195709845912
8774,-0.134142217057265
8775,-0.138088274498584
8776,-0.142033882272361
8777,-0.145979040481075
8778,-0.149923749227167
8779,-0.153868008613026
8780,-0.157811818741023
8781,-0.161755179713496
8782,-0.165698091632728
8783,-0.169640554600986
8784,-0.173582568720502
8785,-0.177524134093455
8786,-0.181465250822009
8787,-0.185405919008288
8788,-0.189346138754369
8789,-0.193285910162309
8790,-0.197225233334123
8791,-0.201164108371802
8792,-0.205102535377279
8793,-0.209040514452472
8794,-0.212978045699267
8795,-0.216915129219493
8796,-0.220851765114964
8797,-0.22478795348746
8798,-0.228723694438707
8799,-0.232658988070416
8800,-0.236593834484262
8801,-0.240528233781867
8802,-0.244462186064838
8803,-0.248395691434745
8804,-0.252328749993108
8805,-0.256261361841429
8806,-0.260193527081169
8807,-0.264125245813762
8808,-0.268056518140587
8809,-0.271987344163009
8810,-0.275917723982358
8811,-0.279847657699909
8812,-0.283777145416924
8813,-0.28770618723463
8814,-0.291634783254199
8815,-0.295562933576786
8816,-0.299490638303519
8817,-0.303417897535462
8818,-0.307344711373674
8819,-0.311271079919172
8820,-0.315197003272925
8821,-0.31912248153588
8822,-0.323047514808951
8823,-0.32697210319302
8824,-0.330896246788915
8825,-0.33481994569745
8826,-0.338743200019405
8827,-0.342666009855507
8828,-0.346588375306467
8829,-0.350510296472961
8830,-0.354431773455613
8831,-0.358352806355032
8832,-0.362273395271793
8833,-0.366193540306415
8834,-0.370113241559406
8835,-0.374032499131238
8836,-0.377951313122328
8837,-0.381869683633081
8838,-0.38578761076386
8839,-0.389705094615001
8840,-0.393622135286786
8841,-0.397538732879483
8842,-0.401454887493325
8843,-0.405370599228493
8844,-0.409285868185151
8845,-0.413200694463433
8846,-0.417115078163415
8847,-0.421029019385162
8848,-0.424942518228705
8849,-0.428855574794017
8850,-0.432768189181063
8851,-0.43668036148977
8852,-0.440592091820012
8853,-0.444503380271652
8854,-0.448414226944507
8855,-0.452324631938372
8856,-0.456234595352986
8857,-0.460144117288074
8858,-0.464053197843326
8859,-0.467961837118382
8860,-0.471870035212866
8861,-0.475777792226368
8862,-0.479685108258423
8863,-0.483591983408556
8864,-0.487498417776256
8865,-0.491404411460957
8866,-0.495309964562082
8867,-0.49921507717902
8868,-0.503119749411105
8869,-0.507023981357658
8870,-0.51092777311796
8871,-0.514831124791264
8872,-0.518734036476771
8873,-0.522636508273668
8874,-0.526538540281108
8875,-0.530440132598191
8876,-0.534341285324003
8877,-0.538241998557597
8878,-0.542142272397972
8879,-0.546042106944114
8880,-0.549941502294975
8881,-0.553840458549455
8882,-0.557738975806438
8883,-0.56163705416477
8884,-0.56553469372327
8885,-0.569431894580704
8886,-0.573328656835823
8887,-0.577224980587348
8888,-0.58112086593394
8889,-0.585016312974255
8890,-0.58891132180691
8891,-0.592805892530472
8892,-0.596700025243491
8893,-0.600593720044488
8894,-0.604486977031928
8895,-0.608379796304264
8896,-0.612272177959914
8897,-0.616164122097246
8898,-0.620055628814612
8899,-0.623946698210325
8900,-0.627837330382673
8901,-0.631727525429888
8902,-0.635617283450191
8903,-0.63950660454177
8904,-0.64339548880276
8905,-0.64728393633128
8906,-0.651171947225419
8907,-0.655059521583213
8908,-0.658946659502683
8909,-0.66283336108182
8910,-0.666719626418557
8911,-0.67060545561082
8912,-0.674490848756498
8913,-0.678375805953428
8914,-0.682260327299435
8915,-0.686144412892304
8916,-0.690028062829792
8917,-0.693911277209606
8918,-0.697794056129438
8919,-0.701676399686948
8920,-0.705558307979742
8921,-0.709439781105417
8922,-0.713320819161532
8923,-0.717201422245595
8924,-0.721081590455104
8925,-0.724961323887521
8926,-0.728840622640256
8927,-0.732719486810707
8928,-0.736597916496238
8929,-0.740475911794161
8930,-0.744353472801777
8931,-0.748230599616344
8932,-0.752107292335098
8933,-0.755983551055219
8934,-0.759859375873876
8935,-0.763734766888204
8936,-0.767609724195289
8937,-0.7714842478922
8938,-0.775358338075976
8939,-0.779231994843603
8940,-0.783105218292053
8941,-0.786978008518268
8942,-0.790850365619136
8943,-0.794722289691531
8944,-0.798593780832298
8945,-0.802464839138227
8946,-0.806335464706097
8947,-0.810205657632645
8948,-0.814075418014586
8949,-0.81794474594858
8950,-0.821813641531277
8951,-0.825682104859291
8952,-0.829550136029188
8953,-0.833417735137517
8954,-0.837284902280798
8955,-0.841151637555498
8956,-0.845017941058071
8957,-0.84888381288494
8958,-0.852749253132473
8959,-0.856614261897028
8960,-0.860478839274931
8961,-0.864342985362454
8962,-0.868206700255858
8963,-0.872069984051366
8964,-0.875932836845173
8965,-0.879795258733424
8966,-0.883657249812249
8967,-0.887518810177751
8968,-0.891379939925975
8969,-0.895240639152957
8970,-0.899100907954701
8971,-0.902960746427157
8972,-0.906820154666266
8973,-0.910679132767934
8974,-0.914537680828016
8975,-0.918395798942357
8976,-0.922253487206764
8977,-0.926110745716999
8978,-0.929967574568808
8979,-0.9338239738579
8980,-0.937679943679957
8981,-0.941535484130611
8982,-0.945390595305479
8983,-0.949245277300151
8984,-0.953099530210161
8985,-0.956953354131032
8986,-0.960806749158254
8987,-0.96465971538727
8988,-0.968512252913505
8989,-0.972364361832356
8990,-0.976216042239166
8991,-0.980067294229268
8992,-0.983918117897963
8993,-0.987768513340497
8994,-0.99161848065211
8995,-0.995468019927999
8996,-0.999317131263338
8997,-1.00316581475325
8998,-1.00701407049284
8999,-1.01086189857718
9000,-1.01470929910132
9001,-1.01855627216025
9002,-1.02240281784897
9003,-1.0262489362624
9004,-1.03009462749547
9005,-1.03393989164306
9006,-1.0377847288
9007,-1.04162913906114
9008,-1.04547312252124
9009,-1.04931667927508
9010,-1.05315980941735
9011,-1.05700251304278
9012,-1.06084479024601
9013,-1.06468664112166
9014,-1.06852806576434
9015,-1.07236906426863
9016,-1.07620963672904
9017,-1.08004978324008
9018,-1.08388950389623
9019,-1.08772879879192
9020,-1.09156766802157
9021,-1.09540611167955
9022,-1.09924412986021
9023,-1.10308172265785
9024,-1.10691889016677
9025,-1.11075563248123
9026,-1.11459194969543
9027,-1.11842784190356
9028,-1.1222633091998
9029,-1.12609835167825
9030,-1.12993296943302
9031,-1.13376716255818
9032,-1.13760093114775
9033,-1.14143427529574
9034,-1.14526719509612
9035,-1.14909969064282
9036,-1.15293176202976
9037,-1.15676340935081
9038,-1.16059463269982
9039,-1.16442543217059
9040,-1.16825580785693
9041,-1.17208575985258
9042,-1.17591528825126
9043,-1.17974439314665
9044,-1.18357307463243
9045,-1.18740133280221
9046,-1.1912291677496
9047,-1.19505657956816
9048,-1.19888356835142
9049,-1.2027101341929
9050,-1.20653627718606
9051,-1.21036199742433
9052,-1.21418729500115
9053,-1.21801217000989
9054,-1.22183662254388
9055,-1.22566065269646
9056,-1.22948426056091
9057,-1.23330744623049
9058,-1.23713020979841
9059,-1.24095255135788
9060,-1.24477447100207
9061,-1.2485959688241
9062,-1.25241704491707
9063,-1.25623769937406
9064,-1.26005793228811
9065,-1.26387774375222
9066,-1.26769713385938
9067,-1.27151610270253
9068,-1.27533465037459
9069,-1.27915277696846
9070,-1.28297048257697
9071,-1.28678776729296
9072,-1.29060463120922
9073,-1.29442107441853
9074,-1.2982370970136
9075,-1.30205269908714
9076,-1.30586788073183
9077,-1.3096826420403
9078,-1.31349698310517
9079,-1.31731090401902
9080,-1.32112440487439
9081,-1.3249374857638
9082,-1.32875014677975
9083,-1.33256238801469
9084,-1.33637420956104
9085,-1.34018561151121
9086,-1.34399659395756
9087,-1.34780715699242
9088,-1.3516173007081
9089,-1.35542702519688
9090,-1.359236330551
9091,-1.36304521686267
9092,-1.36685368422408
9093,-1.37066173272738
9094,-1.37446936246469
9095,-1.3782765735281
9096,-1.38208336600968
9097,-1.38588974000146
9098,-1.38969569559544
9099,-1.39350123288358
9100,-1.39730635195783
9101,-1.40111105291011
9102,-1.40491533583229
9103,-1.40871920081621
9104,-1.4125226479537
9105,-1.41632567733655
9106,-1.42012828905651
9107,-1.42393048320532
9108,-1.42773225987467
9109,-1.43153361915624
9110,-1.43533456114164
9111,-1.43913508592252
9112,-1.44293519359042
9113,-1.4467348842369
9114,-1.45053415795349
9115,-1.45433301483165
9116,-1.45813145496286
9117,-1.46192947843855
9118,-1.4657270853501
9119,-1.46952427578888
9120,-1.47332104984623
9121,-1.47711740761346
9122,-1.48091334918184
9123,-1.48470887464263
9124,-1.48850398408703
9125,-1.49229867760624
9126,-1.4960929552914
9127,-1.49988681723366
9128,-1.50368026352409
9129,-1.50747329425378
9130,-1.51126590951376
9131,-1.51505810939503
9132,-1.51884989398857
9133,-1.52264126338533
9134,-1.52643221767623
9135,-1.53022275695215
9136,-1.53401288130396
9137,-1.53780259082248
9138,-1.54159188559849
9139,-1.54538076572279
9140,-1.5491692312861
9141,-1.55295728237914
9142,-1.55674491909257
9143,-1.56053214151706
9144,-1.56431894974321
9145,-1.56810534386162
9146,-1.57189132396286
9147,-1.57567689013744
9148,-1.57946204247587
9149,-1.58324678106862
9150,-1.58703110600615
9151,-1.59081501737883
9152,-1.59459851527708
9153,-1.59838159979123
9154,-1.60216427101161
9155,-1.60594652902852
9156,-1.60972837393221
9157,-1.61350980581293
9158,-1.61729082476086
9159,-1.6210714308662
9160,-1.62485162421908
9161,-1.62863140490963
9162,-1.63241077302792
9163,-1.63618972866401
9164,-1.63996827190793
9165,-1.64374640284968
9166,-1.64752412157924
9167,-1.65130142818652
9168,-1.65507832276145
9169,-1.65885480539391
9170,-1.66263087617373
9171,-1.66640653519076
9172,-1.67018178253478
9173,-1.67395661829554
9174,-1.67773104256279
9175,-1.68150505542623
9176,-1.68527865697553
9177,-1.68905184730034
9178,-1.69282462649027
9179,-1.69659699463491
9180,-1.70036895182382
9181,-1.70414049814652
9182,-1.70791163369252
9183,-1.71168235855128
9184,-1.71545267281224
9185,-1.71922257656482
9186,-1.72299206989839
9187,-1.72676115290231
9188,-1.73052982566591
9189,-1.73429808827847
9190,-1.73806594082926
9191,-1.74183338340752
9192,-1.74560041610245
9193,-1.74936703900324
9194,-1.75313325219903
9195,-1.75689905577894
9196,-1.76066444983205
9197,-1.76442943444744
9198,-1.76819400971414
9199,-1.77195817572115
9200,-1.77572193255743
9201,-1.77948528031195
9202,-1.78324821907361
9203,-1.7870107489313
9204,-1.79077286997389
9205,-1.79453458229018
9206,-1.798295885969
9207,-1.80205678109912
9208,-1.80581726776926
9209,-1.80957734606816
9210,-1.81333701608449
9211,-1.8170962779069
9212,-1.82085513162403
9213,-1.82461357732447
9214,-1.8283716150968
9215,-1.83212924502954
9216,-1.83588646721123
9217,-1.83964328173033
9218,-1.84339968867531
9219,-1.84715568813457
9220,-1.85091128019654
9221,-1.85466646494957
9222,-1.85842124248199
9223,-1.86217561288213
9224,-1.86592957623826
9225,-1.86968313263863
9226,-1.87343628217148
9227,-1.87718902492498
9228,-1.88094136098732
9229,-1.88469329044662
9230,-1.88844481339101
9231,-1.89219592990856
9232,-1.89594664008731
9233,-1.89969694401531
9234,-1.90344684178053
9235,-1.90719633347094
9236,-1.9109454191745
9237,-1.9146940989791
9238,-1.91844237297261
9239,-1.92219024124292
9240,-1.92593770387781
9241,-1.9296847609651
9242,-1.93343141259256
9243,-1.93717765884791
9244,-1.94092349981887
9245,-1.94466893559313
9246,-1.94841396625833
9247,-1.95215859190209
9248,-1.95590281261202
9249,-1.95964662847569
9250,-1.96339003958062
9251,-1.96713304601433
9252,-1.97087564786431
9253,-1.974617845218
9254,-1.97835963816283
9255,-1.98210102678621
9256,-1.98584201117549
9257,-1.98958259141802
9258,-1.99332276760112
9259,-1.99706253981206
9260,-2.0008019081381
9261,-2.00454087266647
9262,-2.00827943348437
9263,-2.01201759067897
9264,-2.01575534433741
9265,-2.01949269454681
9266,-2.02322964139425
9267,-2.02696618496678
9268,-2.03070232535146
9269,-2.03443806263526
9270,-2.03817339690517
9271,-2.04190832824813
9272,-2.04564285675106
9273,-2.04937698250084
9274,-2.05311070558434
9275,-2.05684402608841
9276,-2.06057694409982
9277,-2.06430945970536
9278,-2.0680415729918
9279,-2.07177328404583
9280,-2.07550459295416
9281,-2.07923549980345
9282,-2.08296600468034
9283,-2.08669610767143
9284,-2.09042580886331
9285,-2.09415510834253
9286,-2.09788400619561
9287,-2.10161250250906
9288,-2.10534059736933
9289,-2.10906829086287
9290,-2.1127955830761
9291,-2.1165224740954
9292,-2.12024896400712
9293,-2.12397505289759
9294,-2.12770074085313
9295,-2.13142602795999
9296,-2.13515091430442
9297,-2.13887539997266
9298,-2.14259948505087
9299,-2.14632316962523
9300,-2.15004645378188
9301,-2.15376933760691
9302,-2.1574918211864
9303,-2.16121390460642
9304,-2.16493558795298
9305,-2.16865687131206
9306,-2.17237775476966
9307,-2.1760982384117
9308,-2.1798183223241
9309,-2.18353800659274
9310,-2.18725729130348
9311,-2.19097617654215
9312,-2.19469466239454
9313,-2.19841274894645
9314,-2.20213043628361
9315,-2.20584772449173
9316,-2.20956461365652
9317,-2.21328110386363
9318,-2.21699719519871
9319,-2.22071288774736
9320,-2.22442818159516
9321,-2.22814307682766
9322,-2.23185757353039
9323,-2.23557167178886
9324,-2.23928537168852
9325,-2.24299867331483
9326,-2.2467115767532
9327,-2.25042408208902
9328,-2.25413618940765
9329,-2.25784789879442
9330,-2.26155921033464
9331,-2.26527012411359
9332,-2.26898064021652
9333,-2.27269075872865
9334,-2.27640047973518
9335,-2.28010980332128
9336,-2.28381872957209
9337,-2.28752725857272
9338,-2.29123539040827
9339,-2.29494312516379
9340,-2.29865046292432
9341,-2.30235740377485
9342,-2.30606394780037
9343,-2.30977009508583
9344,-2.31347584571614
9345,-2.31718119977622
9346,-2.32088615735092
9347,-2.32459071852509
9348,-2.32829488338354
9349,-2.33199865201106
9350,-2.3357020244924
9351,-2.33940500091232
9352,-2.34310758135549
9353,-2.3468097659066
9354,-2.35051155465031
9355,-2.35421294767125
9356,-2.35791394505399
9357,-2.36161454688313
9358,-2.36531475324319
9359,-2.3690145642187
9360,-2.37271397989414
9361,-2.37641300035397
9362,-2.38011162568263
9363,-2.38380985596453
9364,-2.38750769128404
9365,-2.39120513172552
9366,-2.39490217737329
9367,-2.39859882831167
9368,-2.4022950846249
9369,-2.40599094639724
9370,-2.40968641371291
9371,-2.41338148665611
9372,-2.41707616531098
9373,-2.42077044976168
9374,-2.42446434009232
9375,-2.42815783638696
9376,-2.43185093872968
9377,-2.4355436472045
9378,-2.43923596189543
9379,-2.44292788288643
9380,-2.44661941026147
9381,-2.45031054410445
9382,-2.45400128449928
9383,-2.45769163152983
9384,-2.46138158527994
9385,-2.46507114583341
9386,-2.46876031327405
9387,-2.47244908768561
9388,-2.47613746915182
9389,-2.47982545775639
9390,-2.48351305358302
9391,-2.48720025671534
9392,-2.49088706723698
9393,-2.49457348523156
9394,-2.49825951078264
9395,-2.50194514397376
9396,-2.50563038488846
9397,-2.50931523361022
9398,-2.51299969022251
9399,-2.51668375480877
9400,-2.52036742745242
9401,-2.52405070823685
9402,-2.5277335972454
9403,-2.53141609456144
9404,-2.53509820026825
9405,-2.53877991444911
9406,-2.54246123718729
9407,-2.54614216856601
9408,-2.54982270866848
9409,-2.55350285757786
9410,-2.55718261537731
9411,-2.56086198214995
9412,-2.56454095797888
9413,-2.56821954294715
9414,-2.57189773713782
9415,-2.5755755406339
9416,-2.57925295351839
9417,-2.58292997587424
9418,-2.5866066077844
9419,-2.59028284933177
9420,-2.59395870059922
9421,-2.59763416166964
9422,-2.60130923262584
9423,-2.60498391355063
9424,-2.60865820452679
9425,-2.61233210563707
9426,-2.61600561696419
9427,-2.61967873859086
9428,-2.62335147059976
9429,-2.62702381307351
9430,-2.63069576609475
9431,-2.63436732974606
9432,-2.63803850411004
9433,-2.64170928926919
9434,-2.64537968530606
9435,-2.64904969230312
9436,-2.65271931034283
9437,-2.65638853950764
9438,-2.66005737987996
9439,-2.66372583154217
9440,-2.66739389457662
9441,-2.67106156906565
9442,-2.67472885509157
9443,-2.67839575273665
9444,-2.68206226208316
9445,-2.6857283832133
9446,-2.6893941162093
9447,-2.69305946115331
9448,-2.69672441812751
9449,-2.70038898721399
9450,-2.70405316849487
9451,-2.70771696205221
9452,-2.71138036796806
9453,-2.71504338632443
9454,-2.71870601720333
9455,-2.72236826068671
9456,-2.72603011685651
9457,-2.72969158579466
9458,-2.73335266758304
9459,-2.73701336230351
9460,-2.74067367003792
9461,-2.74433359086806
9462,-2.74799312487573
9463,-2.75165227214268
9464,-2.75531103275066
9465,-2.75896940678135
9466,-2.76262739431646
9467,-2.76628499543763
9468,-2.76994221022649
9469,-2.77359903876464
9470,-2.77725548113367
9471,-2.78091153741512
9472,-2.78456720769053
9473,-2.78822249204139
9474,-2.79187739054917
9475,-2.79553190329533
9476,-2.79918603036129
9477,-2.80283977182844
9478,-2.80649312777815
9479,-2.81014609829178
9480,-2.81379868345065
9481,-2.81745088333604
9482,-2.82110269802922
9483,-2.82475412761145
9484,-2.82840517216392
9485,-2.83205583176784
9486,-2.83570610650438
9487,-2.83935599645467
9488,-2.84300550169982
9489,-2.84665462232093
9490,-2.85030335839905
9491,-2.85395171001523
9492,-2.85759967725049
9493,-2.86124726018579
9494,-2.8648944589021
9495,-2.86854127348037
9496,-2.87218770400149
9497,-2.87583375054636
9498,-2.87947941319583
9499,-2.88312469203073
9500,-2.88676958713187
9501,-2.89041409858004
9502,-2.89405822645599
9503,-2.89770197084044
9504,-2.90134533181411
9505,-2.90498830945768
9506,-2.90863090385179
9507,-2.91227311507709
9508,-2.91591494321416
9509,-2.9195563883436
9510,-2.92319745054595
9511,-2.92683812990174
9512,-2.93047842649147
9513,-2.93411834039562
9514,-2.93775787169464
9515,-2.94139702046896
9516,-2.94503578679896
9517,-2.94867417076504
9518,-2.95231217244754
9519,-2.95594979192679
9520,-2.95958702928307
9521,-2.96322388459668
9522,-2.96686035794785
9523,-2.9704964494168
9524,-2.97413215908375
9525,-2.97776748702886
9526,-2.98140243333226
9527,-2.9850369980741
9528,-2.98867118133447
9529,-2.99230498319343
9530,-2.99593840373103
9531,-2.99957144302731
9532,-3.00320410116224
9533,-3.0068363782158
9534,-3.01046827426794
9535,-3.01409978939858
9536,-3.01773092368761
9537,-3.02136167721491
9538,-3.02499205006031
9539,-3.02862204230365
9540,-3.0322516540247
9541,-3.03588088530326
9542,-3.03950973621905
9543,-3.0431382068518
9544,-3.04676629728121
9545,-3.05039400758693
9546,-3.05402133784862
9547,-3.05764828814591
9548,-3.06127485855837
9549,-3.06490104916558
9550,-3.0685268600471
9551,-3.07215229128242
9552,-3.07577734295105
9553,-3.07940201513247
9554,-3.08302630790611
9555,-3.08665022135138
9556,-3.0902737555477
9557,-3.09389691057444
9558,-3.09751968651092
9559,-3.10114208343647
9560,-3.1047641014304
9561,-3.10838574057196
9562,-3.1120070009404
9563,-3.11562788261496
9564,-3.1192483856748
9565,-3.12286851019912
9566,-3.12648825626707
9567,-3.13010762395774
9568,-3.13372661335025
9569,-3.13734522452368
9570,-3.14096345755704
9571,-3.14458131252939
9572,-3.1481987895197
9573,-3.15181588860697
9574,-3.15543260987012
9575,-3.15904895338809
9576,-3.16266491923978
9577,-3.16628050750405
9578,-3.16989571825976
9579,-3.17351055158573
9580,-3.17712500756075
9581,-3.18073908626361
9582,-3.18435278777307
9583,-3.18796611216782
9584,-3.19157905952659
9585,-3.19519162992805
9586,-3.19880382345084
9587,-3.2024156401736
9588,-3.20602708017492
9589,-3.2096381435334
9590,-3.21324883032757
9591,-3.21685914063597
9592,-3.2204690745371
9593,-3.22407863210944
9594,-3.22768781343145
9595,-3.23129661858156
9596,-3.23490504763816
9597,-3.23851310067965
9598,-3.24212077778439
9599,-3.24572807903069
9600,-3.24933500449687
9601,-3.25294155426123
9602,-3.256547728402
9603,-3.26015352699743
9604,-3.26375895012572
9605,-3.26736399786508
9606,-3.27096867029365
9607,-3.27457296748956
9608,-3.27817688953095
9609,-3.28178043649589
9610,-3.28538360846244
9611,-3.28898640550865
9612,-3.29258882771252
9613,-3.29619087515206
9614,-3.29979254790523
9615,-3.30339384604996
9616,-3.30699476966418
9617,-3.31059531882579
9618,-3.31419549361263
9619,-3.31779529410258
9620,-3.32139472037343
9621,-3.32499377250301
9622,-3.32859245056905
9623,-3.33219075464933
9624,-3.33578868482157
9625,-3.33938624116345
9626,-3.34298342375267
9627,-3.34658023266686
9628,-3.35017666798366
9629,-3.35377272978066
9630,-3.35736841813546
9631,-3.36096373312558
9632,-3.36455867482858
9633,-3.36815324332195
9634,-3.37174743868319
9635,-3.37534126098973
9636,-3.37893471031903
9637,-3.38252778674848
9638,-3.38612049035547
9639,-3.38971282121737
9640,-3.39330477941151
9641,-3.3968963650152
9642,-3.40048757810573
9643,-3.40407841876037
9644,-3.40766888705636
9645,-3.41125898307091
9646,-3.41484870688123
9647,-3.41843805856446
9648,-3.42202703819777
9649,-3.42561564585826
9650,-3.42920388162306
9651,-3.43279174556921
9652,-3.43637923777376
9653,-3.43996635831376
9654,-3.44355310726619
9655,-3.44713948470803
9656,-3.45072549071625
9657,-3.45431112536775
9658,-3.45789638873946
9659,-3.46148128090826
9660,-3.46506580195099
9661,-3.46864995194449
9662,-3.47223373096558
9663,-3.47581713909104
9664,-3.47940017639763
9665,-3.48298284296208
9666,-3.48656513886113
9667,-3.49014706417145
9668,-3.49372861896971
9669,-3.49730980333257
9670,-3.50089061733662
9671,-3.50447106105847
9672,-3.5080511345747
9673,-3.51163083796185
9674,-3.51521017129643
9675,-3.51878913465497
9676,-3.52236772811393
9677,-3.52594595174976
9678,-3.52952380563891
9679,-3.53310128985775
9680,-3.5366784044827
9681,-3.54025514959009
9682,-3.54383152525627
9683,-3.54740753155755
9684,-3.55098316857021
9685,-3.55455843637052
9686,-3.55813333503472
9687,-3.56170786463902
9688,-3.56528202525962
9689,-3.56885581697269
9690,-3.57242923985437
9691,-3.5760022939808
9692,-3.57957497942805
9693,-3.58314729627221
9694,-3.58671924458934
9695,-3.59029082445545
9696,-3.59386203594655
9697,-3.59743287913863
9698,-3.60100335410765
9699,-3.60457346092953
9700,-3.60814319968019
9701,-3.61171257043551
9702,-3.61528157327136
9703,-3.61885020826358
9704,-3.62241847548798
9705,-3.62598637502036
9706,-3.62955390693648
9707,-3.63312107131211
9708,-3.63668786822294
9709,-3.64025429774469
9710,-3.64382035995305
9711,-3.64738605492364
9712,-3.6509513827321
9713,-3.65451634345405
9714,-3.65808093716506
9715,-3.6616451639407
9716,-3.66520902385649
9717,-3.66877251698796
9718,-3.67233564341059
9719,-3.67589840319984
9720,-3.67946079643117
9721,-3.68302282317999
9722,-3.68658448352169
9723,-3.69014577753166
9724,-3.69370670528523
9725,-3.69726726685773
9726,-3.70082746232448
9727,-3.70438729176074
9728,-3.70794675524178
9729,-3.71150585284283
9730,-3.71506458463911
9731,-3.71862295070578
9732,-3.72218095111803
9733,-3.725738585951
9734,-3.72929585527979
9735,-3.7328527591795
9736,-3.73640929772522
9737,-3.73996547099197
9738,-3.74352127905479
9739,-3.7470767219887
9740,-3.75063179986864
9741,-3.75418651276959
9742,-3.75774086076649
9743,-3.76129484393423
9744,-3.76484846234771
9745,-3.76840171608179
9746,-3.77195460521131
9747,-3.77550712981108
9748,-3.77905928995591
9749,-3.78261108572056
9750,-3.78616251717978
9751,-3.7897135844083
9752,-3.79326428748082
9753,-3.79681462647202
9754,-3.80036460145655
9755,-3.80391421250906
9756,-3.80746345970415
9757,-3.8110123431164
9758,-3.81456086282038
9759,-3.81810901889065
9760,-3.8216568114017
9761,-3.82520424042804
9762,-3.82875130604415
9763,-3.83229800832447
9764,-3.83584434734342
9765,-3.83939032317543
9766,-3.84293593589486
9767,-3.84648118557607
9768,-3.85002607229341
9769,-3.85357059612118
9770,-3.85711475713367
9771,-3.86065855540516
9772,-3.86420199100989
9773,-3.86774506402207
9774,-3.8712877745159
9775,-3.87483012256558
9776,-3.87837210824524
9777,-3.88191373162902
9778,-3.88545499279103
9779,-3.88899589180534
9780,-3.89253642874604
9781,-3.89607660368715
9782,-3.89961641670268
9783,-3.90315586786665
9784,-3.90669495725302
9785,-3.91023368493572
9786,-3.9137720509887
9787,-3.91731005548587
9788,-3.92084769850109
9789,-3.92438498010822
9790,-3.92792190038111
9791,-3.93145845939357
9792,-3.93499465721937
9793,-3.93853049393231
9794,-3.94206596960612
9795,-3.94560108431452
9796,-3.94913583813121
9797,-3.95267023112987
9798,-3.95620426338416
9799,-3.95973793496771
9800,-3.96327124595412
9801,-3.966804196417
9802,-3.97033678642989
9803,-3.97386901606635
9804,-3.97740088539988
9805,-3.980932394504
9806,-3.98446354345218
9807,-3.98799433231787
9808,-3.99152476117449
9809,-3.99505483009546
9810,-3.99858453915416
9811,-4.00211388842395
9812,-4.00564287797818
9813,-4.00917150789016
9814,-4.01269977823319
9815,-4.01622768908053
9816,-4.01975524050545
9817,-4.02328243258117
9818,-4.02680926538089
9819,-4.03033573897781
9820,-4.03386185344506
9821,-4.03738760885581
9822,-4.04091300528316
9823,-4.04443804280022
9824,-4.04796272148004
9825,-4.05148704139568
9826,-4.05501100262017
9827,-4.05853460522651
9828,-4.06205784928769
9829,-4.06558073487666
9830,-4.06910326206636
9831,-4.07262543092972
9832,-4.07614724153961
9833,-4.07966869396892
9834,-4.08318978829049
9835,-4.08671052457716
9836,-4.09023090290171
9837,-4.09375092333694
9838,-4.09727058595561
9839,-4.10078989083045
9840,-4.10430883803419
9841,-4.1078274276395
9842,-4.11134565971908
9843,-4.11486353434556
9844,-4.11838105159157
9845,-4.12189821152972
9846,-4.12541501423259
9847,-4.12893145977274
9848,-4.13244754822271
9849,-4.13596327965502
9850,-4.13947865414216
9851,-4.1429936717566
9852,-4.1465083325708
9853,-4.15002263665717
9854,-4.15353658408814
9855,-4.15705017493609
9856,-4.16056340927336
9857,-4.16407628717232
9858,-4.16758880870527
9859,-4.1711009739445
9860,-4.1746127829623
9861,-4.17812423583093
9862,-4.18163533262259
9863,-4.18514607340951
9864,-4.18865645826387
9865,-4.19216648725784
9866,-4.19567616046355
9867,-4.19918547795314
9868,-4.20269443979869
9869,-4.20620304607228
9870,-4.20971129684597
9871,-4.2132191921918
9872,-4.21672673218176
9873,-4.22023391688786
9874,-4.22374074638206
9875,-4.22724722073629
9876,-4.2307533400225
9877,-4.23425910431257
9878,-4.23776451367839
9879,-4.24126956819182
9880,-4.2447742679247
9881,-4.24827861294882
9882,-4.251782603336
9883,-4.25528623915799
9884,-4.25878952048656
9885,-4.26229244739342
9886,-4.26579501995028
9887,-4.26929723822883
9888,-4.27279910230072
9889,-4.2763006122376
9890,-4.27980176811109
9891,-4.28330256999278
9892,-4.28680301795424
9893,-4.29030311206704
9894,-4.29380285240269
9895,-4.29730223903272
9896,-4.30080127202861
9897,-4.30429995146182
9898,-4.3077982774038
9899,-4.31129624992598
9900,-4.31479386909976
9901,-4.3182911349965
9902,-4.32178804768759
9903,-4.32528460724435
9904,-4.32878081373808
9905,-4.3322766672401
9906,-4.33577216782168
9907,-4.33926731555404
9908,-4.34276211050844
9909,-4.34625655275609
9910,-4.34975064236815
9911,-4.35324437941579
9912,-4.35673776397017
9913,-4.3602307961024
9914,-4.36372347588357
9915,-4.36721580338477
9916,-4.37070777867707
9917,-4.37419940183147
9918,-4.37769067291901
9919,-4.38118159201068
9920,-4.38467215917743
9921,-4.38816237449023
9922,-4.39165223802001
9923,-4.39514174983766
9924,-4.39863091001407
9925,-4.40211971862011
9926,-4.40560817572662
9927,-4.40909628140441
9928,-4.41258403572429
9929,-4.41607143875704
9930,-4.4195584905734
9931,-4.42304519124412
9932,-4.42653154083991
9933,-4.43001753943146
9934,-4.43350318708945
9935,-4.43698848388452
9936,-4.44047342988729
9937,-4.44395802516838
9938,-4.44744226979837
9939,-4.45092616384783
9940,-4.4544097073873
9941,-4.4578929004873
9942,-4.46137574321833
9943,-4.46485823565086
9944,-4.46834037785537
9945,-4.47182216990228
9946,-4.47530361186201
9947,-4.47878470380496
9948,-4.48226544580149
9949,-4.48574583792196
9950,-4.48922588023669
9951,-4.49270557281602
9952,-4.49618491573019
9953,-4.4996639090495
9954,-4.5031425528442
9955,-4.50662084718449
9956,-4.51009879214059
9957,-4.51357638778268
9958,-4.51705363418092
9959,-4.52053053140544
9960,-4.52400707952637
9961,-4.52748327861381
9962,-4.53095912873783
9963,-4.53443462996848
9964,-4.53790978237581
9965,-4.54138458602982
9966,-4.54485904100051
9967,-4.54833314735785
9968,-4.55180690517178
9969,-4.55528031451224
9970,-4.55875337544913
9971,-4.56222608805235
9972,-4.56569845239175
9973,-4.56917046853719
9974,-4.57264213655848
9975,-4.57611345652542
9976,-4.57958442850782
9977,-4.58305505257541
9978,-4.58652532879794
9979,-4.58999525724513
9980,-4.59346483798668
9981,-4.59693407109227
9982,-4.60040295663154
9983,-4.60387149467415
9984,-4.60733968528969
9985,-4.61080752854777
9986,-4.61427502451796
9987,-4.6177421732698
9988,-4.62120897487282
9989,-4.62467542939656
9990,-4.62814153691047
9991,-4.63160729748404
9992,-4.63507271118671
9993,-4.63853777808791
9994,-4.64200249825704
9995,-4.64546687176349
9996,-4.64893089867663
9997,-4.65239457906578
9998,-4.65585791300028
9999,-4.65932090054944
10000,-4.66278354178252
10001,-4.66624583676879
10002,-4.66970778557749
10003,-4.67316938827783
10004,-4.67663064493901
10005,-4.68009155563022
10006,-4.6835521204206
10007,-4.68701233937929
10008,-4.69047221257541
10009,-4.69393174007805
10010,-4.69739092195627
10011,-4.70084975827915
10012,-4.7043082491157
10013,-4.70776639453493
10014,-4.71122419460585
10015,-4.71468164939742
10016,-4.71813875897857
10017,-4.72159552341826
10018,-4.72505194278538
10019,-4.72850801714881
10020,-4.73196374657743
10021,-4.73541913114009
10022,-4.7388741709056
10023,-4.74232886594277
10024,-4.74578321632038
10025,-4.74923722210721
10026,-4.75269088337199
10027,-4.75614420018344
10028,-4.75959717261027
10029,-4.76304980072116
10030,-4.76650208458476
10031,-4.76995402426973
10032,-4.77340561984467
10033,-4.77685687137818
10034,-4.78030777893886
10035,-4.78375834259524
10036,-4.78720856241587
10037,-4.79065843846928
10038,-4.79410797082395
10039,-4.79755715954835
10040,-4.80100600471095
10041,-4.80445450638019
10042,-4.80790266462447
10043,-4.81135047951219
10044,-4.81479795111173
10045,-4.81824507949143
10046,-4.82169186471964
10047,-4.82513830686466
10048,-4.82858440599478
10049,-4.83203016217828
10050,-4.83547557548341
10051,-4.8389206459784
10052,-4.84236537373146
10053,-4.84580975881079
10054,-4.84925380128454
10055,-4.85269750122087
10056,-4.85614085868792
10057,-4.85958387375379
10058,-4.86302654648656
10059,-4.8664688769543
10060,-4.86991086522508
10061,-4.87335251136691
10062,-4.87679381544779
10063,-4.88023477753573
10064,-4.88367539769867
10065,-4.88711567600458
10066,-4.89055561252138
10067,-4.89399520731697
10068,-4.89743446045924
10069,-4.90087337201606
10070,-4.90431194205526
10071,-4.90775017064468
10072,-4.91118805785213
10073,-4.91462560374538
10074,-4.9180628083922
10075,-4.92149967186034
10076,-4.92493619421752
10077,-4.92837237553144
10078,-4.9318082158698
10079,-4.93524371530024
10080,-4.93867887389043
10081,-4.94211369170796
10082,-4.94554816882047
10083,-4.94898230529552
10084,-4.95241610120069
10085,-4.95584955660351
10086,-4.9592826715715
10087,-4.96271544617217
10088,-4.96614788047301
10089,-4.96957997454147
10090,-4.973011728445
10091,-4.97644314225102
10092,-4.97987421602694
10093,-4.98330494984014
10094,-4.98673534375797
10095,-4.99016539784779
10096,-4.99359511217691
10097,-4.99702448681264
10098,-5.00045352182226
10099,-5.00388221727303
10100,-5.0073105732322
10101,-5.01073858976699
10102,-5.01416626694459
10103,-5.01759360483221
10104,-5.02102060349698
10105,-5.02444726300608
10106,-5.0278735834266
10107,-5.03129956482565
10108,-5.03472520727034
10109,-5.0381505108277
10110,-5.04157547556478
10111,-5.04500010154862
10112,-5.0484243888462
10113,-5.05184833752453
10114,-5.05527194765055
10115,-5.05869521929122
10116,-5.06211815251346
10117,-5.06554074738417
10118,-5.06896300397023
10119,-5.07238492233852
10120,-5.07580650255587
10121,-5.07922774468912
10122,-5.08264864880506
10123,-5.08606921497048
10124,-5.08948944325215
10125,-5.09290933371682
10126,-5.0963288864312
10127,-5.09974810146201
10128,-5.10316697887593
10129,-5.10658551873962
10130,-5.11000372111975
10131,-5.11342158608292
10132,-5.11683911369575
10133,-5.12025630402484
10134,-5.12367315713674
10135,-5.127089673098
10136,-5.13050585197516
10137,-5.13392169383472
10138,-5.13733719874317
10139,-5.14075236676698
10140,-5.1441671979726
10141,-5.14758169242646
10142,-5.15099585019498
10143,-5.15440967134454
10144,-5.15782315594151
10145,-5.16123630405224
10146,-5.16464911574308
10147,-5.16806159108032
10148,-5.17147373013027
10149,-5.1748855329592
10150,-5.17829699963336
10151,-5.18170813021897
10152,-5.18511892478227
10153,-5.18852938338945
10154,-5.19193950610667
10155,-5.1953492930001
10156,-5.19875874413587
10157,-5.2021678595801
10158,-5.20557663939888
10159,-5.2089850836583
10160,-5.21239319242441
10161,-5.21580096576325
10162,-5.21920840374084
10163,-5.22261550642318
10164,-5.22602227387625
10165,-5.22942870616601
10166,-5.2328348033584
10167,-5.23624056551934
10168,-5.23964599271474
10169,-5.24305108501049
10170,-5.24645584247243
10171,-5.24986026516642
10172,-5.25326435315829
10173,-5.25666810651382
10174,-5.26007152529882
10175,-5.26347460957906
10176,-5.26687735942026
10177,-5.27027977488817
10178,-5.2736818560485
10179,-5.27708360296692
10180,-5.28048501570912
10181,-5.28388609434073
10182,-5.2872868389274
10183,-5.29068724953473
10184,-5.29408732622832
10185,-5.29748706907374
10186,-5.30088647813654
10187,-5.30428555348225
10188,-5.30768429517641
10189,-5.31108270328448
10190,-5.31448077787196
10191,-5.3178785190043
10192,-5.32127592674694
10193,-5.3246730011653
10194,-5.32806974232478
10195,-5.33146615029075
10196,-5.33486222512858
10197,-5.3382579669036
10198,-5.34165337568116
10199,-5.34504845152653
10200,-5.34844319450502
10201,-5.35183760468188
10202,-5.35523168212236
10203,-5.35862542689169
10204,-5.36201883905507
10205,-5.36541191867769
10206,-5.36880466582472
10207,-5.37219708056132
10208,-5.3755891629526
10209,-5.37898091306368
10210,-5.38237233095967
10211,-5.38576341670562
10212,-5.38915417036658
10213,-5.39254459200761
10214,-5.39593468169372
10215,-5.39932443948989
10216,-5.4027138654611
10217,-5.40610295967233
10218,-5.4094917221885
10219,-5.41288015307453
10220,-5.41626825239534
10221,-5.4196560202158
10222,-5.42304345660076
10223,-5.42643056161509
10224,-5.4298173353236
10225,-5.4332037777911
10226,-5.43658988908237
10227,-5.43997566926219
10228,-5.4433611183953
10229,-5.44674623654644
10230,-5.45013102378032
10231,-5.45351548016162
10232,-5.45689960575502
10233,-5.46028340062518
10234,-5.46366686483673
10235,-5.46704999845428
10236,-5.47043280154245
10237,-5.47381527416579
10238,-5.47719741638888
10239,-5.48057922827625
10240,-5.48396070989243
10241,-5.48734186130191
10242,-5.4907226825692
10243,-5.49410317375874
10244,-5.49748333493497
10245,-5.50086316616235
10246,-5.50424266750526
10247,-5.50762183902811
10248,-5.51100068079525
10249,-5.51437919287105
10250,-5.51775737531983
10251,-5.52113522820591
10252,-5.5245127515936
10253,-5.52788994554715
10254,-5.53126681013082
10255,-5.53464334540888
10256,-5.53801955144552
10257,-5.54139542830495
10258,-5.54477097605135
10259,-5.5481461947489
10260,-5.55152108446172
10261,-5.55489564525396
10262,-5.55826987718972
10263,-5.56164378033308
10264,-5.56501735474811
10265,-5.56839060049888
10266,-5.5717635176494
10267,-5.5751361062637
10268,-5.57850836640578
10269,-5.58188029813959
10270,-5.58525190152911
10271,-5.58862317663828
10272,-5.59199412353101
10273,-5.5953647422712
10274,-5.59873503292275
10275,-5.60210499554951
10276,-5.60547463021534
10277,-5.60884393698405
10278,-5.61221291591946
10279,-5.61558156708535
10280,-5.6189498905455
10281,-5.62231788636367
10282,-5.62568555460358
10283,-5.62905289532895
10284,-5.63241990860348
10285,-5.63578659449084
10286,-5.6391529530547
10287,-5.64251898435871
10288,-5.64588468846647
10289,-5.64925006544159
10290,-5.65261511534767
10291,-5.65597983824827
10292,-5.65934423420693
10293,-5.66270830328719
10294,-5.66607204555256
10295,-5.66943546106653
10296,-5.67279854989257
10297,-5.67616131209416
10298,-5.6795237477347
10299,-5.68288585687764
10300,-5.68624763958637
10301,-5.68960909592427
10302,-5.6929702259547
10303,-5.69633102974102
10304,-5.69969150734654
10305,-5.70305165883458
10306,-5.70641148426842
10307,-5.70977098371135
10308,-5.71313015722661
10309,-5.71648900487742
10310,-5.71984752672703
10311,-5.72320572283861
10312,-5.72656359327535
10313,-5.72992113810042
10314,-5.73327835737695
10315,-5.73663525116806
10316,-5.73999181953687
10317,-5.74334806254646
10318,-5.7467039802599
10319,-5.75005957274025
10320,-5.75341484005053
10321,-5.75676978225376
10322,-5.76012439941293
10323,-5.76347869159103
10324,-5.76683265885101
10325,-5.77018630125581
10326,-5.77353961886837
10327,-5.77689261175157
10328,-5.78024527996831
10329,-5.78359762358146
10330,-5.78694964265386
10331,-5.79030133724835
10332,-5.79365270742774
10333,-5.79700375325482
10334,-5.80035447479238
10335,-5.80370487210317
10336,-5.80705494524993
10337,-5.81040469429538
10338,-5.81375411930224
10339,-5.81710322033317
10340,-5.82045199745086
10341,-5.82380045071795
10342,-5.82714858019707
10343,-5.83049638595083
10344,-5.83384386804183
10345,-5.83719102653266
10346,-5.84053786148585
10347,-5.84388437296396
10348,-5.84723056102952
10349,-5.85057642574501
10350,-5.85392196717293
10351,-5.85726718537575
10352,-5.86061208041591
10353,-5.86395665235586
10354,-5.86730090125799
10355,-5.87064482718471
10356,-5.8739884301984
10357,-5.87733171036141
10358,-5.88067466773609
10359,-5.88401730238476
10360,-5.88735961436972
10361,-5.89070160375327
10362,-5.89404327059766
10363,-5.89738461496516
10364,-5.900725636918
10365,-5.90406633651838
10366,-5.90740671382852
10367,-5.91074676891058
10368,-5.91408650182673
10369,-5.91742591263911
10370,-5.92076500140984
10371,-5.92410376820105
10372,-5.9274422130748
10373,-5.93078033609318
10374,-5.93411813731824
10375,-5.93745561681202
10376,-5.94079277463652
10377,-5.94412961085376
10378,-5.9474661255257
10379,-5.95080231871432
10380,-5.95413819048157
10381,-5.95747374088936
10382,-5.96080896999962
10383,-5.96414387787422
10384,-5.96747846457506
10385,-5.97081273016397
10386,-5.97414667470281
10387,-5.97748029825339
10388,-5.98081360087751
10389,-5.98414658263696
10390,-5.98747924359351
10391,-5.99081158380891
10392,-5.99414360334488
10393,-5.99747530226314
10394,-6.00080668062539
10395,-6.0041377384933
10396,-6.00746847592855
10397,-6.01079889299276
10398,-6.01412898974755
10399,-6.01745876625455
10400,-6.02078822257534
10401,-6.02411735877148
10402,-6.02744617490454
10403,-6.03077467103605
10404,-6.03410284722752
10405,-6.03743070354046
10406,-6.04075824003635
10407,-6.04408545677666
10408,-6.04741235382282
10409,-6.05073893123628
10410,-6.05406518907844
10411,-6.05739112741069
10412,-6.06071674629443
10413,-6.06404204579099
10414,-6.06736702596172
10415,-6.07069168686795
10416,-6.07401602857098
10417,-6.07734005113211
10418,-6.08066375461259
10419,-6.08398713907369
10420,-6.08731020457663
10421,-6.09063295118263
10422,-6.09395537895291
10423,-6.09727748794863
10424,-6.10059927823096
10425,-6.10392074986105
10426,-6.10724190290003
10427,-6.11056273740901
10428,-6.11388325344909
10429,-6.11720345108133
10430,-6.1205233303668
10431,-6.12384289136655
10432,-6.12716213414159
10433,-6.13048105875294
10434,-6.13379966526157
10435,-6.13711795372847
10436,-6.14043592421458
10437,-6.14375357678085
10438,-6.14707091148819
10439,-6.15038792839749
10440,-6.15370462756966
10441,-6.15702100906555
10442,-6.160337072946
10443,-6.16365281927186
10444,-6.16696824810394
10445,-6.17028335950303
10446,-6.17359815352991
10447,-6.17691263024534
10448,-6.18022678971007
10449,-6.18354063198483
10450,-6.18685415713031
10451,-6.19016736520722
10452,-6.19348025627623
10453,-6.19679283039799
10454,-6.20010508763316
10455,-6.20341702804233
10456,-6.20672865168613
10457,-6.21003995862514
10458,-6.21335094891992
10459,-6.21666162263104
10460,-6.21997197981903
10461,-6.22328202054439
10462,-6.22659174486764
10463,-6.22990115284926
10464,-6.23321024454971
10465,-6.23651902002945
10466,-6.23982747934889
10467,-6.24313562256847
10468,-6.24644344974857
10469,-6.24975096094956
10470,-6.25305815623183
10471,-6.2563650356557
10472,-6.25967159928151
10473,-6.26297784716957
10474,-6.26628377938016
10475,-6.26958939597356
10476,-6.27289469701004
10477,-6.27619968254983
10478,-6.27950435265316
10479,-6.28280870738023
10480,-6.28611274679124
10481,-6.28941647094634
10482,-6.29271987990571
10483,-6.29602297372947
10484,-6.29932575247775
10485,-6.30262821621065
10486,-6.30593036498826
10487,-6.30923219887064
10488,-6.31253371791784
10489,-6.31583492218991
10490,-6.31913581174685
10491,-6.32243638664867
10492,-6.32573664695536
10493,-6.32903659272686
10494,-6.33233622402314
10495,-6.33563554090413
10496,-6.33893454342974
10497,-6.34223323165987
10498,-6.34553160565439
10499,-6.34882966547318
10500,-6.35212741117607
10501,-6.35542484282289
10502,-6.35872196047347
10503,-6.36201876418758
10504,-6.36531525402502
10505,-6.36861143004553
10506,-6.37190729230887
10507,-6.37520284087475
10508,-6.37849807580289
10509,-6.38179299715299
10510,-6.38508760498471
10511,-6.38838189935771
10512,-6.39167588033164
10513,-6.39496954796612
10514,-6.39826290232075
10515,-6.40155594345514
10516,-6.40484867142883
10517,-6.4081410863014
10518,-6.4114331881324
10519,-6.41472497698132
10520,-6.41801645290768
10521,-6.42130761597098
10522,-6.42459846623068
10523,-6.42788900374623
10524,-6.43117922857707
10525,-6.43446914078263
10526,-6.4377587404223
10527,-6.44104802755548
10528,-6.44433700224153
10529,-6.4476256645398
10530,-6.45091401450963
10531,-6.45420205221035
10532,-6.45748977770124
10533,-6.4607771910416
10534,-6.4640642922907
10535,-6.46735108150778
10536,-6.47063755875208
10537,-6.47392372408282
10538,-6.47720957755919
10539,-6.48049511924039
10540,-6.48378034918558
10541,-6.48706526745391
10542,-6.49034987410451
10543,-6.49363416919649
10544,-6.49691815278898
10545,-6.50020182494102
10546,-6.50348518571171
10547,-6.50676823516009
10548,-6.51005097334518
10549,-6.51333340032601
10550,-6.51661551616157
10551,-6.51989732091085
10552,-6.5231788146328
10553,-6.5264599973864
10554,-6.52974086923054
10555,-6.53302143022417
10556,-6.53630168042617
10557,-6.53958161989543
10558,-6.54286124869081
10559,-6.54614056687116
10560,-6.54941957449531
10561,-6.55269827162208
10562,-6.55597665831025
10563,-6.55925473461863
10564,-6.56253250060596
10565,-6.565809956331
10566,-6.56908710185248
10567,-6.57236393722911
10568,-6.57564046251959
10569,-6.57891667778261
10570,-6.58219258307682
10571,-6.58546817846088
10572,-6.58874346399341
10573,-6.59201843973303
10574,-6.59529310573834
10575,-6.59856746206792
10576,-6.60184150878033
10577,-6.60511524593413
10578,-6.60838867358784
10579,-6.61166179179998
10580,-6.61493460062905
10581,-6.61820710013352
10582,-6.62147929037188
10583,-6.62475117140255
10584,-6.62802274328397
10585,-6.63129400607458
10586,-6.63456495983274
10587,-6.63783560461686
10588,-6.64110594048529
10589,-6.6443759674964
10590,-6.6476456857085
10591,-6.65091509517992
10592,-6.65418419596896
10593,-6.65745298813389
10594,-6.66072147173299
10595,-6.66398964682451
10596,-6.66725751346667
10597,-6.67052507171769
10598,-6.67379232163579
10599,-6.67705926327914
10600,-6.6803258967059
10601,-6.68359222197425
10602,-6.68685823914229
10603,-6.69012394826815
10604,-6.69338934940994
10605,-6.69665444262575
10606,-6.69991922797363
10607,-6.70318370551165
10608,-6.70644787529784
10609,-6.70971173739022
10610,-6.71297529184678
10611,-6.71623853872554
10612,-6.71950147808443
10613,-6.72276410998143
10614,-6.72602643447448
10615,-6.72928845162149
10616,-6.73255016148037
10617,-6.73581156410901
10618,-6.73907265956528
10619,-6.74233344790703
10620,-6.74559392919211
10621,-6.74885410347835
10622,-6.75211397082353
10623,-6.75537353128547
10624,-6.75863278492193
10625,-6.76189173179066
10626,-6.76515037194942
10627,-6.76840870545593
10628,-6.77166673236789
10629,-6.774924452743
10630,-6.77818186663894
10631,-6.78143897411337
10632,-6.78469577522392
10633,-6.78795227002823
10634,-6.79120845858392
10635,-6.79446434094856
10636,-6.79771991717975
10637,-6.80097518733506
10638,-6.80423015147201
10639,-6.80748480964814
10640,-6.81073916192098
10641,-6.81399320834801
10642,-6.81724694898672
10643,-6.82050038389457
10644,-6.82375351312901
10645,-6.82700633674748
10646,-6.8302588548074
10647,-6.83351106736615
10648,-6.83676297448113
10649,-6.84001457620971
10650,-6.84326587260925
10651,-6.84651686373706
10652,-6.84976754965047
10653,-6.8530179304068
10654,-6.85626800606332
10655,-6.85951777667731
10656,-6.86276724230602
10657,-6.8660164030067
10658,-6.86926525883656
10659,-6.87251380985281
10660,-6.87576205611265
10661,-6.87900999767324
10662,-6.88225763459176
10663,-6.88550496692533
10664,-6.88875199473109
10665,-6.89199871806614
10666,-6.89524513698759
10667,-6.89849125155251
10668,-6.90173706181796
10669,-6.90498256784099
10670,-6.90822776967863
10671,-6.91147266738789
10672,-6.91471726102578
10673,-6.91796155064926
10674,-6.92120553631532
10675,-6.9244492180809
10676,-6.92769259600293
10677,-6.93093567013833
10678,-6.93417844054401
10679,-6.93742090727685
10680,-6.94066307039372
10681,-6.94390492995148
10682,-6.94714648600696
10683,-6.95038773861699
10684,-6.95362868783837
10685,-6.9568693337279
10686,-6.96010967634233
10687,-6.96334971573845
10688,-6.96658945197299
10689,-6.96982888510267
10690,-6.9730680151842
10691,-6.97630684227429
10692,-6.97954536642961
10693,-6.98278358770682
10694,-6.98602150616257
10695,-6.98925912185349
10696,-6.9924964348362
10697,-6.99573344516729
10698,-6.99897015290336
10699,-7.00220655810096
10700,-7.00544266081665
10701,-7.00867846110697
10702,-7.01191395902843
10703,-7.01514915463754
10704,-7.0183840479908
10705,-7.02161863914466
10706,-7.02485292815558
10707,-7.02808691508003
10708,-7.0313205999744
10709,-7.03455398289511
10710,-7.03778706389857
10711,-7.04101984304114
10712,-7.04425232037918
10713,-7.04748449596905
10714,-7.05071636986708
10715,-7.05394794212957
10716,-7.05717921281283
10717,-7.06041018197314
10718,-7.06364084966677
10719,-7.06687121594996
10720,-7.07010128087897
10721,-7.07333104451
10722,-7.07656050689925
10723,-7.07978966810293
10724,-7.0830185281772
10725,-7.08624708717822
10726,-7.08947534516213
10727,-7.09270330218505
10728,-7.09593095830311
10729,-7.09915831357238
10730,-7.10238536804896
10731,-7.10561212178889
10732,-7.10883857484824
10733,-7.11206472728303
10734,-7.11529057914928
10735,-7.11851613050298
10736,-7.12174138140014
10737,-7.1249663318967
10738,-7.12819098204863
10739,-7.13141533191187
10740,-7.13463938154233
10741,-7.13786313099593
10742,-7.14108658032855
10743,-7.14430972959607
10744,-7.14753257885435
10745,-7.15075512815923
10746,-7.15397737756655
10747,-7.15719932713211
10748,-7.16042097691172
10749,-7.16364232696115
10750,-7.16686337733617
10751,-7.17008412809253
10752,-7.17330457928598
10753,-7.17652473097222
10754,-7.17974458320696
10755,-7.18296413604589
10756,-7.18618338954469
10757,-7.189402343759
10758,-7.19262099874447
10759,-7.19583935455674
10760,-7.19905741125141
10761,-7.20227516888407
10762,-7.20549262751031
10763,-7.20870978718568
10764,-7.21192664796575
10765,-7.21514320990604
10766,-7.21835947306207
10767,-7.22157543748934
10768,-7.22479110324335
10769,-7.22800647037955
10770,-7.23122153895341
10771,-7.23443630902037
10772,-7.23765078063586
10773,-7.24086495385528
10774,-7.24407882873402
10775,-7.24729240532748
10776,-7.25050568369101
10777,-7.25371866387995
10778,-7.25693134594965
10779,-7.26014372995542
10780,-7.26335581595256
10781,-7.26656760399636
10782,-7.26977909414209
10783,-7.272990286445
10784,-7.27620118096034
10785,-7.27941177774333
10786,-7.28262207684917
10787,-7.28583207833308
10788,-7.28904178225022
10789,-7.29225118865575
10790,-7.29546029760483
10791,-7.2986691091526
10792,-7.30187762335415
10793,-7.30508584026461
10794,-7.30829375993906
10795,-7.31150138243255
10796,-7.31470870780017
10797,-7.31791573609694
10798,-7.32112246737789
10799,-7.32432890169804
10800,-7.32753503911237
10801,-7.33074087967587
10802,-7.3339464234435
10803,-7.33715167047022
10804,-7.34035662081094
10805,-7.3435612745206
10806,-7.3467656316541
10807,-7.34996969226634
10808,-7.35317345641216
10809,-7.35637692414644
10810,-7.35958009552404
10811,-7.36278297059975
10812,-7.36598554942841
10813,-7.3691878320648
10814,-7.37238981856372
10815,-7.37559150897992
10816,-7.37879290336816
10817,-7.38199400178317
10818,-7.38519480427968
10819,-7.38839531091239
10820,-7.391595521736
10821,-7.39479543680517
10822,-7.39799505617457
10823,-7.40119437989884
10824,-7.40439340803262
10825,-7.40759214063052
10826,-7.41079057774714
10827,-7.41398871943707
10828,-7.41718656575486
10829,-7.42038411675509
10830,-7.42358137249228
10831,-7.42677833302097
10832,-7.42997499839566
10833,-7.43317136867084
10834,-7.436367443901
10835,-7.4395632241406
10836,-7.44275870944408
10837,-7.44595389986589
10838,-7.44914879546043
10839,-7.45234339628212
10840,-7.45553770238535
10841,-7.45873171382447
10842,-7.46192543065387
10843,-7.46511885292788
10844,-7.46831198070081
10845,-7.47150481402701
10846,-7.47469735296074
10847,-7.47788959755631
10848,-7.48108154786799
10849,-7.48427320395001
10850,-7.48746456585663
10851,-7.49065563364206
10852,-7.49384640736052
10853,-7.49703688706619
10854,-7.50022707281326
10855,-7.5034169646559
10856,-7.50660656264823
10857,-7.50979586684441
10858,-7.51298487729855
10859,-7.51617359406475
10860,-7.5193620171971
10861,-7.52255014674969
10862,-7.52573798277655
10863,-7.52892552533174
10864,-7.5321127744693
10865,-7.53529973024322
10866,-7.53848639270751
10867,-7.54167276191616
10868,-7.54485883792313
10869,-7.54804462078238
10870,-7.55123011054785
10871,-7.55441530727346
10872,-7.55760021101312
10873,-7.56078482182073
10874,-7.56396913975017
10875,-7.5671531648553
10876,-7.57033689718997
10877,-7.57352033680803
10878,-7.57670348376327
10879,-7.57988633810953
10880,-7.58306889990058
10881,-7.5862511691902
10882,-7.58943314603215
10883,-7.59261483048017
10884,-7.59579622258802
10885,-7.59897732240939
10886,-7.60215812999798
10887,-7.6053386454075
10888,-7.6085188686916
10889,-7.61169879990395
10890,-7.6148784390982
10891,-7.61805778632795
10892,-7.62123684164683
10893,-7.62441560510846
10894,-7.62759407676638
10895,-7.63077225667419
10896,-7.63395014488544
10897,-7.63712774145366
10898,-7.64030504643239
10899,-7.64348205987512
10900,-7.64665878183536
10901,-7.64983521236658
10902,-7.65301135152226
10903,-7.65618719935584
10904,-7.65936275592076
10905,-7.66253802127044
10906,-7.66571299545829
10907,-7.6688876785377
10908,-7.67206207056205
10909,-7.6752361715847
10910,-7.678409981659
10911,-7.68158350083828
10912,-7.68475672917587
10913,-7.68792966672507
10914,-7.69110231353915
10915,-7.69427466967141
10916,-7.69744673517511
10917,-7.70061851010348
10918,-7.70378999450975
10919,-7.70696118844716
10920,-7.71013209196889
10921,-7.71330270512813
10922,-7.71647302797807
10923,-7.71964306057184
10924,-7.7228128029626
10925,-7.72598225520349
10926,-7.7291514173476
10927,-7.73232028944804
10928,-7.73548887155791
10929,-7.73865716373025
10930,-7.74182516601814
10931,-7.74499287847461
10932,-7.7481603011527
10933,-7.7513274341054
10934,-7.75449427738573
10935,-7.75766083104667
10936,-7.76082709514117
10937,-7.7639930697222
10938,-7.76715875484271
10939,-7.77032415055559
10940,-7.77348925691379
10941,-7.77665407397018
10942,-7.77981860177765
10943,-7.78298284038906
10944,-7.78614678985728
10945,-7.78931045023514
10946,-7.79247382157545
10947,-7.79563690393103
10948,-7.79879969735469
10949,-7.80196220189918
10950,-7.80512441761728
10951,-7.80828634456176
10952,-7.81144798278532
10953,-7.81460933234071
10954,-7.81777039328063
10955,-7.82093116565777
10956,-7.82409164952481
10957,-7.82725184493442
10958,-7.83041175193924
10959,-7.83357137059192
10960,-7.83673070094507
10961,-7.8398897430513
10962,-7.84304849696321
10963,-7.84620696273336
10964,-7.84936514041434
10965,-7.85252303005867
10966,-7.85568063171891
10967,-7.85883794544757
10968,-7.86199497129715
10969,-7.86515170932016
10970,-7.86830815956906
10971,-7.87146432209632
10972,-7.87462019695439
10973,-7.8777757841957
10974,-7.88093108387268
10975,-7.88408609603772
10976,-7.88724082074323
10977,-7.89039525804157
10978,-7.89354940798512
10979,-7.89670327062621
10980,-7.8998568460172
10981,-7.90301013421038
10982,-7.90616313525807
10983,-7.90931584921257
10984,-7.91246827612615
10985,-7.91562041605106
10986,-7.91877226903957
10987,-7.9219238351439
10988,-7.92507511441628
10989,-7.92822610690891
10990,-7.93137681267398
10991,-7.93452723176366
10992,-7.93767736423014
10993,-7.94082721012554
10994,-7.94397676950201
10995,-7.94712604241166
10996,-7.95027502890661
10997,-7.95342372903894
10998,-7.95657214286074
10999,-7.95972027042406
11000,-7.96286811178096
11001,-7.96601566698346
11002,-7.9691629360836
11003,-7.97230991913338
11004,-7.97545661618479
11005,-7.9786030272898
11006,-7.9817491525004
11007,-7.98489499186851
11008,-7.98804054544608
11009,-7.99118581328504
11010,-7.99433079543728
11011,-7.99747549195471
11012,-8.0006199028892
11013,-8.00376402829262
11014,-8.00690786821681
11015,-8.01005142271363
11016,-8.01319469183487
11017,-8.01633767563236
11018,-8.0194803741579
11019,-8.02262278746327
11020,-8.02576491560021
11021,-8.0289067586205
11022,-8.03204831657587
11023,-8.03518958951804
11024,-8.03833057749872
11025,-8.04147128056962
11026,-8.0446116987824
11027,-8.04775183218875
11028,-8.05089168084031
11029,-8.05403124478872
11030,-8.05717052408561
11031,-8.06030951878259
11032,-8.06344822893126
11033,-8.0665866545832
11034,-8.06972479578999
11035,-8.07286265260317
11036,-8.07600022507428
11037,-8.07913751325487
11038,-8.08227451719643
11039,-8.08541123695047
11040,-8.08854767256848
11041,-8.09168382410193
11042,-8.09481969160227
11043,-8.09795527512095
11044,-8.1010905747094
11045,-8.10422559041902
11046,-8.10736032230123
11047,-8.11049477040742
11048,-8.11362893478895
11049,-8.11676281549719
11050,-8.11989641258349
11051,-8.12302972609916
11052,-8.12616275609554
11053,-8.12929550262392
11054,-8.1324279657356
11055,-8.13556014548185
11056,-8.13869204191393
11057,-8.14182365508311
11058,-8.1449549850406
11059,-8.14808603183762
11060,-8.1512167955254
11061,-8.15434727615511
11062,-8.15747747377793
11063,-8.16060738844505
11064,-8.16373702020759
11065,-8.1668663691167
11066,-8.16999543522352
11067,-8.17312421857913
11068,-8.17625271923464
11069,-8.17938093724114
11070,-8.18250887264968
11071,-8.18563652551133
11072,-8.18876389587712
11073,-8.19189098379809
11074,-8.19501778932523
11075,-8.19814431250956
11076,-8.20127055340206
11077,-8.2043965120537
11078,-8.20752218851543
11079,-8.21064758283821
11080,-8.21377269507295
11081,-8.21689752527058
11082,-8.220022073482
11083,-8.22314633975809
11084,-8.22627032414974
11085,-8.2293940267078
11086,-8.23251744748312
11087,-8.23564058652653
11088,-8.23876344388886
11089,-8.24188601962091
11090,-8.24500831377347
11091,-8.24813032639731
11092,-8.25125205754322
11093,-8.25437350726193
11094,-8.25749467560418
11095,-8.2606155626207
11096,-8.2637361683622
11097,-8.26685649287937
11098,-8.2699765362229
11099,-8.27309629844344
11100,-8.27621577959167
11101,-8.27933497971822
11102,-8.28245389887372
11103,-8.28557253710877
11104,-8.28869089447399
11105,-8.29180897101997
11106,-8.29492676679726
11107,-8.29804428185643
11108,-8.30116151624804
11109,-8.3042784700226
11110,-8.30739514323064
11111,-8.31051153592266
11112,-8.31362764814915
11113,-8.3167434799606
11114,-8.31985903140746
11115,-8.32297430254019
11116,-8.32608929340921
11117,-8.32920400406497
11118,-8.33231843455786
11119,-8.33543258493827
11120,-8.3385464552566
11121,-8.34166004556322
11122,-8.34477335590847
11123,-8.34788638634269
11124,-8.35099913691622
11125,-8.35411160767937
11126,-8.35722379868243
11127,-8.36033570997571
11128,-8.36344734160947
11129,-8.36655869363397
11130,-8.36966976609946
11131,-8.37278055905616
11132,-8.37589107255431
11133,-8.3790013066441
11134,-8.38211126137573
11135,-8.38522093679938
11136,-8.38833033296521
11137,-8.39143944992338
11138,-8.39454828772401
11139,-8.39765684641725
11140,-8.40076512605319
11141,-8.40387312668194
11142,-8.40698084835358
11143,-8.41008829111819
11144,-8.4131954550258
11145,-8.41630234012649
11146,-8.41940894647027
11147,-8.42251527410715
11148,-8.42562132308715
11149,-8.42872709346025
11150,-8.43183258527644
11151,-8.43493779858566
11152,-8.43804273343789
11153,-8.44114738988304
11154,-8.44425176797104
11155,-8.4473558677518
11156,-8.45045968927522
11157,-8.45356323259118
11158,-8.45666649774955
11159,-8.45976948480019
11160,-8.46287219379293
11161,-8.46597462477761
11162,-8.46907677780404
11163,-8.47217865292202
11164,-8.47528025018135
11165,-8.47838156963179
11166,-8.48148261132312
11167,-8.48458337530507
11168,-8.48768386162739
11169,-8.49078407033979
11170,-8.49388400149198
11171,-8.49698365513367
11172,-8.50008303131453
11173,-8.50318213008423
11174,-8.50628095149242
11175,-8.50937949558875
11176,-8.51247776242285
11177,-8.51557575204432
11178,-8.51867346450279
11179,-8.52177089984782
11180,-8.52486805812899
11181,-8.52796493939588
11182,-8.53106154369802
11183,-8.53415787108495
11184,-8.5372539216062
11185,-8.54034969531128
11186,-8.54344519224967
11187,-8.54654041247086
11188,-8.54963535602434
11189,-8.55273002295952
11190,-8.55582441332588
11191,-8.55891852717284
11192,-8.56201236454981
11193,-8.5651059255062
11194,-8.5681992100914
11195,-8.57129221835477
11196,-8.57438495034569
11197,-8.5774774061135
11198,-8.58056958570755
11199,-8.58366148917716
11200,-8.58675311657162
11201,-8.58984446794025
11202,-8.59293554333233
11203,-8.59602634279712
11204,-8.59911686638389
11205,-8.60220711414187
11206,-8.6052970861203
11207,-8.6083867823684
11208,-8.61147620293537
11209,-8.6145653478704
11210,-8.61765421722267
11211,-8.62074281104135
11212,-8.62383112937558
11213,-8.62691917227452
11214,-8.63000693978728
11215,-8.63309443196296
11216,-8.63618164885069
11217,-8.63926859049954
11218,-8.64235525695857
11219,-8.64544164827686
11220,-8.64852776450346
11221,-8.65161360568738
11222,-8.65469917187766
11223,-8.65778446312331
11224,-8.66086947947331
11225,-8.66395422097665
11226,-8.6670386876823
11227,-8.67012287963921
11228,-8.67320679689632
11229,-8.67629043950256
11230,-8.67937380750686
11231,-8.6824569009581
11232,-8.68553971990519
11233,-8.688622264397
11234,-8.69170453448238
11235,-8.6947865302102
11236,-8.69786825162929
11237,-8.70094969878848
11238,-8.70403087173657
11239,-8.70711177052237
11240,-8.71019239519466
11241,-8.7132727458022
11242,-8.71635282239378
11243,-8.71943262501812
11244,-8.72251215372397
11245,-8.72559140856003
11246,-8.72867038957503
11247,-8.73174909681765
11248,-8.73482753033658
11249,-8.73790569018048
11250,-8.74098357639802
11251,-8.74406118903782
11252,-8.74713852814853
11253,-8.75021559377875
11254,-8.7532923859771
11255,-8.75636890479217
11256,-8.75944515027252
11257,-8.76252112246673
11258,-8.76559682142334
11259,-8.76867224719091
11260,-8.77174739981794
11261,-8.77482227935296
11262,-8.77789688584447
11263,-8.78097121934094
11264,-8.78404527989087
11265,-8.7871190675427
11266,-8.79019258234489
11267,-8.79326582434587
11268,-8.79633879359407
11269,-8.79941149013789
11270,-8.80248391402573
11271,-8.80555606530599
11272,-8.80862794402701
11273,-8.81169955023717
11274,-8.81477088398481
11275,-8.81784194531827
11276,-8.82091273428586
11277,-8.82398325093588
11278,-8.82705349531664
11279,-8.83012346747642
11280,-8.83319316746347
11281,-8.83626259532607
11282,-8.83933175111245
11283,-8.84240063487083
11284,-8.84546924664945
11285,-8.84853758649649
11286,-8.85160565446016
11287,-8.85467345058864
11288,-8.85774097493007
11289,-8.86080822753263
11290,-8.86387520844445
11291,-8.86694191771366
11292,-8.87000835538836
11293,-8.87307452151667
11294,-8.87614041614668
11295,-8.87920603932645
11296,-8.88227139110406
11297,-8.88533647152755
11298,-8.88840128064496
11299,-8.89146581850432
11300,-8.89453008515363
11301,-8.8975940806409
11302,-8.90065780501412
11303,-8.90372125832126
11304,-8.90678444061028
11305,-8.90984735192912
11306,-8.91290999232573
11307,-8.91597236184804
11308,-8.91903446054394
11309,-8.92209628846134
11310,-8.92515784564812
11311,-8.92821913215215
11312,-8.9312801480213
11313,-8.93434089330342
11314,-8.93740136804632
11315,-8.94046157229785
11316,-8.9435215061058
11317,-8.94658116951797
11318,-8.94964056258215
11319,-8.95269968534611
11320,-8.95575853785761
11321,-8.95881712016438
11322,-8.96187543231417
11323,-8.96493347435469
11324,-8.96799124633366
11325,-8.97104874829877
11326,-8.97410598029769
11327,-8.97716294237811
11328,-8.98021963458767
11329,-8.98327605697403
11330,-8.9863322095848
11331,-8.98938809246762
11332,-8.9924437056701
11333,-8.99549904923981
11334,-8.99855412322435
11335,-9.00160892767129
11336,-9.00466346262818
11337,-9.00771772814256
11338,-9.01077172426196
11339,-9.01382545103392
11340,-9.01687890850592
11341,-9.01993209672547
11342,-9.02298501574004
11343,-9.02603766559711
11344,-9.02909004634412
11345,-9.03214215802853
11346,-9.03519400069776
11347,-9.03824557439923
11348,-9.04129687918035
11349,-9.0443479150885
11350,-9.04739868217109
11351,-9.05044918047545
11352,-9.05349941004897
11353,-9.05654937093896
11354,-9.05959906319278
11355,-9.06264848685774
11356,-9.06569764198113
11357,-9.06874652861026
11358,-9.07179514679241
11359,-9.07484349657483
11360,-9.0778915780048
11361,-9.08093939112955
11362,-9.0839869359963
11363,-9.08703421265229
11364,-9.09008122114472
11365,-9.09312796152077
11366,-9.09617443382764
11367,-9.09922063811248
11368,-9.10226657442246
11369,-9.10531224280471
11370,-9.10835764330637
11371,-9.11140277597457
11372,-9.11444764085639
11373,-9.11749223799894
11374,-9.1205365674493
11375,-9.12358062925453
11376,-9.1266244234617
11377,-9.12966795011785
11378,-9.13271120927
11379,-9.13575420096518
11380,-9.1387969252504
11381,-9.14183938217264
11382,-9.1448815717789
11383,-9.14792349411613
11384,-9.15096514923131
11385,-9.15400653717137
11386,-9.15704765798324
11387,-9.16008851171385
11388,-9.16312909841011
11389,-9.1661694181189
11390,-9.16920947088711
11391,-9.17224925676162
11392,-9.17528877578928
11393,-9.17832802801694
11394,-9.18136701349142
11395,-9.18440573225956
11396,-9.18744418436816
11397,-9.19048236986402
11398,-9.19352028879392
11399,-9.19655794120463
11400,-9.19959532714293
11401,-9.20263244665554
11402,-9.2056692997892
11403,-9.20870588659066
11404,-9.2117422071066
11405,-9.21477826138372
11406,-9.21781404946873
11407,-9.22084957140828
11408,-9.22388482724904
11409,-9.22691981703767
11410,-9.22995454082079
11411,-9.23298899864503
11412,-9.23602319055701
11413,-9.23905711660331
11414,-9.24209077683054
11415,-9.24512417128527
11416,-9.24815730001406
11417,-9.25119016306346
11418,-9.25422276048
11419,-9.25725509231023
11420,-9.26028715860066
11421,-9.26331895939777
11422,-9.26635049474807
11423,-9.26938176469804
11424,-9.27241276929412
11425,-9.2754435085828
11426,-9.27847398261049
11427,-9.28150419142364
11428,-9.28453413506866
11429,-9.28756381359195
11430,-9.29059322703991
11431,-9.29362237545891
11432,-9.29665125889533
11433,-9.29967987739552
11434,-9.30270823100582
11435,-9.30573631977257
11436,-9.30876414374208
11437,-9.31179170296068
11438,-9.31481899747464
11439,-9.31784602733024
11440,-9.32087279257377
11441,-9.32389929325149
11442,-9.32692552940963
11443,-9.32995150109443
11444,-9.33297720835213
11445,-9.33600265122891
11446,-9.33902782977098
11447,-9.34205274402454
11448,-9.34507739403576
11449,-9.34810177985078
11450,-9.35112590151578
11451,-9.35414975907688
11452,-9.3571733525802
11453,-9.36019668207187
11454,-9.36321974759799
11455,-9.36624254920463
11456,-9.36926508693788
11457,-9.37228736084382
11458,-9.37530937096848
11459,-9.37833111735791
11460,-9.38135260005815
11461,-9.38437381911519
11462,-9.38739477457506
11463,-9.39041546648375
11464,-9.39343589488723
11465,-9.39645605983147
11466,-9.39947596136243
11467,-9.40249559952607
11468,-9.4055149743683
11469,-9.40853408593505
11470,-9.41155293427223
11471,-9.41457151942573
11472,-9.41758984144144
11473,-9.42060790036524
11474,-9.42362569624298
11475,-9.42664322912051
11476,-9.42966049904368
11477,-9.4326775060583
11478,-9.43569425021018
11479,-9.43871073154513
11480,-9.44172695010894
11481,-9.44474290594738
11482,-9.44775859910622
11483,-9.45077402963121
11484,-9.45378919756809
11485,-9.4568041029626
11486,-9.45981874586045
11487,-9.46283312630734
11488,-9.46584724434896
11489,-9.46886110003101
11490,-9.47187469339915
11491,-9.47488802449903
11492,-9.4779010933763
11493,-9.4809139000766
11494,-9.48392644464554
11495,-9.48693872712875
11496,-9.48995074757181
11497,-9.49296250602031
11498,-9.49597400251982
11499,-9.49898523711591
11500,-9.50199620985413
11501,-9.50500692078002
11502,-9.5080173699391
11503,-9.51102755737688
11504,-9.51403748313888
11505,-9.51704714727058
11506,-9.52005654981746
11507,-9.52306569082499
11508,-9.52607457033862
11509,-9.5290831884038
11510,-9.53209154506596
11511,-9.53509964037051
11512,-9.53810747436289
11513,-9.54111504708845
11514,-9.5441223585926
11515,-9.54712940892072
11516,-9.55013619811816
11517,-9.55314272623027
11518,-9.55614899330238
11519,-9.55915499937983
11520,-9.56216074450792
11521,-9.56516622873197
11522,-9.56817145209725
11523,-9.57117641464904
11524,-9.57418111643262
11525,-9.57718555749324
11526,-9.58018973787613
11527,-9.58319365762653
11528,-9.58619731678968
11529,-9.58920071541075
11530,-9.59220385353495
11531,-9.59520673120748
11532,-9.59820934847349
11533,-9.60121170537815
11534,-9.60421380196662
11535,-9.60721563828401
11536,-9.61021721437547
11537,-9.61321853028611
11538,-9.61621958606101
11539,-9.61922038174529
11540,-9.62222091738401
11541,-9.62522119302224
11542,-9.62822120870504
11543,-9.63122096447744
11544,-9.63422046038449
11545,-9.6372196964712
11546,-9.64021867278257
11547,-9.64321738936361
11548,-9.6462158462593
11549,-9.64921404351461
11550,-9.65221198117451
11551,-9.65520965928394
11552,-9.65820707788783
11553,-9.66120423703114
11554,-9.66420113675875
11555,-9.66719777711557
11556,-9.6701941581465
11557,-9.67319027989642
11558,-9.6761861424102
11559,-9.67918174573268
11560,-9.68217708990872
11561,-9.68517217498315
11562,-9.68816700100079
11563,-9.69116156800645
11564,-9.69415587604492
11565,-9.697149925161
11566,-9.70014371539946
11567,-9.70313724680506
11568,-9.70613051942256
11569,-9.70912353329669
11570,-9.71211628847219
11571,-9.71510878499376
11572,-9.71810102290612
11573,-9.72109300225397
11574,-9.72408472308197
11575,-9.7270761854348
11576,-9.73006738935712
11577,-9.73305833489358
11578,-9.73604902208882
11579,-9.73903945098746
11580,-9.74202962163411
11581,-9.74501953407337
11582,-9.74800918834983
11583,-9.75099858450807
11584,-9.75398772259266
11585,-9.75697660264816
11586,-9.75996522471909
11587,-9.76295358885
11588,-9.76594169508541
11589,-9.76892954346983
11590,-9.77191713404775
11591,-9.77490446686366
11592,-9.77789154196204
11593,-9.78087835938734
11594,-9.78386491918402
11595,-9.78685122139651
11596,-9.78983726606926
11597,-9.79282305324666
11598,-9.79580858297314
11599,-9.79879385529308
11600,-9.80177887025085
11601,-9.80476362789085
11602,-9.80774812825743
11603,-9.81073237139492
11604,-9.81371635734767
11605,-9.81670008616001
11606,-9.81968355787624
11607,-9.82266677254067
11608,-9.8256497301976
11609,-9.82863243089129
11610,-9.83161487466602
11611,-9.83459706156605
11612,-9.83757899163561
11613,-9.84056066491895
11614,-9.84354208146028
11615,-9.84652324130381
11616,-9.84950414449375
11617,-9.85248479107428
11618,-9.85546518108958
11619,-9.8584453145838
11620,-9.86142519160112
11621,-9.86440481218567
11622,-9.86738417638157
11623,-9.87036328423295
11624,-9.87334213578393
11625,-9.87632073107858
11626,-9.87929907016099
11627,-9.88227715307526
11628,-9.88525497986543
11629,-9.88823255057555
11630,-9.89120986524967
11631,-9.89418692393181
11632,-9.897163726666
11633,-9.90014027349622
11634,-9.9031165644665
11635,-9.90609259962079
11636,-9.90906837900308
11637,-9.91204390265733
11638,-9.91501917062748
11639,-9.91799418295748
11640,-9.92096893969124
11641,-9.92394344087269
11642,-9.92691768654572
11643,-9.92989167675424
11644,-9.93286541154211
11645,-9.93583889095321
11646,-9.93881211503141
11647,-9.94178508382054
11648,-9.94475779736444
11649,-9.94773025570694
11650,-9.95070245889185
11651,-9.95367440696297
11652,-9.95664609996409
11653,-9.959617537939
11654,-9.96258872093146
11655,-9.96555964898522
11656,-9.96853032214404
11657,-9.97150074045164
11658,-9.97447090395175
11659,-9.97744081268809
11660,-9.98041046670434
11661,-9.98337986604421
11662,-9.98634901075138
11663,-9.98931790086949
11664,-9.99228653644222
11665,-9.99525491751321
11666,-9.99822304412609
11667,-10.0011909163245
11668,-10.004158534152
11669,-10.0071258976522
11670,-10.0100930068688
11671,-10.0130598618452
11672,-10.0160264626251
11673,-10.018992809252
11674,-10.0219589017695
11675,-10.024924740221
11676,-10.0278903246502
11677,-10.0308556551004
11678,-10.0338207316153
11679,-10.0367855542383
11680,-10.0397501230128
11681,-10.0427144379824
11682,-10.0456784991906
11683,-10.0486423066806
11684,-10.051605860496
11685,-10.0545691606802
11686,-10.0575322072767
11687,-10.0604950003287
11688,-10.0634575398797
11689,-10.0664198259731
11690,-10.0693818586522
11691,-10.0723436379604
11692,-10.075305163941
11693,-10.0782664366374
11694,-10.0812274560928
11695,-10.0841882223507
11696,-10.0871487354542
11697,-10.0901089954467
11698,-10.0930690023715
11699,-10.0960287562718
11700,-10.0989882571908
11701,-10.1019475051719
11702,-10.1049065002582
11703,-10.107865242493
11704,-10.1108237319194
11705,-10.1137819685807
11706,-10.1167399525201
11707,-10.1196976837807
11708,-10.1226551624057
11709,-10.1256123884383
11710,-10.1285693619216
11711,-10.1315260828987
11712,-10.1344825514128
11713,-10.1374387675069
11714,-10.1403947312242
11715,-10.1433504426077
11716,-10.1463059017005
11717,-10.1492611085458
11718,-10.1522160631865
11719,-10.1551707656657
11720,-10.1581252160264
11721,-10.1610794143116
11722,-10.1640333605644
11723,-10.1669870548278
11724,-10.1699404971447
11725,-10.1728936875582
11726,-10.1758466261111
11727,-10.1787993128465
11728,-10.1817517478072
11729,-10.1847039310363
11730,-10.1876558625766
11731,-10.1906075424711
11732,-10.1935589707627
11733,-10.1965101474942
11734,-10.1994610727085
11735,-10.2024117464485
11736,-10.2053621687571
11737,-10.2083123396771
11738,-10.2112622592513
11739,-10.2142119275225
11740,-10.2171613445337
11741,-10.2201105103275
11742,-10.2230594249468
11743,-10.2260080884343
11744,-10.2289565008328
11745,-10.2319046621852
11746,-10.234852572534
11747,-10.2378002319221
11748,-10.2407476403922
11749,-10.2436947979869
11750,-10.2466417047491
11751,-10.2495883607214
11752,-10.2525347659465
11753,-10.255480920467
11754,-10.2584268243256
11755,-10.2613724775649
11756,-10.2643178802277
11757,-10.2672630323565
11758,-10.2702079339939
11759,-10.2731525851826
11760,-10.2760969859652
11761,-10.2790411363841
11762,-10.2819850364821
11763,-10.2849286863016
11764,-10.2878720858853
11765,-10.2908152352756
11766,-10.2937581345151
11767,-10.2967007836462
11768,-10.2996431827117
11769,-10.3025853317538
11770,-10.3055272308151
11771,-10.3084688799381
11772,-10.3114102791652
11773,-10.3143514285389
11774,-10.3172923281017
11775,-10.3202329778959
11776,-10.323173377964
11777,-10.3261135283485
11778,-10.3290534290916
11779,-10.3319930802358
11780,-10.3349324818235
11781,-10.337871633897
11782,-10.3408105364987
11783,-10.343749189671
11784,-10.3466875934561
11785,-10.3496257478964
11786,-10.3525636530343
11787,-10.355501308912
11788,-10.3584387155717
11789,-10.3613758730559
11790,-10.3643127814067
11791,-10.3672494406665
11792,-10.3701858508774
11793,-10.3731220120817
11794,-10.3760579243217
11795,-10.3789935876395
11796,-10.3819290020774
11797,-10.3848641676776
11798,-10.3877990844821
11799,-10.3907337525333
11800,-10.3936681718733
11801,-10.3966023425442
11802,-10.3995362645882
11803,-10.4024699380474
11804,-10.4054033629639
11805,-10.4083365393798
11806,-10.4112694673373
11807,-10.4142021468784
11808,-10.4171345780452
11809,-10.4200667608798
11810,-10.4229986954242
11811,-10.4259303817205
11812,-10.4288618198106
11813,-10.4317930097367
11814,-10.4347239515408
11815,-10.4376546452648
11816,-10.4405850909507
11817,-10.4435152886405
11818,-10.4464452383762
11819,-10.4493749401998
11820,-10.4523043941532
11821,-10.4552336002783
11822,-10.4581625586171
11823,-10.4610912692115
11824,-10.4640197321034
11825,-10.4669479473346
11826,-10.4698759149471
11827,-10.4728036349828
11828,-10.4757311074835
11829,-10.4786583324911
11830,-10.4815853100474
11831,-10.4845120401942
11832,-10.4874385229734
11833,-10.4903647584267
11834,-10.4932907465961
11835,-10.4962164875232
11836,-10.4991419812498
11837,-10.5020672278178
11838,-10.5049922272689
11839,-10.5079169796448
11840,-10.5108414849872
11841,-10.513765743338
11842,-10.5166897547387
11843,-10.5196135192312
11844,-10.522537036857
11845,-10.525460307658
11846,-10.5283833316757
11847,-10.5313061089518
11848,-10.5342286395281
11849,-10.537150923446
11850,-10.5400729607473
11851,-10.5429947514736
11852,-10.5459162956665
11853,-10.5488375933676
11854,-10.5517586446184
11855,-10.5546794494606
11856,-10.5576000079357
11857,-10.5605203200854
11858,-10.563440385951
11859,-10.5663602055742
11860,-10.5692797789965
11861,-10.5721991062594
11862,-10.5751181874045
11863,-10.5780370224731
11864,-10.5809556115069
11865,-10.5838739545472
11866,-10.5867920516355
11867,-10.5897099028134
11868,-10.5926275081221
11869,-10.5955448676033
11870,-10.5984619812982
11871,-10.6013788492483
11872,-10.604295471495
11873,-10.6072118480797
11874,-10.6101279790438
11875,-10.6130438644286
11876,-10.6159595042755
11877,-10.6188748986258
11878,-10.6217900475209
11879,-10.6247049510022
11880,-10.6276196091108
11881,-10.6305340218882
11882,-10.6334481893756
11883,-10.6363621116143
11884,-10.6392757886457
11885,-10.6421892205109
11886,-10.6451024072512
11887,-10.6480153489078
11888,-10.650928045522
11889,-10.6538404971351
11890,-10.6567527037882
11891,-10.6596646655225
11892,-10.6625763823792
11893,-10.6654878543995
11894,-10.6683990816246
11895,-10.6713100640957
11896,-10.6742208018538
11897,-10.6771312949401
11898,-10.6800415433958
11899,-10.682951547262
11900,-10.6858613065798
11901,-10.6887708213902
11902,-10.6916800917344
11903,-10.6945891176535
11904,-10.6974978991885
11905,-10.7004064363804
11906,-10.7033147292704
11907,-10.7062227778995
11908,-10.7091305823086
11909,-10.7120381425388
11910,-10.7149454586312
11911,-10.7178525306266
11912,-10.7207593585661
11913,-10.7236659424907
11914,-10.7265722824413
11915,-10.7294783784589
11916,-10.7323842305845
11917,-10.7352898388588
11918,-10.738195203323
11919,-10.7411003240179
11920,-10.7440052009843
11921,-10.7469098342632
11922,-10.7498142238956
11923,-10.7527183699221
11924,-10.7556222723838
11925,-10.7585259313214
11926,-10.7614293467758
11927,-10.7643325187879
11928,-10.7672354473983
11929,-10.7701381326481
11930,-10.7730405745779
11931,-10.7759427732286
11932,-10.7788447286408
11933,-10.7817464408555
11934,-10.7846479099133
11935,-10.7875491358551
11936,-10.7904501187214
11937,-10.7933508585532
11938,-10.796251355391
11939,-10.7991516092756
11940,-10.8020516202477
11941,-10.804951388348
11942,-10.8078509136172
11943,-10.8107501960959
11944,-10.8136492358247
11945,-10.8165480328444
11946,-10.8194465871955
11947,-10.8223448989188
11948,-10.8252429680547
11949,-10.8281407946439
11950,-10.8310383787271
11951,-10.8339357203447
11952,-10.8368328195374
11953,-10.8397296763458
11954,-10.8426262908103
11955,-10.8455226629715
11956,-10.84841879287
11957,-10.8513146805463
11958,-10.8542103260409
11959,-10.8571057293943
11960,-10.860000890647
11961,-10.8628958098394
11962,-10.8657904870121
11963,-10.8686849222056
11964,-10.8715791154602
11965,-10.8744730668164
11966,-10.8773667763147
11967,-10.8802602439954
11968,-10.883153469899
11969,-10.8860464540659
11970,-10.8889391965365
11971,-10.8918316973511
11972,-10.8947239565502
11973,-10.897615974174
11974,-10.900507750263
11975,-10.9033992848574
11976,-10.9062905779977
11977,-10.9091816297242
11978,-10.912072440077
11979,-10.9149630090966
11980,-10.9178533368233
11981,-10.9207434232973
11982,-10.9236332685588
11983,-10.9265228726482
11984,-10.9294122356058
11985,-10.9323013574716
11986,-10.9351902382861
11987,-10.9380788780893
11988,-10.9409672769215
11989,-10.943855434823
11990,-10.9467433518338
11991,-10.9496310279942
11992,-10.9525184633444
11993,-10.9554056579244
11994,-10.9582926117745
11995,-10.9611793249349
11996,-10.9640657974455
11997,-10.9669520293466
11998,-10.9698380206782
11999,-10.9727237714805
12000,-10.9756092817936
12001,-10.9784945516574
12002,-10.9813795811122
12003,-10.9842643701979
12004,-10.9871489189547
12005,-10.9900332274224
12006,-10.9929172956413
12007,-10.9958011236512
12008,-10.9986847114923
12009,-11.0015680592044
12010,-11.0044511668276
12011,-11.007334034402
12012,-11.0102166619673
12013,-11.0130990495637
12014,-11.015981197231
12015,-11.0188631050092
12016,-11.0217447729383
12017,-11.024626201058
12018,-11.0275073894085
12019,-11.0303883380295
12020,-11.0332690469609
12021,-11.0361495162426
12022,-11.0390297459146
12023,-11.0419097360166
12024,-11.0447894865885
12025,-11.0476689976701
12026,-11.0505482693014
12027,-11.053427301522
12028,-11.0563060943718
12029,-11.0591846478906
12030,-11.0620629621183
12031,-11.0649410370945
12032,-11.067818872859
12033,-11.0706964694517
12034,-11.0735738269122
12035,-11.0764509452804
12036,-11.0793278245958
12037,-11.0822044648983
12038,-11.0850808662276
12039,-11.0879570286234
12040,-11.0908329521253
12041,-11.093708636773
12042,-11.0965840826063
12043,-11.0994592896647
12044,-11.102334257988
12045,-11.1052089876157
12046,-11.1080834785876
12047,-11.1109577309431
12048,-11.113831744722
12049,-11.1167055199638
12050,-11.1195790567082
12051,-11.1224523549947
12052,-11.1253254148628
12053,-11.1281982363523
12054,-11.1310708195025
12055,-11.1339431643531
12056,-11.1368152709435
12057,-11.1396871393134
12058,-11.1425587695021
12059,-11.1454301615493
12060,-11.1483013154945
12061,-11.151172231377
12062,-11.1540429092364
12063,-11.1569133491121
12064,-11.1597835510437
12065,-11.1626535150705
12066,-11.1655232412319
12067,-11.1683927295675
12068,-11.1712619801166
12069,-11.1741309929186
12070,-11.1769997680129
12071,-11.179868305439
12072,-11.1827366052361
12073,-11.1856046674437
12074,-11.1884724921011
12075,-11.1913400792477
12076,-11.1942074289227
12077,-11.1970745411656
12078,-11.1999414160156
12079,-11.2028080535121
12080,-11.2056744536943
12081,-11.2085406166016
12082,-11.2114065422732
12083,-11.2142722307483
12084,-11.2171376820663
12085,-11.2200028962664
12086,-11.2228678733878
12087,-11.2257326134698
12088,-11.2285971165516
12089,-11.2314613826724
12090,-11.2343254118714
12091,-11.2371892041878
12092,-11.2400527596607
12093,-11.2429160783294
12094,-11.245779160233
12095,-11.2486420054106
12096,-11.2515046139015
12097,-11.2543669857447
12098,-11.2572291209793
12099,-11.2600910196445
12100,-11.2629526817794
12101,-11.2658141074231
12102,-11.2686752966146
12103,-11.271536249393
12104,-11.2743969657974
12105,-11.2772574458669
12106,-11.2801176896405
12107,-11.2829776971572
12108,-11.2858374684561
12109,-11.2886970035761
12110,-11.2915563025563
12111,-11.2944153654357
12112,-11.2972741922533
12113,-11.300132783048
12114,-11.3029911378588
12115,-11.3058492567247
12116,-11.3087071396847
12117,-11.3115647867776
12118,-11.3144221980423
12119,-11.3172793735179
12120,-11.3201363132432
12121,-11.3229930172572
12122,-11.3258494855986
12123,-11.3287057183065
12124,-11.3315617154196
12125,-11.3344174769769
12126,-11.3372730030171
12127,-11.3401282935792
12128,-11.3429833487019
12129,-11.3458381684242
12130,-11.3486927527847
12131,-11.3515471018223
12132,-11.3544012155758
12133,-11.357255094084
12134,-11.3601087373857
12135,-11.3629621455196
12136,-11.3658153185245
12137,-11.3686682564392
12138,-11.3715209593023
12139,-11.3743734271526
12140,-11.3772256600288
12141,-11.3800776579697
12142,-11.3829294210138
12143,-11.3857809492
12144,-11.3886322425669
12145,-11.3914833011532
12146,-11.3943341249975
12147,-11.3971847141385
12148,-11.4000350686148
12149,-11.402885188465
12150,-11.4057350737279
12151,-11.4085847244419
12152,-11.4114341406457
12153,-11.414283322378
12154,-11.4171322696772
12155,-11.4199809825819
12156,-11.4228294611308
12157,-11.4256777053623
12158,-11.4285257153151
12159,-11.4313734910277
12160,-11.4342210325385
12161,-11.4370683398861
12162,-11.4399154131091
12163,-11.4427622522458
12164,-11.4456088573349
12165,-11.4484552284147
12166,-11.4513013655238
12167,-11.4541472687007
12168,-11.4569929379836
12169,-11.4598383734113
12170,-11.4626835750219
12171,-11.465528542854
12172,-11.468373276946
12173,-11.4712177773363
12174,-11.4740620440633
12175,-11.4769060771653
12176,-11.4797498766808
12177,-11.4825934426481
12178,-11.4854367751056
12179,-11.4882798740916
12180,-11.4911227396444
12181,-11.4939653718024
12182,-11.496807770604
12183,-11.4996499360873
12184,-11.5024918682907
12185,-11.5053335672526
12186,-11.5081750330111
12187,-11.5110162656047
12188,-11.5138572650714
12189,-11.5166980314496
12190,-11.5195385647775
12191,-11.5223788650934
12192,-11.5252189324355
12193,-11.5280587668419
12194,-11.530898368351
12195,-11.5337377370008
12196,-11.5365768728297
12197,-11.5394157758757
12198,-11.5422544461771
12199,-11.5450928837719
12200,-11.5479310886984
12201,-11.5507690609947
12202,-11.5536068006989
12203,-11.5564443078491
12204,-11.5592815824835
12205,-11.5621186246401
12206,-11.5649554343571
12207,-11.5677920116725
12208,-11.5706283566245
12209,-11.573464469251
12210,-11.5763003495901
12211,-11.5791359976799
12212,-11.5819714135585
12213,-11.5848065972637
12214,-11.5876415488338
12215,-11.5904762683066
12216,-11.5933107557202
12217,-11.5961450111125
12218,-11.5989790345216
12219,-11.6018128259854
12220,-11.6046463855419
12221,-11.6074797132291
12222,-11.6103128090848
12223,-11.613145673147
12224,-11.6159783054537
12225,-11.6188107060427
12226,-11.621642874952
12227,-11.6244748122195
12228,-11.627306517883
12229,-11.6301379919805
12230,-11.6329692345497
12231,-11.6358002456286
12232,-11.638631025255
12233,-11.6414615734668
12234,-11.6442918903018
12235,-11.6471219757978
12236,-11.6499518299926
12237,-11.652781452924
12238,-11.6556108446299
12239,-11.658440005148
12240,-11.6612689345161
12241,-11.6640976327719
12242,-11.6669260999533
12243,-11.6697543360979
12244,-11.6725823412435
12245,-11.6754101154279
12246,-11.6782376586887
12247,-11.6810649710638
12248,-11.6838920525906
12249,-11.6867189033071
12250,-11.6895455232508
12251,-11.6923719124595
12252,-11.6951980709707
12253,-11.6980239988222
12254,-11.7008496960516
12255,-11.7036751626966
12256,-11.7065003987947
12257,-11.7093254043836
12258,-11.7121501795009
12259,-11.7149747241843
12260,-11.7177990384712
12261,-11.7206231223993
12262,-11.7234469760062
12263,-11.7262705993293
12264,-11.7290939924064
12265,-11.7319171552749
12266,-11.7347400879723
12267,-11.7375627905363
12268,-11.7403852630042
12269,-11.7432075054137
12270,-11.7460295178021
12271,-11.7488513002071
12272,-11.7516728526661
12273,-11.7544941752166
12274,-11.757315267896
12275,-11.7601361307418
12276,-11.7629567637914
12277,-11.7657771670822
12278,-11.7685973406518
12279,-11.7714172845375
12280,-11.7742369987767
12281,-11.7770564834069
12282,-11.7798757384653
12283,-11.7826947639895
12284,-11.7855135600167
12285,-11.7883321265844
12286,-11.7911504637298
12287,-11.7939685714904
12288,-11.7967864499035
12289,-11.7996040990063
12290,-11.8024215188363
12291,-11.8052387094307
12292,-11.8080556708268
12293,-11.810872403062
12294,-11.8136889061734
12295,-11.8165051801984
12296,-11.8193212251742
12297,-11.8221370411382
12298,-11.8249526281274
12299,-11.8277679861793
12300,-11.8305831153309
12301,-11.8333980156195
12302,-11.8362126870824
12303,-11.8390271297567
12304,-11.8418413436796
12305,-11.8446553288883
12306,-11.8474690854199
12307,-11.8502826133117
12308,-11.8530959126008
12309,-11.8559089833243
12310,-11.8587218255194
12311,-11.8615344392232
12312,-11.8643468244728
12313,-11.8671589813053
12314,-11.8699709097578
12315,-11.8727826098675
12316,-11.8755940816713
12317,-11.8784053252065
12318,-11.8812163405099
12319,-11.8840271276188
12320,-11.8868376865701
12321,-11.8896480174008
12322,-11.8924581201481
12323,-11.8952679948489
12324,-11.8980776415402
12325,-11.900887060259
12326,-11.9036962510424
12327,-11.9065052139272
12328,-11.9093139489506
12329,-11.9121224561494
12330,-11.9149307355606
12331,-11.9177387872211
12332,-11.9205466111679
12333,-11.923354207438
12334,-11.9261615760682
12335,-11.9289687170954
12336,-11.9317756305566
12337,-11.9345823164886
12338,-11.9373887749283
12339,-11.9401950059127
12340,-11.9430010094785
12341,-11.9458067856626
12342,-11.9486123345019
12343,-11.9514176560332
12344,-11.9542227502934
12345,-11.9570276173192
12346,-11.9598322571475
12347,-11.9626366698151
12348,-11.9654408553587
12349,-11.9682448138152
12350,-11.9710485452214
12351,-11.9738520496139
12352,-11.9766553270297
12353,-11.9794583775053
12354,-11.9822612010776
12355,-11.9850637977833
12356,-11.987866167659
12357,-11.9906683107416
12358,-11.9934702270678
12359,-11.9962719166741
12360,-11.9990733795974
12361,-12.0018746158743
12362,-12.0046756255414
12363,-12.0074764086355
12364,-12.0102769651931
12365,-12.0130772952509
12366,-12.0158773988456
12367,-12.0186772760138
12368,-12.0214769267921
12369,-12.024276351217
12370,-12.0270755493253
12371,-12.0298745211535
12372,-12.0326732667381
12373,-12.0354717861157
12374,-12.038270079323
12375,-12.0410681463965
12376,-12.0438659873726
12377,-12.046663602288
12378,-12.0494609911791
12379,-12.0522581540825
12380,-12.0550550910348
12381,-12.0578518020723
12382,-12.0606482872316
12383,-12.0634445465492
12384,-12.0662405800616
12385,-12.0690363878051
12386,-12.0718319698164
12387,-12.0746273261317
12388,-12.0774224567876
12389,-12.0802173618205
12390,-12.0830120412669
12391,-12.085806495163
12392,-12.0886007235454
12393,-12.0913947264504
12394,-12.0941885039144
12395,-12.0969820559738
12396,-12.0997753826649
12397,-12.1025684840242
12398,-12.1053613600879
12399,-12.1081540108924
12400,-12.1109464364741
12401,-12.1137386368693
12402,-12.1165306121142
12403,-12.1193223622453
12404,-12.1221138872987
12405,-12.1249051873108
12406,-12.1276962623178
12407,-12.1304871123561
12408,-12.1332777374619
12409,-12.1360681376715
12410,-12.138858313021
12411,-12.1416482635468
12412,-12.144437989285
12413,-12.1472274902719
12414,-12.1500167665437
12415,-12.1528058181366
12416,-12.1555946450868
12417,-12.1583832474305
12418,-12.1611716252038
12419,-12.1639597784429
12420,-12.166747707184
12421,-12.1695354114632
12422,-12.1723228913167
12423,-12.1751101467806
12424,-12.177897177891
12425,-12.180683984684
12426,-12.1834705671958
12427,-12.1862569254624
12428,-12.1890430595199
12429,-12.1918289694045
12430,-12.1946146551521
12431,-12.1974001167988
12432,-12.2001853543808
12433,-12.202970367934
12434,-12.2057551574944
12435,-12.2085397230982
12436,-12.2113240647813
12437,-12.2141081825797
12438,-12.2168920765294
12439,-12.2196757466665
12440,-12.2224591930269
12441,-12.2252424156466
12442,-12.2280254145615
12443,-12.2308081898076
12444,-12.2335907414209
12445,-12.2363730694373
12446,-12.2391551738927
12447,-12.2419370548231
12448,-12.2447187122643
12449,-12.2475001462524
12450,-12.2502813568231
12451,-12.2530623440123
12452,-12.255843107856
12453,-12.2586236483901
12454,-12.2614039656503
12455,-12.2641840596725
12456,-12.2669639304926
12457,-12.2697435781465
12458,-12.2725230026698
12459,-12.2753022040986
12460,-12.2780811824685
12461,-12.2808599378154
12462,-12.283638470175
12463,-12.2864167795832
12464,-12.2891948660758
12465,-12.2919727296884
12466,-12.294750370457
12467,-12.2975277884171
12468,-12.3003049836046
12469,-12.3030819560551
12470,-12.3058587058045
12471,-12.3086352328884
12472,-12.3114115373426
12473,-12.3141876192026
12474,-12.3169634785044
12475,-12.3197391152834
12476,-12.3225145295754
12477,-12.325289721416
12478,-12.328064690841
12479,-12.3308394378859
12480,-12.3336139625864
12481,-12.3363882649781
12482,-12.3391623450967
12483,-12.3419362029777
12484,-12.3447098386568
12485,-12.3474832521695
12486,-12.3502564435515
12487,-12.3530294128383
12488,-12.3558021600655
12489,-12.3585746852687
12490,-12.3613469884834
12491,-12.3641190697452
12492,-12.3668909290895
12493,-12.369662566552
12494,-12.3724339821681
12495,-12.3752051759733
12496,-12.3779761480032
12497,-12.3807468982933
12498,-12.383517426879
12499,-12.3862877337958
12500,-12.3890578190792
12501,-12.3918276827646
12502,-12.3945973248876
12503,-12.3973667454834
12504,-12.4001359445877
12505,-12.4029049222357
12506,-12.4056736784629
12507,-12.4084422133048
12508,-12.4112105267967
12509,-12.413978618974
12510,-12.4167464898721
12511,-12.4195141395264
12512,-12.4222815679722
12513,-12.4250487752449
12514,-12.4278157613799
12515,-12.4305825264124
12516,-12.4333490703779
12517,-12.4361153933116
12518,-12.4388814952488
12519,-12.441647376225
12520,-12.4444130362753
12521,-12.447178475435
12522,-12.4499436937395
12523,-12.452708691224
12524,-12.4554734679238
12525,-12.4582380238741
12526,-12.4610023591102
12527,-12.4637664736673
12528,-12.4665303675807
12529,-12.4692940408856
12530,-12.4720574936171
12531,-12.4748207258105
12532,-12.477583737501
12533,-12.4803465287238
12534,-12.4831090995141
12535,-12.485871449907
12536,-12.4886335799377
12537,-12.4913954896413
12538,-12.494157179053
12539,-12.496918648208
12540,-12.4996798971414
12541,-12.5024409258882
12542,-12.5052017344836
12543,-12.5079623229628
12544,-12.5107226913607
12545,-12.5134828397126
12546,-12.5162427680534
12547,-12.5190024764182
12548,-12.5217619648422
12549,-12.5245212333603
12550,-12.5272802820077
12551,-12.5300391108192
12552,-12.5327977198301
12553,-12.5355561090752
12554,-12.5383142785897
12555,-12.5410722284084
12556,-12.5438299585665
12557,-12.5465874690989
12558,-12.5493447600405
12559,-12.5521018314264
12560,-12.5548586832915
12561,-12.5576153156707
12562,-12.5603717285991
12563,-12.5631279221115
12564,-12.5658838962429
12565,-12.5686396510282
12566,-12.5713951865022
12567,-12.5741505027
12568,-12.5769055996564
12569,-12.5796604774063
12570,-12.5824151359846
12571,-12.5851695754261
12572,-12.5879237957658
12573,-12.5906777970383
12574,-12.5934315792787
12575,-12.5961851425218
12576,-12.5989384868023
12577,-12.6016916121551
12578,-12.604444518615
12579,-12.6071972062168
12580,-12.6099496749954
12581,-12.6127019249854
12582,-12.6154539562217
12583,-12.6182057687391
12584,-12.6209573625722
12585,-12.6237087377559
12586,-12.626459894325
12587,-12.629210832314
12588,-12.6319615517579
12589,-12.6347120526913
12590,-12.6374623351488
12591,-12.6402123991653
12592,-12.6429622447754
12593,-12.6457118720138
12594,-12.6484612809152
12595,-12.6512104715142
12596,-12.6539594438456
12597,-12.6567081979439
12598,-12.6594567338438
12599,-12.66220505158
12600,-12.6649531511871
12601,-12.6677010326997
12602,-12.6704486961524
12603,-12.6731961415799
12604,-12.6759433690167
12605,-12.6786903784974
12606,-12.6814371700566
12607,-12.6841837437289
12608,-12.6869300995488
12609,-12.6896762375509
12610,-12.6924221577697
12611,-12.6951678602398
12612,-12.6979133449958
12613,-12.700658612072
12614,-12.7034036615032
12615,-12.7061484933236
12616,-12.708893107568
12617,-12.7116375042707
12618,-12.7143816834662
12619,-12.717125645189
12620,-12.7198693894736
12621,-12.7226129163544
12622,-12.7253562258659
12623,-12.7280993180426
12624,-12.7308421929187
12625,-12.7335848505289
12626,-12.7363272909074
12627,-12.7390695140888
12628,-12.7418115201074
12629,-12.7445533089975
12630,-12.7472948807937
12631,-12.7500362355302
12632,-12.7527773732414
12633,-12.7555182939617
12634,-12.7582589977255
12635,-12.760999484567
12636,-12.7637397545207
12637,-12.7664798076208
12638,-12.7692196439016
12639,-12.7719592633976
12640,-12.7746986661429
12641,-12.7774378521719
12642,-12.7801768215188
12643,-12.782915574218
12644,-12.7856541103037
12645,-12.7883924298102
12646,-12.7911305327716
12647,-12.7938684192224
12648,-12.7966060891966
12649,-12.7993435427286
12650,-12.8020807798526
12651,-12.8048178006027
12652,-12.8075546050132
12653,-12.8102911931182
12654,-12.8130275649521
12655,-12.8157637205488
12656,-12.8184996599427
12657,-12.8212353831679
12658,-12.8239708902585
12659,-12.8267061812487
12660,-12.8294412561726
12661,-12.8321761150644
12662,-12.8349107579582
12663,-12.837645184888
12664,-12.8403793958881
12665,-12.8431133909924
12666,-12.8458471702352
12667,-12.8485807336505
12668,-12.8513140812723
12669,-12.8540472131347
12670,-12.8567801292719
12671,-12.8595128297177
12672,-12.8622453145064
12673,-12.8649775836718
12674,-12.8677096372481
12675,-12.8704414752693
12676,-12.8731730977693
12677,-12.8759045047823
12678,-12.8786356963421
12679,-12.8813666724827
12680,-12.8840974332382
12681,-12.8868279786425
12682,-12.8895583087296
12683,-12.8922884235334
12684,-12.8950183230879
12685,-12.897748007427
12686,-12.9004774765846
12687,-12.9032067305947
12688,-12.9059357694912
12689,-12.908664593308
12690,-12.911393202079
12691,-12.914121595838
12692,-12.916849774619
12693,-12.9195777384559
12694,-12.9223054873824
12695,-12.9250330214326
12696,-12.9277603406401
12697,-12.9304874450389
12698,-12.9332143346628
12699,-12.9359410095456
12700,-12.9386674697211
12701,-12.9413937152232
12702,-12.9441197460856
12703,-12.9468455623422
12704,-12.9495711640267
12705,-12.9522965511729
12706,-12.9550217238146
12707,-12.9577466819856
12708,-12.9604714257196
12709,-12.9631959550503
12710,-12.9659202700114
12711,-12.9686443706368
12712,-12.9713682569602
12713,-12.9740919290152
12714,-12.9768153868356
12715,-12.979538630455
12716,-12.9822616599072
12717,-12.9849844752258
12718,-12.9877070764445
12719,-12.990429463597
12720,-12.993151636717
12721,-12.995873595838
12722,-12.9985953409938
12723,-13.0013168722179
12724,-13.0040381895441
12725,-13.0067592930058
12726,-13.0094801826368
12727,-13.0122008584706
12728,-13.0149213205409
12729,-13.0176415688811
12730,-13.020361603525
12731,-13.0230814245061
12732,-13.0258010318578
12733,-13.0285204256139
12734,-13.0312396058078
12735,-13.0339585724731
12736,-13.0366773256433
12737,-13.0393958653519
12738,-13.0421141916325
12739,-13.0448323045186
12740,-13.0475502040436
12741,-13.0502678902411
12742,-13.0529853631446
12743,-13.0557026227874
12744,-13.0584196692032
12745,-13.0611365024253
12746,-13.0638531224872
12747,-13.0665695294223
12748,-13.0692857232642
12749,-13.0720017040462
12750,-13.0747174718017
12751,-13.0774330265642
12752,-13.0801483683671
12753,-13.0828634972437
12754,-13.0855784132274
12755,-13.0882931163518
12756,-13.09100760665
12757,-13.0937218841555
12758,-13.0964359489017
12759,-13.0991498009218
12760,-13.1018634402493
12761,-13.1045768669175
12762,-13.1072900809596
12763,-13.1100030824091
12764,-13.1127158712992
12765,-13.1154284476633
12766,-13.1181408115346
12767,-13.1208529629464
12768,-13.123564901932
12769,-13.1262766285247
12770,-13.1289881427578
12771,-13.1316994446645
12772,-13.134410534278
12773,-13.1371214116316
12774,-13.1398320767585
12775,-13.142542529692
12776,-13.1452527704653
12777,-13.1479627991116
12778,-13.150672615664
12779,-13.1533822201559
12780,-13.1560916126203
12781,-13.1588007930905
12782,-13.1615097615996
12783,-13.1642185181807
12784,-13.1669270628672
12785,-13.169635395692
12786,-13.1723435166884
12787,-13.1750514258894
12788,-13.1777591233282
12789,-13.180466609038
12790,-13.1831738830517
12791,-13.1858809454026
12792,-13.1885877961237
12793,-13.1912944352481
12794,-13.1940008628089
12795,-13.1967070788391
12796,-13.1994130833719
12797,-13.2021188764402
12798,-13.2048244580772
12799,-13.2075298283158
12800,-13.2102349871891
12801,-13.2129399347302
12802,-13.2156446709719
12803,-13.2183491959474
12804,-13.2210535096897
12805,-13.2237576122317
12806,-13.2264615036064
12807,-13.2291651838468
12808,-13.2318686529859
12809,-13.2345719110566
12810,-13.2372749580919
12811,-13.2399777941248
12812,-13.2426804191881
12813,-13.2453828333149
12814,-13.248085036538
12815,-13.2507870288903
12816,-13.2534888104048
12817,-13.2561903811143
12818,-13.2588917410518
12819,-13.2615928902502
12820,-13.2642938287422
12821,-13.2669945565609
12822,-13.2696950737389
12823,-13.2723953803093
12824,-13.2750954763049
12825,-13.2777953617584
12826,-13.2804950367028
12827,-13.2831945011708
12828,-13.2858937551953
12829,-13.288592798809
12830,-13.2912916320448
12831,-13.2939902549355
12832,-13.2966886675138
12833,-13.2993868698126
12834,-13.3020848618645
12835,-13.3047826437025
12836,-13.3074802153591
12837,-13.3101775768672
12838,-13.3128747282595
12839,-13.3155716695688
12840,-13.3182684008277
12841,-13.320964922069
12842,-13.3236612333254
12843,-13.3263573346295
12844,-13.3290532260142
12845,-13.331748907512
12846,-13.3344443791557
12847,-13.3371396409779
12848,-13.3398346930113
12849,-13.3425295352885
12850,-13.3452241678422
12851,-13.347918590705
12852,-13.3506128039096
12853,-13.3533068074886
12854,-13.3560006014746
12855,-13.3586941859002
12856,-13.361387560798
12857,-13.3640807262006
12858,-13.3667736821406
12859,-13.3694664286506
12860,-13.3721589657632
12861,-13.3748512935108
12862,-13.3775434119262
12863,-13.3802353210417
12864,-13.38292702089
12865,-13.3856185115036
12866,-13.3883097929151
12867,-13.3910008651568
12868,-13.3936917282615
12869,-13.3963823822614
12870,-13.3990728271893
12871,-13.4017630630774
12872,-13.4044530899584
12873,-13.4071429078647
12874,-13.4098325168288
12875,-13.4125219168831
12876,-13.41521110806
12877,-13.4179000903921
12878,-13.4205888639117
12879,-13.4232774286513
12880,-13.4259657846432
12881,-13.42865393192
12882,-13.431341870514
12883,-13.4340296004577
12884,-13.4367171217833
12885,-13.4394044345233
12886,-13.4420915387101
12887,-13.444778434376
12888,-13.4474651215534
12889,-13.4501516002746
12890,-13.4528378705721
12891,-13.455523932478
12892,-13.4582097860248
12893,-13.4608954312448
12894,-13.4635808681703
12895,-13.4662660968336
12896,-13.468951117267
12897,-13.4716359295027
12898,-13.4743205335732
12899,-13.4770049295106
12900,-13.4796891173472
12901,-13.4823730971153
12902,-13.4850568688472
12903,-13.4877404325751
12904,-13.4904237883312
12905,-13.4931069361477
12906,-13.4957898760569
12907,-13.4984726080911
12908,-13.5011551322823
12909,-13.5038374486629
12910,-13.506519557265
12911,-13.5092014581208
12912,-13.5118831512625
12913,-13.5145646367222
12914,-13.5172459145321
12915,-13.5199269847244
12916,-13.5226078473313
12917,-13.5252885023848
12918,-13.5279689499171
12919,-13.5306491899603
12920,-13.5333292225466
12921,-13.5360090477081
12922,-13.5386886654768
12923,-13.5413680758849
12924,-13.5440472789645
12925,-13.5467262747476
12926,-13.5494050632663
12927,-13.5520836445527
12928,-13.5547620186388
12929,-13.5574401855567
12930,-13.5601181453385
12931,-13.5627958980162
12932,-13.5654734436218
12933,-13.5681507821873
12934,-13.5708279137448
12935,-13.5735048383262
12936,-13.5761815559636
12937,-13.578858066689
12938,-13.5815343705343
12939,-13.5842104675315
12940,-13.5868863577126
12941,-13.5895620411096
12942,-13.5922375177544
12943,-13.5949127876789
12944,-13.5975878509152
12945,-13.6002627074951
12946,-13.6029373574506
12947,-13.6056118008135
12948,-13.6082860376159
12949,-13.6109600678896
12950,-13.6136338916664
12951,-13.6163075089784
12952,-13.6189809198573
12953,-13.6216541243351
12954,-13.6243271224436
12955,-13.6269999142147
12956,-13.6296724996802
12957,-13.632344878872
12958,-13.6350170518219
12959,-13.6376890185618
12960,-13.6403607791234
12961,-13.6430323335386
12962,-13.6457036818393
12963,-13.6483748240571
12964,-13.6510457602239
12965,-13.6537164903715
12966,-13.6563870145317
12967,-13.6590573327361
12968,-13.6617274450167
12969,-13.6643973514052
12970,-13.6670670519332
12971,-13.6697365466326
12972,-13.6724058355351
12973,-13.6750749186724
12974,-13.6777437960762
12975,-13.6804124677783
12976,-13.6830809338103
12977,-13.685749194204
12978,-13.688417248991
12979,-13.691085098203
12980,-13.6937527418718
12981,-13.6964201800289
12982,-13.699087412706
12983,-13.7017544399349
12984,-13.704421261747
12985,-13.7070878781742
12986,-13.709754289248
12987,-13.712420495
12988,-13.7150864954618
12989,-13.7177522906652
12990,-13.7204178806416
12991,-13.7230832654226
12992,-13.72574844504
12993,-13.7284134195251
12994,-13.7310781889097
12995,-13.7337427532252
12996,-13.7364071125033
12997,-13.7390712667755
12998,-13.7417352160733
12999,-13.7443989604283
13000,-13.747062499872
13001,-13.749725834436
13002,-13.7523889641516
13003,-13.7550518890506
13004,-13.7577146091643
13005,-13.7603771245242
13006,-13.7630394351619
13007,-13.7657015411088
13008,-13.7683634423964
13009,-13.7710251390561
13010,-13.7736866311195
13011,-13.776347918618
13012,-13.7790090015829
13013,-13.7816698800458
13014,-13.7843305540381
13015,-13.7869910235911
13016,-13.7896512887364
13017,-13.7923113495053
13018,-13.7949712059292
13019,-13.7976308580396
13020,-13.8002903058677
13021,-13.802949549445
13022,-13.8056085888028
13023,-13.8082674239726
13024,-13.8109260549857
13025,-13.8135844818733
13026,-13.8162427046669
13027,-13.8189007233979
13028,-13.8215585380974
13029,-13.8242161487969
13030,-13.8268735555277
13031,-13.829530758321
13032,-13.8321877572082
13033,-13.8348445522205
13034,-13.8375011433893
13035,-13.8401575307458
13036,-13.8428137143213
13037,-13.845469694147
13038,-13.8481254702543
13039,-13.8507810426743
13040,-13.8534364114383
13041,-13.8560915765775
13042,-13.8587465381232
13043,-13.8614012961066
13044,-13.8640558505589
13045,-13.8667102015113
13046,-13.8693643489949
13047,-13.8720182930411
13048,-13.874672033681
13049,-13.8773255709456
13050,-13.8799789048664
13051,-13.8826320354742
13052,-13.8852849628005
13053,-13.8879376868762
13054,-13.8905902077325
13055,-13.8932425254006
13056,-13.8958946399116
13057,-13.8985465512966
13058,-13.9011982595867
13059,-13.9038497648131
13060,-13.9065010670068
13061,-13.9091521661989
13062,-13.9118030624204
13063,-13.9144537557026
13064,-13.9171042460764
13065,-13.9197545335729
13066,-13.9224046182232
13067,-13.9250545000583
13068,-13.9277041791092
13069,-13.9303536554071
13070,-13.9330029289828
13071,-13.9356519998675
13072,-13.9383008680921
13073,-13.9409495336877
13074,-13.9435979966852
13075,-13.9462462571157
13076,-13.9488943150101
13077,-13.9515421703994
13078,-13.9541898233146
13079,-13.9568372737866
13080,-13.9594845218464
13081,-13.962131567525
13082,-13.9647784108532
13083,-13.967425051862
13084,-13.9700714905824
13085,-13.9727177270453
13086,-13.9753637612815
13087,-13.978009593322
13088,-13.9806552231977
13089,-13.9833006509395
13090,-13.9859458765782
13091,-13.9885909001448
13092,-13.9912357216701
13093,-13.9938803411849
13094,-13.9965247587202
13095,-13.9991689743067
13096,-14.0018129879754
13097,-14.004456799757
13098,-14.0071004096825
13099,-14.0097438177825
13100,-14.0123870240879
13101,-14.0150300286296
13102,-14.0176728314383
13103,-14.0203154325448
13104,-14.0229578319799
13105,-14.0256000297744
13106,-14.0282420259591
13107,-14.0308838205647
13108,-14.033525413622
13109,-14.0361668051617
13110,-14.0388079952145
13111,-14.0414489838113
13112,-14.0440897709827
13113,-14.0467303567595
13114,-14.0493707411724
13115,-14.0520109242521
13116,-14.0546509060292
13117,-14.0572906865345
13118,-14.0599302657987
13119,-14.0625696438525
13120,-14.0652088207264
13121,-14.0678477964513
13122,-14.0704865710577
13123,-14.0731251445763
13124,-14.0757635170378
13125,-14.0784016884728
13126,-14.0810396589118
13127,-14.0836774283857
13128,-14.0863149969248
13129,-14.08895236456
13130,-14.0915895313217
13131,-14.0942264972406
13132,-14.0968632623473
13133,-14.0994998266723
13134,-14.1021361902462
13135,-14.1047723530996
13136,-14.107408315263
13137,-14.1100440767671
13138,-14.1126796376423
13139,-14.1153149979192
13140,-14.1179501576283
13141,-14.1205851168002
13142,-14.1232198754654
13143,-14.1258544336543
13144,-14.1284887913975
13145,-14.1311229487255
13146,-14.1337569056688
13147,-14.1363906622579
13148,-14.1390242185232
13149,-14.1416575744952
13150,-14.1442907302044
13151,-14.1469236856812
13152,-14.1495564409561
13153,-14.1521889960596
13154,-14.154821351022
13155,-14.1574535058738
13156,-14.1600854606454
13157,-14.1627172153672
13158,-14.1653487700697
13159,-14.1679801247833
13160,-14.1706112795382
13161,-14.173242234365
13162,-14.175872989294
13163,-14.1785035443556
13164,-14.1811338995801
13165,-14.1837640549979
13166,-14.1863940106394
13167,-14.1890237665349
13168,-14.1916533227147
13169,-14.1942826792093
13170,-14.1969118360488
13171,-14.1995407932636
13172,-14.2021695508841
13173,-14.2047981089405
13174,-14.2074264674631
13175,-14.2100546264823
13176,-14.2126825860282
13177,-14.2153103461313
13178,-14.2179379068217
13179,-14.2205652681298
13180,-14.2231924300857
13181,-14.2258193927197
13182,-14.2284461560621
13183,-14.2310727201431
13184,-14.233699084993
13185,-14.2363252506419
13186,-14.23895121712
13187,-14.2415769844577
13188,-14.244202552685
13189,-14.2468279218322
13190,-14.2494530919295
13191,-14.252078063007
13192,-14.2547028350949
13193,-14.2573274082235
13194,-14.2599517824227
13195,-14.2625759577229
13196,-14.2651999341541
13197,-14.2678237117465
13198,-14.2704472905302
13199,-14.2730706705353
13200,-14.275693851792
13201,-14.2783168343304
13202,-14.2809396181805
13203,-14.2835622033726
13204,-14.2861845899366
13205,-14.2888067779027
13206,-14.2914287673009
13207,-14.2940505581613
13208,-14.2966721505139
13209,-14.2992935443889
13210,-14.3019147398163
13211,-14.3045357368261
13212,-14.3071565354483
13213,-14.3097771357131
13214,-14.3123975376503
13215,-14.3150177412901
13216,-14.3176377466624
13217,-14.3202575537973
13218,-14.3228771627247
13219,-14.3254965734746
13220,-14.328115786077
13221,-14.3307348005619
13222,-14.3333536169593
13223,-14.3359722352991
13224,-14.3385906556113
13225,-14.3412088779257
13226,-14.3438269022725
13227,-14.3464447286814
13228,-14.3490623571825
13229,-14.3516797878056
13230,-14.3542970205807
13231,-14.3569140555376
13232,-14.3595308927063
13233,-14.3621475321167
13234,-14.3647639737986
13235,-14.367380217782
13236,-14.3699962640967
13237,-14.3726121127725
13238,-14.3752277638394
13239,-14.3778432173272
13240,-14.3804584732657
13241,-14.3830735316847
13242,-14.3856883926142
13243,-14.3883030560839
13244,-14.3909175221237
13245,-14.3935317907634
13246,-14.3961458620327
13247,-14.3987597359615
13248,-14.4013734125795
13249,-14.4039868919167
13250,-14.4066001740026
13251,-14.4092132588672
13252,-14.4118261465401
13253,-14.4144388370511
13254,-14.4170513304301
13255,-14.4196636267066
13256,-14.4222757259106
13257,-14.4248876280716
13258,-14.4274993332195
13259,-14.4301108413839
13260,-14.4327221525945
13261,-14.4353332668812
13262,-14.4379441842734
13263,-14.4405549048011
13264,-14.4431654284937
13265,-14.4457757553811
13266,-14.4483858854929
13267,-14.4509958188587
13268,-14.4536055555083
13269,-14.4562150954712
13270,-14.4588244387771
13271,-14.4614335854556
13272,-14.4640425355364
13273,-14.4666512890492
13274,-14.4692598460234
13275,-14.4718682064888
13276,-14.4744763704749
13277,-14.4770843380114
13278,-14.4796921091278
13279,-14.4822996838536
13280,-14.4849070622186
13281,-14.4875142442523
13282,-14.4901212299841
13283,-14.4927280194438
13284,-14.4953346126607
13285,-14.4979410096646
13286,-14.5005472104849
13287,-14.5031532151511
13288,-14.5057590236928
13289,-14.5083646361394
13290,-14.5109700525206
13291,-14.5135752728658
13292,-14.5161802972045
13293,-14.5187851255662
13294,-14.5213897579803
13295,-14.5239941944765
13296,-14.526598435084
13297,-14.5292024798324
13298,-14.5318063287512
13299,-14.5344099818698
13300,-14.5370134392177
13301,-14.5396167008242
13302,-14.5422197667189
13303,-14.544822636931
13304,-14.5474253114902
13305,-14.5500277904257
13306,-14.552630073767
13307,-14.5552321615435
13308,-14.5578340537845
13309,-14.5604357505195
13310,-14.5630372517778
13311,-14.5656385575889
13312,-14.5682396679819
13313,-14.5708405829865
13314,-14.5734413026318
13315,-14.5760418269472
13316,-14.5786421559621
13317,-14.5812422897057
13318,-14.5838422282075
13319,-14.5864419714967
13320,-14.5890415196027
13321,-14.5916408725548
13322,-14.5942400303821
13323,-14.5968389931142
13324,-14.5994377607802
13325,-14.6020363334093
13326,-14.604634711031
13327,-14.6072328936744
13328,-14.6098308813689
13329,-14.6124286741436
13330,-14.6150262720278
13331,-14.6176236750507
13332,-14.6202208832417
13333,-14.6228178966298
13334,-14.6254147152444
13335,-14.6280113391147
13336,-14.6306077682697
13337,-14.6332040027389
13338,-14.6358000425512
13339,-14.638395887736
13340,-14.6409915383225
13341,-14.6435869943397
13342,-14.6461822558168
13343,-14.6487773227831
13344,-14.6513721952677
13345,-14.6539668732996
13346,-14.6565613569081
13347,-14.6591556461224
13348,-14.6617497409714
13349,-14.6643436414844
13350,-14.6669373476904
13351,-14.6695308596186
13352,-14.6721241772981
13353,-14.6747173007579
13354,-14.6773102300272
13355,-14.6799029651351
13356,-14.6824955061105
13357,-14.6850878529826
13358,-14.6876800057805
13359,-14.6902719645332
13360,-14.6928637292697
13361,-14.6954553000191
13362,-14.6980466768104
13363,-14.7006378596727
13364,-14.703228848635
13365,-14.7058196437263
13366,-14.7084102449756
13367,-14.7110006524119
13368,-14.7135908660642
13369,-14.7161808859616
13370,-14.7187707121329
13371,-14.7213603446072
13372,-14.7239497834134
13373,-14.7265390285805
13374,-14.7291280801375
13375,-14.7317169381133
13376,-14.7343056025369
13377,-14.7368940734372
13378,-14.7394823508431
13379,-14.7420704347835
13380,-14.7446583252875
13381,-14.7472460223838
13382,-14.7498335261014
13383,-14.7524208364693
13384,-14.7550079535162
13385,-14.7575948772711
13386,-14.7601816077629
13387,-14.7627681450203
13388,-14.7653544890724
13389,-14.767940639948
13390,-14.7705265976759
13391,-14.7731123622849
13392,-14.775697933804
13393,-14.7782833122619
13394,-14.7808684976875
13395,-14.7834534901095
13396,-14.7860382895569
13397,-14.7886228960584
13398,-14.7912073096428
13399,-14.793791530339
13400,-14.7963755581757
13401,-14.7989593931816
13402,-14.8015430353857
13403,-14.8041264848165
13404,-14.806709741503
13405,-14.8092928054739
13406,-14.8118756767579
13407,-14.8144583553837
13408,-14.8170408413802
13409,-14.819623134776
13410,-14.8222052355998
13411,-14.8247871438804
13412,-14.8273688596466
13413,-14.8299503829269
13414,-14.8325317137501
13415,-14.8351128521449
13416,-14.83769379814
13417,-14.8402745517641
13418,-14.8428551130458
13419,-14.8454354820138
13420,-14.8480156586968
13421,-14.8505956431234
13422,-14.8531754353223
13423,-14.8557550353221
13424,-14.8583344431515
13425,-14.860913658839
13426,-14.8634926824134
13427,-14.8660715139031
13428,-14.8686501533369
13429,-14.8712286007434
13430,-14.873806856151
13431,-14.8763849195885
13432,-14.8789627910845
13433,-14.8815404706674
13434,-14.8841179583658
13435,-14.8866952542084
13436,-14.8892723582237
13437,-14.8918492704402
13438,-14.8944259908865
13439,-14.8970025195912
13440,-14.8995788565827
13441,-14.9021550018896
13442,-14.9047309555404
13443,-14.9073067175636
13444,-14.9098822879878
13445,-14.9124576668414
13446,-14.9150328541529
13447,-14.9176078499509
13448,-14.9201826542637
13449,-14.92275726712
13450,-14.9253316885481
13451,-14.9279059185765
13452,-14.9304799572337
13453,-14.9330538045481
13454,-14.9356274605482
13455,-14.9382009252624
13456,-14.9407741987192
13457,-14.9433472809469
13458,-14.945920171974
13459,-14.9484928718289
13460,-14.95106538054
13461,-14.9536376981358
13462,-14.9562098246445
13463,-14.9587817600946
13464,-14.9613535045145
13465,-14.9639250579325
13466,-14.9664964203771
13467,-14.9690675918766
13468,-14.9716385724592
13469,-14.9742093621535
13470,-14.9767799609877
13471,-14.9793503689902
13472,-14.9819205861892
13473,-14.9844906126132
13474,-14.9870604482905
13475,-14.9896300932493
13476,-14.9921995475179
13477,-14.9947688111247
13478,-14.997337884098
13479,-14.999906766466
13480,-15.002475458257
13481,-15.0050439594994
13482,-15.0076122702213
13483,-15.010180390451
13484,-15.0127483202168
13485,-15.0153160595469
13486,-15.0178836084696
13487,-15.0204509670131
13488,-15.0230181352057
13489,-15.0255851130755
13490,-15.0281519006508
13491,-15.0307184979599
13492,-15.0332849050308
13493,-15.0358511218918
13494,-15.0384171485711
13495,-15.0409829850969
13496,-15.0435486314973
13497,-15.0461140878006
13498,-15.0486793540349
13499,-15.0512444302283
13500,-15.0538093164091
13501,-15.0563740126053
13502,-15.0589385188451
13503,-15.0615028351567
13504,-15.0640669615682
13505,-15.0666308981076
13506,-15.0691946448032
13507,-15.071758201683
13508,-15.0743215687752
13509,-15.0768847461078
13510,-15.0794477337089
13511,-15.0820105316066
13512,-15.084573139829
13513,-15.0871355584042
13514,-15.0896977873602
13515,-15.0922598267251
13516,-15.094821676527
13517,-15.0973833367938
13518,-15.0999448075538
13519,-15.1025060888347
13520,-15.1050671806649
13521,-15.1076280830721
13522,-15.1101887960845
13523,-15.1127493197301
13524,-15.1153096540368
13525,-15.1178697990327
13526,-15.1204297547458
13527,-15.122989521204
13528,-15.1255490984353
13529,-15.1281084864678
13530,-15.1306676853293
13531,-15.1332266950479
13532,-15.1357855156514
13533,-15.138344147168
13534,-15.1409025896253
13535,-15.1434608430516
13536,-15.1460189074745
13537,-15.1485767829222
13538,-15.1511344694224
13539,-15.1536919670032
13540,-15.1562492756923
13541,-15.1588063955178
13542,-15.1613633265075
13543,-15.1639200686893
13544,-15.1664766220911
13545,-15.1690329867408
13546,-15.1715891626661
13547,-15.1741451498951
13548,-15.1767009484555
13549,-15.1792565583752
13550,-15.181811979682
13551,-15.1843672124039
13552,-15.1869222565685
13553,-15.1894771122038
13554,-15.1920317793375
13555,-15.1945862579975
13556,-15.1971405482116
13557,-15.1996946500076
13558,-15.2022485634132
13559,-15.2048022884563
13560,-15.2073558251647
13561,-15.2099091735661
13562,-15.2124623336883
13563,-15.215015305559
13564,-15.2175680892061
13565,-15.2201206846572
13566,-15.2226730919402
13567,-15.2252253110827
13568,-15.2277773421125
13569,-15.2303291850574
13570,-15.2328808399449
13571,-15.235432306803
13572,-15.2379835856592
13573,-15.2405346765413
13574,-15.2430855794769
13575,-15.2456362944938
13576,-15.2481868216197
13577,-15.2507371608821
13578,-15.2532873123089
13579,-15.2558372759276
13580,-15.258387051766
13581,-15.2609366398516
13582,-15.2634860402122
13583,-15.2660352528753
13584,-15.2685842778687
13585,-15.2711331152198
13586,-15.2736817649565
13587,-15.2762302271062
13588,-15.2787785016966
13589,-15.2813265887552
13590,-15.2838744883098
13591,-15.2864222003879
13592,-15.288969725017
13593,-15.2915170622248
13594,-15.2940642120388
13595,-15.2966111744867
13596,-15.2991579495959
13597,-15.301704537394
13598,-15.3042509379085
13599,-15.3067971511671
13600,-15.3093431771973
13601,-15.3118890160265
13602,-15.3144346676823
13603,-15.3169801321923
13604,-15.3195254095839
13605,-15.3220704998847
13606,-15.3246154031221
13607,-15.3271601193237
13608,-15.329704648517
13609,-15.3322489907293
13610,-15.3347931459883
13611,-15.3373371143213
13612,-15.3398808957559
13613,-15.3424244903195
13614,-15.3449678980396
13615,-15.3475111189435
13616,-15.3500541530588
13617,-15.3525970004129
13618,-15.3551396610332
13619,-15.3576821349472
13620,-15.3602244221821
13621,-15.3627665227656
13622,-15.3653084367249
13623,-15.3678501640875
13624,-15.3703917048808
13625,-15.3729330591321
13626,-15.3754742268688
13627,-15.3780152081183
13628,-15.380556002908
13629,-15.3830966112653
13630,-15.3856370332175
13631,-15.3881772687919
13632,-15.3907173180158
13633,-15.3932571809168
13634,-15.395796857522
13635,-15.3983363478587
13636,-15.4008756519544
13637,-15.4034147698364
13638,-15.4059537015318
13639,-15.4084924470681
13640,-15.4110310064726
13641,-15.4135693797724
13642,-15.416107566995
13643,-15.4186455681676
13644,-15.4211833833174
13645,-15.4237210124718
13646,-15.426258455658
13647,-15.4287957129032
13648,-15.4313327842347
13649,-15.4338696696798
13650,-15.4364063692656
13651,-15.4389428830194
13652,-15.4414792109685
13653,-15.44401535314
13654,-15.4465513095612
13655,-15.4490870802593
13656,-15.4516226652614
13657,-15.4541580645949
13658,-15.4566932782867
13659,-15.4592283063643
13660,-15.4617631488546
13661,-15.4642978057849
13662,-15.4668322771824
13663,-15.4693665630742
13664,-15.4719006634875
13665,-15.4744345784494
13666,-15.476968307987
13667,-15.4795018521276
13668,-15.4820352108982
13669,-15.4845683843259
13670,-15.4871013724379
13671,-15.4896341752612
13672,-15.4921667928231
13673,-15.4946992251505
13674,-15.4972314722706
13675,-15.4997635342105
13676,-15.5022954109972
13677,-15.5048271026578
13678,-15.5073586092195
13679,-15.5098899307092
13680,-15.512421067154
13681,-15.514952018581
13682,-15.5174827850171
13683,-15.5200133664896
13684,-15.5225437630253
13685,-15.5250739746514
13686,-15.5276040013948
13687,-15.5301338432825
13688,-15.5326635003417
13689,-15.5351929725991
13690,-15.537722260082
13691,-15.5402513628173
13692,-15.5427802808318
13693,-15.5453090141528
13694,-15.547837562807
13695,-15.5503659268215
13696,-15.5528941062233
13697,-15.5554221010392
13698,-15.5579499112963
13699,-15.5604775370215
13700,-15.5630049782418
13701,-15.565532234984
13702,-15.5680593072751
13703,-15.570586195142
13704,-15.5731128986117
13705,-15.575639417711
13706,-15.5781657524669
13707,-15.5806919029062
13708,-15.5832178690559
13709,-15.5857436509428
13710,-15.5882692485939
13711,-15.5907946620359
13712,-15.5933198912957
13713,-15.5958449364003
13714,-15.5983697973765
13715,-15.6008944742511
13716,-15.603418967051
13717,-15.605943275803
13718,-15.6084674005339
13719,-15.6109913412706
13720,-15.6135150980399
13721,-15.6160386708687
13722,-15.6185620597836
13723,-15.6210852648116
13724,-15.6236082859794
13725,-15.6261311233139
13726,-15.6286537768418
13727,-15.6311762465898
13728,-15.6336985325848
13729,-15.6362206348536
13730,-15.6387425534228
13731,-15.6412642883194
13732,-15.6437858395699
13733,-15.6463072072012
13734,-15.64882839124
13735,-15.651349391713
13736,-15.653870208647
13737,-15.6563908420686
13738,-15.6589112920047
13739,-15.6614315584818
13740,-15.6639516415268
13741,-15.6664715411663
13742,-15.6689912574271
13743,-15.6715107903357
13744,-15.6740301399189
13745,-15.6765493062033
13746,-15.6790682892157
13747,-15.6815870889826
13748,-15.6841057055309
13749,-15.686624138887
13750,-15.6891423890777
13751,-15.6916604561295
13752,-15.6941783400692
13753,-15.6966960409233
13754,-15.6992135587186
13755,-15.7017308934815
13756,-15.7042480452387
13757,-15.7067650140169
13758,-15.7092817998425
13759,-15.7117984027423
13760,-15.7143148227428
13761,-15.7168310598705
13762,-15.7193471141522
13763,-15.7218629856142
13764,-15.7243786742833
13765,-15.7268941801859
13766,-15.7294095033486
13767,-15.731924643798
13768,-15.7344396015606
13769,-15.736954376663
13770,-15.7394689691316
13771,-15.741983378993
13772,-15.7444976062737
13773,-15.7470116510003
13774,-15.7495255131992
13775,-15.7520391928969
13776,-15.75455269012
13777,-15.7570660048949
13778,-15.7595791372481
13779,-15.7620920872061
13780,-15.7646048547954
13781,-15.7671174400424
13782,-15.7696298429737
13783,-15.7721420636155
13784,-15.7746541019945
13785,-15.777165958137
13786,-15.7796776320695
13787,-15.7821891238184
13788,-15.7847004334102
13789,-15.7872115608712
13790,-15.789722506228
13791,-15.7922332695068
13792,-15.7947438507341
13793,-15.7972542499363
13794,-15.7997644671398
13795,-15.802274502371
13796,-15.8047843556562
13797,-15.8072940270219
13798,-15.8098035164944
13799,-15.8123128241
13800,-15.8148219498652
13801,-15.8173308938162
13802,-15.8198396559795
13803,-15.8223482363814
13804,-15.8248566350481
13805,-15.8273648520061
13806,-15.8298728872816
13807,-15.832380740901
13808,-15.8348884128907
13809,-15.8373959032768
13810,-15.8399032120857
13811,-15.8424103393436
13812,-15.844917285077
13813,-15.847424049312
13814,-15.849930632075
13815,-15.8524370333922
13816,-15.8549432532899
13817,-15.8574492917943
13818,-15.8599551489318
13819,-15.8624608247285
13820,-15.8649663192106
13821,-15.8674716324045
13822,-15.8699767643364
13823,-15.8724817150325
13824,-15.874986484519
13825,-15.8774910728221
13826,-15.8799954799681
13827,-15.8824997059831
13828,-15.8850037508933
13829,-15.887507614725
13830,-15.8900112975043
13831,-15.8925147992574
13832,-15.8950181200105
13833,-15.8975212597897
13834,-15.9000242186213
13835,-15.9025269965313
13836,-15.905029593546
13837,-15.9075320096914
13838,-15.9100342449938
13839,-15.9125362994792
13840,-15.9150381731738
13841,-15.9175398661037
13842,-15.9200413782951
13843,-15.9225427097739
13844,-15.9250438605665
13845,-15.9275448306988
13846,-15.9300456201969
13847,-15.932546229087
13848,-15.9350466573951
13849,-15.9375469051473
13850,-15.9400469723696
13851,-15.9425468590883
13852,-15.9450465653292
13853,-15.9475460911185
13854,-15.9500454364822
13855,-15.9525446014464
13856,-15.9550435860371
13857,-15.9575423902804
13858,-15.9600410142022
13859,-15.9625394578286
13860,-15.9650377211856
13861,-15.9675358042992
13862,-15.9700337071954
13863,-15.9725314299003
13864,-15.9750289724398
13865,-15.9775263348399
13866,-15.9800235171266
13867,-15.9825205193259
13868,-15.9850173414637
13869,-15.9875139835661
13870,-15.9900104456589
13871,-15.9925067277681
13872,-15.9950028299198
13873,-15.9974987521397
13874,-15.9999944944539
13875,-16.0024900568884
13876,-16.0049854394689
13877,-16.0074806422215
13878,-16.009975665172
13879,-16.0124705083465
13880,-16.0149651717707
13881,-16.0174596554706
13882,-16.019953959472
13883,-16.022448083801
13884,-16.0249420284832
13885,-16.0274357935447
13886,-16.0299293790113
13887,-16.0324227849089
13888,-16.0349160112632
13889,-16.0374090581003
13890,-16.0399019254459
13891,-16.0423946133258
13892,-16.0448871217659
13893,-16.0473794507921
13894,-16.0498716004302
13895,-16.0523635707059
13896,-16.0548553616452
13897,-16.0573469732737
13898,-16.0598384056174
13899,-16.062329658702
13900,-16.0648207325533
13901,-16.0673116271971
13902,-16.0698023426592
13903,-16.0722928789654
13904,-16.0747832361413
13905,-16.0772734142129
13906,-16.0797634132058
13907,-16.0822532331459
13908,-16.0847428740588
13909,-16.0872323359703
13910,-16.0897216189062
13911,-16.0922107228921
13912,-16.0946996479538
13913,-16.0971883941171
13914,-16.0996769614076
13915,-16.102165349851
13916,-16.1046535594731
13917,-16.1071415902995
13918,-16.109629442356
13919,-16.1121171156683
13920,-16.1146046102619
13921,-16.1170919261626
13922,-16.1195790633962
13923,-16.1220660219881
13924,-16.1245528019641
13925,-16.1270394033499
13926,-16.1295258261711
13927,-16.1320120704533
13928,-16.1344981362222
13929,-16.1369840235034
13930,-16.1394697323225
13931,-16.1419552627052
13932,-16.1444406146771
13933,-16.1469257882637
13934,-16.1494107834908
13935,-16.1518956003838
13936,-16.1543802389685
13937,-16.1568646992703
13938,-16.1593489813149
13939,-16.1618330851278
13940,-16.1643170107346
13941,-16.1668007581609
13942,-16.1692843274322
13943,-16.1717677185741
13944,-16.1742509316122
13945,-16.1767339665719
13946,-16.1792168234789
13947,-16.1816995023586
13948,-16.1841820032366
13949,-16.1866643261385
13950,-16.1891464710896
13951,-16.1916284381156
13952,-16.194110227242
13953,-16.1965918384942
13954,-16.1990732718977
13955,-16.201554527478
13956,-16.2040356052607
13957,-16.2065165052712
13958,-16.2089972275349
13959,-16.2114777720774
13960,-16.2139581389241
13961,-16.2164383281004
13962,-16.2189183396318
13963,-16.2213981735438
13964,-16.2238778298618
13965,-16.2263573086112
13966,-16.2288366098175
13967,-16.231315733506
13968,-16.2337946797023
13969,-16.2362734484317
13970,-16.2387520397195
13971,-16.2412304535914
13972,-16.2437086900725
13973,-16.2461867491883
13974,-16.2486646309643
13975,-16.2511423354257
13976,-16.253619862598
13977,-16.2560972125065
13978,-16.2585743851765
13979,-16.2610513806336
13980,-16.2635281989029
13981,-16.2660048400099
13982,-16.2684813039798
13983,-16.2709575908381
13984,-16.2734337006101
13985,-16.275909633321
13986,-16.2783853889963
13987,-16.2808609676611
13988,-16.2833363693409
13989,-16.2858115940609
13990,-16.2882866418465
13991,-16.2907615127229
13992,-16.2932362067154
13993,-16.2957107238493
13994,-16.2981850641499
13995,-16.3006592276424
13996,-16.3031332143521
13997,-16.3056070243043
13998,-16.3080806575243
13999,-16.3105541140372
14000,-16.3130273938683
14001,-16.3155004970429
14002,-16.3179734235862
14003,-16.3204461735235
14004,-16.3229187468798
14005,-16.3253911436806
14006,-16.3278633639509
14007,-16.330335407716
14008,-16.3328072750011
14009,-16.3352789658314
14010,-16.3377504802321
14011,-16.3402218182283
14012,-16.3426929798452
14013,-16.3451639651081
14014,-16.3476347740421
14015,-16.3501054066723
14016,-16.3525758630239
14017,-16.3550461431221
14018,-16.3575162469919
14019,-16.3599861746587
14020,-16.3624559261474
14021,-16.3649255014832
14022,-16.3673949006913
14023,-16.3698641237967
14024,-16.3723331708246
14025,-16.3748020418002
14026,-16.3772707367484
14027,-16.3797392556943
14028,-16.3822075986632
14029,-16.3846757656801
14030,-16.38714375677
14031,-16.3896115719581
14032,-16.3920792112693
14033,-16.3945466747289
14034,-16.3970139623617
14035,-16.399481074193
14036,-16.4019480102477
14037,-16.4044147705509
14038,-16.4068813551277
14039,-16.409347764003
14040,-16.4118139972019
14041,-16.4142800547494
14042,-16.4167459366706
14043,-16.4192116429904
14044,-16.4216771737339
14045,-16.424142528926
14046,-16.4266077085918
14047,-16.4290727127562
14048,-16.4315375414443
14049,-16.434002194681
14050,-16.4364666724914
14051,-16.4389309749002
14052,-16.4413951019326
14053,-16.4438590536136
14054,-16.4463228299679
14055,-16.4487864310207
14056,-16.4512498567968
14057,-16.4537131073211
14058,-16.4561761826187
14059,-16.4586390827145
14060,-16.4611018076333
14061,-16.4635643574001
14062,-16.4660267320397
14063,-16.4684889315772
14064,-16.4709509560374
14065,-16.4734128054452
14066,-16.4758744798255
14067,-16.4783359792032
14068,-16.4807973036031
14069,-16.4832584530502
14070,-16.4857194275692
14071,-16.4881802271851
14072,-16.4906408519228
14073,-16.493101301807
14074,-16.4955615768627
14075,-16.4980216771146
14076,-16.5004816025877
14077,-16.5029413533067
14078,-16.5054009292964
14079,-16.5078603305818
14080,-16.5103195571876
14081,-16.5127786091386
14082,-16.5152374864596
14083,-16.5176961891754
14084,-16.5201547173109
14085,-16.5226130708908
14086,-16.5250712499398
14087,-16.5275292544829
14088,-16.5299870845447
14089,-16.5324447401501
14090,-16.5349022213237
14091,-16.5373595280904
14092,-16.5398166604749
14093,-16.5422736185019
14094,-16.5447304021962
14095,-16.5471870115826
14096,-16.5496434466857
14097,-16.5520997075303
14098,-16.5545557941411
14099,-16.5570117065428
14100,-16.5594674447602
14101,-16.5619230088179
14102,-16.5643783987407
14103,-16.5668336145532
14104,-16.5692886562801
14105,-16.5717435239461
14106,-16.574198217576
14107,-16.5766527371943
14108,-16.5791070828258
14109,-16.581561254495
14110,-16.5840152522268
14111,-16.5864690760456
14112,-16.5889227259762
14113,-16.5913762020432
14114,-16.5938295042713
14115,-16.5962826326851
14116,-16.5987355873091
14117,-16.6011883681681
14118,-16.6036409752866
14119,-16.6060934086893
14120,-16.6085456684008
14121,-16.6109977544456
14122,-16.6134496668483
14123,-16.6159014056337
14124,-16.6183529708261
14125,-16.6208043624503
14126,-16.6232555805308
14127,-16.6257066250921
14128,-16.6281574961589
14129,-16.6306081937557
14130,-16.633058717907
14131,-16.6355090686374
14132,-16.6379592459714
14133,-16.6404092499336
14134,-16.6428590805485
14135,-16.6453087378406
14136,-16.6477582218345
14137,-16.6502075325547
14138,-16.6526566700257
14139,-16.6551056342719
14140,-16.657554425318
14141,-16.6600030431884
14142,-16.6624514879075
14143,-16.6648997594999
14144,-16.6673478579901
14145,-16.6697957834025
14146,-16.6722435357616
14147,-16.6746911150919
14148,-16.6771385214178
14149,-16.6795857547638
14150,-16.6820328151543
14151,-16.6844797026138
14152,-16.6869264171667
14153,-16.6893729588375
14154,-16.6918193276506
14155,-16.6942655236304
14156,-16.6967115468013
14157,-16.6991573971877
14158,-16.7016030748141
14159,-16.7040485797049
14160,-16.7064939118844
14161,-16.708939071377
14162,-16.7113840582072
14163,-16.7138288723993
14164,-16.7162735139777
14165,-16.7187179829668
14166,-16.7211622793909
14167,-16.7236064032744
14168,-16.7260503546417
14169,-16.728494133517
14170,-16.7309377399249
14171,-16.7333811738895
14172,-16.7358244354353
14173,-16.7382675245865
14174,-16.7407104413675
14175,-16.7431531858026
14176,-16.7455957579162
14177,-16.7480381577325
14178,-16.7504803852758
14179,-16.7529224405705
14180,-16.7553643236408
14181,-16.7578060345111
14182,-16.7602475732055
14183,-16.7626889397485
14184,-16.7651301341643
14185,-16.767571156477
14186,-16.7700120067111
14187,-16.7724526848908
14188,-16.7748931910403
14189,-16.7773335251838
14190,-16.7797736873457
14191,-16.7822136775501
14192,-16.7846534958213
14193,-16.7870931421835
14194,-16.7895326166609
14195,-16.7919719192778
14196,-16.7944110500584
14197,-16.7968500090269
14198,-16.7992887962074
14199,-16.8017274116242
14200,-16.8041658553015
14201,-16.8066041272634
14202,-16.8090422275342
14203,-16.811480156138
14204,-16.8139179130991
14205,-16.8163554984414
14206,-16.8187929121893
14207,-16.8212301543669
14208,-16.8236672249983
14209,-16.8261041241077
14210,-16.8285408517192
14211,-16.8309774078569
14212,-16.8334137925451
14213,-16.8358500058077
14214,-16.838286047669
14215,-16.8407219181531
14216,-16.843157617284
14217,-16.8455931450859
14218,-16.8480285015829
14219,-16.850463686799
14220,-16.8528987007584
14221,-16.8553335434851
14222,-16.8577682150033
14223,-16.860202715337
14224,-16.8626370445102
14225,-16.8650712025471
14226,-16.8675051894717
14227,-16.869939005308
14228,-16.8723726500801
14229,-16.8748061238121
14230,-16.877239426528
14231,-16.8796725582518
14232,-16.8821055190076
14233,-16.8845383088193
14234,-16.886970927711
14235,-16.8894033757068
14236,-16.8918356528306
14237,-16.8942677591064
14238,-16.8966996945582
14239,-16.8991314592101
14240,-16.901563053086
14241,-16.9039944762098
14242,-16.9064257286057
14243,-16.9088568102975
14244,-16.9112877213092
14245,-16.9137184616649
14246,-16.9161490313883
14247,-16.9185794305036
14248,-16.9210096590346
14249,-16.9234397170053
14250,-16.9258696044396
14251,-16.9282993213615
14252,-16.9307288677949
14253,-16.9331582437637
14254,-16.9355874492919
14255,-16.9380164844033
14256,-16.9404453491219
14257,-16.9428740434715
14258,-16.9453025674761
14259,-16.9477309211595
14260,-16.9501591045457
14261,-16.9525871176586
14262,-16.9550149605219
14263,-16.9574426331596
14264,-16.9598701355956
14265,-16.9622974678537
14266,-16.9647246299578
14267,-16.9671516219316
14268,-16.9695784437992
14269,-16.9720050955843
14270,-16.9744315773108
14271,-16.9768578890024
14272,-16.979284030683
14273,-16.9817100023765
14274,-16.9841358041067
14275,-16.9865614358974
14276,-16.9889868977723
14277,-16.9914121897553
14278,-16.9938373118702
14279,-16.9962622641408
14280,-16.9986870465908
14281,-17.0011116592441
14282,-17.0035361021245
14283,-17.0059603752556
14284,-17.0083844786613
14285,-17.0108084123654
14286,-17.0132321763915
14287,-17.0156557707635
14288,-17.0180791955051
14289,-17.02050245064
14290,-17.022925536192
14291,-17.0253484521849
14292,-17.0277711986422
14293,-17.0301937755878
14294,-17.0326161830455
14295,-17.0350384210388
14296,-17.0374604895915
14297,-17.0398823887273
14298,-17.04230411847
14299,-17.0447256788431
14300,-17.0471470698705
14301,-17.0495682915757
14302,-17.0519893439825
14303,-17.0544102271145
14304,-17.0568309409954
14305,-17.0592514856488
14306,-17.0616718610985
14307,-17.0640920673681
14308,-17.0665121044811
14309,-17.0689319724614
14310,-17.0713516713325
14311,-17.073771201118
14312,-17.0761905618415
14313,-17.0786097535268
14314,-17.0810287761974
14315,-17.0834476298769
14316,-17.085866314589
14317,-17.0882848303572
14318,-17.0907031772051
14319,-17.0931213551564
14320,-17.0955393642346
14321,-17.0979572044633
14322,-17.1003748758661
14323,-17.1027923784666
14324,-17.1052097122883
14325,-17.1076268773548
14326,-17.1100438736897
14327,-17.1124607013165
14328,-17.1148773602588
14329,-17.1172938505401
14330,-17.1197101721839
14331,-17.1221263252138
14332,-17.1245423096534
14333,-17.1269581255261
14334,-17.1293737728555
14335,-17.131789251665
14336,-17.1342045619782
14337,-17.1366197038187
14338,-17.1390346772098
14339,-17.1414494821751
14340,-17.1438641187381
14341,-17.1462785869223
14342,-17.1486928867512
14343,-17.1511070182482
14344,-17.1535209814367
14345,-17.1559347763404
14346,-17.1583484029826
14347,-17.1607618613867
14348,-17.1631751515763
14349,-17.1655882735748
14350,-17.1680012274056
14351,-17.1704140130922
14352,-17.172826630658
14353,-17.1752390801264
14354,-17.1776513615209
14355,-17.1800634748648
14356,-17.1824754201816
14357,-17.1848871974947
14358,-17.1872988068275
14359,-17.1897102482033
14360,-17.1921215216457
14361,-17.1945326271779
14362,-17.1969435648233
14363,-17.1993543346054
14364,-17.2017649365475
14365,-17.204175370673
14366,-17.2065856370052
14367,-17.2089957355675
14368,-17.2114056663833
14369,-17.2138154294758
14370,-17.2162250248685
14371,-17.2186344525847
14372,-17.2210437126477
14373,-17.2234528050808
14374,-17.2258617299074
14375,-17.2282704871508
14376,-17.2306790768343
14377,-17.2330874989813
14378,-17.2354957536149
14379,-17.2379038407586
14380,-17.2403117604356
14381,-17.2427195126692
14382,-17.2451270974827
14383,-17.2475345148993
14384,-17.2499417649425
14385,-17.2523488476353
14386,-17.2547557630012
14387,-17.2571625110632
14388,-17.2595690918448
14389,-17.2619755053692
14390,-17.2643817516596
14391,-17.2667878307392
14392,-17.2691937426313
14393,-17.2715994873591
14394,-17.2740050649459
14395,-17.2764104754149
14396,-17.2788157187892
14397,-17.2812207950921
14398,-17.2836257043469
14399,-17.2860304465766
14400,-17.2884350218046
14401,-17.290839430054
14402,-17.293243671348
14403,-17.2956477457097
14404,-17.2980516531625
14405,-17.3004553937293
14406,-17.3028589674335
14407,-17.3052623742981
14408,-17.3076656143464
14409,-17.3100686876014
14410,-17.3124715940864
14411,-17.3148743338244
14412,-17.3172769068387
14413,-17.3196793131523
14414,-17.3220815527885
14415,-17.3244836257702
14416,-17.3268855321207
14417,-17.329287271863
14418,-17.3316888450203
14419,-17.3340902516156
14420,-17.3364914916722
14421,-17.338892565213
14422,-17.3412934722611
14423,-17.3436942128398
14424,-17.3460947869719
14425,-17.3484951946807
14426,-17.3508954359892
14427,-17.3532955109204
14428,-17.3556954194974
14429,-17.3580951617433
14430,-17.3604947376812
14431,-17.362894147334
14432,-17.3652933907249
14433,-17.3676924678768
14434,-17.3700913788128
14435,-17.372490123556
14436,-17.3748887021293
14437,-17.3772871145558
14438,-17.3796853608585
14439,-17.3820834410604
14440,-17.3844813551845
14441,-17.3868791032539
14442,-17.3892766852914
14443,-17.3916741013201
14444,-17.3940713513631
14445,-17.3964684354432
14446,-17.3988653535835
14447,-17.4012621058069
14448,-17.4036586921363
14449,-17.4060551125949
14450,-17.4084513672054
14451,-17.4108474559909
14452,-17.4132433789744
14453,-17.4156391361787
14454,-17.4180347276268
14455,-17.4204301533416
14456,-17.4228254133461
14457,-17.4252205076632
14458,-17.4276154363158
14459,-17.4300101993269
14460,-17.4324047967193
14461,-17.4347992285159
14462,-17.4371934947397
14463,-17.4395875954135
14464,-17.4419815305602
14465,-17.4443753002028
14466,-17.4467689043641
14467,-17.449162343067
14468,-17.4515556163343
14469,-17.453948724189
14470,-17.4563416666538
14471,-17.4587344437517
14472,-17.4611270555055
14473,-17.4635195019381
14474,-17.4659117830722
14475,-17.4683038989308
14476,-17.4706958495367
14477,-17.4730876349126
14478,-17.4754792550815
14479,-17.4778707100661
14480,-17.4802619998894
14481,-17.4826531245739
14482,-17.4850440841427
14483,-17.4874348786185
14484,-17.489825508024
14485,-17.4922159723821
14486,-17.4946062717156
14487,-17.4969964060472
14488,-17.4993863753998
14489,-17.501776179796
14490,-17.5041658192587
14491,-17.5065552938107
14492,-17.5089446034746
14493,-17.5113337482733
14494,-17.5137227282295
14495,-17.516111543366
14496,-17.5185001937054
14497,-17.5208886792705
14498,-17.5232770000841
14499,-17.5256651561689
14500,-17.5280531475476
14501,-17.5304409742428
14502,-17.5328286362775
14503,-17.5352161336741
14504,-17.5376034664555
14505,-17.5399906346444
14506,-17.5423776382633
14507,-17.5447644773351
14508,-17.5471511518824
14509,-17.5495376619279
14510,-17.5519240074943
14511,-17.5543101886042
14512,-17.5566962052803
14513,-17.5590820575452
14514,-17.5614677454217
14515,-17.5638532689323
14516,-17.5662386280998
14517,-17.5686238229467
14518,-17.5710088534956
14519,-17.5733937197694
14520,-17.5757784217904
14521,-17.5781629595815
14522,-17.5805473331652
14523,-17.582931542564
14524,-17.5853155878007
14525,-17.5876994688978
14526,-17.590083185878
14527,-17.5924667387637
14528,-17.5948501275777
14529,-17.5972333523425
14530,-17.5996164130806
14531,-17.6019993098147
14532,-17.6043820425674
14533,-17.6067646113611
14534,-17.6091470162185
14535,-17.6115292571621
14536,-17.6139113342145
14537,-17.6162932473982
14538,-17.6186749967358
14539,-17.6210565822498
14540,-17.6234380039627
14541,-17.6258192618971
14542,-17.6282003560755
14543,-17.6305812865204
14544,-17.6329620532543
14545,-17.6353426562998
14546,-17.6377230956793
14547,-17.6401033714154
14548,-17.6424834835305
14549,-17.6448634320472
14550,-17.6472432169879
14551,-17.6496228383752
14552,-17.6520022962314
14553,-17.6543815905791
14554,-17.6567607214408
14555,-17.6591396888388
14556,-17.6615184927957
14557,-17.663897133334
14558,-17.666275610476
14559,-17.6686539242442
14560,-17.6710320746611
14561,-17.6734100617491
14562,-17.6757878855307
14563,-17.6781655460282
14564,-17.6805430432641
14565,-17.6829203772608
14566,-17.6852975480407
14567,-17.6876745556263
14568,-17.6900514000398
14569,-17.6924280813039
14570,-17.6948045994407
14571,-17.6971809544728
14572,-17.6995571464225
14573,-17.7019331753122
14574,-17.7043090411642
14575,-17.706684744001
14576,-17.7090602838449
14577,-17.7114356607183
14578,-17.7138108746436
14579,-17.716185925643
14580,-17.7185608137389
14581,-17.7209355389538
14582,-17.7233101013098
14583,-17.7256845008294
14584,-17.728058737535
14585,-17.7304328114487
14586,-17.732806722593
14587,-17.7351804709901
14588,-17.7375540566624
14589,-17.7399274796322
14590,-17.7423007399218
14591,-17.7446738375535
14592,-17.7470467725495
14593,-17.7494195449323
14594,-17.7517921547239
14595,-17.7541646019469
14596,-17.7565368866233
14597,-17.7589090087755
14598,-17.7612809684258
14599,-17.7636527655964
14600,-17.7660244003095
14601,-17.7683958725875
14602,-17.7707671824526
14603,-17.773138329927
14604,-17.775509315033
14605,-17.7778801377927
14606,-17.7802507982285
14607,-17.7826212963625
14608,-17.7849916322171
14609,-17.7873618058143
14610,-17.7897318171764
14611,-17.7921016663256
14612,-17.7944713532842
14613,-17.7968408780742
14614,-17.799210240718
14615,-17.8015794412377
14616,-17.8039484796555
14617,-17.8063173559935
14618,-17.808686070274
14619,-17.8110546225191
14620,-17.8134230127509
14621,-17.8157912409917
14622,-17.8181593072637
14623,-17.8205272115888
14624,-17.8228949539894
14625,-17.8252625344875
14626,-17.8276299531053
14627,-17.829997209865
14628,-17.8323643047886
14629,-17.8347312378982
14630,-17.8370980092161
14631,-17.8394646187643
14632,-17.8418310665649
14633,-17.8441973526401
14634,-17.8465634770119
14635,-17.8489294397024
14636,-17.8512952407338
14637,-17.8536608801281
14638,-17.8560263579075
14639,-17.8583916740939
14640,-17.8607568287094
14641,-17.8631218217763
14642,-17.8654866533164
14643,-17.8678513233519
14644,-17.8702158319048
14645,-17.8725801789972
14646,-17.8749443646512
14647,-17.8773083888887
14648,-17.8796722517318
14649,-17.8820359532026
14650,-17.8843994933231
14651,-17.8867628721152
14652,-17.8891260896012
14653,-17.8914891458028
14654,-17.8938520407422
14655,-17.8962147744414
14656,-17.8985773469224
14657,-17.9009397582071
14658,-17.9033020083176
14659,-17.9056640972759
14660,-17.9080260251039
14661,-17.9103877918237
14662,-17.9127493974571
14663,-17.9151108420262
14664,-17.917472125553
14665,-17.9198332480594
14666,-17.9221942095673
14667,-17.9245550100988
14668,-17.9269156496757
14669,-17.9292761283201
14670,-17.9316364460538
14671,-17.9339966028988
14672,-17.936356598877
14673,-17.9387164340104
14674,-17.9410761083209
14675,-17.9434356218304
14676,-17.9457949745608
14677,-17.948154166534
14678,-17.9505131977719
14679,-17.9528720682965
14680,-17.9552307781295
14681,-17.957589327293
14682,-17.9599477158088
14683,-17.9623059436988
14684,-17.9646640109849
14685,-17.9670219176889
14686,-17.9693796638327
14687,-17.9717372494381
14688,-17.9740946745271
14689,-17.9764519391215
14690,-17.9788090432431
14691,-17.9811659869139
14692,-17.9835227701555
14693,-17.9858793929899
14694,-17.988235855439
14695,-17.9905921575244
14696,-17.9929482992681
14697,-17.9953042806919
14698,-17.9976601018176
14699,-18.000015762667
14700,-18.0023712632619
14701,-18.0047266036241
14702,-18.0070817837754
14703,-18.0094368037376
14704,-18.0117916635326
14705,-18.014146363182
14706,-18.0165009027076
14707,-18.0188552821313
14708,-18.0212095014748
14709,-18.0235635607599
14710,-18.0259174600084
14711,-18.0282711992419
14712,-18.0306247784822
14713,-18.0329781977512
14714,-18.0353314570705
14715,-18.0376845564619
14716,-18.0400374959471
14717,-18.0423902755479
14718,-18.0447428952859
14719,-18.047095355183
14720,-18.0494476552607
14721,-18.0517997955409
14722,-18.0541517760453
14723,-18.0565035967955
14724,-18.0588552578132
14725,-18.0612067591202
14726,-18.0635581007381
14727,-18.0659092826886
14728,-18.0682603049935
14729,-18.0706111676743
14730,-18.0729618707528
14731,-18.0753124142506
14732,-18.0776627981894
14733,-18.0800130225909
14734,-18.0823630874767
14735,-18.0847129928684
14736,-18.0870627387878
14737,-18.0894123252564
14738,-18.0917617522959
14739,-18.0941110199279
14740,-18.0964601281741
14741,-18.0988090770561
14742,-18.1011578665954
14743,-18.1035064968138
14744,-18.1058549677328
14745,-18.1082032793741
14746,-18.1105514317592
14747,-18.1128994249098
14748,-18.1152472588474
14749,-18.1175949335936
14750,-18.11994244917
14751,-18.1222898055982
14752,-18.1246370028998
14753,-18.1269840410964
14754,-18.1293309202095
14755,-18.1316776402606
14756,-18.1340242012714
14757,-18.1363706032634
14758,-18.1387168462581
14759,-18.1410629302771
14760,-18.1434088553419
14761,-18.1457546214741
14762,-18.1481002286953
14763,-18.1504456770268
14764,-18.1527909664903
14765,-18.1551360971073
14766,-18.1574810688993
14767,-18.1598258818878
14768,-18.1621705360943
14769,-18.1645150315403
14770,-18.1668593682474
14771,-18.1692035462369
14772,-18.1715475655305
14773,-18.1738914261495
14774,-18.1762351281155
14775,-18.1785786714499
14776,-18.1809220561742
14777,-18.18326528231
14778,-18.1856083498785
14779,-18.1879512589014
14780,-18.1902940094
14781,-18.1926366013959
14782,-18.1949790349104
14783,-18.197321309965
14784,-18.1996634265811
14785,-18.2020053847802
14786,-18.2043471845837
14787,-18.206688826013
14788,-18.2090303090896
14789,-18.2113716338348
14790,-18.2137128002701
14791,-18.2160538084168
14792,-18.2183946582964
14793,-18.2207353499303
14794,-18.2230758833399
14795,-18.2254162585465
14796,-18.2277564755716
14797,-18.2300965344365
14798,-18.2324364351626
14799,-18.2347761777713
14800,-18.2371157622839
14801,-18.2394551887218
14802,-18.2417944571064
14803,-18.244133567459
14804,-18.246472519801
14805,-18.2488113141537
14806,-18.2511499505385
14807,-18.2534884289766
14808,-18.2558267494895
14809,-18.2581649120984
14810,-18.2605029168248
14811,-18.2628407636898
14812,-18.2651784527148
14813,-18.2675159839212
14814,-18.2698533573302
14815,-18.2721905729632
14816,-18.2745276308414
14817,-18.2768645309861
14818,-18.2792012734187
14819,-18.2815378581604
14820,-18.2838742852324
14821,-18.2862105546562
14822,-18.2885466664529
14823,-18.2908826206437
14824,-18.2932184172501
14825,-18.2955540562932
14826,-18.2978895377943
14827,-18.3002248617746
14828,-18.3025600282555
14829,-18.304895037258
14830,-18.3072298888036
14831,-18.3095645829133
14832,-18.3118991196085
14833,-18.3142334989103
14834,-18.31656772084
14835,-18.3189017854188
14836,-18.321235692668
14837,-18.3235694426086
14838,-18.325903035262
14839,-18.3282364706493
14840,-18.3305697487917
14841,-18.3329028697104
14842,-18.3352358334267
14843,-18.3375686399616
14844,-18.3399012893364
14845,-18.3422337815722
14846,-18.3445661166902
14847,-18.3468982947116
14848,-18.3492303156575
14849,-18.3515621795491
14850,-18.3538938864075
14851,-18.3562254362539
14852,-18.3585568291095
14853,-18.3608880649953
14854,-18.3632191439326
14855,-18.3655500659424
14856,-18.3678808310458
14857,-18.3702114392641
14858,-18.3725418906182
14859,-18.3748721851294
14860,-18.3772023228187
14861,-18.3795323037073
14862,-18.3818621278162
14863,-18.3841917951665
14864,-18.3865213057794
14865,-18.3888506596759
14866,-18.3911798568771
14867,-18.3935088974041
14868,-18.3958377812779
14869,-18.3981665085197
14870,-18.4004950791505
14871,-18.4028234931913
14872,-18.4051517506633
14873,-18.4074798515874
14874,-18.4098077959848
14875,-18.4121355838765
14876,-18.4144632152834
14877,-18.4167906902268
14878,-18.4191180087275
14879,-18.4214451708066
14880,-18.4237721764852
14881,-18.4260990257842
14882,-18.4284257187247
14883,-18.4307522553278
14884,-18.4330786356143
14885,-18.4354048596053
14886,-18.4377309273218
14887,-18.4400568387848
14888,-18.4423825940154
14889,-18.4447081930344
14890,-18.4470336358628
14891,-18.4493589225217
14892,-18.451684053032
14893,-18.4540090274147
14894,-18.4563338456908
14895,-18.4586585078812
14896,-18.4609830140068
14897,-18.4633073640886
14898,-18.4656315581477
14899,-18.4679555962048
14900,-18.470279478281
14901,-18.4726032043972
14902,-18.4749267745743
14903,-18.4772501888333
14904,-18.479573447195
14905,-18.4818965496805
14906,-18.4842194963105
14907,-18.4865422871061
14908,-18.4888649220881
14909,-18.4911874012775
14910,-18.493509724695
14911,-18.4958318923617
14912,-18.4981539042985
14913,-18.5004757605261
14914,-18.5027974610655
14915,-18.5051190059375
14916,-18.5074403951631
14917,-18.5097616287631
14918,-18.5120827067584
14919,-18.5144036291698
14920,-18.5167243960181
14921,-18.5190450073243
14922,-18.5213654631092
14923,-18.5236857633937
14924,-18.5260059081984
14925,-18.5283258975444
14926,-18.5306457314525
14927,-18.5329654099434
14928,-18.5352849330379
14929,-18.537604300757
14930,-18.5399235131214
14931,-18.5422425701519
14932,-18.5445614718694
14933,-18.5468802182946
14934,-18.5491988094483
14935,-18.5515172453514
14936,-18.5538355260246
14937,-18.5561536514887
14938,-18.5584716217644
14939,-18.5607894368727
14940,-18.5631070968341
14941,-18.5654246016696
14942,-18.5677419513998
14943,-18.5700591460456
14944,-18.5723761856276
14945,-18.5746930701667
14946,-18.5770097996836
14947,-18.5793263741989
14948,-18.5816427937336
14949,-18.5839590583083
14950,-18.5862751679436
14951,-18.5885911226605
14952,-18.5909069224795
14953,-18.5932225674215
14954,-18.595538057507
14955,-18.5978533927569
14956,-18.6001685731918
14957,-18.6024835988324
14958,-18.6047984696995
14959,-18.6071131858137
14960,-18.6094277471957
14961,-18.6117421538662
14962,-18.6140564058459
14963,-18.6163705031555
14964,-18.6186844458156
14965,-18.6209982338469
14966,-18.62331186727
14967,-18.6256253461057
14968,-18.6279386703746
14969,-18.6302518400972
14970,-18.6325648552944
14971,-18.6348777159867
14972,-18.6371904221948
14973,-18.6395029739393
14974,-18.6418153712408
14975,-18.64412761412
14976,-18.6464397025974
14977,-18.6487516366938
14978,-18.6510634164297
14979,-18.6533750418257
14980,-18.6556865129025
14981,-18.6579978296805
14982,-18.6603089921806
14983,-18.6626200004231
14984,-18.6649308544288
14985,-18.6672415542182
14986,-18.6695520998119
14987,-18.6718624912305
14988,-18.6741727284945
14989,-18.6764828116245
14990,-18.6787927406411
14991,-18.6811025155648
14992,-18.6834121364162
14993,-18.6857216032159
14994,-18.6880309159844
14995,-18.6903400747422
14996,-18.6926490795099
14997,-18.694957930308
14998,-18.6972666271571
14999,-18.6995751700777
15000,-18.7018835590903
