"f","l_density"
20,-47.3952386147452
21,-45.7058947453517
22,-44.0951540447468
23,-42.5560259466736
24,-41.0824128747342
25,-39.6689643374485
26,-38.3109596566557
27,-37.0042128401187
28,-35.7449947626594
29,-34.5299690089802
30,-33.3561385974375
31,-32.2208014427569
32,-31.1215128920419
33,-30.056054027439
34,-29.0224047020338
35,-28.0187204853627
36,-27.0433128574264
37,-26.0946321169471
38,-25.1712525693959
39,-24.271859639348
40,-23.3952386147452
41,-22.5402647812079
42,-21.7058947453517
43,-20.8911587791916
44,-20.0951540447468
45,-19.3170385801297
46,-18.5560259466736
47,-17.8113804517786
48,-17.0824128747342
49,-16.3684766332769
50,-15.6689643374485
51,-14.983304684726
52,-14.3109596566557
53,-13.6514219825251
54,-13.0042128401187
55,-12.3688797674501
56,-11.7449947626594
57,-11.1321525520881
58,-10.5299690089802
59,-9.93807970735773
60,-9.35613859743748
61,-8.78381679053265
62,-8.22080144275691
63,-7.66679472804393
64,-7.12151289204192
65,-6.58468537935902
66,-6.05605402743904
67,-5.53537232105538
68,-5.02240470203377
69,-4.51692592936587
70,-4.01872048536273
71,-3.52758202392955
72,-3.04331285742642
73,-2.56572347892151
74,-2.09463211694712
75,-1.62986432014078
76,-1.17125256939587
77,-0.718635915364288
78,-0.271859639347966
79,0.169225064208547
80,0.604761385254776
81,1.03488717718908
82,1.45973521879208
83,1.87943346028427
84,2.29410525464833
85,2.70386957526291
86,3.10884122080843
87,3.50913100832756
88,3.90484595525322
89,4.29608945115162
90,4.68296141987027
91,5.06555847272679
92,5.44397405332639
93,5.81829857455084
94,6.18861954822138
95,6.55502170790082
96,6.91758712526583
97,7.27639532044914
98,7.63152336672307
99,7.98304598986871
100,8.33103566255147
101,8.67556269400115
102,9.01669531527397
103,9.35449976035532
104,9.68904034334429
105,10.020379531945
106,10.3485780174749
107,10.6736947815856
108,10.9957871598813
109,11.3149109026043
110,11.6311202325499
111,11.9444679003606
112,12.2550052373406
113,12.5627822059226
114,12.8678474479119
115,13.1702483306231
116,13.4700309910198
117,13.7672403779598
118,14.0619202926423
119,14.3541134273487
120,14.6438614025625
121,14.9312048025484
122,15.2161832094673
123,15.4988352360998
124,15.7791985572431
125,16.0573099398482
126,16.3332052719561
127,16.6069195904901
128,16.8784871079581
129,17.1479412381162
130,17.415314620641
131,17.6806391448569
132,17.943945972561
133,18.2052655599866
134,18.4646276789446
135,18.722061437178
136,18.9775952979662
137,19.2312570990107
138,19.4830740706341
139,19.7330728533223
140,19.9812795146373
141,20.2277195655291
142,20.4724179760704
143,20.7153991906394
144,20.9566871425736
145,21.1963052683165
146,21.4342765210785
147,21.6706233840308
148,21.9053678830529
149,22.13853159905
150,22.3701356798592
151,22.60020085176
152,22.8287474306041
153,23.0557953325817
154,23.2813640846357
155,23.5054728345398
156,23.728140360652
157,23.9493850813571
158,24.1692250642085
159,24.3876780347826
160,24.6047613852548
161,24.8204921827089
162,25.0348871771891
163,25.2479628095039
164,25.4597352187921
165,25.6702202498577
166,25.8794334602843
167,26.0873901273353
168,26.2941052546483
169,26.4995935787305
170,26.7038695752629
171,26.9069474652196
172,27.1088412208084
173,27.3095645712395
174,27.5091310083276
175,27.707553791934
176,27.9048459552532
177,28.10102030995
178,28.2960894511516
179,28.4900657623002
180,28.6829614198703
181,28.874788397955
182,29.0655584727268
183,29.2552832267751
184,29.4439740533264
185,29.6316421603496
186,29.8182985745508
187,30.0039541452614
188,30.1886195482214
189,30.3723052892638
190,30.5550217079008
191,30.736778980816
192,30.9175871252658
193,31.097456002392
194,31.2763953204491
195,31.4544146379487
196,31.6315233667231
197,31.8077307749111
198,31.9830459898687
199,32.1574780010057
200,32.3310356625515
201,32.5037276962524
202,32.6755626940012
203,32.8465491204023
204,33.016695315274
205,33.1860094960888
206,33.3544997603553
207,33.5221740879419
208,33.6890403433443
209,33.8551062778993
210,34.020379531945
211,34.1848676369305
212,34.3485780174749
213,34.5115179933782
214,34.6736947815856
215,34.8351154981051
216,34.9957871598813
217,35.1557166866256
218,35.3149109026043
219,35.4733765383862
220,35.6311202325499
221,35.7881485333524
222,35.9444679003606
223,36.1000847060454
224,36.2550052373406
225,36.409235697167
226,36.5627822059226
227,36.71565080294
228,36.8678474479119
229,37.0193780222847
230,37.1702483306231
231,37.3204641019435
232,37.4700309910198
233,37.6189545796608
234,37.7672403779598
235,37.9148938255181
236,38.0619202926423
237,38.2083250815163
238,38.3541134273487
239,38.499290499496
240,38.6438614025625
241,38.7878311774772
242,38.9312048025484
243,39.0739871944968
244,39.2161832094674
245,39.3577976440198
246,39.4988352360998
247,39.6393006659903
248,39.7791985572431
249,39.918533477592
250,40.0573099398482
251,40.0869628881236
252,40.1164979317207
253,40.1459160045419
254,40.1752180294369
255,40.2044049183773
256,40.2334775726265
257,40.2624368829067
258,40.2912837295628
259,40.3200189827228
260,40.3486435024553
261,40.3771581389243
262,40.4055637325401
263,40.4338611141084
264,40.4620511049761
265,40.490134517174
266,40.5181121535575
267,40.5459848079442
268,40.5737532652489
269,40.6014183016164
270,40.6289806845518
271,40.6564411730479
272,40.6838005177108
273,40.7110594608831
274,40.7382187367647
275,40.7652790715313
276,40.7922411834511
277,40.8191057829991
278,40.8458735729695
279,40.8725452485858
280,40.8991214976095
281,40.9256030004464
282,40.9519904302508
283,40.9782844530287
284,41.0044857277381
285,41.0305949063886
286,41.0566126341385
287,41.0825395493904
288,41.1083762838854
289,41.1341234627952
290,41.1597817048131
291,41.1853516222431
292,41.2108338210876
293,41.2362289011336
294,41.2615374560374
295,41.2867600734075
296,41.3118973348874
297,41.336949816235
298,41.3619180874024
299,41.3868027126135
300,41.4116042504406
301,41.4363232538794
302,41.4609602704232
303,41.4855158421356
304,41.5099905057222
305,41.5343847926005
306,41.5586992289697
307,41.5829343358787
308,41.6070906292927
309,41.6311686201596
310,41.6551688144746
311,41.6790917133439
312,41.7029378130478
313,41.7267076051022
314,41.7504015763195
315,41.7740202088684
316,41.7975639803329
317,41.8210333637698
318,41.8444288277665
319,41.8677508364962
320,41.8909998497742
321,41.9141763231112
322,41.9372807077677
323,41.9603134508065
324,41.9832749951443
325,42.006165779603
326,42.0289862389603
327,42.0517368039988
328,42.074417901555
329,42.0970299545675
330,42.1195733821238
331,42.1420485995076
332,42.1644560182444
333,42.1867960461463
334,42.2090690873573
335,42.2312755423966
336,42.253415808202
337,42.2754902781725
338,42.2974993422102
339,42.3194433867616
340,42.3413227948585
341,42.3631379461577
342,42.3848892169811
343,42.406576980354
344,42.428201606044
345,42.4497634605988
346,42.4712629073831
347,42.4927003066157
348,42.5140760154055
349,42.5353903877874
350,42.5566437747572
351,42.5778365243067
352,42.5989689814573
353,42.6200414882944
354,42.641054384
355,42.6620080048858
356,42.6829026844254
357,42.7037387532863
358,42.724516539361
359,42.7452363677981
360,42.7658985610331
361,42.7865034388179
362,42.8070513182511
363,42.827542513807
364,42.8479773373644
365,42.8683560982353
366,42.8886791031929
367,42.9089466564992
368,42.9291590599324
369,42.9493166128139
370,42.9694196120351
371,42.9894683520831
372,43.009463125067
373,43.0294042207435
374,43.0492919265417
375,43.0691265275883
376,43.0889083067321
377,43.1086375445679
378,43.1283145194609
379,43.1479395075696
380,43.1675127828699
381,43.187034617177
382,43.2065052801691
383,43.225925039409
384,43.2452941603666
385,43.2646129064404
386,43.2838815389791
387,43.3031003173029
388,43.3222694987243
389,43.3413893385689
390,43.3604600901955
391,43.3794820050167
392,43.3984553325186
393,43.4173803202802
394,43.4362572139931
395,43.4550862574806
396,43.4738676927162
397,43.492601759843
398,43.5112886971914
399,43.5299287412977
400,43.5485221269219
401,43.5670690870654
402,43.585569852989
403,43.6040246542294
404,43.6224337186169
405,43.640797272292
406,43.6591155397221
407,43.6773887437183
408,43.6956171054509
409,43.7138008444665
410,43.7319401787027
411,43.7500353245049
412,43.7680864966408
413,43.7860939083166
414,43.8040577711913
415,43.8219782953921
416,43.839855689529
417,43.8576901607096
418,43.875481914553
419,43.8932311552046
420,43.9109380853497
421,43.9286029062275
422,43.9462258176452
423,43.963807017991
424,43.9813467042477
425,43.9988450720062
426,44.0163023154782
427,44.0337186275095
428,44.0510941995924
429,44.0684292218786
430,44.0857238831917
431,44.1029783710393
432,44.1201928716255
433,44.1373675698627
434,44.1545026493836
435,44.1715982925532
436,44.18865468048
437,44.2056719930281
438,44.2226504088278
439,44.2395901052876
440,44.256491258605
441,44.2733540437775
442,44.2901786346134
443,44.3069652037426
444,44.3237139226275
445,44.3404249615731
446,44.3570984897376
447,44.3737346751425
448,44.3903336846832
449,44.4068956841385
450,44.4234208381807
451,44.4399093103859
452,44.4563612632429
453,44.4727768581633
454,44.4891562554912
455,44.5054996145121
456,44.5218070934623
457,44.5380788495385
458,44.5543150389063
459,44.5705158167098
460,44.5866813370801
461,44.6028117531439
462,44.6189072170328
463,44.6349678798917
464,44.6509938918867
465,44.6669854022147
466,44.6829425591106
467,44.6988655098561
468,44.7147544007879
469,44.7306093773056
470,44.7464305838798
471,44.7622181640596
472,44.7779722604812
473,44.7936930148749
474,44.809380568073
475,44.8250350600175
476,44.8406566297676
477,44.8562454155066
478,44.87180155455
479,44.8873251833524
480,44.9028164375143
481,44.9182754517899
482,44.9337023600938
483,44.9490972955079
484,44.9644603902882
485,44.979791775872
486,44.9950915828844
487,45.0103599411449
488,45.0255969796741
489,45.0408028267005
490,45.0559776096663
491,45.0711214552346
492,45.0862344892952
493,45.1013168369711
494,45.1163686226247
495,45.1313899698639
496,45.1463810015482
497,45.1613418397949
498,45.1762726059845
499,45.1911734207675
500,45.2060444040695
501,45.1785969623901
502,45.1512042514383
503,45.1238660533801
504,45.0965821516795
505,45.0693523310881
506,45.0421763776349
507,45.0150540786163
508,44.9879852225861
509,44.9609695993454
510,44.9340069999332
511,44.9070972166164
512,44.8802400428801
513,44.8534352734186
514,44.8266827041253
515,44.7999821320841
516,44.7733333555594
517,44.7467361739877
518,44.7201903879679
519,44.6936957992529
520,44.6672522107401
521,44.6408594264633
522,44.6145172515833
523,44.5882254923799
524,44.5619839562427
525,44.5357924516633
526,44.5096507882265
527,44.4835587766019
528,44.4575162285362
529,44.4315229568443
530,44.4055787754021
531,44.3796834991376
532,44.3538369440238
533,44.3280389270702
534,44.3022892663155
535,44.2765877808194
536,44.2509342906557
537,44.2253286169039
538,44.1997705816425
539,44.1742600079409
540,44.1487967198524
541,44.1233805424072
542,44.0980113016044
543,44.0726888244056
544,44.0474129387276
545,44.022183473435
546,43.9970002583339
547,43.9718631241645
548,43.9467719025944
549,43.9217264262122
550,43.89672652852
551,43.8717720439276
552,43.8468628077456
553,43.8219986561785
554,43.797179426319
555,43.7724049561408
556,43.747675084493
557,43.722989651093
558,43.6983484965211
559,43.6737514622138
560,43.6491983904577
561,43.6246891243837
562,43.6002235079606
563,43.5758013859897
564,43.5514226040983
565,43.5270870087342
566,43.5027944471598
567,43.4785447674462
568,43.454337818468
569,43.4301734498969
570,43.4060515121967
571,43.3819718566176
572,43.3579343351906
573,43.3339388007219
574,43.3099851067878
575,43.2860731077294
576,43.2622026586468
577,43.2383736153944
578,43.2145858345751
579,43.1908391735358
580,43.1671334903615
581,43.143468643871
582,43.1198444936112
583,43.0962608998525
584,43.0727177235837
585,43.0492148265068
586,43.025752071033
587,43.0023293202766
588,42.9789464380515
589,42.9556032888654
590,42.9322997379158
591,42.9090356510849
592,42.8858108949352
593,42.8626253367048
594,42.8394788443029
595,42.8163712863052
596,42.7933025319496
597,42.7702724511317
598,42.7472809144
599,42.7243277929523
600,42.7014129586306
601,42.6785362839175
602,42.6556976419314
603,42.6328969064224
604,42.6101339517683
605,42.5874086529704
606,42.5647208856492
607,42.5420705260405
608,42.5194574509911
609,42.4968815379553
610,42.4743426649903
611,42.4518407107527
612,42.4293755544943
613,42.4069470760583
614,42.3845551558756
615,42.3621996749607
616,42.3398805149082
617,42.3175975578886
618,42.2953506866452
619,42.2731397844898
620,42.2509647352993
621,42.2288254235123
622,42.2067217341248
623,42.1846535526875
624,42.1626207653012
625,42.1406232586144
626,42.1186609198191
627,42.0967336366472
628,42.0748412973677
629,42.0529837907827
630,42.0311610062244
631,42.0093728335515
632,41.9876191631458
633,41.9658998859093
634,41.9442148932604
635,41.922564077131
636,41.9009473299632
637,41.8793645447059
638,41.857815614812
639,41.8363004342347
640,41.814818897425
641,41.7933708993281
642,41.7719563353805
643,41.750575101507
644,41.7292270941176
645,41.7079122101043
646,41.6866303468386
647,41.6653814021681
648,41.6441652744135
649,41.6229818623663
650,41.601831065285
651,41.5807127828931
652,41.5596269153757
653,41.5385733633766
654,41.5175520279961
655,41.4965628107876
656,41.4756056137551
657,41.4546803393504
658,41.4337868904703
659,41.4129251704542
660,41.3920950830811
661,41.3712965325669
662,41.350529423562
663,41.3297936611487
664,41.3090891508383
665,41.2884157985687
666,41.2677735107019
667,41.2471621940214
668,41.2265817557294
669,41.2060321034449
670,41.1855131452006
671,41.1650247894408
672,41.1445669450188
673,41.1241395211945
674,41.1037424276321
675,41.0833755743974
676,41.0630388719556
677,41.0427322311693
678,41.0224555632953
679,41.0022087799832
680,40.9819917932725
681,40.9618045155904
682,40.9416468597498
683,40.9215187389466
684,40.9014200667578
685,40.8813507571394
686,40.8613107244235
687,40.841299883317
688,40.8213181488987
689,40.8013654366176
690,40.7814416622905
691,40.7615467420999
692,40.7416805925922
693,40.7218431306749
694,40.7020342736153
695,40.6822539390379
696,40.6625020449226
697,40.6427785096026
698,40.6230832517623
699,40.6034161904353
700,40.5837772450026
701,40.5641663351903
702,40.544583381068
703,40.5250283030462
704,40.5055010218755
705,40.4860014586432
706,40.4665295347729
707,40.4470851720212
708,40.4276682924769
709,40.4082788185586
710,40.3889166730129
711,40.3695817789126
712,40.3502740596547
713,40.3309934389592
714,40.3117398408663
715,40.2925131897355
716,40.2733134102432
717,40.2541404273814
718,40.2349941664556
719,40.2158745530832
720,40.1967815131917
721,40.1777149730172
722,40.1586748591021
723,40.1396610982944
724,40.1206736177449
725,40.1017123449064
726,40.0827772075315
727,40.0638681336712
728,40.0449850516732
729,40.0261278901803
730,40.0072965781286
731,39.9884910447462
732,39.9697112195514
733,39.9509570323513
734,39.9322284132397
735,39.9135252925964
736,39.8948476010849
737,39.876195269651
738,39.8575682295218
739,39.8389664122035
740,39.8203897494801
741,39.8018381734122
742,39.7833116163352
743,39.7648100108577
744,39.7463332898604
745,39.7278813864946
746,39.7094542341802
747,39.691051766605
748,39.672673917723
749,39.6543206217525
750,39.6359918131755
751,39.6176874267358
752,39.5994073974376
753,39.5811516605443
754,39.562920151577
755,39.5447128063132
756,39.5265295607855
757,39.50837035128
758,39.4902351143353
759,39.4721237867409
760,39.454036305536
761,39.4359726080082
762,39.4179326316921
763,39.3999163143681
764,39.3819235940611
765,39.3639544090392
766,39.3460086978124
767,39.3280863991313
768,39.3101874519861
769,39.292311795605
770,39.2744593694531
771,39.2566301132313
772,39.238823966875
773,39.2210408705529
774,39.2032807646654
775,39.1855435898443
776,39.1678292869505
777,39.1501377970739
778,39.1324690615314
779,39.1148230218661
780,39.0971996198461
781,39.0795987974633
782,39.0620204969324
783,39.0444646606893
784,39.0269312313908
785,39.0094201519126
786,38.9919313653487
787,38.9744648150103
788,38.9570204444242
789,38.9395981973325
790,38.9221980176907
791,38.9048198496673
792,38.8874636376422
793,38.8701293262059
794,38.8528168601583
795,38.8355261845081
796,38.8182572444709
797,38.801009985469
798,38.7837843531298
799,38.7665802932851
800,38.7493977519699
801,38.7322366754215
802,38.7150970100783
803,38.697978702579
804,38.6808816997617
805,38.6638059486625
806,38.6467513965148
807,38.6297179907485
808,38.6127056789885
809,38.5957144090542
810,38.5787441289585
811,38.5617947869064
812,38.5448663312946
813,38.5279587107104
814,38.5110718739306
815,38.4942057699206
816,38.4773603478336
817,38.4605355570097
818,38.4437313469748
819,38.4269476674399
820,38.4101844683
821,38.3934416996334
822,38.3767193117005
823,38.3600172549433
824,38.3433354799844
825,38.326673937626
826,38.3100325788489
827,38.2934113548121
828,38.2768102168516
829,38.2602291164794
830,38.2436680053832
831,38.227126835425
832,38.2106055586405
833,38.1941041272383
834,38.177622493599
835,38.1611606102743
836,38.1447184299865
837,38.1282959056272
838,38.1118929902568
839,38.0955096371038
840,38.0791457995637
841,38.0628014311984
842,38.0464764857353
843,38.0301709170666
844,38.0138846792486
845,37.9976177265005
846,37.9813700132043
847,37.9651414939035
848,37.9489321233025
849,37.9327418562658
850,37.9165706478174
851,37.90041845314
852,37.884285227574
853,37.8681709266171
854,37.8520755059234
855,37.8359989213027
856,37.8199411287198
857,37.8039020842936
858,37.7878817442966
859,37.7718800651541
860,37.7558970034436
861,37.7399325158938
862,37.7239865593842
863,37.7080590909443
864,37.6921500677528
865,37.6762594471371
866,37.6603871865723
867,37.6445332436811
868,37.6286975762324
869,37.6128801421412
870,37.5970808994675
871,37.5812998064161
872,37.5655368213354
873,37.5497919027173
874,37.5340650091959
875,37.5183560995475
876,37.5026651326897
877,37.4869920676804
878,37.4713368637177
879,37.455699480139
880,37.4400798764204
881,37.424478012176
882,37.4088938471575
883,37.3933273412533
884,37.377778454488
885,37.3622471470218
886,37.34673337915
887,37.331237111302
888,37.3157583040412
889,37.3002969180641
890,37.2848529141997
891,37.2694262534089
892,37.2540168967842
893,37.2386248055486
894,37.2232499410556
895,37.2078922647881
896,37.1925517383581
897,37.177228323506
898,37.1619219821001
899,37.1466326761362
900,37.1313603677366
901,37.11610501915
902,37.1008665927505
903,37.0856450510374
904,37.0704403566346
905,37.0552524722899
906,37.0400813608743
907,37.0249269853822
908,37.0097893089297
909,36.9946682947552
910,36.9795639062181
911,36.9644761067986
912,36.9494048600971
913,36.9343501298337
914,36.9193118798475
915,36.9042900740964
916,36.8892846766563
917,36.8742956517207
918,36.8593229636003
919,36.8443665767223
920,36.8294264556298
921,36.8145025649816
922,36.7995948695517
923,36.7847033342284
924,36.7698279240142
925,36.7549686040251
926,36.7401253394901
927,36.7252980957512
928,36.7104868382619
929,36.6956915325878
930,36.6809121444053
931,36.6661486395018
932,36.6514009837746
933,36.6366691432309
934,36.6219530839869
935,36.6072527722679
936,36.5925681744072
937,36.5778992568463
938,36.5632459861337
939,36.5486083289251
940,36.5339862519825
941,36.5193797221742
942,36.5047887064737
943,36.4902131719599
944,36.4756530858162
945,36.4611084153304
946,36.4465791278941
947,36.4320651910019
948,36.4175665722518
949,36.4030832393441
950,36.3886151600809
951,36.3741623023664
952,36.3597246342056
953,36.3453021237044
954,36.3308947390692
955,36.3165024486061
956,36.3021252207207
957,36.287763023918
958,36.2734158268013
959,36.2590835980725
960,36.244766306531
961,36.230463921074
962,36.2161764106956
963,36.2019037444865
964,36.1876458916337
965,36.17340282142
966,36.1591745032236
967,36.1449609065179
968,36.1307620008708
969,36.1165777559446
970,36.1024081414954
971,36.0882531273729
972,36.0741126835195
973,36.059986779971
974,36.0458753868549
975,36.031778474391
976,36.0176960128907
977,36.0036279727565
978,35.9895743244817
979,35.9755350386501
980,35.9615100859357
981,35.9474994371021
982,35.9335030630024
983,35.9195209345785
984,35.9055530228611
985,35.8915992989691
986,35.8776597341094
987,35.8637342995763
988,35.8498229667515
989,35.8359257071035
990,35.8220424921871
991,35.8081732936435
992,35.7943180831997
993,35.780476832668
994,35.766649513946
995,35.7528360990158
996,35.7390365599443
997,35.7252508688822
998,35.7114789980641
999,35.6977209198079
1000,35.6839766065148
1001,35.6687965974375
1002,35.6536317456358
1003,35.6384820208709
1004,35.6233473929942
1005,35.6082278319471
1006,35.5931233077608
1007,35.5780337905557
1008,35.5629592505415
1009,35.547899658016
1010,35.5328549833658
1011,35.517825197065
1012,35.5028102696754
1013,35.4878101718462
1014,35.4728248743133
1015,35.4578543478991
1016,35.4428985635123
1017,35.4279574921474
1018,35.4130311048845
1019,35.3981193728889
1020,35.3832222674105
1021,35.368339759784
1022,35.3534718214283
1023,35.3386184238458
1024,35.3237795386229
1025,35.3089551374288
1026,35.2941451920159
1027,35.2793496742188
1028,35.2645685559548
1029,35.2498018092227
1030,35.2350494061031
1031,35.2203113187578
1032,35.2055875194296
1033,35.190877980442
1034,35.1761826741987
1035,35.1615015731836
1036,35.1468346499602
1037,35.1321818771714
1038,35.1175432275393
1039,35.1029186738648
1040,35.0883081890271
1041,35.0737117459838
1042,35.0591293177704
1043,35.0445608774998
1044,35.0300063983625
1045,35.0154658536256
1046,35.0009392166334
1047,34.9864264608062
1048,34.9719275596406
1049,34.957442486709
1050,34.9429712156594
1051,34.928513720215
1052,34.9140699741739
1053,34.8996399514091
1054,34.8852236258677
1055,34.8708209715711
1056,34.8564319626147
1057,34.8420565731671
1058,34.8276947774704
1059,34.8133465498397
1060,34.7990118646627
1061,34.7846906963998
1062,34.7703830195833
1063,34.7560888088175
1064,34.7418080387785
1065,34.7275406842135
1066,34.713286719941
1067,34.6990461208503
1068,34.6848188619013
1069,34.6706049181239
1070,34.6564042646186
1071,34.6422168765551
1072,34.6280427291731
1073,34.6138817977812
1074,34.5997340577572
1075,34.5855994845476
1076,34.5714780536673
1077,34.5573697406997
1078,34.5432745212959
1079,34.5291923711748
1080,34.5151232661228
1081,34.5010671819937
1082,34.4870240947079
1083,34.4729939802528
1084,34.4589768146824
1085,34.4449725741166
1086,34.4309812347416
1087,34.4170027728091
1088,34.4030371646365
1089,34.3890843866065
1090,34.3751444151666
1091,34.3612172268293
1092,34.3473027981717
1093,34.3334011058349
1094,34.3195121265245
1095,34.3056358370096
1096,34.2917722141232
1097,34.2779212347614
1098,34.2640828758838
1099,34.2502571145125
1100,34.2364439277326
1101,34.2226432926917
1102,34.2088551865995
1103,34.1950795867276
1104,34.1813164704096
1105,34.1675658150407
1106,34.1538275980772
1107,34.1401017970368
1108,34.1263883894979
1109,34.1126873530996
1110,34.0989986655416
1111,34.0853223045836
1112,34.0716582480456
1113,34.0580064738073
1114,34.044366959808
1115,34.0307396840463
1116,34.01712462458
1117,34.003521759526
1118,33.9899310670598
1119,33.9763525254155
1120,33.9627861128855
1121,33.9492318078203
1122,33.9356895886283
1123,33.9221594337758
1124,33.9086413217863
1125,33.8951352312408
1126,33.8816411407773
1127,33.8681590290908
1128,33.8546888749329
1129,33.8412306571116
1130,33.8277843544914
1131,33.8143499459927
1132,33.8009274105918
1133,33.7875167273209
1134,33.7741178752675
1135,33.7607308335743
1136,33.7473555814395
1137,33.7339920981158
1138,33.7206403629109
1139,33.7073003551867
1140,33.6939720543598
1141,33.6806554399008
1142,33.6673504913342
1143,33.6540571882382
1144,33.6407755102449
1145,33.6275054370393
1146,33.6142469483601
1147,33.6010000239987
1148,33.5877646437994
1149,33.5745407876592
1150,33.5613284355276
1151,33.5481275674062
1152,33.5349381633489
1153,33.5217602034613
1154,33.5085936679011
1155,33.4954385368773
1156,33.4822947906502
1157,33.4691624095314
1158,33.4560413738838
1159,33.4429316641207
1160,33.4298332607064
1161,33.4167461441556
1162,33.4036702950332
1163,33.3906056939544
1164,33.3775523215845
1165,33.3645101586383
1166,33.3514791858805
1167,33.3384593841252
1168,33.3254507342357
1169,33.3124532171244
1170,33.299466813753
1171,33.2864915051317
1172,33.2735272723193
1173,33.2605740964233
1174,33.2476319585992
1175,33.2347008400509
1176,33.2217807220301
1177,33.2088715858364
1178,33.195973412817
1179,33.1830861843666
1180,33.1702098819272
1181,33.1573444869881
1182,33.1444899810853
1183,33.1316463458019
1184,33.1188135627676
1185,33.1059916136586
1186,33.0931804801976
1187,33.0803801441533
1188,33.0675905873406
1189,33.0548117916204
1190,33.0420437388991
1191,33.0292864111288
1192,33.0165397903072
1193,33.003803858477
1194,32.9910785977262
1195,32.9783639901879
1196,32.9656600180398
1197,32.9529666635044
1198,32.9402839088488
1199,32.9276117363844
1200,32.9149501284668
1201,32.9022990674958
1202,32.8896585359151
1203,32.8770285162122
1204,32.8644089909182
1205,32.8517999426078
1206,32.839201353899
1207,32.8266132074531
1208,32.8140354859744
1209,32.8014681722102
1210,32.7889112489504
1211,32.7763646990279
1212,32.7638285053178
1213,32.7513026507377
1214,32.7387871182474
1215,32.7262818908488
1216,32.7137869515858
1217,32.7013022835441
1218,32.6888278698511
1219,32.6763636936755
1220,32.6639097382277
1221,32.6514659867594
1222,32.6390324225631
1223,32.6266090289726
1224,32.6141957893625
1225,32.601792687148
1226,32.5893997057851
1227,32.5770168287702
1228,32.5646440396399
1229,32.5522813219711
1230,32.5399286593808
1231,32.5275860355259
1232,32.5152534341033
1233,32.5029308388492
1234,32.4906182335396
1235,32.47831560199
1236,32.4660229280551
1237,32.4537401956286
1238,32.4414673886436
1239,32.4292044910719
1240,32.416951486924
1241,32.4047083602493
1242,32.3924750951356
1243,32.3802516757092
1244,32.3680380861346
1245,32.3558343106146
1246,32.3436403333898
1247,32.3314561387392
1248,32.319281710979
1249,32.3071170344637
1250,32.2949620935848
1251,32.2828168727716
1252,32.2706813564907
1253,32.2585555292458
1254,32.2464393755776
1255,32.2343328800641
1256,32.2222360273199
1257,32.2101488019962
1258,32.1980711887812
1259,32.1860031723993
1260,32.1739447376114
1261,32.1618958692147
1262,32.1498565520424
1263,32.137826770964
1264,32.1258065108846
1265,32.1137957567454
1266,32.1017944935231
1267,32.0898027062301
1268,32.0778203799143
1269,32.0658474996589
1270,32.0538840505822
1271,32.0419300178379
1272,32.0299853866147
1273,32.018050142136
1274,32.0061242696603
1275,31.9942077544805
1276,31.9823005819242
1277,31.9704027373537
1278,31.9585142061655
1279,31.9466349737902
1280,31.9347650256928
1281,31.9229043473723
1282,31.9110529243617
1283,31.8992107422276
1284,31.8873777865706
1285,31.8755540430247
1286,31.8637394972578
1287,31.8519341349708
1288,31.8401379418982
1289,31.8283509038075
1290,31.8165730064996
1291,31.804804235808
1292,31.7930445775995
1293,31.7812940177735
1294,31.7695525422621
1295,31.7578201370301
1296,31.7460967880748
1297,31.7343824814258
1298,31.722677203145
1299,31.7109809393267
1300,31.699293676097
1301,31.6876153996142
1302,31.6759460960686
1303,31.664285751682
1304,31.6526343527082
1305,31.6409918854324
1306,31.6293583361715
1307,31.6177336912737
1308,31.6061179371186
1309,31.5945110601169
1310,31.5829130467106
1311,31.5713238833726
1312,31.5597435566068
1313,31.548172052948
1314,31.5366093589616
1315,31.5250554612439
1316,31.5135103464215
1317,31.5019740011516
1318,31.4904464121219
1319,31.4789275660502
1320,31.4674174496846
1321,31.4559160498033
1322,31.4444233532144
1323,31.4329393467561
1324,31.4214640172963
1325,31.4099973517327
1326,31.3985393369927
1327,31.3870899600332
1328,31.3756492078406
1329,31.3642170674306
1330,31.3527935258484
1331,31.3413785701682
1332,31.3299721874935
1333,31.3185743649567
1334,31.3071850897192
1335,31.2958043489712
1336,31.2844321299318
1337,31.2730684198487
1338,31.2617132059982
1339,31.2503664756853
1340,31.239028216243
1341,31.2276984150331
1342,31.2163770594455
1343,31.2050641368982
1344,31.1937596348374
1345,31.1824635407373
1346,31.1711758420999
1347,31.1598965264552
1348,31.1486255813609
1349,31.1373629944025
1350,31.1261087531928
1351,31.1148628453724
1352,31.1036252586092
1353,31.0923959805986
1354,31.081174999063
1355,31.0699623017523
1356,31.0587578764434
1357,31.04756171094
1358,31.0363737930731
1359,31.0251941107004
1360,31.0140226517065
1361,31.0028594040025
1362,30.9917043555263
1363,30.9805574942425
1364,30.9694188081418
1365,30.9582882852416
1366,30.9471659135856
1367,30.9360516812437
1368,30.9249455763118
1369,30.9138475869122
1370,30.9027577011931
1371,30.8916759073286
1372,30.8806021935187
1373,30.8695365479891
1374,30.8584789589913
1375,30.8474294148026
1376,30.8363879037256
1377,30.8253544140885
1378,30.8143289342449
1379,30.8033114525739
1380,30.7923019574796
1381,30.7813004373915
1382,30.7703068807641
1383,30.7593212760772
1384,30.7483436118353
1385,30.7373738765678
1386,30.7264120588292
1387,30.7154581471986
1388,30.7045121302797
1389,30.6935739967011
1390,30.6826437351156
1391,30.6717213342008
1392,30.6608067826584
1393,30.6499000692148
1394,30.6390011826204
1395,30.62811011165
1396,30.6172268451022
1397,30.6063513718
1398,30.5954836805903
1399,30.5846237603439
1400,30.5737715999554
1401,30.5629271883433
1402,30.5520905144497
1403,30.5412615672405
1404,30.530440335705
1405,30.5196268088562
1406,30.5088209757305
1407,30.4980228253876
1408,30.4872323469106
1409,30.4764495294059
1410,30.4656743620028
1411,30.4549068338542
1412,30.4441469341356
1413,30.4333946520458
1414,30.4226499768064
1415,30.4119128976618
1416,30.4011834038792
1417,30.3904614847488
1418,30.3797471295831
1419,30.3690403277174
1420,30.3583410685094
1421,30.3476493413396
1422,30.3369651356106
1423,30.3262884407473
1424,30.3156192461972
1425,30.3049575414298
1426,30.2943033159367
1427,30.2836565592319
1428,30.2730172608511
1429,30.2623854103521
1430,30.2517609973148
1431,30.2411440113407
1432,30.2305344420531
1433,30.2199322790973
1434,30.2093375121399
1435,30.1987501308694
1436,30.1881701249957
1437,30.1775974842502
1438,30.1670321983859
1439,30.1564742571769
1440,30.1459236504188
1441,30.1353803679284
1442,30.1248443995437
1443,30.1143157351237
1444,30.1037943645488
1445,30.0932802777201
1446,30.0827734645598
1447,30.072273915011
1448,30.0617816190375
1449,30.0512965666242
1450,30.0408187477764
1451,30.0303481525202
1452,30.0198847709024
1453,30.0094285929903
1454,29.9989796088715
1455,29.9885378086545
1456,29.9781031824676
1457,29.96767572046
1458,29.9572554128008
1459,29.9468422496795
1460,29.9364362213056
1461,29.9260373179089
1462,29.9156455297392
1463,29.9052608470662
1464,29.8948832601797
1465,29.8845127593893
1466,29.8741493350243
1467,29.8637929774341
1468,29.8534436769877
1469,29.8431014240735
1470,29.8327662091
1471,29.8224380224949
1472,29.8121168547056
1473,29.8018026961988
1474,29.7914955374608
1475,29.7811953689972
1476,29.7709021813328
1477,29.7606159650117
1478,29.7503367105973
1479,29.7400644086721
1480,29.7297990498375
1481,29.7195406247143
1482,29.709289123942
1483,29.6990445381792
1484,29.6888068581033
1485,29.6785760744106
1486,29.6683521778162
1487,29.6581351590538
1488,29.647925008876
1489,29.6377217180538
1490,29.6275252773771
1491,29.6173356776541
1492,29.6071529097114
1493,29.5969769643944
1494,29.5868078325665
1495,29.5766455051098
1496,29.5664899729243
1497,29.5563412269285
1498,29.5461992580591
1499,29.5360640572709
1500,29.5259356155368
1501,29.5158139238476
1502,29.5056989732123
1503,29.4955907546578
1504,29.4854892592289
1505,29.4753944779881
1506,29.4653064020161
1507,29.4552250224109
1508,29.4451503302886
1509,29.4350823167827
1510,29.4250209730444
1511,29.4149662902425
1512,29.4049182595634
1513,29.3948768722108
1514,29.3848421194061
1515,29.3748139923877
1516,29.3647924824118
1517,29.3547775807515
1518,29.3447692786974
1519,29.3347675675572
1520,29.3247724386558
1521,29.3147838833352
1522,29.3048018929545
1523,29.2948264588898
1524,29.2848575725342
1525,29.2748952252977
1526,29.2649394086072
1527,29.2549901139064
1528,29.2450473326561
1529,29.2351110563334
1530,29.2251812764324
1531,29.2152579844639
1532,29.2053411719552
1533,29.1954308304502
1534,29.1855269515094
1535,29.1756295267098
1536,29.1657385476448
1537,29.1558540059243
1538,29.1459758931744
1539,29.1361042010378
1540,29.1262389211732
1541,29.1163800452558
1542,29.1065275649767
1543,29.0966814720436
1544,29.0868417581798
1545,29.077008415125
1546,29.067181434635
1547,29.0573608084813
1548,29.0475465284515
1549,29.0377385863493
1550,29.0279369739939
1551,29.0181416832206
1552,29.0083527058805
1553,28.9985700338401
1554,28.9887936589821
1555,28.9790235732045
1556,28.9692597684211
1557,28.9595022365612
1558,28.9497509695698
1559,28.940005959407
1560,28.930267198049
1561,28.9205346774868
1562,28.9108083897273
1563,28.9010883267923
1564,28.8913744807192
1565,28.8816668435606
1566,28.8719654073844
1567,28.8622701642735
1568,28.852581106326
1569,28.8428982256554
1570,28.8332215143898
1571,28.8235509646727
1572,28.8138865686626
1573,28.8042283185326
1574,28.7945762064712
1575,28.7849302246814
1576,28.7752903653812
1577,28.7656566208035
1578,28.7560289831959
1579,28.7464074448205
1580,28.7367919979546
1581,28.7271826348896
1582,28.7175793479319
1583,28.7079821294025
1584,28.6983909716366
1585,28.6888058669843
1586,28.6792268078099
1587,28.6696537864923
1588,28.6600867954248
1589,28.6505258270149
1590,28.6409708736847
1591,28.6314219278702
1592,28.6218789820222
1593,28.6123420286052
1594,28.6028110600982
1595,28.5932860689942
1596,28.5837670478004
1597,28.5742539890381
1598,28.5647468852425
1599,28.555245728963
1600,28.5457505127628
1601,28.5362612292191
1602,28.5267778709232
1603,28.5173004304799
1604,28.5078289005081
1605,28.4983632736405
1606,28.4889035425234
1607,28.479449699817
1608,28.470001738195
1609,28.460559650345
1610,28.4511234289682
1611,28.4416930667791
1612,28.4322685565062
1613,28.4228498908911
1614,28.4134370626893
1615,28.4040300646694
1616,28.3946288896137
1617,28.3852335303178
1618,28.3758439795906
1619,28.3664602302544
1620,28.3570822751448
1621,28.3477101071105
1622,28.3383437190138
1623,28.3289831037298
1624,28.319628254147
1625,28.310279163167
1626,28.3009358237043
1627,28.2915982286869
1628,28.2822663710553
1629,28.2729402437635
1630,28.2636198397781
1631,28.2543051520789
1632,28.2449961736584
1633,28.2356928975222
1634,28.2263953166885
1635,28.2171034241885
1636,28.2078172130661
1637,28.198536676378
1638,28.1892618071936
1639,28.1799925985949
1640,28.1707290436767
1641,28.1614711355464
1642,28.1522188673239
1643,28.1429722321418
1644,28.1337312231451
1645,28.1244958334914
1646,28.1152660563508
1647,28.1060418849057
1648,28.096823312351
1649,28.0876103318941
1650,28.0784029367546
1651,28.0692011201644
1652,28.0600048753678
1653,28.0508141956214
1654,28.0416290741938
1655,28.0324495043662
1656,28.0232754794316
1657,28.0141069926952
1658,28.0049440374746
1659,27.9957866070992
1660,27.9866346949105
1661,27.9774882942622
1662,27.9683473985198
1663,27.9592120010609
1664,27.950082095275
1665,27.9409576745635
1666,27.9318387323397
1667,27.9227252620287
1668,27.9136172570676
1669,27.9045147109051
1670,27.8954176170018
1671,27.8863259688299
1672,27.8772397598736
1673,27.8681589836285
1674,27.8590836336019
1675,27.850013703313
1676,27.8409491862922
1677,27.8318900760817
1678,27.8228363662354
1679,27.8137880503183
1680,27.8047451219074
1681,27.7957075745907
1682,27.786675401968
1683,27.7776485976502
1684,27.7686271552599
1685,27.7596110684309
1686,27.7506003308082
1687,27.7415949360484
1688,27.7325948778191
1689,27.7236001497993
1690,27.7146107456792
1691,27.7056266591602
1692,27.6966478839548
1693,27.6876744137868
1694,27.678706242391
1695,27.6697433635133
1696,27.6607857709107
1697,27.6518334583511
1698,27.6428864196137
1699,27.6339446484885
1700,27.6250081387764
1701,27.6160768842894
1702,27.6071508788503
1703,27.5982301162928
1704,27.5893145904614
1705,27.5804042952117
1706,27.5714992244098
1707,27.5625993719328
1708,27.5537047316683
1709,27.5448152975149
1710,27.5359310633818
1711,27.5270520231888
1712,27.5181781708665
1713,27.5093095003561
1714,27.5004460056093
1715,27.4915876805886
1716,27.4827345192668
1717,27.4738865156274
1718,27.4650436636643
1719,27.4562059573821
1720,27.4473733907955
1721,27.43854595793
1722,27.4297236528214
1723,27.4209064695156
1724,27.4120944020694
1725,27.4032874445495
1726,27.3944855910331
1727,27.3856888356076
1728,27.3768971723708
1729,27.3681105954306
1730,27.3593290989052
1731,27.3505526769231
1732,27.3417813236226
1733,27.3330150331527
1734,27.3242537996721
1735,27.3154976173497
1736,27.3067464803646
1737,27.2980003829057
1738,27.2892593191724
1739,27.2805232833735
1740,27.2717922697284
1741,27.2630662724659
1742,27.2543452858252
1743,27.2456293040551
1744,27.2369183214145
1745,27.2282123321721
1746,27.2195113306064
1747,27.2108153110059
1748,27.2021242676685
1749,27.1934381949025
1750,27.1847570870253
1751,27.1760809383647
1752,27.1674097432576
1753,27.158743496051
1754,27.1500821911014
1755,27.141425822775
1756,27.1327743854476
1757,27.1241278735047
1758,27.1154862813412
1759,27.1068496033618
1760,27.0982178339806
1761,27.0895909676211
1762,27.0809689987165
1763,27.0723519217095
1764,27.063739731052
1765,27.0551324212056
1766,27.0465299866411
1767,27.0379324218389
1768,27.0293397212886
1769,27.0207518794893
1770,27.0121688909492
1771,27.003590750186
1772,26.9950174517266
1773,26.9864489901072
1774,26.9778853598733
1775,26.9693265555794
1776,26.9607725717895
1777,26.9522234030766
1778,26.9436790440228
1779,26.9351394892195
1780,26.9266047332672
1781,26.9180747707753
1782,26.9095495963626
1783,26.9010292046566
1784,26.8925135902942
1785,26.884002747921
1786,26.8754966721918
1787,26.8669953577703
1788,26.8584987993291
1789,26.8500069915499
1790,26.8415199291231
1791,26.8330376067482
1792,26.8245600191334
1793,26.8160871609959
1794,26.8076190270617
1795,26.7991556120656
1796,26.7906969107512
1797,26.7822429178708
1798,26.7737936281855
1799,26.7653490364653
1800,26.7569091374887
1801,26.7484739260431
1802,26.7400433969243
1803,26.731617544937
1804,26.7231963648946
1805,26.7147798516187
1806,26.7063679999401
1807,26.6979608046978
1808,26.6895582607393
1809,26.681160362921
1810,26.6727671061075
1811,26.664378485172
1812,26.6559944949964
1813,26.6476151304707
1814,26.6392403864937
1815,26.6308702579724
1816,26.6225047398223
1817,26.6141438269673
1818,26.6057875143397
1819,26.5974357968802
1820,26.5890886695376
1821,26.5807461272693
1822,26.5724081650409
1823,26.5640747778264
1824,26.5557459606078
1825,26.5474217083755
1826,26.5391020161283
1827,26.530786878873
1828,26.5224762916246
1829,26.5141702494063
1830,26.5058687472497
1831,26.4975717801941
1832,26.4892793432873
1833,26.480991431585
1834,26.4727080401512
1835,26.4644291640576
1836,26.4561547983844
1837,26.4478849382196
1838,26.4396195786591
1839,26.4313587148071
1840,26.4231023417755
1841,26.4148504546844
1842,26.4066030486618
1843,26.3983601188434
1844,26.3901216603732
1845,26.3818876684027
1846,26.3736581380916
1847,26.3654330646074
1848,26.3572124431252
1849,26.3489962688282
1850,26.3407845369075
1851,26.3325772425615
1852,26.324374380997
1853,26.3161759474282
1854,26.307981937077
1855,26.2997923451732
1856,26.2916071669544
1857,26.2834263976655
1858,26.2752500325596
1859,26.267078066897
1860,26.2589104959459
1861,26.2507473149821
1862,26.242588519289
1863,26.2344341041575
1864,26.2262840648863
1865,26.2181383967814
1866,26.2099970951565
1867,26.2018601553329
1868,26.1937275726392
1869,26.1855993424118
1870,26.1774754599942
1871,26.1693559207377
1872,26.161240720001
1873,26.15312985315
1874,26.1450233155583
1875,26.1369211026067
1876,26.1288232096836
1877,26.1207296321846
1878,26.1126403655126
1879,26.1045554050782
1880,26.0964747462988
1881,26.0883983845996
1882,26.0803263154127
1883,26.0722585341779
1884,26.0641950363418
1885,26.0561358173585
1886,26.0480808726895
1887,26.0400301978031
1888,26.0319837881752
1889,26.0239416392886
1890,26.0159037466334
1891,26.0078701057068
1892,25.9998407120133
1893,25.9918155610644
1894,25.9837946483786
1895,25.9757779694817
1896,25.9677655199065
1897,25.9597572951929
1898,25.9517532908878
1899,25.9437535025451
1900,25.9357579257257
1901,25.9277665559978
1902,25.9197793889363
1903,25.911796420123
1904,25.903817645147
1905,25.8958430596041
1906,25.8878726590971
1907,25.8799064392358
1908,25.8719443956366
1909,25.8639865239233
1910,25.856032819726
1911,25.8480832786822
1912,25.8401378964358
1913,25.8321966686379
1914,25.8242595909462
1915,25.8163266590251
1916,25.8083978685462
1917,25.8004732151874
1918,25.7925526946337
1919,25.7846363025767
1920,25.7767240347148
1921,25.7688158867529
1922,25.7609118544031
1923,25.7530119333836
1924,25.7451161194197
1925,25.7372244082432
1926,25.7293367955925
1927,25.7214532772128
1928,25.7135738488557
1929,25.7056985062797
1930,25.6978272452497
1931,25.6899600615371
1932,25.6820969509201
1933,25.6742379091833
1934,25.6663829321179
1935,25.6585320155215
1936,25.6506851551984
1937,25.6428423469593
1938,25.6350035866214
1939,25.6271688700084
1940,25.6193381929504
1941,25.611511551284
1942,25.6036889408523
1943,25.5958703575046
1944,25.5880557970968
1945,25.5802452554911
1946,25.5724387285562
1947,25.564636212167
1948,25.5568377022049
1949,25.5490431945575
1950,25.5412526851189
1951,25.5334661697894
1952,25.5256836444757
1953,25.5179051050905
1954,25.5101305475532
1955,25.5023599677892
1956,25.4945933617301
1957,25.486830725314
1958,25.479072054485
1959,25.4713173451934
1960,25.463566593396
1961,25.4558197950553
1962,25.4480769461405
1963,25.4403380426266
1964,25.4326030804948
1965,25.4248720557325
1966,25.4171449643333
1967,25.4094218022968
1968,25.4017025656287
1969,25.3939872503409
1970,25.3862758524512
1971,25.3785683679835
1972,25.370864792968
1973,25.3631651234406
1974,25.3554693554434
1975,25.3477774850245
1976,25.340089508238
1977,25.3324054211439
1978,25.3247252198083
1979,25.3170489003032
1980,25.3093764587066
1981,25.3017078911023
1982,25.2940431935803
1983,25.2863823622363
1984,25.2787253931719
1985,25.2710722824947
1986,25.2634230263182
1987,25.2557776207616
1988,25.24813606195
1989,25.2404983460146
1990,25.2328644690921
1991,25.2252344273253
1992,25.2176082168625
1993,25.2099858338581
1994,25.2023672744721
1995,25.1947525348703
1996,25.1871416112245
1997,25.1795344997118
1998,25.1719311965155
1999,25.1643316978243
2000,25.1567359998327
2001,25.1538349175292
2002,25.1509352846797
2003,25.1480370998367
2004,25.1451403615548
2005,25.1422450683905
2006,25.1393512189028
2007,25.1364588116525
2008,25.133567845203
2009,25.1306783181195
2010,25.1277902289693
2011,25.1249035763222
2012,25.1220183587497
2013,25.1191345748258
2014,25.1162522231265
2015,25.1133713022297
2016,25.1104918107157
2017,25.1076137471667
2018,25.1047371101674
2019,25.101861898304
2020,25.0989881101654
2021,25.0961157443421
2022,25.0932447994271
2023,25.0903752740151
2024,25.0875071667033
2025,25.0846404760905
2026,25.0817752007781
2027,25.0789113393692
2028,25.076048890469
2029,25.073187852685
2030,25.0703282246264
2031,25.0674700049048
2032,25.0646131921336
2033,25.0617577849285
2034,25.0589037819069
2035,25.0560511816885
2036,25.053199982895
2037,25.0503501841501
2038,25.0475017840795
2039,25.0446547813109
2040,25.041809174474
2041,25.0389649622008
2042,25.0361221431249
2043,25.0332807158821
2044,25.0304406791102
2045,25.0276020314491
2046,25.0247647715406
2047,25.0219288980283
2048,25.019094409558
2049,25.0162613047776
2050,25.0134295823368
2051,25.0105992408871
2052,25.0077702790824
2053,25.0049426955783
2054,25.0021164890323
2055,24.9992916581041
2056,24.9964682014552
2057,24.993646117749
2058,24.990825405651
2059,24.9880060638285
2060,24.9851880909509
2061,24.9823714856894
2062,24.9795562467172
2063,24.9767423727093
2064,24.973929862343
2065,24.971118714297
2066,24.9683089272523
2067,24.9655004998917
2068,24.9626934308999
2069,24.9598877189635
2070,24.957083362771
2071,24.9542803610129
2072,24.9514787123814
2073,24.9486784155707
2074,24.9458794692771
2075,24.9430818721983
2076,24.9402856230344
2077,24.9374907204871
2078,24.9346971632599
2079,24.9319049500584
2080,24.9291140795898
2081,24.9263245505636
2082,24.9235363616906
2083,24.9207495116839
2084,24.9179639992583
2085,24.9151798231303
2086,24.9123969820185
2087,24.9096154746432
2088,24.9068352997266
2089,24.9040564559927
2090,24.9012789421673
2091,24.8985027569781
2092,24.8957278991545
2093,24.8929543674279
2094,24.8901821605314
2095,24.8874112772
2096,24.8846417161704
2097,24.8818734761811
2098,24.8791065559726
2099,24.876340954287
2100,24.8735766698683
2101,24.8708137014621
2102,24.8680520478162
2103,24.8652917076798
2104,24.862532679804
2105,24.8597749629417
2106,24.8570185558477
2107,24.8542634572783
2108,24.8515096659918
2109,24.8487571807481
2110,24.8460060003091
2111,24.8432561234382
2112,24.8405075489007
2113,24.8377602754637
2114,24.8350143018958
2115,24.8322696269676
2116,24.8295262494515
2117,24.8267841681212
2118,24.8240433817527
2119,24.8213038891234
2120,24.8185656890125
2121,24.8158287802009
2122,24.8130931614713
2123,24.810358831608
2124,24.8076257893972
2125,24.8048940336266
2126,24.8021635630858
2127,24.799434376566
2128,24.7967064728601
2129,24.7939798507628
2130,24.7912545090703
2131,24.7885304465808
2132,24.7858076620939
2133,24.783086154411
2134,24.7803659223352
2135,24.7776469646713
2136,24.7749292802257
2137,24.7722128678067
2138,24.7694977262238
2139,24.7667838542888
2140,24.7640712508145
2141,24.761359914616
2142,24.7586498445096
2143,24.7559410393134
2144,24.7532334978473
2145,24.7505272189325
2146,24.7478222013923
2147,24.7451184440514
2148,24.742415945736
2149,24.7397147052742
2150,24.7370147214956
2151,24.7343159932314
2152,24.7316185193147
2153,24.7289222985798
2154,24.726227329863
2155,24.7235336120019
2156,24.7208411438361
2157,24.7181499242064
2158,24.7154599519555
2159,24.7127712259276
2160,24.7100837449685
2161,24.7073975079257
2162,24.7047125136481
2163,24.7020287609864
2164,24.6993462487929
2165,24.6966649759212
2166,24.6939849412269
2167,24.6913061435669
2168,24.6886285817997
2169,24.6859522547855
2170,24.683277161386
2171,24.6806033004645
2172,24.6779306708859
2173,24.6752592715166
2174,24.6725891012245
2175,24.6699201588793
2176,24.667252443352
2177,24.6645859535153
2178,24.6619206882434
2179,24.6592566464122
2180,24.6565938268989
2181,24.6539322285824
2182,24.6512718503431
2183,24.6486126910629
2184,24.6459547496254
2185,24.6432980249155
2186,24.6406425158198
2187,24.6379882212263
2188,24.6353351400247
2189,24.6326832711061
2190,24.6300326133631
2191,24.6273831656899
2192,24.6247349269821
2193,24.6220878961369
2194,24.619442072053
2195,24.6167974536307
2196,24.6141540397715
2197,24.6115118293788
2198,24.6088708213571
2199,24.6062310146128
2200,24.6035924080534
2201,24.6009550005881
2202,24.5983187911276
2203,24.5956837785841
2204,24.5930499618711
2205,24.5904173399038
2206,24.5877859115987
2207,24.5851556758739
2208,24.5825266316489
2209,24.5798987778447
2210,24.5772721133838
2211,24.57464663719
2212,24.5720223481887
2213,24.5693992453068
2214,24.5667773274725
2215,24.5641565936156
2216,24.5615370426673
2217,24.5589186735602
2218,24.5563014852284
2219,24.5536854766074
2220,24.5510706466342
2221,24.5484569942471
2222,24.545844518386
2223,24.5432332179922
2224,24.5406230920082
2225,24.5380141393784
2226,24.5354063590481
2227,24.5327997499643
2228,24.5301943110755
2229,24.5275900413313
2230,24.5249869396831
2231,24.5223850050834
2232,24.5197842364862
2233,24.5171846328471
2234,24.5145861931227
2235,24.5119889162714
2236,24.5093928012527
2237,24.5067978470277
2238,24.5042040525589
2239,24.50161141681
2240,24.4990199387462
2241,24.4964296173341
2242,24.4938404515417
2243,24.4912524403383
2244,24.4886655826947
2245,24.4860798775829
2246,24.4834953239764
2247,24.4809119208501
2248,24.4783296671801
2249,24.4757485619442
2250,24.4731686041211
2251,24.4705897926912
2252,24.4680121266362
2253,24.4654356049391
2254,24.4628602265843
2255,24.4602859905574
2256,24.4577128958456
2257,24.4551409414372
2258,24.4525701263221
2259,24.4500004494914
2260,24.4474319099374
2261,24.4448645066541
2262,24.4422982386364
2263,24.4397331048808
2264,24.4371691043852
2265,24.4346062361486
2266,24.4320444991715
2267,24.4294838924556
2268,24.426924415004
2269,24.4243660658211
2270,24.4218088439126
2271,24.4192527482856
2272,24.4166977779483
2273,24.4141439319104
2274,24.4115912091829
2275,24.409039608778
2276,24.4064891297093
2277,24.4039397709916
2278,24.4013915316412
2279,24.3988444106754
2280,24.396298407113
2281,24.393753519974
2282,24.3912097482798
2283,24.388667091053
2284,24.3861255473174
2285,24.3835851160982
2286,24.381045796422
2287,24.3785075873164
2288,24.3759704878105
2289,24.3734344969345
2290,24.3708996137199
2291,24.3683658371997
2292,24.3658331664078
2293,24.3633016003797
2294,24.360771138152
2295,24.3582417787624
2296,24.3557135212502
2297,24.3531863646558
2298,24.3506603080207
2299,24.3481353503879
2300,24.3456114908015
2301,24.343088728307
2302,24.3405670619508
2303,24.3380464907809
2304,24.3355270138464
2305,24.3330086301977
2306,24.3304913388863
2307,24.3279751389651
2308,24.325460029488
2309,24.3229460095105
2310,24.3204330780889
2311,24.3179212342811
2312,24.3154104771459
2313,24.3129008057436
2314,24.3103922191355
2315,24.3078847163843
2316,24.3053782965537
2317,24.3028729587089
2318,24.300368701916
2319,24.2978655252426
2320,24.2953634277572
2321,24.2928624085298
2322,24.2903624666313
2323,24.2878636011342
2324,24.2853658111118
2325,24.2828690956388
2326,24.2803734537911
2327,24.2778788846457
2328,24.2753853872809
2329,24.272892960776
2330,24.2704016042117
2331,24.2679113166697
2332,24.2654220972332
2333,24.2629339449861
2334,24.2604468590138
2335,24.2579608384029
2336,24.255475882241
2337,24.252991989617
2338,24.2505091596209
2339,24.2480273913438
2340,24.2455466838782
2341,24.2430670363176
2342,24.2405884477565
2343,24.238110917291
2344,24.2356344440179
2345,24.2331590270354
2346,24.2306846654429
2347,24.2282113583407
2348,24.2257391048305
2349,24.223267904015
2350,24.2207977549982
2351,24.218328656885
2352,24.2158606087817
2353,24.2133936097956
2354,24.2109276590352
2355,24.20846275561
2356,24.2059988986307
2357,24.2035360872093
2358,24.2010743204588
2359,24.1986135974932
2360,24.1961539174278
2361,24.193695279379
2362,24.1912376824642
2363,24.1887811258022
2364,24.1863256085126
2365,24.1838711297162
2366,24.1814176885351
2367,24.1789652840924
2368,24.1765139155121
2369,24.1740635819197
2370,24.1716142824415
2371,24.1691660162051
2372,24.166718782339
2373,24.164272579973
2374,24.1618274082379
2375,24.1593832662656
2376,24.1569401531891
2377,24.1544980681426
2378,24.1520570102612
2379,24.1496169786813
2380,24.1471779725401
2381,24.1447399909763
2382,24.1423030331292
2383,24.1398670981397
2384,24.1374321851493
2385,24.1349982933009
2386,24.1325654217384
2387,24.1301335696067
2388,24.1277027360518
2389,24.1252729202208
2390,24.122844121262
2391,24.1204163383245
2392,24.1179895705587
2393,24.1155638171159
2394,24.1131390771485
2395,24.1107153498101
2396,24.1082926342552
2397,24.1058709296395
2398,24.1034502351196
2399,24.1010305498531
2400,24.098611872999
2401,24.0961942037171
2402,24.0937775411681
2403,24.0913618845141
2404,24.0889472329181
2405,24.0865335855439
2406,24.0841209415568
2407,24.0817093001228
2408,24.0792986604091
2409,24.0768890215837
2410,24.074480382816
2411,24.0720727432763
2412,24.0696661021356
2413,24.0672604585665
2414,24.0648558117422
2415,24.0624521608371
2416,24.0600495050266
2417,24.0576478434871
2418,24.055247175396
2419,24.0528474999318
2420,24.050448816274
2421,24.0480511236031
2422,24.0456544211005
2423,24.0432587079489
2424,24.0408639833317
2425,24.0384702464335
2426,24.0360774964398
2427,24.0336857325373
2428,24.0312949539134
2429,24.0289051597567
2430,24.0265163492569
2431,24.0241285216044
2432,24.0217416759909
2433,24.0193558116089
2434,24.016970927652
2435,24.0145870233148
2436,24.0122040977927
2437,24.0098221502824
2438,24.0074411799814
2439,24.0050611860881
2440,24.0026821678021
2441,24.0003041243238
2442,23.9979270548548
2443,23.9955509585975
2444,23.9931758347553
2445,23.9908016825326
2446,23.9884285011348
2447,23.9860562897683
2448,23.9836850476403
2449,23.9813147739593
2450,23.9789454679344
2451,23.9765771287758
2452,23.9742097556949
2453,23.9718433479037
2454,23.9694779046155
2455,23.9671134250442
2456,23.9647499084049
2457,23.9623873539138
2458,23.9600257607876
2459,23.9576651282444
2460,23.9553054555031
2461,23.9529467417834
2462,23.9505889863061
2463,23.948232188293
2464,23.9458763469668
2465,23.9435214615511
2466,23.9411675312704
2467,23.9388145553503
2468,23.9364625330173
2469,23.9341114634986
2470,23.9317613460227
2471,23.9294121798188
2472,23.9270639641172
2473,23.9247166981489
2474,23.9223703811461
2475,23.9200250123417
2476,23.9176805909698
2477,23.915337116265
2478,23.9129945874633
2479,23.9106530038014
2480,23.9083123645168
2481,23.9059726688482
2482,23.9036339160349
2483,23.9012961053176
2484,23.8989592359373
2485,23.8966233071364
2486,23.8942883181581
2487,23.8919542682463
2488,23.8896211566461
2489,23.8872889826033
2490,23.8849577453647
2491,23.882627444178
2492,23.8802980782918
2493,23.8779696469557
2494,23.87564214942
2495,23.8733155849361
2496,23.8709899527562
2497,23.8686652521333
2498,23.8663414823215
2499,23.8640186425757
2500,23.8616967321516
2501,23.8593757503061
2502,23.8570556962966
2503,23.8547365693817
2504,23.8524183688206
2505,23.8501010938737
2506,23.8477847438021
2507,23.8454693178678
2508,23.8431548153336
2509,23.8408412354635
2510,23.8385285775219
2511,23.8362168407746
2512,23.8339060244879
2513,23.8315961279291
2514,23.8292871503663
2515,23.8269790910687
2516,23.8246719493061
2517,23.8223657243493
2518,23.8200604154699
2519,23.8177560219406
2520,23.8154525430346
2521,23.8131499780262
2522,23.8108483261906
2523,23.8085475868037
2524,23.8062477591424
2525,23.8039488424843
2526,23.801650836108
2527,23.799353739293
2528,23.7970575513195
2529,23.7947622714685
2530,23.7924678990222
2531,23.7901744332633
2532,23.7878818734754
2533,23.7855902189432
2534,23.783299468952
2535,23.781009622788
2536,23.7787206797382
2537,23.7764326390906
2538,23.774145500134
2539,23.7718592621578
2540,23.7695739244526
2541,23.7672894863095
2542,23.7650059470208
2543,23.7627233058793
2544,23.7604415621788
2545,23.758160715214
2546,23.7558807642801
2547,23.7536017086736
2548,23.7513235476915
2549,23.7490462806317
2550,23.746769906793
2551,23.7444944254749
2552,23.7422198359778
2553,23.739946137603
2554,23.7376733296525
2555,23.7354014114292
2556,23.7331303822367
2557,23.7308602413795
2558,23.7285909881629
2559,23.7263226218931
2560,23.724055141877
2561,23.7217885474223
2562,23.7195228378376
2563,23.7172580124323
2564,23.7149940705166
2565,23.7127310114014
2566,23.7104688343985
2567,23.7082075388205
2568,23.7059471239809
2569,23.7036875891937
2570,23.7014289337741
2571,23.6991711570378
2572,23.6969142583015
2573,23.6946582368824
2574,23.6924030920989
2575,23.6901488232698
2576,23.687895429715
2577,23.6856429107551
2578,23.6833912657114
2579,23.681140493906
2580,23.6788905946619
2581,23.6766415673028
2582,23.6743934111533
2583,23.6721461255386
2584,23.6698997097848
2585,23.6676541632188
2586,23.6654094851682
2587,23.6631656749615
2588,23.6609227319278
2589,23.6586806553972
2590,23.6564394447003
2591,23.6541990991687
2592,23.6519596181348
2593,23.6497210009316
2594,23.6474832468929
2595,23.6452463553534
2596,23.6430103256484
2597,23.6407751571142
2598,23.6385408490876
2599,23.6363074009063
2600,23.6340748119088
2601,23.6318430814343
2602,23.6296122088227
2603,23.6273821934149
2604,23.6251530345523
2605,23.6229247315772
2606,23.6206972838326
2607,23.6184706906622
2608,23.6162449514106
2609,23.614020065423
2610,23.6117960320456
2611,23.609572850625
2612,23.6073505205088
2613,23.6051290410454
2614,23.6029084115837
2615,23.6006886314734
2616,23.5984697000652
2617,23.5962516167103
2618,23.5940343807608
2619,23.5918179915693
2620,23.5896024484893
2621,23.5873877508752
2622,23.5851738980818
2623,23.5829608894649
2624,23.580748724381
2625,23.5785374021872
2626,23.5763269222414
2627,23.5741172839024
2628,23.5719084865294
2629,23.5697005294826
2630,23.5674934121229
2631,23.5652871338118
2632,23.5630816939117
2633,23.5608770917855
2634,23.558673326797
2635,23.5564703983107
2636,23.5542683056918
2637,23.5520670483063
2638,23.5498666255207
2639,23.5476670367025
2640,23.5454682812197
2641,23.5432703584411
2642,23.5410732677363
2643,23.5388770084755
2644,23.5366815800296
2645,23.5344869817704
2646,23.5322932130701
2647,23.530100273302
2648,23.5279081618397
2649,23.5257168780577
2650,23.5235264213315
2651,23.5213367910367
2652,23.5191479865501
2653,23.516960007249
2654,23.5147728525114
2655,23.5125865217162
2656,23.5104010142426
2657,23.5082163294709
2658,23.506032466782
2659,23.5038494255573
2660,23.5016672051791
2661,23.4994858050303
2662,23.4973052244946
2663,23.4951254629564
2664,23.4929465198005
2665,23.4907683944128
2666,23.4885910861796
2667,23.4864145944881
2668,23.484238918726
2669,23.4820640582818
2670,23.4798900125447
2671,23.4777167809044
2672,23.4755443627517
2673,23.4733727574775
2674,23.4712019644739
2675,23.4690319831335
2676,23.4668628128494
2677,23.4646944530157
2678,23.4625269030269
2679,23.4603601622784
2680,23.4581942301662
2681,23.4560291060868
2682,23.4538647894377
2683,23.4517012796167
2684,23.4495385760227
2685,23.4473766780549
2686,23.4452155851134
2687,23.4430552965988
2688,23.4408958119125
2689,23.4387371304566
2690,23.4365792516336
2691,23.4344221748471
2692,23.4322658995009
2693,23.4301104249998
2694,23.4279557507492
2695,23.425801876155
2696,23.4236488006239
2697,23.4214965235633
2698,23.4193450443812
2699,23.4171943624861
2700,23.4150444772874
2701,23.4128953881951
2702,23.4107470946198
2703,23.4085995959728
2704,23.4064528916659
2705,23.4043069811118
2706,23.4021618637237
2707,23.4000175389155
2708,23.3978740061017
2709,23.3957312646974
2710,23.3935893141186
2711,23.3914481537817
2712,23.3893077831038
2713,23.3871682015026
2714,23.3850294083966
2715,23.3828914032048
2716,23.380754185347
2717,23.3786177542434
2718,23.376482109315
2719,23.3743472499834
2720,23.3722131756709
2721,23.3700798858004
2722,23.3679473797953
2723,23.3658156570799
2724,23.363684717079
2725,23.3615545592179
2726,23.3594251829227
2727,23.3572965876201
2728,23.3551687727374
2729,23.3530417377027
2730,23.3509154819443
2731,23.3487900048917
2732,23.3466653059745
2733,23.3445413846233
2734,23.3424182402691
2735,23.3402958723437
2736,23.3381742802793
2737,23.336053463509
2738,23.3339334214662
2739,23.3318141535853
2740,23.329695659301
2741,23.3275779380487
2742,23.3254609892646
2743,23.3233448123852
2744,23.3212294068478
2745,23.3191147720905
2746,23.3170009075515
2747,23.3148878126702
2748,23.3127754868862
2749,23.3106639296399
2750,23.3085531403723
2751,23.3064431185249
2752,23.3043338635398
2753,23.30222537486
2754,23.3001176519287
2755,23.2980106941901
2756,23.2959045010886
2757,23.2937990720695
2758,23.2916944065786
2759,23.2895905040624
2760,23.2874873639679
2761,23.2853849857426
2762,23.2832833688348
2763,23.2811825126933
2764,23.2790824167676
2765,23.2769830805076
2766,23.274884503364
2767,23.272786684788
2768,23.2706896242313
2769,23.2685933211464
2770,23.2664977749863
2771,23.2644029852045
2772,23.2623089512552
2773,23.2602156725932
2774,23.2581231486739
2775,23.2560313789531
2776,23.2539403628875
2777,23.2518500999341
2778,23.2497605895506
2779,23.2476718311953
2780,23.2455838243272
2781,23.2434965684056
2782,23.2414100628906
2783,23.2393243072428
2784,23.2372393009235
2785,23.2351550433944
2786,23.2330715341179
2787,23.2309887725569
2788,23.2289067581749
2789,23.2268254904361
2790,23.2247449688052
2791,23.2226651927473
2792,23.2205861617283
2793,23.2185078752146
2794,23.2164303326732
2795,23.2143535335716
2796,23.212277477378
2797,23.210202163561
2798,23.2081275915899
2799,23.2060537609344
2800,23.2039806710651
2801,23.2019083214529
2802,23.1998367115692
2803,23.1977658408863
2804,23.1956957088767
2805,23.1936263150136
2806,23.1915576587709
2807,23.1894897396229
2808,23.1874225570445
2809,23.1853561105113
2810,23.1832903994991
2811,23.1812254234846
2812,23.179161181945
2813,23.177097674358
2814,23.1750349002017
2815,23.1729728589552
2816,23.1709115500976
2817,23.168850973109
2818,23.1667911274698
2819,23.1647320126611
2820,23.1626736281645
2821,23.1606159734621
2822,23.1585590480365
2823,23.1565028513711
2824,23.1544473829496
2825,23.1523926422564
2826,23.1503386287763
2827,23.1482853419948
2828,23.1462327813978
2829,23.1441809464719
2830,23.1421298367042
2831,23.1400794515822
2832,23.1380297905941
2833,23.1359808532286
2834,23.133932638975
2835,23.131885147323
2836,23.1298383777629
2837,23.1277923297856
2838,23.1257470028825
2839,23.1237023965456
2840,23.1216585102672
2841,23.1196153435405
2842,23.1175728958588
2843,23.1155311667164
2844,23.1134901556078
2845,23.1114498620282
2846,23.1094102854733
2847,23.1073714254392
2848,23.1053332814226
2849,23.1032958529209
2850,23.1012591394319
2851,23.0992231404539
2852,23.0971878554856
2853,23.0951532840266
2854,23.0931194255767
2855,23.0910862796363
2856,23.0890538457064
2857,23.0870221232886
2858,23.0849911118847
2859,23.0829608109973
2860,23.0809312201294
2861,23.0789023387847
2862,23.0768741664672
2863,23.0748467026816
2864,23.0728199469329
2865,23.0707938987268
2866,23.0687685575694
2867,23.0667439229675
2868,23.0647199944283
2869,23.0626967714594
2870,23.0606742535692
2871,23.0586524402662
2872,23.0566313310598
2873,23.0546109254598
2874,23.0525912229764
2875,23.0505722231205
2876,23.0485539254032
2877,23.0465363293365
2878,23.0445194344327
2879,23.0425032402045
2880,23.0404877461654
2881,23.038472951829
2882,23.03645885671
2883,23.0344454603229
2884,23.0324327621833
2885,23.030420761807
2886,23.0284094587103
2887,23.0263988524101
2888,23.0243889424238
2889,23.0223797282692
2890,23.0203712094648
2891,23.0183633855294
2892,23.0163562559824
2893,23.0143498203436
2894,23.0123440781334
2895,23.0103390288726
2896,23.0083346720828
2897,23.0063310072856
2898,23.0043280340034
2899,23.0023257517592
2900,23.0003241600761
2901,22.9983232584781
2902,22.9963230464896
2903,22.9943235236352
2904,22.9923246894403
2905,22.9903265434308
2906,22.9883290851328
2907,22.9863323140732
2908,22.9843362297793
2909,22.9823408317787
2910,22.9803461195998
2911,22.9783520927712
2912,22.9763587508223
2913,22.9743660932825
2914,22.9723741196823
2915,22.9703828295521
2916,22.9683922224232
2917,22.9664022978272
2918,22.9644130552962
2919,22.9624244943627
2920,22.96043661456
2921,22.9584494154214
2922,22.9564628964811
2923,22.9544770572736
2924,22.9524918973338
2925,22.9505074161972
2926,22.9485236133997
2927,22.9465404884778
2928,22.9445580409684
2929,22.9425762704088
2930,22.9405951763368
2931,22.9386147582908
2932,22.9366350158096
2933,22.9346559484324
2934,22.9326775556989
2935,22.9306998371494
2936,22.9287227923245
2937,22.9267464207653
2938,22.9247707220135
2939,22.9227956956111
2940,22.9208213411007
2941,22.9188476580252
2942,22.9168746459282
2943,22.9149023043536
2944,22.9129306328458
2945,22.9109596309497
2946,22.9089892982105
2947,22.9070196341741
2948,22.9050506383868
2949,22.9030823103953
2950,22.9011146497467
2951,22.8991476559887
2952,22.8971813286694
2953,22.8952156673373
2954,22.8932506715415
2955,22.8912863408315
2956,22.8893226747571
2957,22.8873596728688
2958,22.8853973347174
2959,22.8834356598543
2960,22.8814746478311
2961,22.8795142982001
2962,22.8775546105139
2963,22.8755955843257
2964,22.873637219189
2965,22.8716795146579
2966,22.8697224702869
2967,22.8677660856307
2968,22.8658103602449
2969,22.8638552936853
2970,22.8619008855081
2971,22.85994713527
2972,22.8579940425282
2973,22.8560416068403
2974,22.8540898277645
2975,22.8521387048591
2976,22.8501882376831
2977,22.848238425796
2978,22.8462892687575
2979,22.844340766128
2980,22.8423929174682
2981,22.8404457223393
2982,22.8384991803028
2983,22.8365532909208
2984,22.8346080537558
2985,22.8326634683707
2986,22.8307195343289
2987,22.8287762511943
2988,22.826833618531
2989,22.8248916359037
2990,22.8229503028776
2991,22.8210096190182
2992,22.8190695838915
2993,22.817130197064
2994,22.8151914581024
2995,22.8132533665742
2996,22.811315922047
2997,22.8093791240889
2998,22.8074429722686
2999,22.8055074661552
3000,22.803572605318
3001,22.8016383893269
3002,22.7997048177523
3003,22.797771890165
3004,22.795839606136
3005,22.793907965237
3006,22.79197696704
3007,22.7900466111176
3008,22.7881168970424
3009,22.786187824388
3010,22.784259392728
3011,22.7823316016365
3012,22.7804044506883
3013,22.7784779394581
3014,22.7765520675216
3015,22.7746268344546
3016,22.7727022398332
3017,22.7707782832343
3018,22.768854964235
3019,22.7669322824127
3020,22.7650102373455
3021,22.7630888286117
3022,22.7611680557901
3023,22.75924791846
3024,22.7573284162009
3025,22.7554095485929
3026,22.7534913152165
3027,22.7515737156526
3028,22.7496567494824
3029,22.7477404162877
3030,22.7458247156506
3031,22.7439096471537
3032,22.7419952103798
3033,22.7400814049123
3034,22.7381682303351
3035,22.7362556862323
3036,22.7343437721885
3037,22.7324324877887
3038,22.7305218326184
3039,22.7286118062634
3040,22.7267024083098
3041,22.7247936383445
3042,22.7228854959543
3043,22.7209779807268
3044,22.7190710922498
3045,22.7171648301117
3046,22.715259193901
3047,22.7133541832069
3048,22.7114497976189
3049,22.7095460367268
3050,22.707642900121
3051,22.7057403873921
3052,22.7038384981313
3053,22.7019372319301
3054,22.7000365883803
3055,22.6981365670743
3056,22.6962371676047
3057,22.6943383895647
3058,22.6924402325478
3059,22.6905426961479
3060,22.6886457799593
3061,22.6867494835766
3062,22.6848538065951
3063,22.6829587486101
3064,22.6810643092176
3065,22.6791704880138
3066,22.6772772845955
3067,22.6753846985597
3068,22.6734927295038
3069,22.6716013770258
3070,22.6697106407239
3071,22.6678205201967
3072,22.6659310150433
3073,22.6640421248631
3074,22.6621538492559
3075,22.660266187822
3076,22.6583791401619
3077,22.6564927058767
3078,22.6546068845677
3079,22.6527216758367
3080,22.6508370792858
3081,22.6489530945176
3082,22.647069721135
3083,22.6451869587414
3084,22.6433048069404
3085,22.6414232653362
3086,22.6395423335332
3087,22.6376620111362
3088,22.6357822977506
3089,22.6339031929819
3090,22.6320246964361
3091,22.6301468077197
3092,22.6282695264394
3093,22.6263928522024
3094,22.6245167846162
3095,22.6226413232887
3096,22.6207664678282
3097,22.6188922178434
3098,22.6170185729434
3099,22.6151455327376
3100,22.6132730968357
3101,22.6114012648481
3102,22.6095300363851
3103,22.6076594110579
3104,22.6057893884777
3105,22.6039199682562
3106,22.6020511500055
3107,22.6001829333381
3108,22.5983153178666
3109,22.5964483032044
3110,22.594581888965
3111,22.5927160747623
3112,22.5908508602107
3113,22.5889862449248
3114,22.5871222285197
3115,22.5852588106108
3116,22.5833959908139
3117,22.5815337687451
3118,22.5796721440211
3119,22.5778111162587
3120,22.5759506850751
3121,22.574090850088
3122,22.5722316109155
3123,22.5703729671759
3124,22.5685149184879
3125,22.5666574644706
3126,22.5648006047435
3127,22.5629443389265
3128,22.5610886666397
3129,22.5592335875038
3130,22.5573791011396
3131,22.5555252071684
3132,22.5536719052119
3133,22.5518191948921
3134,22.5499670758314
3135,22.5481155476526
3136,22.5462646099786
3137,22.5444142624331
3138,22.5425645046397
3139,22.5407153362228
3140,22.5388667568068
3141,22.5370187660167
3142,22.5351713634776
3143,22.5333245488153
3144,22.5314783216556
3145,22.529632681625
3146,22.5277876283501
3147,22.5259431614579
3148,22.5240992805758
3149,22.5222559853317
3150,22.5204132753535
3151,22.5185711502698
3152,22.5167296097094
3153,22.5148886533015
3154,22.5130482806755
3155,22.5112084914613
3156,22.5093692852892
3157,22.5075306617898
3158,22.5056926205939
3159,22.5038551613329
3160,22.5020182836384
3161,22.5001819871423
3162,22.498346271477
3163,22.4965111362752
3164,22.4946765811699
3165,22.4928426057944
3166,22.4910092097825
3167,22.4891763927682
3168,22.487344154386
3169,22.4855124942706
3170,22.4836814120571
3171,22.4818509073811
3172,22.4800209798781
3173,22.4781916291845
3174,22.4763628549367
3175,22.4745346567715
3176,22.4727070343261
3177,22.470879987238
3178,22.4690535151451
3179,22.4672276176855
3180,22.4654022944978
3181,22.4635775452209
3182,22.4617533694939
3183,22.4599297669566
3184,22.4581067372486
3185,22.4562842800104
3186,22.4544623948825
3187,22.4526410815057
3188,22.4508203395214
3189,22.4490001685711
3190,22.4471805682968
3191,22.4453615383407
3192,22.4435430783454
3193,22.4417251879539
3194,22.4399078668094
3195,22.4380911145556
3196,22.4362749308364
3197,22.434459315296
3198,22.4326442675791
3199,22.4308297873307
3200,22.4290158741959
3201,22.4272025278204
3202,22.4253897478502
3203,22.4235775339316
3204,22.421765885711
3205,22.4199548028355
3206,22.4181442849523
3207,22.4163343317091
3208,22.4145249427537
3209,22.4127161177344
3210,22.4109078562998
3211,22.4091001580988
3212,22.4072930227806
3213,22.4054864499948
3214,22.4036804393914
3215,22.4018749906204
3216,22.4000701033325
3217,22.3982657771786
3218,22.3964620118098
3219,22.3946588068776
3220,22.392856162034
3221,22.391054076931
3222,22.3892525512212
3223,22.3874515845575
3224,22.3856511765928
3225,22.3838513269808
3226,22.3820520353752
3227,22.3802533014301
3228,22.3784551247999
3229,22.3766575051395
3230,22.3748604421038
3231,22.3730639353482
3232,22.3712679845286
3233,22.3694725893008
3234,22.3676777493213
3235,22.3658834642468
3236,22.3640897337341
3237,22.3622965574407
3238,22.3605039350242
3239,22.3587118661424
3240,22.3569203504537
3241,22.3551293876167
3242,22.3533389772902
3243,22.3515491191333
3244,22.3497598128058
3245,22.3479710579673
3246,22.3461828542781
3247,22.3443952013986
3248,22.3426080989896
3249,22.3408215467122
3250,22.3390355442277
3251,22.337250091198
3252,22.3354651872849
3253,22.333680832151
3254,22.3318970254588
3255,22.3301137668713
3256,22.3283310560517
3257,22.3265488926637
3258,22.3247672763711
3259,22.3229862068382
3260,22.3212056837295
3261,22.3194257067097
3262,22.3176462754441
3263,22.315867389598
3264,22.3140890488372
3265,22.3123112528278
3266,22.3105340012361
3267,22.3087572937287
3268,22.3069811299727
3269,22.3052055096353
3270,22.3034304323842
3271,22.3016558978871
3272,22.2998819058123
3273,22.2981084558283
3274,22.296335547604
3275,22.2945631808082
3276,22.2927913551106
3277,22.2910200701808
3278,22.2892493256889
3279,22.287479121305
3280,22.2857094566999
3281,22.2839403315445
3282,22.28217174551
3283,22.2804036982678
3284,22.2786361894899
3285,22.2768692188483
3286,22.2751027860155
3287,22.2733368906642
3288,22.2715715324673
3289,22.2698067110983
3290,22.2680424262306
3291,22.2662786775383
3292,22.2645154646955
3293,22.2627527873767
3294,22.2609906452568
3295,22.2592290380108
3296,22.2574679653141
3297,22.2557074268424
3298,22.2539474222717
3299,22.2521879512782
3300,22.2504290135386
3301,22.2486706087297
3302,22.2469127365286
3303,22.2451553966129
3304,22.2433985886602
3305,22.2416423123486
3306,22.2398865673564
3307,22.2381313533622
3308,22.236376670045
3309,22.234622517084
3310,22.2328688941586
3311,22.2311158009486
3312,22.2293632371342
3313,22.2276112023956
3314,22.2258596964136
3315,22.224108718869
3316,22.2223582694432
3317,22.2206083478175
3318,22.2188589536739
3319,22.2171100866945
3320,22.2153617465615
3321,22.2136139329578
3322,22.2118666455662
3323,22.2101198840699
3324,22.2083736481526
3325,22.206627937498
3326,22.2048827517902
3327,22.2031380907137
3328,22.201393953953
3329,22.1996503411932
3330,22.1979072521195
3331,22.1961646864173
3332,22.1944226437725
3333,22.1926811238713
3334,22.1909401263999
3335,22.189199651045
3336,22.1874596974935
3337,22.1857202654327
3338,22.18398135455
3339,22.1822429645333
3340,22.1805050950706
3341,22.1787677458502
3342,22.1770309165607
3343,22.1752946068911
3344,22.1735588165305
3345,22.1718235451683
3346,22.1700887924944
3347,22.1683545581987
3348,22.1666208419715
3349,22.1648876435033
3350,22.1631549624851
3351,22.1614227986079
3352,22.1596911515632
3353,22.1579600210425
3354,22.156229406738
3355,22.1544993083416
3356,22.1527697255461
3357,22.1510406580442
3358,22.1493121055288
3359,22.1475840676934
3360,22.1458565442314
3361,22.1441295348369
3362,22.142403039204
3363,22.140677057027
3364,22.1389515880006
3365,22.1372266318198
3366,22.1355021881799
3367,22.1337782567764
3368,22.1320548373049
3369,22.1303319294616
3370,22.1286095329429
3371,22.1268876474452
3372,22.1251662726654
3373,22.1234454083007
3374,22.1217250540485
3375,22.1200052096064
3376,22.1182858746723
3377,22.1165670489445
3378,22.1148487321215
3379,22.1131309239019
3380,22.1114136239848
3381,22.1096968320695
3382,22.1079805478555
3383,22.1062647710426
3384,22.1045495013308
3385,22.1028347384206
3386,22.1011204820125
3387,22.0994067318074
3388,22.0976934875064
3389,22.095980748811
3390,22.0942685154227
3391,22.0925567870435
3392,22.0908455633757
3393,22.0891348441216
3394,22.087424628984
3395,22.0857149176659
3396,22.0840057098705
3397,22.0822970053013
3398,22.080588803662
3399,22.0788811046568
3400,22.0771739079898
3401,22.0754672133657
3402,22.0737610204893
3403,22.0720553290656
3404,22.0703501387999
3405,22.0686454493979
3406,22.0669412605654
3407,22.0652375720085
3408,22.0635343834335
3409,22.0618316945472
3410,22.0601295050564
3411,22.0584278146681
3412,22.05672662309
3413,22.0550259300295
3414,22.0533257351946
3415,22.0516260382934
3416,22.0499268390345
3417,22.0482281371264
3418,22.0465299322782
3419,22.044832224199
3420,22.0431350125982
3421,22.0414382971856
3422,22.0397420776712
3423,22.038046353765
3424,22.0363511251777
3425,22.0346563916199
3426,22.0329621528026
3427,22.0312684084371
3428,22.0295751582347
3429,22.0278824019073
3430,22.0261901391668
3431,22.0244983697254
3432,22.0228070932957
3433,22.0211163095904
3434,22.0194260183225
3435,22.0177362192052
3436,22.016046911952
3437,22.0143580962766
3438,22.0126697718931
3439,22.0109819385156
3440,22.0092945958588
3441,22.0076077436372
3442,22.0059213815659
3443,22.0042355093602
3444,22.0025501267355
3445,22.0008652334075
3446,21.9991808290923
3447,21.997496913506
3448,21.9958134863651
3449,21.9941305473864
3450,21.9924480962868
3451,21.9907661327835
3452,21.989084656594
3453,21.987403667436
3454,21.9857231650275
3455,21.9840431490865
3456,21.9823636193317
3457,21.9806845754816
3458,21.9790060172551
3459,21.9773279443715
3460,21.9756503565502
3461,21.9739732535108
3462,21.9722966349733
3463,21.9706205006577
3464,21.9689448502844
3465,21.9672696835742
3466,21.9655950002477
3467,21.9639208000263
3468,21.9622470826311
3469,21.9605738477839
3470,21.9589010952064
3471,21.9572288246207
3472,21.9555570357492
3473,21.9538857283143
3474,21.952214902039
3475,21.9505445566461
3476,21.948874691859
3477,21.9472053074013
3478,21.9455364029965
3479,21.9438679783689
3480,21.9422000332424
3481,21.9405325673417
3482,21.9388655803915
3483,21.9371990721166
3484,21.9355330422423
3485,21.9338674904939
3486,21.9322024165971
3487,21.9305378202778
3488,21.9288737012621
3489,21.9272100592764
3490,21.9255468940472
3491,21.9238842053015
3492,21.9222219927661
3493,21.9205602561685
3494,21.9188989952362
3495,21.9172382096969
3496,21.9155778992787
3497,21.9139180637097
3498,21.9122587027184
3499,21.9105998160336
3500,21.9089414033841
3501,21.9072834644991
3502,21.905625999108
3503,21.9039690069404
3504,21.9023124877263
3505,21.9006564411956
3506,21.8990008670787
3507,21.8973457651061
3508,21.8956911350087
3509,21.8940369765174
3510,21.8923832893635
3511,21.8907300732784
3512,21.8890773279939
3513,21.8874250532418
3514,21.8857732487544
3515,21.8841219142639
3516,21.8824710495031
3517,21.8808206542048
3518,21.8791707281021
3519,21.8775212709281
3520,21.8758722824165
3521,21.8742237623011
3522,21.8725757103157
3523,21.8709281261947
3524,21.8692810096724
3525,21.8676343604834
3526,21.8659881783628
3527,21.8643424630455
3528,21.862697214267
3529,21.8610524317627
3530,21.8594081152686
3531,21.8577642645204
3532,21.8561208792546
3533,21.8544779592076
3534,21.852835504116
3535,21.8511935137167
3536,21.849551987747
3537,21.847910925944
3538,21.8462703280455
3539,21.8446301937891
3540,21.842990522913
3541,21.8413513151554
3542,21.8397125702546
3543,21.8380742879495
3544,21.8364364679788
3545,21.8347991100818
3546,21.8331622139978
3547,21.8315257794663
3548,21.8298898062272
3549,21.8282542940204
3550,21.8266192425861
3551,21.8249846516649
3552,21.8233505209974
3553,21.8217168503244
3554,21.8200836393871
3555,21.8184508879268
3556,21.816818595685
3557,21.8151867624035
3558,21.8135553878242
3559,21.8119244716895
3560,21.8102940137415
3561,21.8086640137231
3562,21.8070344713771
3563,21.8054053864464
3564,21.8037767586744
3565,21.8021485878046
3566,21.8005208735806
3567,21.7988936157465
3568,21.7972668140463
3569,21.7956404682244
3570,21.7940145780254
3571,21.792389143194
3572,21.7907641634753
3573,21.7891396386145
3574,21.7875155683569
3575,21.7858919524484
3576,21.7842687906345
3577,21.7826460826616
3578,21.7810238282758
3579,21.7794020272236
3580,21.7777806792518
3581,21.7761597841072
3582,21.774539341537
3583,21.7729193512886
3584,21.7712998131094
3585,21.7696807267473
3586,21.7680620919501
3587,21.7664439084662
3588,21.7648261760439
3589,21.7632088944318
3590,21.7615920633788
3591,21.7599756826338
3592,21.7583597519461
3593,21.7567442710651
3594,21.7551292397405
3595,21.7535146577222
3596,21.7519005247602
3597,21.7502868406048
3598,21.7486736050065
3599,21.7470608177161
3600,21.7454484784843
3601,21.7438365870623
3602,21.7422251432015
3603,21.7406141466534
3604,21.7390035971696
3605,21.7373934945022
3606,21.7357838384033
3607,21.7341746286252
3608,21.7325658649206
3609,21.7309575470421
3610,21.7293496747427
3611,21.7277422477757
3612,21.7261352658943
3613,21.7245287288522
3614,21.7229226364032
3615,21.7213169883013
3616,21.7197117843006
3617,21.7181070241556
3618,21.7165027076209
3619,21.7148988344512
3620,21.7132954044017
3621,21.7116924172275
3622,21.710089872684
3623,21.7084877705268
3624,21.7068861105118
3625,21.7052848923951
3626,21.7036841159327
3627,21.7020837808812
3628,21.7004838869972
3629,21.6988844340376
3630,21.6972854217593
3631,21.6956868499195
3632,21.6940887182758
3633,21.6924910265858
3634,21.6908937746072
3635,21.6892969620982
3636,21.6877005888169
3637,21.6861046545219
3638,21.6845091589717
3639,21.6829141019251
3640,21.6813194831412
3641,21.6797253023792
3642,21.6781315593986
3643,21.676538253959
3644,21.6749453858201
3645,21.6733529547421
3646,21.6717609604851
3647,21.6701694028096
3648,21.6685782814762
3649,21.6669875962456
3650,21.6653973468789
3651,21.6638075331373
3652,21.6622181547822
3653,21.6606292115751
3654,21.659040703278
3655,21.6574526296527
3656,21.6558649904614
3657,21.6542777854666
3658,21.6526910144308
3659,21.6511046771167
3660,21.6495187732873
3661,21.6479333027058
3662,21.6463482651356
3663,21.6447636603401
3664,21.6431794880831
3665,21.6415957481286
3666,21.6400124402406
3667,21.6384295641835
3668,21.6368471197217
3669,21.6352651066201
3670,21.6336835246434
3671,21.6321023735568
3672,21.6305216531256
3673,21.6289413631152
3674,21.6273615032912
3675,21.6257820734196
3676,21.6242030732664
3677,21.6226245025977
3678,21.6210463611802
3679,21.6194686487802
3680,21.6178913651647
3681,21.6163145101007
3682,21.6147380833553
3683,21.613162084696
3684,21.6115865138902
3685,21.6100113707058
3686,21.6084366549106
3687,21.6068623662729
3688,21.6052885045609
3689,21.6037150695431
3690,21.6021420609883
3691,21.6005694786653
3692,21.5989973223433
3693,21.5974255917914
3694,21.5958542867791
3695,21.594283407076
3696,21.5927129524521
3697,21.5911429226772
3698,21.5895733175216
3699,21.5880041367557
3700,21.58643538015
3701,21.5848670474753
3702,21.5832991385025
3703,21.5817316530028
3704,21.5801645907475
3705,21.578597951508
3706,21.577031735056
3707,21.5754659411635
3708,21.5739005696025
3709,21.5723356201451
3710,21.5707710925639
3711,21.5692069866314
3712,21.5676433021204
3713,21.5660800388039
3714,21.564517196455
3715,21.5629547748471
3716,21.5613927737537
3717,21.5598311929486
3718,21.5582700322055
3719,21.5567092912986
3720,21.555148970002
3721,21.5535890680904
3722,21.5520295853382
3723,21.5504705215202
3724,21.5489118764115
3725,21.5473536497872
3726,21.5457958414226
3727,21.5442384510932
3728,21.5426814785749
3729,21.5411249236433
3730,21.5395687860747
3731,21.5380130656452
3732,21.5364577621313
3733,21.5349028753096
3734,21.5333484049568
3735,21.5317943508499
3736,21.5302407127661
3737,21.5286874904827
3738,21.5271346837771
3739,21.5255822924271
3740,21.5240303162105
3741,21.5224787549053
3742,21.5209276082898
3743,21.5193768761423
3744,21.5178265582414
3745,21.5162766543659
3746,21.5147271642946
3747,21.5131780878067
3748,21.5116294246815
3749,21.5100811746983
3750,21.5085333376369
3751,21.506985913277
3752,21.5054389013986
3753,21.5038923017819
3754,21.5023461142071
3755,21.5008003384549
3756,21.4992549743059
3757,21.4977100215409
3758,21.496165479941
3759,21.4946213492873
3760,21.4930776293614
3761,21.4915343199446
3762,21.4899914208189
3763,21.488448931766
3764,21.486906852568
3765,21.4853651830072
3766,21.483823922866
3767,21.4822830719271
3768,21.4807426299731
3769,21.4792025967871
3770,21.4776629721522
3771,21.4761237558516
3772,21.4745849476688
3773,21.4730465473874
3774,21.4715085547913
3775,21.4699709696644
3776,21.468433791791
3777,21.4668970209552
3778,21.4653606569416
3779,21.4638246995349
3780,21.4622891485198
3781,21.4607540036815
3782,21.4592192648051
3783,21.4576849316759
3784,21.4561510040794
3785,21.4546174818014
3786,21.4530843646276
3787,21.4515516523442
3788,21.4500193447373
3789,21.4484874415933
3790,21.4469559426987
3791,21.4454248478402
3792,21.4438941568047
3793,21.4423638693793
3794,21.440833985351
3795,21.4393045045074
3796,21.437775426636
3797,21.4362467515245
3798,21.4347184789607
3799,21.4331906087327
3800,21.4316631406288
3801,21.4301360744372
3802,21.4286094099467
3803,21.4270831469458
3804,21.4255572852235
3805,21.4240318245688
3806,21.4225067647709
3807,21.4209821056192
3808,21.4194578469033
3809,21.4179339884129
3810,21.4164105299378
3811,21.4148874712682
3812,21.4133648121941
3813,21.4118425525061
3814,21.4103206919945
3815,21.4087992304503
3816,21.4072781676641
3817,21.4057575034271
3818,21.4042372375304
3819,21.4027173697654
3820,21.4011978999236
3821,21.3996788277968
3822,21.3981601531767
3823,21.3966418758555
3824,21.3951239956252
3825,21.3936065122782
3826,21.3920894256071
3827,21.3905727354044
3828,21.3890564414631
3829,21.3875405435761
3830,21.3860250415365
3831,21.3845099351378
3832,21.3829952241733
3833,21.3814809084368
3834,21.3799669877219
3835,21.3784534618228
3836,21.3769403305334
3837,21.3754275936482
3838,21.3739152509614
3839,21.3724033022679
3840,21.3708917473622
3841,21.3693805860394
3842,21.3678698180946
3843,21.3663594433229
3844,21.3648494615198
3845,21.3633398724809
3846,21.3618306760018
3847,21.3603218718786
3848,21.3588134599071
3849,21.3573054398837
3850,21.3557978116047
3851,21.3542905748666
3852,21.3527837294661
3853,21.3512772752
3854,21.3497712118654
3855,21.3482655392594
3856,21.3467602571792
3857,21.3452553654225
3858,21.3437508637867
3859,21.3422467520698
3860,21.3407430300695
3861,21.3392396975841
3862,21.3377367544118
3863,21.336234200351
3864,21.3347320352003
3865,21.3332302587584
3866,21.3317288708241
3867,21.3302278711966
3868,21.328727259675
3869,21.3272270360587
3870,21.3257272001471
3871,21.32422775174
3872,21.3227286906372
3873,21.3212300166386
3874,21.3197317295443
3875,21.3182338291547
3876,21.3167363152701
3877,21.3152391876912
3878,21.3137424462187
3879,21.3122460906535
3880,21.3107501207967
3881,21.3092545364494
3882,21.3077593374131
3883,21.3062645234892
3884,21.3047700944794
3885,21.3032760501855
3886,21.3017823904096
3887,21.3002891149537
3888,21.2987962236201
3889,21.2973037162112
3890,21.2958115925296
3891,21.2943198523781
3892,21.2928284955596
3893,21.291337521877
3894,21.2898469311337
3895,21.2883567231328
3896,21.286866897678
3897,21.2853774545728
3898,21.2838883936211
3899,21.2823997146268
3900,21.280911417394
3901,21.279423501727
3902,21.2779359674301
3903,21.276448814308
3904,21.2749620421653
3905,21.2734756508068
3906,21.2719896400376
3907,21.2705040096628
3908,21.2690187594877
3909,21.2675338893178
3910,21.2660493989587
3911,21.264565288216
3912,21.2630815568958
3913,21.2615982048041
3914,21.2601152317469
3915,21.2586326375308
3916,21.2571504219622
3917,21.2556685848477
3918,21.2541871259941
3919,21.2527060452084
3920,21.2512253422975
3921,21.2497450170689
3922,21.2482650693298
3923,21.2467854988878
3924,21.2453063055505
3925,21.2438274891258
3926,21.2423490494216
3927,21.240870986246
3928,21.2393932994074
3929,21.237915988714
3930,21.2364390539746
3931,21.2349624949977
3932,21.2334863115922
3933,21.2320105035671
3934,21.2305350707315
3935,21.2290600128947
3936,21.2275853298663
3937,21.2261110214556
3938,21.2246370874724
3939,21.2231635277267
3940,21.2216903420284
3941,21.2202175301876
3942,21.2187450920147
3943,21.21727302732
3944,21.2158013359143
3945,21.2143300176082
3946,21.2128590722125
3947,21.2113884995384
3948,21.2099182993969
3949,21.2084484715994
3950,21.2069790159573
3951,21.2055099322822
3952,21.2040412203859
3953,21.2025728800802
3954,21.2011049111771
3955,21.1996373134888
3956,21.1981700868276
3957,21.196703231006
3958,21.1952367458365
3959,21.1937706311318
3960,21.1923048867049
3961,21.1908395123688
3962,21.1893745079366
3963,21.1879098732216
3964,21.1864456080372
3965,21.1849817121971
3966,21.1835181855149
3967,21.1820550278045
3968,21.18059223888
3969,21.1791298185554
3970,21.177667766645
3971,21.1762060829634
3972,21.1747447673249
3973,21.1732838195444
3974,21.1718232394367
3975,21.1703630268167
3976,21.1689031814996
3977,21.1674437033007
3978,21.1659845920353
3979,21.1645258475191
3980,21.1630674695676
3981,21.1616094579967
3982,21.1601518126223
3983,21.1586945332607
3984,21.1572376197279
3985,21.1557810718403
3986,21.1543248894145
3987,21.1528690722672
3988,21.1514136202151
3989,21.1499585330751
3990,21.1485038106643
3991,21.1470494527999
3992,21.1455954592993
3993,21.1441418299799
3994,21.1426885646593
3995,21.1412356631553
3996,21.1397831252858
3997,21.1383309508687
3998,21.1368791397223
3999,21.1354276916649
4000,21.1339766065148
4001,21.1287040399428
4002,21.1234327910184
4003,21.118162859083
4004,21.1128942434789
4005,21.1076269435485
4006,21.102360958635
4007,21.0970962880819
4008,21.0918329312333
4009,21.0865708874337
4010,21.081310156028
4011,21.076050736362
4012,21.0707926277815
4013,21.065535829633
4014,21.0602803412636
4015,21.0550261620207
4016,21.0497732912523
4017,21.0445217283069
4018,21.0392714725333
4019,21.034022523281
4020,21.0287748798999
4021,21.0235285417404
4022,21.0182835081534
4023,21.0130397784902
4024,21.0077973521027
4025,21.0025562283433
4026,20.9973164065646
4027,20.9920778861201
4028,20.9868406663635
4029,20.981604746649
4030,20.9763701263314
4031,20.9711368047659
4032,20.9659047813082
4033,20.9606740553145
4034,20.9554446261415
4035,20.9502164931462
4036,20.9449896556863
4037,20.9397641131199
4038,20.9345398648055
4039,20.9293169101022
4040,20.9240952483695
4041,20.9188748789674
4042,20.9136558012564
4043,20.9084380145974
4044,20.9032215183518
4045,20.8980063118816
4046,20.892792394549
4047,20.887579765717
4048,20.8823684247488
4049,20.8771583710082
4050,20.8719496038595
4051,20.8667421226674
4052,20.8615359267971
4053,20.8563310156142
4054,20.851127388485
4055,20.8459250447759
4056,20.8407239838541
4057,20.8355242050871
4058,20.8303257078429
4059,20.82512849149
4060,20.8199325553974
4061,20.8147378989344
4062,20.8095445214709
4063,20.8043524223772
4064,20.7991616010242
4065,20.7939720567831
4066,20.7887837890257
4067,20.7835967971241
4068,20.778411080451
4069,20.7732266383796
4070,20.7680434702834
4071,20.7628615755364
4072,20.7576809535132
4073,20.7525016035887
4074,20.7473235251384
4075,20.7421467175381
4076,20.7369711801642
4077,20.7317969123935
4078,20.7266239136032
4079,20.7214521831712
4080,20.7162817204755
4081,20.7111125248948
4082,20.7059445958082
4083,20.7007779325952
4084,20.6956125346359
4085,20.6904484013107
4086,20.6852855320005
4087,20.6801239260867
4088,20.6749635829511
4089,20.669804501976
4090,20.6646466825442
4091,20.6594901240387
4092,20.6543348258433
4093,20.649180787342
4094,20.6440280079195
4095,20.6388764869605
4096,20.6337262238507
4097,20.6285772179759
4098,20.6234294687224
4099,20.618282975477
4100,20.613137737627
4101,20.6079937545601
4102,20.6028510256643
4103,20.5977095503283
4104,20.5925693279411
4105,20.5874303578922
4106,20.5822926395715
4107,20.5771561723693
4108,20.5720209556765
4109,20.5668869888843
4110,20.5617542713845
4111,20.5566228025691
4112,20.5514925818309
4113,20.5463636085627
4114,20.5412358821581
4115,20.536109402011
4116,20.5309841675157
4117,20.5258601780671
4118,20.5207374330604
4119,20.5156159318912
4120,20.5104956739558
4121,20.5053766586506
4122,20.5002588853727
4123,20.4951423535194
4124,20.4900270624888
4125,20.4849130116791
4126,20.479800200489
4127,20.4746886283177
4128,20.4695782945649
4129,20.4644691986306
4130,20.4593613399154
4131,20.4542547178201
4132,20.4491493317462
4133,20.4440451810954
4134,20.43894226527
4135,20.4338405836726
4136,20.4287401357064
4137,20.4236409207749
4138,20.418542938282
4139,20.4134461876323
4140,20.4083506682304
4141,20.4032563794817
4142,20.3981633207919
4143,20.393071491567
4144,20.3879808912137
4145,20.382891519139
4146,20.3778033747502
4147,20.3727164574552
4148,20.3676307666623
4149,20.3625463017801
4150,20.3574630622179
4151,20.352381047385
4152,20.3473002566917
4153,20.3422206895482
4154,20.3371423453654
4155,20.3320652235545
4156,20.3269893235272
4157,20.3219146446957
4158,20.3168411864724
4159,20.3117689482704
4160,20.306697929503
4161,20.301628129584
4162,20.2965595479276
4163,20.2914921839486
4164,20.2864260370618
4165,20.281361106683
4166,20.2762973922278
4167,20.2712348931128
4168,20.2661736087546
4169,20.2611135385705
4170,20.2560546819779
4171,20.250997038395
4172,20.2459406072402
4173,20.2408853879322
4174,20.2358313798904
4175,20.2307785825345
4176,20.2257269952845
4177,20.220676617561
4178,20.2156274487849
4179,20.2105794883775
4180,20.2055327357607
4181,20.2004871903565
4182,20.1954428515877
4183,20.1903997188771
4184,20.1853577916482
4185,20.1803170693249
4186,20.1752775513314
4187,20.1702392370924
4188,20.1652021260329
4189,20.1601662175784
4190,20.1551315111548
4191,20.1500980061884
4192,20.145065702106
4193,20.1400345983346
4194,20.1350046943018
4195,20.1299759894356
4196,20.1249484831643
4197,20.1199221749166
4198,20.1148970641218
4199,20.1098731502094
4200,20.1048504326094
4201,20.0998289107522
4202,20.0948085840687
4203,20.0897894519899
4204,20.0847715139476
4205,20.0797547693737
4206,20.0747392177007
4207,20.0697248583613
4208,20.064711690789
4209,20.0596997144172
4210,20.05468892868
4211,20.0496793330119
4212,20.0446709268477
4213,20.0396637096226
4214,20.0346576807724
4215,20.029652839733
4216,20.0246491859409
4217,20.0196467188331
4218,20.0146454378466
4219,20.0096453424193
4220,20.0046464319891
4221,19.9996487059945
4222,19.9946521638744
4223,19.9896568050679
4224,19.9846626290149
4225,19.9796696351553
4226,19.9746778229295
4227,19.9696871917785
4228,19.9646977411434
4229,19.9597094704659
4230,19.9547223791881
4231,19.9497364667522
4232,19.9447517326013
4233,19.9397681761785
4234,19.9347857969274
4235,19.929804594292
4236,19.9248245677168
4237,19.9198457166464
4238,19.9148680405262
4239,19.9098915388017
4240,19.9049162109189
4241,19.8999420563241
4242,19.8949690744641
4243,19.8899972647861
4244,19.8850266267375
4245,19.8800571597663
4246,19.8750888633209
4247,19.87012173685
4248,19.8651557798025
4249,19.8601909916282
4250,19.8552273717767
4251,19.8502649196984
4252,19.8453036348439
4253,19.8403435166644
4254,19.8353845646111
4255,19.8304267781359
4256,19.8254701566911
4257,19.8205146997291
4258,19.815560406703
4259,19.8106072770662
4260,19.8056553102724
4261,19.8007045057757
4262,19.7957548630306
4263,19.790806381492
4264,19.7858590606152
4265,19.7809128998559
4266,19.77596789867
4267,19.7710240565142
4268,19.7660813728451
4269,19.7611398471199
4270,19.7561994787962
4271,19.751260267332
4272,19.7463222121856
4273,19.7413853128157
4274,19.7364495686815
4275,19.7315149792423
4276,19.7265815439581
4277,19.7216492622891
4278,19.7167181336959
4279,19.7117881576394
4280,19.7068593335811
4281,19.7019316609827
4282,19.6970051393064
4283,19.6920797680145
4284,19.6871555465701
4285,19.6822324744363
4286,19.6773105510768
4287,19.6723897759555
4288,19.667470148537
4289,19.6625516682858
4290,19.6576343346672
4291,19.6527181471467
4292,19.64780310519
4293,19.6428892082636
4294,19.6379764558339
4295,19.633064847368
4296,19.6281543823332
4297,19.6232450601974
4298,19.6183368804285
4299,19.6134298424951
4300,19.6085239458661
4301,19.6036191900106
4302,19.5987155743983
4303,19.593813098499
4304,19.5889117617833
4305,19.5840115637216
4306,19.5791125037852
4307,19.5742145814454
4308,19.5693177961741
4309,19.5644221474434
4310,19.5595276347259
4311,19.5546342574945
4312,19.5497420152224
4313,19.5448509073833
4314,19.5399609334512
4315,19.5350720929006
4316,19.530184385206
4317,19.5252978098427
4318,19.520412366286
4319,19.5155280540119
4320,19.5106448724966
4321,19.5057628212165
4322,19.5008818996486
4323,19.4960021072702
4324,19.491123443559
4325,19.4862459079929
4326,19.4813695000504
4327,19.4764942192101
4328,19.4716200649512
4329,19.4667470367531
4330,19.4618751340957
4331,19.4570043564592
4332,19.4521347033239
4333,19.447266174171
4334,19.4423987684816
4335,19.4375324857373
4336,19.4326673254202
4337,19.4278032870125
4338,19.422940369997
4339,19.4180785738566
4340,19.4132178980749
4341,19.4083583421355
4342,19.4034999055227
4343,19.3986425877208
4344,19.3937863882147
4345,19.3889313064896
4346,19.3840773420311
4347,19.379224494325
4348,19.3743727628576
4349,19.3695221471155
4350,19.3646726465857
4351,19.3598242607555
4352,19.3549769891125
4353,19.3501308311449
4354,19.3452857863409
4355,19.3404418541893
4356,19.3355990341791
4357,19.3307573257999
4358,19.3259167285414
4359,19.3210772418937
4360,19.3162388653473
4361,19.311401598393
4362,19.3065654405222
4363,19.3017303912262
4364,19.2968964499969
4365,19.2920636163267
4366,19.287231889708
4367,19.2824012696339
4368,19.2775717555976
4369,19.2727433470927
4370,19.2679160436132
4371,19.2630898446535
4372,19.2582647497082
4373,19.2534407582723
4374,19.2486178698412
4375,19.2437960839106
4376,19.2389753999766
4377,19.2341558175356
4378,19.2293373360842
4379,19.2245199551197
4380,19.2197036741394
4381,19.2148884926412
4382,19.2100744101231
4383,19.2052614260836
4384,19.2004495400215
4385,19.1956387514361
4386,19.1908290598267
4387,19.1860204646933
4388,19.181212965536
4389,19.1764065618553
4390,19.1716012531521
4391,19.1667970389276
4392,19.1619939186833
4393,19.1571918919212
4394,19.1523909581434
4395,19.1475911168526
4396,19.1427923675517
4397,19.1379947097438
4398,19.1331981429325
4399,19.1284026666219
4400,19.1236082803161
4401,19.1188149835198
4402,19.1140227757378
4403,19.1092316564756
4404,19.1044416252386
4405,19.0996526815328
4406,19.0948648248645
4407,19.0900780547404
4408,19.0852923706673
4409,19.0805077721527
4410,19.075724258704
4411,19.0709418298293
4412,19.0661604850369
4413,19.0613802238354
4414,19.0566010457337
4415,19.0518229502412
4416,19.0470459368675
4417,19.0422700051225
4418,19.0374951545166
4419,19.0327213845604
4420,19.0279486947648
4421,19.0231770846412
4422,19.0184065537012
4423,19.0136371014567
4424,19.00886872742
4425,19.0041014311037
4426,18.9993352120209
4427,18.9945700696847
4428,18.9898060036087
4429,18.985043013307
4430,18.9802810982938
4431,18.9755202580837
4432,18.9707604921915
4433,18.9660018001327
4434,18.9612441814226
4435,18.9564876355774
4436,18.9517321621131
4437,18.9469777605464
4438,18.9422244303941
4439,18.9374721711735
4440,18.9327209824021
4441,18.9279708635977
4442,18.9232218142787
4443,18.9184738339634
4444,18.9137269221708
4445,18.90898107842
4446,18.9042363022305
4447,18.8994925931221
4448,18.894749950615
4449,18.8900083742296
4450,18.8852678634868
4451,18.8805284179076
4452,18.8757900370135
4453,18.8710527203262
4454,18.8663164673678
4455,18.8615812776608
4456,18.8568471507277
4457,18.8521140860918
4458,18.8473820832764
4459,18.842651141805
4460,18.8379212612019
4461,18.8331924409912
4462,18.8284646806976
4463,18.8237379798461
4464,18.819012337962
4465,18.8142877545709
4466,18.8095642291987
4467,18.8048417613716
4468,18.8001203506162
4469,18.7953999964595
4470,18.7906806984285
4471,18.7859624560508
4472,18.7812452688543
4473,18.776529136367
4474,18.7718140581174
4475,18.7671000336344
4476,18.762387062447
4477,18.7576751440846
4478,18.752964278077
4479,18.7482544639542
4480,18.7435457012465
4481,18.7388379894846
4482,18.7341313281996
4483,18.7294257169226
4484,18.7247211551854
4485,18.7200176425198
4486,18.715315178458
4487,18.7106137625328
4488,18.7059133942768
4489,18.7012140732232
4490,18.6965157989057
4491,18.6918185708579
4492,18.6871223886139
4493,18.6824272517083
4494,18.6777331596757
4495,18.6730401120512
4496,18.66834810837
4497,18.663657148168
4498,18.6589672309811
4499,18.6542783563454
4500,18.6495905237978
4501,18.6449037328749
4502,18.6402179831141
4503,18.6355332740529
4504,18.630849605229
4505,18.6261669761807
4506,18.6214853864464
4507,18.6168048355648
4508,18.6121253230749
4509,18.6074468485162
4510,18.6027694114283
4511,18.5980930113512
4512,18.5934176478251
4513,18.5887433203907
4514,18.5840700285888
4515,18.5793977719607
4516,18.5747265500478
4517,18.5700563623919
4518,18.5653872085352
4519,18.5607190880201
4520,18.5560520003893
4521,18.5513859451858
4522,18.5467209219529
4523,18.5420569302343
4524,18.5373939695739
4525,18.5327320395159
4526,18.5280711396049
4527,18.5234112693857
4528,18.5187524284034
4529,18.5140946162035
4530,18.5094378323317
4531,18.5047820763341
4532,18.5001273477571
4533,18.4954736461471
4534,18.4908209710513
4535,18.4861693220168
4536,18.4815186985911
4537,18.4768691003222
4538,18.4722205267582
4539,18.4675729774474
4540,18.4629264519387
4541,18.4582809497811
4542,18.4536364705239
4543,18.4489930137167
4544,18.4443505789095
4545,18.4397091656524
4546,18.4350687734961
4547,18.4304294019913
4548,18.4257910506892
4549,18.4211537191411
4550,18.4165174068988
4551,18.4118821135142
4552,18.4072478385398
4553,18.402614581528
4554,18.3979823420317
4555,18.3933511196041
4556,18.3887209137988
4557,18.3840917241695
4558,18.3794635502702
4559,18.3748363916552
4560,18.3702102478794
4561,18.3655851184975
4562,18.3609610030649
4563,18.356337901137
4564,18.3517158122697
4565,18.3470947360191
4566,18.3424746719416
4567,18.3378556195939
4568,18.333237578533
4569,18.3286205483162
4570,18.3240045285009
4571,18.3193895186452
4572,18.3147755183071
4573,18.3101625270451
4574,18.3055505444179
4575,18.3009395699845
4576,18.2963296033043
4577,18.2917206439368
4578,18.2871126914419
4579,18.2825057453798
4580,18.2778998053109
4581,18.2732948707961
4582,18.2686909413963
4583,18.2640880166728
4584,18.2594860961874
4585,18.2548851795017
4586,18.2502852661782
4587,18.2456863557792
4588,18.2410884478675
4589,18.2364915420061
4590,18.2318956377584
4591,18.227300734688
4592,18.2227068323587
4593,18.2181139303348
4594,18.2135220281807
4595,18.2089311254612
4596,18.2043412217413
4597,18.1997523165864
4598,18.195164409562
4599,18.190577500234
4600,18.1859915881687
4601,18.1814066729324
4602,18.1768227540919
4603,18.1722398312142
4604,18.1676579038667
4605,18.1630769716168
4606,18.1584970340326
4607,18.153918090682
4608,18.1493401411336
4609,18.1447631849561
4610,18.1401872217184
4611,18.1356122509898
4612,18.1310382723398
4613,18.1264652853384
4614,18.1218932895556
4615,18.1173222845618
4616,18.1127522699276
4617,18.108183245224
4618,18.1036152100223
4619,18.0990481638939
4620,18.0944821064107
4621,18.0899170371446
4622,18.0853529556681
4623,18.0807898615537
4624,18.0762277543744
4625,18.0716666337033
4626,18.0671064991138
4627,18.0625473501797
4628,18.057989186475
4629,18.0534320075739
4630,18.0488758130511
4631,18.0443206024813
4632,18.0397663754396
4633,18.0352131315015
4634,18.0306608702425
4635,18.0261095912387
4636,18.0215592940661
4637,18.0170099783014
4638,18.0124616435212
4639,18.0079142893026
4640,18.0033679152228
4641,17.9988225208594
4642,17.9942781057904
4643,17.9897346695937
4644,17.9851922118478
4645,17.9806507321314
4646,17.9761102300233
4647,17.9715707051029
4648,17.9670321569495
4649,17.9624945851429
4650,17.9579579892632
4651,17.9534223688906
4652,17.9488877236057
4653,17.9443540529893
4654,17.9398213566226
4655,17.9352896340868
4656,17.9307588849637
4657,17.9262291088352
4658,17.9217003052834
4659,17.9171724738908
4660,17.9126456142401
4661,17.9081197259143
4662,17.9035948084966
4663,17.8990708615707
4664,17.8945478847202
4665,17.8900258775292
4666,17.8855048395821
4667,17.8809847704634
4668,17.8764656697581
4669,17.8719475370512
4670,17.8674303719281
4671,17.8629141739746
4672,17.8583989427765
4673,17.85388467792
4674,17.8493713789916
4675,17.844859045578
4676,17.8403476772662
4677,17.8358372736434
4678,17.8313278342972
4679,17.8268193588153
4680,17.8223118467859
4681,17.8178052977972
4682,17.8132997114377
4683,17.8087950872965
4684,17.8042914249624
4685,17.7997887240249
4686,17.7952869840737
4687,17.7907862046986
4688,17.7862863854897
4689,17.7817875260375
4690,17.7772896259327
4691,17.7727926847663
4692,17.7682967021293
4693,17.7638016776133
4694,17.75930761081
4695,17.7548145013114
4696,17.7503223487097
4697,17.7458311525975
4698,17.7413409125674
4699,17.7368516282126
4700,17.7323632991263
4701,17.7278759249021
4702,17.7233895051337
4703,17.7189040394153
4704,17.7144195273411
4705,17.7099359685057
4706,17.7054533625041
4707,17.7009717089312
4708,17.6964910073824
4709,17.6920112574534
4710,17.68753245874
4711,17.6830546108383
4712,17.6785777133448
4713,17.6741017658561
4714,17.669626767969
4715,17.6651527192808
4716,17.6606796193889
4717,17.6562074678908
4718,17.6517362643847
4719,17.6472660084685
4720,17.6427966997408
4721,17.6383283378002
4722,17.6338609222458
4723,17.6293944526766
4724,17.6249289286922
4725,17.6204643498923
4726,17.6160007158768
4727,17.611538026246
4728,17.6070762806003
4729,17.6026154785404
4730,17.5981556196674
4731,17.5936967035824
4732,17.5892387298869
4733,17.5847816981828
4734,17.5803256080719
4735,17.5758704591565
4736,17.5714162510391
4737,17.5669629833225
4738,17.5625106556096
4739,17.5580592675037
4740,17.5536088186083
4741,17.5491593085272
4742,17.5447107368643
4743,17.5402631032238
4744,17.5358164072104
4745,17.5313706484288
4746,17.5269258264839
4747,17.522481940981
4748,17.5180389915256
4749,17.5135969777234
4750,17.5091558991806
4751,17.5047157555032
4752,17.5002765462978
4753,17.4958382711712
4754,17.4914009297303
4755,17.4869645215824
4756,17.482529046335
4757,17.4780945035957
4758,17.4736608929727
4759,17.469228214074
4760,17.4647964665083
4761,17.4603656498842
4762,17.4559357638107
4763,17.451506807897
4764,17.4470787817526
4765,17.4426516849872
4766,17.4382255172107
4767,17.4338002780333
4768,17.4293759670656
4769,17.4249525839181
4770,17.4205301282018
4771,17.4161085995279
4772,17.4116879975079
4773,17.4072683217533
4774,17.4028495718761
4775,17.3984317474886
4776,17.3940148482029
4777,17.3895988736319
4778,17.3851838233883
4779,17.3807696970854
4780,17.3763564943365
4781,17.3719442147552
4782,17.3675328579554
4783,17.3631224235512
4784,17.3587129111568
4785,17.354304320387
4786,17.3498966508565
4787,17.3454899021804
4788,17.341084073974
4789,17.3366791658528
4790,17.3322751774327
4791,17.3278721083297
4792,17.32346995816
4793,17.3190687265402
4794,17.3146684130869
4795,17.3102690174173
4796,17.3058705391486
4797,17.3014729778981
4798,17.2970763332836
4799,17.2926806049232
4800,17.2882857924348
4801,17.283891895437
4802,17.2794989135485
4803,17.2751068463882
4804,17.2707156935751
4805,17.2663254547287
4806,17.2619361294685
4807,17.2575477174145
4808,17.2531602181867
4809,17.2487736314055
4810,17.2443879566914
4811,17.2400031936652
4812,17.235619341948
4813,17.231236401161
4814,17.2268543709258
4815,17.222473250864
4816,17.2180930405977
4817,17.2137137397491
4818,17.2093353479407
4819,17.2049578647951
4820,17.2005812899352
4821,17.1962056229842
4822,17.1918308635656
4823,17.1874570113028
4824,17.1830840658199
4825,17.1787120267408
4826,17.1743408936899
4827,17.1699706662918
4828,17.1656013441713
4829,17.1612329269534
4830,17.1568654142632
4831,17.1524988057265
4832,17.1481331009688
4833,17.1437682996161
4834,17.1394044012947
4835,17.1350414056309
4836,17.1306793122514
4837,17.126318120783
4838,17.121957830853
4839,17.1175984420886
4840,17.1132399541174
4841,17.1088823665672
4842,17.1045256790662
4843,17.1001698912424
4844,17.0958150027245
4845,17.0914610131412
4846,17.0871079221214
4847,17.0827557292944
4848,17.0784044342895
4849,17.0740540367364
4850,17.0697045362649
4851,17.0653559325053
4852,17.0610082250878
4853,17.0566614136429
4854,17.0523154978015
4855,17.0479704771946
4856,17.0436263514535
4857,17.0392831202096
4858,17.0349407830947
4859,17.0305993397406
4860,17.0262587897795
4861,17.0219191328438
4862,17.0175803685661
4863,17.0132424965793
4864,17.0089055165164
4865,17.0045694280108
4866,17.0002342306959
4867,16.9958999242054
4868,16.9915665081735
4869,16.9872339822341
4870,16.9829023460218
4871,16.9785715991713
4872,16.9742417413174
4873,16.9699127720951
4874,16.9655846911398
4875,16.9612574980871
4876,16.9569311925727
4877,16.9526057742326
4878,16.9482812427031
4879,16.9439575976205
4880,16.9396348386216
4881,16.9353129653432
4882,16.9309919774224
4883,16.9266718744966
4884,16.9223526562033
4885,16.9180343221804
4886,16.9137168720657
4887,16.9094003054976
4888,16.9050846221145
4889,16.900769821555
4890,16.896455903458
4891,16.8921428674627
4892,16.8878307132084
4893,16.8835194403347
4894,16.8792090484812
4895,16.8748995372881
4896,16.8705909063955
4897,16.8662831554438
4898,16.8619762840738
4899,16.8576702919262
4900,16.8533651786423
4901,16.8490609438632
4902,16.8447575872306
4903,16.8404551083862
4904,16.836153506972
4905,16.8318527826302
4906,16.8275529350031
4907,16.8232539637335
4908,16.8189558684641
4909,16.8146586488381
4910,16.8103623044986
4911,16.8060668350893
4912,16.8017722402539
4913,16.7974785196362
4914,16.7931856728805
4915,16.7888936996311
4916,16.7846025995326
4917,16.7803123722298
4918,16.7760230173677
4919,16.7717345345916
4920,16.767446923547
4921,16.7631601838795
4922,16.7588743152349
4923,16.7545893172595
4924,16.7503051895995
4925,16.7460219319015
4926,16.7417395438122
4927,16.7374580249785
4928,16.7331773750478
4929,16.7288975936673
4930,16.7246186804846
4931,16.7203406351477
4932,16.7160634573045
4933,16.7117871466033
4934,16.7075117026925
4935,16.7032371252209
4936,16.6989634138373
4937,16.6946905681909
4938,16.6904185879309
4939,16.686147472707
4940,16.6818772221687
4941,16.6776078359662
4942,16.6733393137496
4943,16.6690716551692
4944,16.6648048598757
4945,16.6605389275199
4946,16.6562738577528
4947,16.6520096502256
4948,16.6477463045897
4949,16.6434838204969
4950,16.639222197599
4951,16.6349614355481
4952,16.6307015339964
4953,16.6264424925965
4954,16.622184311001
4955,16.6179269888629
4956,16.6136705258354
4957,16.6094149215717
4958,16.6051601757254
4959,16.6009062879503
4960,16.5966532579002
4961,16.5924010852296
4962,16.5881497695926
4963,16.5838993106439
4964,16.5796497080383
4965,16.5754009614309
4966,16.5711530704767
4967,16.5669060348313
4968,16.5626598541504
4969,16.5584145280897
4970,16.5541700563052
4971,16.5499264384534
4972,16.5456836741906
4973,16.5414417631734
4974,16.5372007050589
4975,16.5329604995041
4976,16.5287211461663
4977,16.5244826447029
4978,16.5202449947717
4979,16.5160081960307
4980,16.5117722481378
4981,16.5075371507515
4982,16.5033029035304
4983,16.499069506133
4984,16.4948369582184
4985,16.4906052594458
4986,16.4863744094744
4987,16.4821444079639
4988,16.477915254574
4989,16.4736869489647
4990,16.4694594907961
4991,16.4652328797287
4992,16.461007115423
4993,16.4567821975397
4994,16.45255812574
4995,16.448334899685
4996,16.444112519036
4997,16.4398909834547
4998,16.4356702926029
4999,16.4314504461426
5000,16.427231443736
5001,16.4230132850455
5002,16.4187959697338
5003,16.4145794974635
5004,16.4103638678979
5005,16.4061490807001
5006,16.4019351355334
5007,16.3977220320616
5008,16.3935097699485
5009,16.389298348858
5010,16.3850877684545
5011,16.3808780284023
5012,16.3766691283661
5013,16.3724610680107
5014,16.3682538470011
5015,16.3640474650026
5016,16.3598419216806
5017,16.3556372167008
5018,16.351433349729
5019,16.3472303204311
5020,16.3430281284735
5021,16.3388267735226
5022,16.3346262552449
5023,16.3304265733074
5024,16.326227727377
5025,16.3220297171211
5026,16.3178325422069
5027,16.3136362023022
5028,16.3094406970747
5029,16.3052460261926
5030,16.3010521893239
5031,16.2968591861372
5032,16.292667016301
5033,16.2884756794841
5034,16.2842851753556
5035,16.2800955035846
5036,16.2759066638406
5037,16.2717186557932
5038,16.2675314791122
5039,16.2633451334675
5040,16.2591596185294
5041,16.2549749339682
5042,16.2507910794545
5043,16.2466080546592
5044,16.2424258592531
5045,16.2382444929075
5046,16.2340639552936
5047,16.2298842460832
5048,16.2257053649479
5049,16.2215273115597
5050,16.2173500855907
5051,16.2131736867133
5052,16.2089981146
5053,16.2048233689235
5054,16.2006494493568
5055,16.196476355573
5056,16.1923040872454
5057,16.1881326440474
5058,16.183962025653
5059,16.1797922317357
5060,16.1756232619699
5061,16.1714551160298
5062,16.1672877935898
5063,16.1631212943246
5064,16.1589556179091
5065,16.1547907640182
5066,16.1506267323274
5067,16.146463522512
5068,16.1423011342475
5069,16.13813956721
5070,16.1339788210753
5071,16.1298188955196
5072,16.1256597902195
5073,16.1215015048513
5074,16.117344039092
5075,16.1131873926186
5076,16.109031565108
5077,16.1048765562378
5078,16.1007223656854
5079,16.0965689931286
5080,16.0924164382454
5081,16.0882647007137
5082,16.084113780212
5083,16.0799636764187
5084,16.0758143890124
5085,16.0716659176722
5086,16.067518262077
5087,16.0633714219061
5088,16.0592253968389
5089,16.055080186555
5090,16.0509357907343
5091,16.0467922090568
5092,16.0426494412027
5093,16.0385074868523
5094,16.0343663456863
5095,16.0302260173853
5096,16.0260865016304
5097,16.0219477981027
5098,16.0178099064834
5099,16.0136728264542
5100,16.0095365576967
5101,16.0054010998927
5102,16.0012664527244
5103,15.997132615874
5104,15.992999589024
5105,15.988867371857
5106,15.9847359640559
5107,15.9806053653035
5108,15.9764755752832
5109,15.9723465936782
5110,15.9682184201723
5111,15.964091054449
5112,15.9599644961924
5113,15.9558387450865
5114,15.9517138008157
5115,15.9475896630645
5116,15.9434663315175
5117,15.9393438058596
5118,15.9352220857758
5119,15.9311011709515
5120,15.9269810610719
5121,15.9228617558227
5122,15.9187432548896
5123,15.9146255579588
5124,15.9105086647162
5125,15.9063925748482
5126,15.9022772880414
5127,15.8981628039824
5128,15.8940491223581
5129,15.8899362428557
5130,15.8858241651623
5131,15.8817128889654
5132,15.8776024139526
5133,15.8734927398116
5134,15.8693838662306
5135,15.8652757928977
5136,15.8611685195011
5137,15.8570620457294
5138,15.8529563712714
5139,15.8488514958159
5140,15.844747419052
5141,15.840644140669
5142,15.8365416603562
5143,15.8324399778034
5144,15.8283390927003
5145,15.8242390047368
5146,15.8201397136033
5147,15.8160412189899
5148,15.8119435205872
5149,15.8078466180859
5150,15.8037505111769
5151,15.7996551995513
5152,15.7955606829003
5153,15.7914669609153
5154,15.7873740332879
5155,15.78328189971
5156,15.7791905598734
5157,15.7751000134703
5158,15.771010260193
5159,15.766921299734
5160,15.7628331317861
5161,15.758745756042
5162,15.7546591721947
5163,15.7505733799376
5164,15.7464883789639
5165,15.7424041689674
5166,15.7383207496416
5167,15.7342381206805
5168,15.7301562817783
5169,15.7260752326292
5170,15.7219949729276
5171,15.7179155023682
5172,15.7138368206458
5173,15.7097589274555
5174,15.7056818224923
5175,15.7016055054516
5176,15.6975299760289
5177,15.6934552339199
5178,15.6893812788205
5179,15.6853081104268
5180,15.6812357284349
5181,15.6771641325413
5182,15.6730933224424
5183,15.6690232978352
5184,15.6649540584165
5185,15.6608856038834
5186,15.6568179339332
5187,15.6527510482633
5188,15.6486849465714
5189,15.6446196285553
5190,15.6405550939129
5191,15.6364913423423
5192,15.6324283735421
5193,15.6283661872105
5194,15.6243047830463
5195,15.6202441607484
5196,15.6161843200157
5197,15.6121252605475
5198,15.6080669820431
5199,15.6040094842021
5200,15.5999527667242
5201,15.5958968293092
5202,15.5918416716573
5203,15.5877872934687
5204,15.5837336944437
5205,15.579680874283
5206,15.5756288326873
5207,15.5715775693576
5208,15.5675270839948
5209,15.5634773763004
5210,15.5594284459758
5211,15.5553802927225
5212,15.5513329162424
5213,15.5472863162374
5214,15.5432404924096
5215,15.5391954444613
5216,15.5351511720951
5217,15.5311076750135
5218,15.5270649529194
5219,15.5230230055157
5220,15.5189818325057
5221,15.5149414335926
5222,15.5109018084799
5223,15.5068629568712
5224,15.5028248784706
5225,15.4987875729818
5226,15.4947510401092
5227,15.4907152795571
5228,15.4866802910299
5229,15.4826460742324
5230,15.4786126288694
5231,15.474579954646
5232,15.4705480512672
5233,15.4665169184387
5234,15.4624865558657
5235,15.458456963254
5236,15.4544281403096
5237,15.4504000867384
5238,15.4463728022466
5239,15.4423462865407
5240,15.4383205393271
5241,15.4342955603126
5242,15.4302713492041
5243,15.4262479057085
5244,15.4222252295332
5245,15.4182033203854
5246,15.4141821779728
5247,15.4101618020031
5248,15.4061421921841
5249,15.4021233482238
5250,15.3981052698306
5251,15.3940879567127
5252,15.3900714085788
5253,15.3860556251376
5254,15.3820406060978
5255,15.3780263511687
5256,15.3740128600594
5257,15.3700001324792
5258,15.3659881681378
5259,15.3619769667448
5260,15.3579665280101
5261,15.3539568516438
5262,15.3499479373561
5263,15.3459397848573
5264,15.341932393858
5265,15.3379257640688
5266,15.3339198952007
5267,15.3299147869647
5268,15.325910439072
5269,15.321906851234
5270,15.3179040231621
5271,15.3139019545681
5272,15.3099006451638
5273,15.3059000946612
5274,15.3019003027726
5275,15.2979012692103
5276,15.2939029936867
5277,15.2899054759145
5278,15.2859087156067
5279,15.2819127124762
5280,15.2779174662361
5281,15.2739229765998
5282,15.2699292432807
5283,15.2659362659926
5284,15.2619440444492
5285,15.2579525783646
5286,15.2539618674528
5287,15.2499719114281
5288,15.245982710005
5289,15.2419942628983
5290,15.2380065698225
5291,15.2340196304927
5292,15.230033444624
5293,15.2260480119316
5294,15.2220633321311
5295,15.2180794049379
5296,15.2140962300679
5297,15.210113807237
5298,15.2061321361611
5299,15.2021512165567
5300,15.19817104814
5301,15.1941916306277
5302,15.1902129637365
5303,15.1862350471832
5304,15.1822578806848
5305,15.1782814639586
5306,15.174305796722
5307,15.1703308786925
5308,15.1663567095876
5309,15.1623832891254
5310,15.1584106170237
5311,15.1544386930008
5312,15.1504675167749
5313,15.1464970880645
5314,15.1425274065883
5315,15.1385584720651
5316,15.1345902842138
5317,15.1306228427535
5318,15.1266561474035
5319,15.1226901978832
5320,15.1187249939122
5321,15.1147605352103
5322,15.1107968214973
5323,15.1068338524934
5324,15.1028716279187
5325,15.0989101474935
5326,15.0949494109386
5327,15.0909894179745
5328,15.087030168322
5329,15.0830716617023
5330,15.0791138978363
5331,15.0751568764456
5332,15.0712005972515
5333,15.0672450599757
5334,15.06329026434
5335,15.0593362100662
5336,15.0553828968766
5337,15.0514303244933
5338,15.0474784926389
5339,15.0435274010358
5340,15.0395770494068
5341,15.0356274374747
5342,15.0316785649627
5343,15.0277304315938
5344,15.0237830370915
5345,15.0198363811793
5346,15.0158904635807
5347,15.0119452840197
5348,15.0080008422202
5349,15.0040571379063
5350,15.0001141708023
5351,14.9961719406326
5352,14.9922304471218
5353,14.9882896899947
5354,14.9843496689762
5355,14.9804103837912
5356,14.9764718341651
5357,14.9725340198231
5358,14.9685969404908
5359,14.9646605958939
5360,14.9607249857581
5361,14.9567901098095
5362,14.9528559677741
5363,14.9489225593783
5364,14.9449898843485
5365,14.9410579424112
5366,14.9371267332932
5367,14.9331962567214
5368,14.9292665124228
5369,14.9253375001247
5370,14.9214092195544
5371,14.9174816704393
5372,14.9135548525072
5373,14.9096287654858
5374,14.9057034091031
5375,14.9017787830873
5376,14.8978548871665
5377,14.8939317210691
5378,14.8900092845238
5379,14.8860875772593
5380,14.8821665990044
5381,14.8782463494882
5382,14.8743268284397
5383,14.8704080355884
5384,14.8664899706637
5385,14.8625726333952
5386,14.8586560235128
5387,14.8547401407462
5388,14.8508249848256
5389,14.8469105554813
5390,14.8429968524435
5391,14.8390838754429
5392,14.83517162421
5393,14.8312600984758
5394,14.8273492979711
5395,14.8234392224272
5396,14.8195298715752
5397,14.8156212451466
5398,14.811713342873
5399,14.8078061644861
5400,14.8038997097177
5401,14.7999939782999
5402,14.7960889699649
5403,14.7921846844449
5404,14.7882811214725
5405,14.7843782807801
5406,14.7804761621007
5407,14.7765747651671
5408,14.7726740897123
5409,14.7687741354696
5410,14.7648749021724
5411,14.760976389554
5412,14.7570785973483
5413,14.7531815252889
5414,14.7492851731098
5415,14.7453895405451
5416,14.7414946273291
5417,14.7376004331961
5418,14.7337069578806
5419,14.7298142011175
5420,14.7259221626413
5421,14.7220308421873
5422,14.7181402394903
5423,14.7142503542859
5424,14.7103611863092
5425,14.706472735296
5426,14.7025850009819
5427,14.6986979831028
5428,14.6948116813946
5429,14.6909260955935
5430,14.6870412254358
5431,14.683157070658
5432,14.6792736309966
5433,14.6753909061883
5434,14.67150889597
5435,14.6676276000788
5436,14.6637470182517
5437,14.6598671502261
5438,14.6559879957395
5439,14.6521095545295
5440,14.6482318263337
5441,14.6443548108901
5442,14.6404785079367
5443,14.6366029172117
5444,14.6327280384534
5445,14.6288538714003
5446,14.6249804157909
5447,14.6211076713641
5448,14.6172356378587
5449,14.6133643150137
5450,14.6094937025684
5451,14.6056238002621
5452,14.6017546078342
5453,14.5978861250244
5454,14.5940183515724
5455,14.5901512872181
5456,14.5862849317015
5457,14.5824192847629
5458,14.5785543461426
5459,14.574690115581
5460,14.5708265928187
5461,14.5669637775966
5462,14.5631016696555
5463,14.5592402687364
5464,14.5553795745806
5465,14.5515195869293
5466,14.5476603055241
5467,14.5438017301065
5468,14.5399438604183
5469,14.5360866962014
5470,14.5322302371978
5471,14.5283744831497
5472,14.5245194337993
5473,14.5206650888893
5474,14.5168114481621
5475,14.5129585113606
5476,14.5091062782275
5477,14.505254748506
5478,14.5014039219391
5479,14.4975537982702
5480,14.4937043772427
5481,14.4898556586003
5482,14.4860076420865
5483,14.4821603274454
5484,14.4783137144209
5485,14.4744678027571
5486,14.4706225921984
5487,14.4667780824891
5488,14.4629342733739
5489,14.4590911645974
5490,14.4552487559045
5491,14.4514070470401
5492,14.4475660377494
5493,14.4437257277777
5494,14.4398861168703
5495,14.4360472047728
5496,14.4322089912309
5497,14.4283714759903
5498,14.4245346587971
5499,14.4206985393974
5500,14.4168631175373
5501,14.4130283929632
5502,14.4091943654217
5503,14.4053610346594
5504,14.4015284004231
5505,14.3976964624597
5506,14.3938652205163
5507,14.3900346743401
5508,14.3862048236784
5509,14.3823756682786
5510,14.3785472078885
5511,14.3747194422557
5512,14.3708923711282
5513,14.367065994254
5514,14.3632403113811
5515,14.3594153222581
5516,14.3555910266331
5517,14.3517674242549
5518,14.3479445148722
5519,14.3441222982338
5520,14.3403007740886
5521,14.3364799421859
5522,14.3326598022748
5523,14.3288403541047
5524,14.3250215974252
5525,14.321203531986
5526,14.3173861575368
5527,14.3135694738276
5528,14.3097534806084
5529,14.3059381776295
5530,14.3021235646411
5531,14.2983096413939
5532,14.2944964076383
5533,14.2906838631252
5534,14.2868720076054
5535,14.2830608408299
5536,14.2792503625499
5537,14.2754405725167
5538,14.2716314704817
5539,14.2678230561965
5540,14.2640153294127
5541,14.2602082898822
5542,14.2564019373569
5543,14.252596271589
5544,14.2487912923307
5545,14.2449869993342
5546,14.2411833923522
5547,14.2373804711373
5548,14.2335782354422
5549,14.2297766850198
5550,14.2259758196232
5551,14.2221756390055
5552,14.21837614292
5553,14.2145773311202
5554,14.2107792033596
5555,14.206981759392
5556,14.203184998971
5557,14.1993889218508
5558,14.1955935277854
5559,14.1917988165291
5560,14.1880047878362
5561,14.1842114414611
5562,14.1804187771586
5563,14.1766267946834
5564,14.1728354937904
5565,14.1690448742346
5566,14.1652549357712
5567,14.1614656781554
5568,14.1576771011427
5569,14.1538892044887
5570,14.1501019879489
5571,14.1463154512793
5572,14.1425295942358
5573,14.1387444165744
5574,14.1349599180514
5575,14.131176098423
5576,14.1273929574459
5577,14.1236104948765
5578,14.1198287104717
5579,14.1160476039882
5580,14.1122671751832
5581,14.1084874238136
5582,14.1047083496368
5583,14.1009299524101
5584,14.0971522318911
5585,14.0933751878374
5586,14.0895988200068
5587,14.0858231281572
5588,14.0820481120466
5589,14.0782737714333
5590,14.0745001060754
5591,14.0707271157315
5592,14.0669548001601
5593,14.0631831591198
5594,14.0594121923695
5595,14.0556418996682
5596,14.0518722807748
5597,14.0481033354487
5598,14.0443350634492
5599,14.0405674645356
5600,14.0368005384677
5601,14.033034285005
5602,14.0292687039075
5603,14.0255037949352
5604,14.0217395578481
5605,14.0179759924065
5606,14.0142130983708
5607,14.0104508755013
5608,14.0066893235589
5609,14.0029284423041
5610,13.9991682314979
5611,13.9954086909013
5612,13.9916498202754
5613,13.9878916193814
5614,13.9841340879808
5615,13.9803772258351
5616,13.9766210327059
5617,13.9728655083549
5618,13.9691106525441
5619,13.9653564650355
5620,13.9616029455912
5621,13.9578500939735
5622,13.9540979099449
5623,13.9503463932678
5624,13.9465955437048
5625,13.9428453610189
5626,13.9390958449729
5627,13.9353469953298
5628,13.9315988118527
5629,13.9278512943051
5630,13.9241044424502
5631,13.9203582560517
5632,13.9166127348731
5633,13.9128678786784
5634,13.9091236872314
5635,13.9053801602961
5636,13.9016372976367
5637,13.8978950990176
5638,13.8941535642031
5639,13.8904126929577
5640,13.8866724850463
5641,13.8829329402334
5642,13.8791940582842
5643,13.8754558389636
5644,13.8717182820367
5645,13.8679813872689
5646,13.8642451544257
5647,13.8605095832725
5648,13.856774673575
5649,13.853040425099
5650,13.8493068376104
5651,13.8455739108754
5652,13.84184164466
5653,13.8381100387304
5654,13.8343790928533
5655,13.830648806795
5656,13.8269191803223
5657,13.8231902132019
5658,13.8194619052008
5659,13.815734256086
5660,13.8120072656245
5661,13.8082809335839
5662,13.8045552597313
5663,13.8008302438344
5664,13.7971058856607
5665,13.7933821849782
5666,13.7896591415546
5667,13.7859367551581
5668,13.7822150255566
5669,13.7784939525186
5670,13.7747735358123
5671,13.7710537752063
5672,13.7673346704693
5673,13.7636162213699
5674,13.7598984276771
5675,13.7561812891599
5676,13.7524648055873
5677,13.7487489767287
5678,13.7450338023534
5679,13.7413192822308
5680,13.7376054161306
5681,13.7338922038226
5682,13.7301796450765
5683,13.7264677396623
5684,13.7227564873502
5685,13.7190458879103
5686,13.7153359411131
5687,13.7116266467289
5688,13.7079180045283
5689,13.704210014282
5690,13.7005026757609
5691,13.6967959887359
5692,13.6930899529781
5693,13.6893845682586
5694,13.6856798343487
5695,13.68197575102
5696,13.6782723180438
5697,13.674569535192
5698,13.6708674022362
5699,13.6671659189484
5700,13.6634650851005
5701,13.6597649004649
5702,13.6560653648136
5703,13.6523664779192
5704,13.6486682395541
5705,13.6449706494909
5706,13.6412737075024
5707,13.6375774133614
5708,13.6338817668409
5709,13.6301867677141
5710,13.6264924157542
5711,13.6227987107344
5712,13.6191056524283
5713,13.6154132406094
5714,13.6117214750515
5715,13.6080303555283
5716,13.6043398818138
5717,13.600650053682
5718,13.5969608709071
5719,13.5932723332635
5720,13.5895844405254
5721,13.5858971924675
5722,13.5822105888644
5723,13.5785246294909
5724,13.5748393141218
5725,13.5711546425321
5726,13.567470614497
5727,13.5637872297916
5728,13.5601044881914
5729,13.5564223894719
5730,13.5527409334085
5731,13.5490601197771
5732,13.5453799483534
5733,13.5417004189133
5734,13.538021531233
5735,13.5343432850887
5736,13.5306656802565
5737,13.5269887165129
5738,13.5233123936345
5739,13.5196367113979
5740,13.5159616695798
5741,13.5122872679572
5742,13.508613506307
5743,13.5049403844063
5744,13.5012679020323
5745,13.4975960589624
5746,13.4939248549742
5747,13.490254289845
5748,13.4865843633527
5749,13.482915075275
5750,13.4792464253898
5751,13.4755784134753
5752,13.4719110393095
5753,13.4682443026707
5754,13.4645782033373
5755,13.4609127410878
5756,13.4572479157009
5757,13.4535837269552
5758,13.4499201746296
5759,13.4462572585031
5760,13.4425949783548
5761,13.4389333339637
5762,13.4352723251094
5763,13.4316119515711
5764,13.4279522131284
5765,13.424293109561
5766,13.4206346406486
5767,13.4169768061711
5768,13.4133196059086
5769,13.409663039641
5770,13.4060071071487
5771,13.402351808212
5772,13.3986971426114
5773,13.3950431101273
5774,13.3913897105405
5775,13.3877369436319
5776,13.3840848091822
5777,13.3804333069725
5778,13.376782436784
5779,13.3731321983979
5780,13.3694825915955
5781,13.3658336161584
5782,13.3621852718682
5783,13.3585375585065
5784,13.3548904758552
5785,13.3512440236961
5786,13.3475982018114
5787,13.3439530099832
5788,13.3403084479937
5789,13.3366645156254
5790,13.3330212126608
5791,13.3293785388824
5792,13.3257364940729
5793,13.3220950780153
5794,13.3184542904924
5795,13.3148141312873
5796,13.3111746001832
5797,13.3075356969634
5798,13.3038974214112
5799,13.3002597733102
5800,13.2966227524439
5801,13.2929863585962
5802,13.2893505915508
5803,13.2857154510918
5804,13.2820809370031
5805,13.278447049069
5806,13.2748137870737
5807,13.2711811508017
5808,13.2675491400373
5809,13.2639177545655
5810,13.2602869941707
5811,13.2566568586378
5812,13.2530273477519
5813,13.249398461298
5814,13.2457701990612
5815,13.2421425608269
5816,13.2385155463804
5817,13.2348891555073
5818,13.2312633879932
5819,13.2276382436238
5820,13.2240137221849
5821,13.2203898234626
5822,13.2167665472428
5823,13.2131438933118
5824,13.2095218614558
5825,13.2059004514613
5826,13.2022796631146
5827,13.1986594962025
5828,13.1950399505117
5829,13.191421025829
5830,13.1878027219413
5831,13.1841850386357
5832,13.1805679756994
5833,13.1769515329196
5834,13.1733357100837
5835,13.1697205069793
5836,13.1661059233938
5837,13.162491959115
5838,13.1588786139307
5839,13.1552658876289
5840,13.1516537799976
5841,13.148042290825
5842,13.1444314198992
5843,13.1408211670086
5844,13.1372115319418
5845,13.1336025144873
5846,13.1299941144338
5847,13.12638633157
5848,13.122779165685
5849,13.1191726165676
5850,13.1155666840071
5851,13.1119613677926
5852,13.1083566677135
5853,13.1047525835592
5854,13.1011491151194
5855,13.0975462621836
5856,13.0939440245415
5857,13.0903424019832
5858,13.0867413942986
5859,13.0831410012777
5860,13.0795412227109
5861,13.0759420583883
5862,13.0723435081003
5863,13.0687455716376
5864,13.0651482487908
5865,13.0615515393505
5866,13.0579554431076
5867,13.0543599598531
5868,13.050765089378
5869,13.0471708314735
5870,13.0435771859309
5871,13.0399841525415
5872,13.0363917310968
5873,13.0327999213884
5874,13.029208723208
5875,13.0256181363475
5876,13.0220281605986
5877,13.0184387957535
5878,13.0148500416042
5879,13.011261897943
5880,13.0076743645622
5881,13.0040874412543
5882,13.0005011278118
5883,12.9969154240273
5884,12.9933303296936
5885,12.9897458446036
5886,12.9861619685502
5887,12.9825787013265
5888,12.9789960427257
5889,12.975413992541
5890,12.971832550566
5891,12.968251716594
5892,12.9646714904186
5893,12.9610918718336
5894,12.9575128606328
5895,12.95393445661
5896,12.9503566595594
5897,12.946779469275
5898,12.943202885551
5899,12.9396269081819
5900,12.9360515369619
5901,12.9324767716858
5902,12.9289026121481
5903,12.9253290581435
5904,12.921756109467
5905,12.9181837659134
5906,12.9146120272779
5907,12.9110408933557
5908,12.9074703639419
5909,12.903900438832
5910,12.9003311178214
5911,12.8967624007058
5912,12.8931942872809
5913,12.8896267773423
5914,12.886059870686
5915,12.8824935671081
5916,12.8789278664046
5917,12.8753627683717
5918,12.8717982728057
5919,12.8682343795031
5920,12.8646710882603
5921,12.861108398874
5922,12.8575463111409
5923,12.8539848248578
5924,12.8504239398216
5925,12.8468636558295
5926,12.8433039726784
5927,12.8397448901657
5928,12.8361864080887
5929,12.8326285262448
5930,12.8290712444316
5931,12.8255145624467
5932,12.8219584800879
5933,12.8184029971529
5934,12.8148481134399
5935,12.8112938287468
5936,12.8077401428717
5937,12.804187055613
5938,12.800634566769
5939,12.7970826761381
5940,12.793531383519
5941,12.7899806887103
5942,12.7864305915107
5943,12.7828810917191
5944,12.7793321891346
5945,12.7757838835561
5946,12.7722361747829
5947,12.7686890626142
5948,12.7651425468494
5949,12.761596627288
5950,12.7580513037295
5951,12.7545065759736
5952,12.7509624438202
5953,12.7474189070691
5954,12.7438759655202
5955,12.7403336189737
5956,12.7367918672298
5957,12.7332507100887
5958,12.7297101473508
5959,12.7261701788166
5960,12.7226308042867
5961,12.7190920235618
5962,12.7155538364426
5963,12.7120162427301
5964,12.7084792422252
5965,12.704942834729
5966,12.7014070200428
5967,12.6978717979677
5968,12.6943371683052
5969,12.6908031308568
5970,12.6872696854241
5971,12.6837368318087
5972,12.6802045698124
5973,12.6766728992371
5974,12.6731418198849
5975,12.6696113315577
5976,12.6660814340578
5977,12.6625521271874
5978,12.659023410749
5979,12.655495284545
5980,12.651967748378
5981,12.6484408020507
5982,12.6449144453658
5983,12.6413886781262
5984,12.637863500135
5985,12.6343389111951
5986,12.6308149111098
5987,12.6272914996824
5988,12.6237686767161
5989,12.6202464420145
5990,12.6167247953811
5991,12.6132037366197
5992,12.6096832655339
5993,12.6061633819277
5994,12.6026440856049
5995,12.5991253763697
5996,12.5956072540262
5997,12.5920897183787
5998,12.5885727692315
5999,12.5850564063891
6000,12.581540629656
6001,12.5780254388368
6002,12.5745108337364
6003,12.5709968141595
6004,12.5674833799111
6005,12.5639705307962
6006,12.56045826662
6007,12.5569465871877
6008,12.5534354923046
6009,12.5499249817762
6010,12.5464150554079
6011,12.5429057130054
6012,12.5393969543744
6013,12.5358887793208
6014,12.5323811876504
6015,12.5288741791692
6016,12.5253677536833
6017,12.521861910999
6018,12.5183566509226
6019,12.5148519732604
6020,12.5113478778189
6021,12.5078443644047
6022,12.5043414328246
6023,12.5008390828852
6024,12.4973373143935
6025,12.4938361271564
6026,12.490335520981
6027,12.4868354956744
6028,12.483336051044
6029,12.4798371868971
6030,12.476338903041
6031,12.4728411992835
6032,12.4693440754321
6033,12.4658475312945
6034,12.4623515666787
6035,12.4588561813925
6036,12.4553613752439
6037,12.4518671480411
6038,12.4483734995923
6039,12.4448804297058
6040,12.44138793819
6041,12.4378960248534
6042,12.4344046895046
6043,12.4309139319523
6044,12.4274237520053
6045,12.4239341494725
6046,12.4204451241629
6047,12.4169566758854
6048,12.4134688044494
6049,12.409981509664
6050,12.4064947913385
6051,12.4030086492826
6052,12.3995230833057
6053,12.3960380932174
6054,12.3925536788274
6055,12.3890698399457
6056,12.3855865763821
6057,12.3821038879466
6058,12.3786217744494
6059,12.3751402357007
6060,12.3716592715106
6061,12.3681788816898
6062,12.3646990660486
6063,12.3612198243975
6064,12.3577411565474
6065,12.3542630623089
6066,12.350785541493
6067,12.3473085939104
6068,12.3438322193725
6069,12.3403564176901
6070,12.3368811886747
6071,12.3334065321375
6072,12.3299324478899
6073,12.3264589357435
6074,12.3229859955098
6075,12.3195136270006
6076,12.3160418300277
6077,12.3125706044029
6078,12.3090999499382
6079,12.3056298664457
6080,12.3021603537376
6081,12.2986914116261
6082,12.2952230399236
6083,12.2917552384424
6084,12.2882880069952
6085,12.2848213453946
6086,12.2813552534533
6087,12.2778897309841
6088,12.2744247777998
6089,12.2709603937136
6090,12.2674965785385
6091,12.2640333320877
6092,12.2605706541744
6093,12.257108544612
6094,12.253647003214
6095,12.2501860297939
6096,12.2467256241653
6097,12.2432657861421
6098,12.2398065155379
6099,12.2363478121668
6100,12.2328896758427
6101,12.2294321063798
6102,12.2259751035922
6103,12.2225186672941
6104,12.2190627973001
6105,12.2156074934245
6106,12.2121527554819
6107,12.2086985832869
6108,12.2052449766543
6109,12.2017919353989
6110,12.1983394593356
6111,12.1948875482795
6112,12.1914362020456
6113,12.1879854204491
6114,12.1845352033053
6115,12.1810855504296
6116,12.1776364616374
6117,12.1741879367444
6118,12.170739975566
6119,12.1672925779182
6120,12.1638457436166
6121,12.1603994724773
6122,12.1569537643161
6123,12.1535086189493
6124,12.150064036193
6125,12.1466200158634
6126,12.143176557777
6127,12.1397336617502
6128,12.1362913275995
6129,12.1328495551416
6130,12.1294083441932
6131,12.1259676945711
6132,12.1225276060922
6133,12.1190880785736
6134,12.1156491118322
6135,12.1122107056853
6136,12.1087728599501
6137,12.105335574444
6138,12.1018988489844
6139,12.0984626833889
6140,12.0950270774751
6141,12.0915920310606
6142,12.0881575439633
6143,12.084723616001
6144,12.0812902469918
6145,12.0778574367537
6146,12.0744251851049
6147,12.0709934918635
6148,12.067562356848
6149,12.0641317798767
6150,12.0607017607682
6151,12.057272299341
6152,12.0538433954138
6153,12.0504150488054
6154,12.0469872593348
6155,12.0435600268207
6156,12.0401333510823
6157,12.0367072319386
6158,12.033281669209
6159,12.0298566627126
6160,12.0264322122689
6161,12.0230083176974
6162,12.0195849788176
6163,12.0161621954492
6164,12.012739967412
6165,12.0093182945256
6166,12.0058971766102
6167,12.0024766134856
6168,11.999056604972
6169,11.9956371508895
6170,11.9922182510585
6171,11.9887999052992
6172,11.9853821134321
6173,11.9819648752778
6174,11.9785481906568
6175,11.9751320593899
6176,11.9717164812978
6177,11.9683014562015
6178,11.9648869839218
6179,11.9614730642799
6180,11.9580596970969
6181,11.954646882194
6182,11.9512346193925
6183,11.9478229085138
6184,11.9444117493794
6185,11.9410011418109
6186,11.9375910856299
6187,11.9341815806582
6188,11.9307726267176
6189,11.9273642236301
6190,11.9239563712175
6191,11.9205490693021
6192,11.917142317706
6193,11.9137361162515
6194,11.9103304647608
6195,11.9069253630565
6196,11.9035208109611
6197,11.9001168082971
6198,11.8967133548873
6199,11.8933104505545
6200,11.8899080951214
6201,11.8865062884111
6202,11.8831050302466
6203,11.879704320451
6204,11.8763041588475
6205,11.8729045452595
6206,11.8695054795102
6207,11.8661069614232
6208,11.862708990822
6209,11.8593115675302
6210,11.8559146913715
6211,11.8525183621698
6212,11.849122579749
6213,11.845727343933
6214,11.8423326545458
6215,11.8389385114117
6216,11.8355449143549
6217,11.8321518631995
6218,11.8287593577702
6219,11.8253673978913
6220,11.8219759833874
6221,11.8185851140832
6222,11.8151947898034
6223,11.8118050103728
6224,11.8084157756163
6225,11.805027085359
6226,11.8016389394258
6227,11.798251337642
6228,11.7948642798328
6229,11.7914777658236
6230,11.7880917954396
6231,11.7847063685065
6232,11.7813214848498
6233,11.7779371442952
6234,11.7745533466683
6235,11.7711700917952
6236,11.7677873795016
6237,11.7644052096136
6238,11.7610235819572
6239,11.7576424963586
6240,11.7542619526441
6241,11.75088195064
6242,11.7475024901727
6243,11.7441235710687
6244,11.7407451931547
6245,11.7373673562571
6246,11.733990060203
6247,11.7306133048189
6248,11.7272370899319
6249,11.7238614153689
6250,11.7204862809572
6251,11.7171116865237
6252,11.7137376318958
6253,11.7103641169007
6254,11.706991141366
6255,11.7036187051191
6256,11.7002468079875
6257,11.696875449799
6258,11.6935046303813
6259,11.6901343495622
6260,11.6867646071696
6261,11.6833954030316
6262,11.6800267369761
6263,11.6766586088314
6264,11.6732910184256
6265,11.6699239655872
6266,11.6665574501445
6267,11.663191471926
6268,11.6598260307603
6269,11.656461126476
6270,11.6530967589018
6271,11.6497329278666
6272,11.6463696331993
6273,11.6430068747288
6274,11.6396446522842
6275,11.6362829656946
6276,11.6329218147894
6277,11.6295611993977
6278,11.6262011193489
6279,11.6228415744726
6280,11.6194825645982
6281,11.6161240895554
6282,11.612766149174
6283,11.6094087432837
6284,11.6060518717143
6285,11.6026955342959
6286,11.5993397308585
6287,11.5959844612321
6288,11.5926297252471
6289,11.5892755227336
6290,11.5859218535221
6291,11.582568717443
6292,11.5792161143267
6293,11.575864044004
6294,11.5725125063054
6295,11.5691615010618
6296,11.565811028104
6297,11.5624610872629
6298,11.5591116783696
6299,11.5557628012551
6300,11.5524144557506
6301,11.5490666416873
6302,11.5457193588965
6303,11.5423726072098
6304,11.5390263864585
6305,11.5356806964743
6306,11.5323355370887
6307,11.5289909081335
6308,11.5256468094406
6309,11.5223032408418
6310,11.518960202169
6311,11.5156176932544
6312,11.5122757139301
6313,11.5089342640282
6314,11.5055933433811
6315,11.5022529518211
6316,11.4989130891807
6317,11.4955737552924
6318,11.4922349499888
6319,11.4888966731026
6320,11.4855589244665
6321,11.4822217039135
6322,11.4788850112764
6323,11.4755488463882
6324,11.4722132090821
6325,11.4688780991911
6326,11.4655435165485
6327,11.4622094609877
6328,11.4588759323421
6329,11.4555429304451
6330,11.4522104551302
6331,11.4488785062312
6332,11.4455470835817
6333,11.4422161870155
6334,11.4388858163665
6335,11.4355559714687
6336,11.432226652156
6337,11.4288978582627
6338,11.4255695896228
6339,11.4222418460707
6340,11.4189146274406
6341,11.4155879335671
6342,11.4122617642845
6343,11.4089361194276
6344,11.4056109988309
6345,11.4022864023292
6346,11.3989623297573
6347,11.39563878095
6348,11.3923157557424
6349,11.3889932539696
6350,11.3856712754665
6351,11.3823498200685
6352,11.3790288876108
6353,11.3757084779288
6354,11.3723885908579
6355,11.3690692262336
6356,11.3657503838915
6357,11.3624320636674
6358,11.3591142653968
6359,11.3557969889157
6360,11.35248023406
6361,11.3491640006656
6362,11.3458482885687
6363,11.3425330976052
6364,11.3392184276115
6365,11.3359042784239
6366,11.3325906498786
6367,11.3292775418122
6368,11.3259649540611
6369,11.322652886462
6370,11.3193413388516
6371,11.3160303110665
6372,11.3127198029436
6373,11.3094098143199
6374,11.3061003450323
6375,11.3027913949178
6376,11.2994829638136
6377,11.2961750515569
6378,11.292867657985
6379,11.2895607829353
6380,11.2862544262452
6381,11.2829485877522
6382,11.2796432672939
6383,11.276338464708
6384,11.2730341798322
6385,11.2697304125043
6386,11.2664271625624
6387,11.2631244298442
6388,11.2598222141879
6389,11.2565205154316
6390,11.2532193334135
6391,11.2499186679719
6392,11.2466185189452
6393,11.2433188861717
6394,11.24001976949
6395,11.2367211687386
6396,11.2334230837563
6397,11.2301255143817
6398,11.2268284604537
6399,11.2235319218112
6400,11.220235898293
6401,11.2169403897383
6402,11.2136453959862
6403,11.2103509168758
6404,11.2070569522464
6405,11.2037635019373
6406,11.200470565788
6407,11.197178143638
6408,11.1938862353267
6409,11.1905948406939
6410,11.1873039595793
6411,11.1840135918226
6412,11.1807237372637
6413,11.1774343957426
6414,11.1741455670992
6415,11.1708572511737
6416,11.1675694478062
6417,11.164282156837
6418,11.1609953781063
6419,11.1577091114546
6420,11.1544233567222
6421,11.1511381137499
6422,11.1478533823781
6423,11.1445691624475
6424,11.1412854537989
6425,11.1380022562732
6426,11.1347195697112
6427,11.1314373939539
6428,11.1281557288425
6429,11.1248745742179
6430,11.1215939299215
6431,11.1183137957944
6432,11.1150341716781
6433,11.111755057414
6434,11.1084764528435
6435,11.1051983578083
6436,11.1019207721501
6437,11.0986436957104
6438,11.0953671283312
6439,11.0920910698542
6440,11.0888155201215
6441,11.085540478975
6442,11.0822659462569
6443,11.0789919218092
6444,11.0757184054743
6445,11.0724453970945
6446,11.0691728965121
6447,11.0659009035696
6448,11.0626294181096
6449,11.0593584399745
6450,11.0560879690072
6451,11.0528180050504
6452,11.0495485479468
6453,11.0462795975394
6454,11.0430111536712
6455,11.0397432161851
6456,11.0364757849244
6457,11.0332088597322
6458,11.0299424404517
6459,11.0266765269263
6460,11.0234111189994
6461,11.0201462165146
6462,11.0168818193152
6463,11.013617927245
6464,11.0103545401477
6465,11.007091657867
6466,11.0038292802468
6467,11.000567407131
6468,10.9973060383635
6469,10.9940451737885
6470,10.99078481325
6471,10.9875249565924
6472,10.9842656036597
6473,10.9810067542965
6474,10.9777484083471
6475,10.9744905656561
6476,10.9712332260678
6477,10.9679763894272
6478,10.9647200555787
6479,10.9614642243673
6480,10.9582088956377
6481,10.9549540692349
6482,10.9516997450039
6483,10.9484459227897
6484,10.9451926024375
6485,10.9419397837926
6486,10.9386874667001
6487,10.9354356510055
6488,10.9321843365541
6489,10.9289335231915
6490,10.9256832107632
6491,10.9224333991149
6492,10.9191840880923
6493,10.9159352775412
6494,10.9126869673074
6495,10.9094391572369
6496,10.9061918471756
6497,10.9029450369696
6498,10.8996987264651
6499,10.8964529155082
6500,10.8932076039453
6501,10.8899627916227
6502,10.8867184783868
6503,10.8834746640842
6504,10.8802313485613
6505,10.8769885316648
6506,10.8737462132415
6507,10.8705043931381
6508,10.8672630712014
6509,10.8640222472784
6510,10.860781921216
6511,10.8575420928614
6512,10.8543027620615
6513,10.8510639286638
6514,10.8478255925153
6515,10.8445877534635
6516,10.8413504113558
6517,10.8381135660396
6518,10.8348772173626
6519,10.8316413651722
6520,10.8284060093163
6521,10.8251711496425
6522,10.8219367859987
6523,10.8187029182329
6524,10.8154695461929
6525,10.8122366697268
6526,10.8090042886828
6527,10.805772402909
6528,10.8025410122537
6529,10.7993101165651
6530,10.7960797156917
6531,10.792849809482
6532,10.7896203977844
6533,10.7863914804476
6534,10.7831630573203
6535,10.7799351282511
6536,10.7767076930888
6537,10.7734807516825
6538,10.770254303881
6539,10.7670283495332
6540,10.7638028884884
6541,10.7605779205957
6542,10.7573534457042
6543,10.7541294636633
6544,10.7509059743223
6545,10.7476829775308
6546,10.744460473138
6547,10.7412384609938
6548,10.7380169409476
6549,10.7347959128491
6550,10.7315753765483
6551,10.7283553318948
6552,10.7251357787387
6553,10.7219167169299
6554,10.7186981463184
6555,10.7154800667543
6556,10.712262478088
6557,10.7090453801695
6558,10.7058287728493
6559,10.7026126559777
6560,10.6993970294052
6561,10.6961818929823
6562,10.6929672465597
6563,10.6897530899879
6564,10.6865394231177
6565,10.6833262458
6566,10.6801135578856
6567,10.6769013592253
6568,10.6736896496704
6569,10.6704784290717
6570,10.6672676972806
6571,10.664057454148
6572,10.6608476995255
6573,10.6576384332642
6574,10.6544296552156
6575,10.6512213652313
6576,10.6480135631627
6577,10.6448062488614
6578,10.6415994221793
6579,10.6383930829679
6580,10.6351872310791
6581,10.6319818663649
6582,10.6287769886771
6583,10.6255725978678
6584,10.6223686937891
6585,10.6191652762932
6586,10.6159623452322
6587,10.6127599004585
6588,10.6095579418245
6589,10.6063564691824
6590,10.603155482385
6591,10.5999549812846
6592,10.596754965734
6593,10.5935554355858
6594,10.5903563906928
6595,10.5871578309078
6596,10.5839597560838
6597,10.5807621660737
6598,10.5775650607304
6599,10.5743684399073
6600,10.5711723034572
6601,10.5679766512336
6602,10.5647814830898
6603,10.561586798879
6604,10.5583925984547
6605,10.5551988816704
6606,10.5520056483797
6607,10.5488128984362
6608,10.5456206316936
6609,10.5424288480057
6610,10.5392375472262
6611,10.5360467292092
6612,10.5328563938085
6613,10.5296665408782
6614,10.5264771702723
6615,10.5232882818451
6616,10.5200998754508
6617,10.5169119509436
6618,10.513724508178
6619,10.5105375470083
6620,10.5073510672891
6621,10.5041650688748
6622,10.5009795516202
6623,10.4977945153798
6624,10.4946099600086
6625,10.4914258853612
6626,10.4882422912926
6627,10.4850591776577
6628,10.4818765443116
6629,10.4786943911093
6630,10.475512717906
6631,10.4723315245568
6632,10.4691508109172
6633,10.4659705768423
6634,10.4627908221877
6635,10.4596115468088
6636,10.4564327505611
6637,10.4532544333003
6638,10.450076594882
6639,10.446899235162
6640,10.443722353996
6641,10.44054595124
6642,10.4373700267499
6643,10.4341945803816
6644,10.4310196119912
6645,10.4278451214349
6646,10.4246711085689
6647,10.4214975732494
6648,10.4183245153327
6649,10.4151519346752
6650,10.4119798311334
6651,10.4088082045638
6652,10.4056370548229
6653,10.4024663817675
6654,10.3992961852542
6655,10.3961264651398
6656,10.3929572212812
6657,10.3897884535352
6658,10.3866201617588
6659,10.3834523458091
6660,10.3802850055432
6661,10.3771181408181
6662,10.3739517514912
6663,10.3707858374198
6664,10.3676203984611
6665,10.3644554344727
6666,10.3612909453119
6667,10.3581269308364
6668,10.3549633909037
6669,10.3518003253716
6670,10.3486377340977
6671,10.34547561694
6672,10.3423139737561
6673,10.3391528044042
6674,10.3359921087421
6675,10.3328318866279
6676,10.3296721379198
6677,10.326512862476
6678,10.3233540601546
6679,10.320195730814
6680,10.3170378743127
6681,10.3138804905089
6682,10.3107235792613
6683,10.3075671404285
6684,10.3044111738689
6685,10.3012556794413
6686,10.2981006570046
6687,10.2949461064175
6688,10.2917920275389
6689,10.2886384202277
6690,10.285485284343
6691,10.2823326197438
6692,10.2791804262893
6693,10.2760287038387
6694,10.2728774522512
6695,10.2697266713863
6696,10.2665763611031
6697,10.2634265212613
6698,10.2602771517204
6699,10.2571282523398
6700,10.2539798229793
6701,10.2508318634986
6702,10.2476843737574
6703,10.2445373536155
6704,10.241390802933
6705,10.2382447215696
6706,10.2350991093855
6707,10.2319539662407
6708,10.2288092919954
6709,10.2256650865097
6710,10.222521349644
6711,10.2193780812586
6712,10.2162352812138
6713,10.2130929493701
6714,10.2099510855881
6715,10.2068096897284
6716,10.2036687616515
6717,10.2005283012181
6718,10.1973883082892
6719,10.1942487827253
6720,10.1911097243876
6721,10.1879711331369
6722,10.1848330088342
6723,10.1816953513407
6724,10.1785581605174
6725,10.1754214362256
6726,10.1722851783265
6727,10.1691493866814
6728,10.1660140611519
6729,10.1628792015992
6730,10.1597448078849
6731,10.1566108798706
6732,10.1534774174179
6733,10.1503444203885
6734,10.1472118886442
6735,10.1440798220468
6736,10.1409482204582
6737,10.1378170837403
6738,10.1346864117551
6739,10.1315562043647
6740,10.1284264614312
6741,10.1252971828168
6742,10.1221683683838
6743,10.1190400179945
6744,10.1159121315112
6745,10.1127847087963
6746,10.1096577497125
6747,10.1065312541222
6748,10.103405221888
6749,10.1002796528727
6750,10.0971545469389
6751,10.0940299039495
6752,10.0909057237673
6753,10.0877820062552
6754,10.0846587512763
6755,10.0815359586936
6756,10.0784136283702
6757,10.0752917601692
6758,10.0721703539539
6759,10.0690494095875
6760,10.0659289269335
6761,10.0628089058552
6762,10.059689346216
6763,10.0565702478796
6764,10.0534516107096
6765,10.0503334345694
6766,10.047215719323
6767,10.044098464834
6768,10.0409816709662
6769,10.0378653375837
6770,10.0347494645502
6771,10.03163405173
6772,10.0285190989869
6773,10.0254046061851
6774,10.0222905731889
6775,10.0191769998625
6776,10.0160638860702
6777,10.0129512316764
6778,10.0098390365455
6779,10.0067273005419
6780,10.0036160235304
6781,10.0005052053755
6782,9.99739484594174
6783,9.99428494509403
6784,9.99117550269707
6785,9.98806651861576
6786,9.98495799271499
6787,9.98184992485976
6788,9.97874231491504
6789,9.97563516274599
6790,9.97252846821774
6791,9.96942223119548
6792,9.96631645154452
6793,9.96321112913014
6794,9.96010626381777
6795,9.95700185547286
6796,9.95389790396091
6797,9.95079440914746
6798,9.94769137089818
6799,9.94458878907872
6800,9.94148666355487
6801,9.93838499419239
6802,9.93528378085717
6803,9.93218302341514
6804,9.92908272173226
6805,9.92598287567458
6806,9.92288348510822
6807,9.9197845498993
6808,9.91668606991409
6809,9.91358804501882
6810,9.91049047507986
6811,9.90739335996358
6812,9.90429669953646
6813,9.901200493665
6814,9.89810474221577
6815,9.8950094450554
6816,9.89191460205059
6817,9.88882021306806
6818,9.88572627797467
6819,9.88263279663722
6820,9.8795397689227
6821,9.87644719469803
6822,9.87335507383029
6823,9.87026340618659
6824,9.86717219163405
6825,9.86408143003991
6826,9.86099112127144
6827,9.85790126519596
6828,9.85481186168089
6829,9.85172291059365
6830,9.84863441180176
6831,9.8455463651728
6832,9.84245877057438
6833,9.83937162787418
6834,9.83628493693994
6835,9.83319869763946
6836,9.83011290984061
6837,9.82702757341128
6838,9.82394268821946
6839,9.82085825413317
6840,9.81777427102051
6841,9.81469073874962
6842,9.81160765718869
6843,9.80852502620601
6844,9.80544284566987
6845,9.80236111544868
6846,9.79927983541083
6847,9.79619900542487
6848,9.7931186253593
6849,9.79003869508276
6850,9.78695921446389
6851,9.78388018337142
6852,9.78080160167414
6853,9.77772346924088
6854,9.77464578594054
6855,9.77156855164206
6856,9.76849176621446
6857,9.76541542952682
6858,9.76233954144823
6859,9.7592641018479
6860,9.75618911059507
6861,9.75311456755901
6862,9.7500404726091
6863,9.74696682561474
6864,9.7438936264454
6865,9.7408208749706
6866,9.73774857105992
6867,9.73467671458299
6868,9.73160530540954
6869,9.72853434340927
6870,9.72546382845204
6871,9.72239376040771
6872,9.71932413914616
6873,9.71625496453739
6874,9.71318623645146
6875,9.71011795475843
6876,9.70705011932847
6877,9.70398273003179
6878,9.70091578673864
6879,9.69784928931935
6880,9.69478323764429
6881,9.69171763158388
6882,9.68865247100862
6883,9.68558775578908
6884,9.68252348579581
6885,9.67945966089952
6886,9.67639628097088
6887,9.6733333458807
6888,9.6702708554998
6889,9.66720880969903
6890,9.66414720834938
6891,9.6610860513218
6892,9.65802533848738
6893,9.65496506971719
6894,9.65190524488241
6895,9.64884586385429
6896,9.64578692650406
6897,9.6427284327031
6898,9.63967038232274
6899,9.63661277523448
6900,9.63355561130979
6901,9.63049889042024
6902,9.62744261243742
6903,9.62438677723301
6904,9.62133138467876
6905,9.61827643464639
6906,9.6152219270078
6907,9.61216786163484
6908,9.60911423839948
6909,9.6060610571737
6910,9.60300831782955
6911,9.59995602023918
6912,9.59690416427473
6913,9.59385274980844
6914,9.59080177671258
6915,9.58775124485948
6916,9.58470115412154
6917,9.58165150437119
6918,9.57860229548096
6919,9.57555352732338
6920,9.57250519977107
6921,9.56945731269671
6922,9.566409865973
6923,9.56336285947272
6924,9.5603162930687
6925,9.55727016663386
6926,9.55422448004109
6927,9.55117923316345
6928,9.54813442587393
6929,9.54509005804568
6930,9.54204612955183
6931,9.53900264026562
6932,9.53595959006031
6933,9.53291697880925
6934,9.52987480638578
6935,9.52683307266338
6936,9.52379177751552
6937,9.52075092081573
6938,9.51771050243764
6939,9.51467052225489
6940,9.5116309801412
6941,9.50859187597033
6942,9.50555320961609
6943,9.50251498095236
6944,9.49947718985306
6945,9.4964398361922
6946,9.49340291984377
6947,9.49036644068191
6948,9.48733039858073
6949,9.48429479341445
6950,9.48125962505733
6951,9.47822489338365
6952,9.4751905982678
6953,9.47215673958419
6954,9.46912331720726
6955,9.46609033101159
6956,9.46305778087173
6957,9.46002566666232
6958,9.45699398825804
6959,9.45396274553363
6960,9.4509319383639
6961,9.44790156662368
6962,9.44487163018789
6963,9.44184212893149
6964,9.43881306272947
6965,9.43578443145693
6966,9.43275623498894
6967,9.42972847320071
6968,9.42670114596746
6969,9.42367425316446
6970,9.42064779466705
6971,9.41762177035063
6972,9.41459618009061
6973,9.41157102376253
6974,9.40854630124189
6975,9.40552201240432
6976,9.40249815712547
6977,9.39947473528106
6978,9.39645174674683
6979,9.39342919139861
6980,9.39040706911226
6981,9.3873853797637
6982,9.38436412322894
6983,9.38134329938396
6984,9.37832290810487
6985,9.37530294926779
6986,9.37228342274894
6987,9.36926432842453
6988,9.36624566617086
6989,9.36322743586429
6990,9.36020963738121
6991,9.35719227059809
6992,9.35417533539142
6993,9.35115883163775
6994,9.34814275921374
6995,9.34512711799601
6996,9.3421119078613
6997,9.33909712868636
6998,9.33608278034804
6999,9.33306886272323
7000,9.3300553756888
7001,9.3270423191218
7002,9.32402969289923
7003,9.32101749689818
7004,9.31800573099579
7005,9.31499439506929
7006,9.31198348899588
7007,9.30897301265287
7008,9.30596296591761
7009,9.30295334866752
7010,9.29994416078004
7011,9.29693540213268
7012,9.29392707260303
7013,9.29091917206867
7014,9.28791170040727
7015,9.28490465749654
7016,9.2818980432143
7017,9.27889185743831
7018,9.27588610004649
7019,9.27288077091672
7020,9.26987586992704
7021,9.26687139695544
7022,9.26386735188
7023,9.26086373457887
7024,9.25786054493025
7025,9.25485778281238
7026,9.25185544810351
7027,9.24885354068203
7028,9.2458520604263
7029,9.2428510072148
7030,9.23985038092601
7031,9.23685018143848
7032,9.23385040863083
7033,9.23085106238169
7034,9.22785214256979
7035,9.22485364907389
7036,9.22185558177276
7037,9.2188579405453
7038,9.21586072527043
7039,9.21286393582708
7040,9.20986757209431
7041,9.20687163395114
7042,9.20387612127671
7043,9.20088103395021
7044,9.19788637185085
7045,9.19489213485788
7046,9.19189832285066
7047,9.18890493570855
7048,9.18591197331098
7049,9.18291943553742
7050,9.17992732226742
7051,9.17693563338056
7052,9.17394436875646
7053,9.17095352827481
7054,9.16796311181535
7055,9.16497311925787
7056,9.1619835504822
7057,9.15899440536822
7058,9.15600568379587
7059,9.15301738564518
7060,9.15002951079615
7061,9.14704205912886
7062,9.14405503052351
7063,9.14106842486027
7064,9.13808224201935
7065,9.1350964818811
7066,9.13211114432585
7067,9.12912622923398
7068,9.12614173648595
7069,9.12315766596228
7070,9.12017401754347
7071,9.11719079111017
7072,9.11420798654302
7073,9.11122560372271
7074,9.10824364253002
7075,9.10526210284572
7076,9.10228098455068
7077,9.09930028752577
7078,9.09632001165202
7079,9.09334015681037
7080,9.09036072288192
7081,9.08738170974774
7082,9.08440311728899
7083,9.08142494538691
7084,9.07844719392274
7085,9.07546986277778
7086,9.07249295183339
7087,9.06951646097096
7088,9.06654039007198
7089,9.06356473901798
7090,9.06058950769045
7091,9.05761469597104
7092,9.05464030374141
7093,9.05166633088326
7094,9.04869277727835
7095,9.04571964280849
7096,9.04274692735555
7097,9.03977463080142
7098,9.03680275302808
7099,9.0338312939175
7100,9.03086025335177
7101,9.02788963121302
7102,9.02491942738333
7103,9.021949641745
7104,9.01898027418023
7105,9.01601132457135
7106,9.01304279280071
7107,9.01007467875071
7108,9.00710698230384
7109,9.00413970334255
7110,9.00117284174944
7111,8.99820639740709
7112,8.99524037019818
7113,8.99227476000538
7114,8.98930956671147
7115,8.98634479019923
7116,8.98338043035157
7117,8.98041648705131
7118,8.97745296018146
7119,8.97448984962501
7120,8.97152715526497
7121,8.9685648769845
7122,8.96560301466671
7123,8.96264156819481
7124,8.95968053745203
7125,8.95671992232171
7126,8.95375972268713
7127,8.95079993843174
7128,8.94784056943896
7129,8.94488161559226
7130,8.94192307677523
7131,8.93896495287144
7132,8.93600724376451
7133,8.93304994933814
7134,8.93009306947607
7135,8.9271366040621
7136,8.92418055298006
7137,8.92122491611379
7138,8.91826969334729
7139,8.91531488456448
7140,8.91236048964945
7141,8.90940650848623
7142,8.90645294095898
7143,8.90349978695183
7144,8.90054704634906
7145,8.89759471903491
7146,8.89464280489372
7147,8.89169130380986
7148,8.88874021566772
7149,8.8857895403518
7150,8.8828392777466
7151,8.87988942773668
7152,8.87693999020668
7153,8.87399096504123
7154,8.87104235212505
7155,8.86809415134292
7156,8.86514636257963
7157,8.86219898572
7158,8.859252020649
7159,8.85630546725152
7160,8.85335932541261
7161,8.85041359501727
7162,8.84746827595064
7163,8.84452336809782
7164,8.84157887134403
7165,8.83863478557452
7166,8.83569111067455
7167,8.83274784652949
7168,8.82980499302468
7169,8.82686255004556
7170,8.82392051747765
7171,8.82097889520646
7172,8.81803768311754
7173,8.81509688109654
7174,8.8121564890291
7175,8.809216506801
7176,8.80627693429795
7177,8.80333777140579
7178,8.80039901801037
7179,8.79746067399761
7180,8.79452273925347
7181,8.79158521366393
7182,8.78864809711508
7183,8.785711389493
7184,8.78277509068387
7185,8.77983920057383
7186,8.77690371904916
7187,8.77396864599614
7188,8.77103398130112
7189,8.76809972485048
7190,8.76516587653063
7191,8.76223243622807
7192,8.75929940382934
7193,8.75636677922101
7194,8.7534345622897
7195,8.75050275292206
7196,8.74757135100483
7197,8.74464035642477
7198,8.74170976906869
7199,8.73877958882343
7200,8.73584981557593
7201,8.73292044921312
7202,8.72999148962202
7203,8.72706293668965
7204,8.72413479030312
7205,8.72120705034957
7206,8.71827971671618
7207,8.71535278929021
7208,8.71242626795891
7209,8.70950015260962
7210,8.70657444312974
7211,8.70364913940665
7212,8.70072424132786
7213,8.69779974878085
7214,8.6948756616532
7215,8.69195197983254
7216,8.68902870320648
7217,8.68610583166278
7218,8.68318336508914
7219,8.68026130337337
7220,8.67733964640334
7221,8.6744183940669
7222,8.67149754625201
7223,8.66857710284667
7224,8.66565706373886
7225,8.66273742881669
7226,8.65981819796831
7227,8.65689937108183
7228,8.65398094804548
7229,8.65106292874755
7230,8.64814531307632
7231,8.64522810092016
7232,8.64231129216747
7233,8.6393948867067
7234,8.63647888442633
7235,8.6335632852149
7236,8.630648088961
7237,8.62773329555327
7238,8.62481890488038
7239,8.62190491683106
7240,8.61899133129407
7241,8.61607814815823
7242,8.61316536731241
7243,8.61025298864553
7244,8.60734101204651
7245,8.60442943740436
7246,8.60151826460815
7247,8.59860749354696
7248,8.59569712410993
7249,8.59278715618622
7250,8.5898775896651
7251,8.5869684244358
7252,8.5840596603877
7253,8.58115129741011
7254,8.57824333539248
7255,8.57533577422426
7256,8.57242861379494
7257,8.56952185399409
7258,8.56661549471131
7259,8.56370953583622
7260,8.56080397725852
7261,8.55789881886793
7262,8.55499406055425
7263,8.55208970220728
7264,8.54918574371691
7265,8.54628218497306
7266,8.54337902586566
7267,8.54047626628474
7268,8.53757390612035
7269,8.53467194526256
7270,8.53177038360156
7271,8.5288692210275
7272,8.5259684574306
7273,8.52306809270119
7274,8.52016812672955
7275,8.51726855940606
7276,8.51436939062114
7277,8.51147062026524
7278,8.50857224822888
7279,8.50567427440259
7280,8.50277669867697
7281,8.49987952094266
7282,8.49698274109034
7283,8.49408635901074
7284,8.49119037459465
7285,8.48829478773288
7286,8.48539959831628
7287,8.48250480623578
7288,8.47961041138234
7289,8.47671641364691
7290,8.47382281292058
7291,8.47092960909444
7292,8.46803680205959
7293,8.46514439170724
7294,8.4622523779286
7295,8.45936076061495
7296,8.45646953965756
7297,8.45357871494783
7298,8.45068828637717
7299,8.447798253837
7300,8.4449086172188
7301,8.44201937641413
7302,8.43913053131457
7303,8.43624208181176
7304,8.43335402779731
7305,8.43046636916299
7306,8.42757910580052
7307,8.42469223760175
7308,8.42180576445848
7309,8.41891968626263
7310,8.41603400290613
7311,8.41314871428094
7312,8.41026382027912
7313,8.40737932079271
7314,8.40449521571383
7315,8.40161150493466
7316,8.39872818834736
7317,8.3958452658442
7318,8.39296273731749
7319,8.39008060265951
7320,8.3871988617627
7321,8.38431751451945
7322,8.38143656082221
7323,8.37855600056353
7324,8.37567583363593
7325,8.37279605993202
7326,8.36991667934446
7327,8.3670376917659
7328,8.36415909708912
7329,8.36128089520684
7330,8.35840308601192
7331,8.3555256693972
7332,8.35264864525559
7333,8.34977201348005
7334,8.34689577396356
7335,8.34401992659916
7336,8.34114447127994
7337,8.33826940789902
7338,8.33539473634958
7339,8.33252045652478
7340,8.32964656831795
7341,8.32677307162234
7342,8.32389996633131
7343,8.32102725233826
7344,8.31815492953658
7345,8.31528299781978
7346,8.31241145708136
7347,8.30954030721488
7348,8.30666954811396
7349,8.30379917967224
7350,8.3009292017834
7351,8.29805961434118
7352,8.29519041723936
7353,8.29232161037177
7354,8.28945319363225
7355,8.28658516691473
7356,8.28371753011317
7357,8.28085028312153
7358,8.27798342583388
7359,8.27511695814426
7360,8.27225087994684
7361,8.26938519113578
7362,8.26651989160525
7363,8.26365498124953
7364,8.26079045996294
7365,8.25792632763979
7366,8.25506258417445
7367,8.25219922946138
7368,8.24933626339502
7369,8.24647368586991
7370,8.24361149678057
7371,8.24074969602161
7372,8.2378882834877
7373,8.23502725907347
7374,8.23216662267369
7375,8.22930637418311
7376,8.22644651349654
7377,8.22358704050885
7378,8.22072795511491
7379,8.21786925720967
7380,8.21501094668812
7381,8.21215302344529
7382,8.20929548737624
7383,8.20643833837606
7384,8.20358157633993
7385,8.20072520116305
7386,8.19786921274064
7387,8.195013610968
7388,8.19215839574041
7389,8.1893035669533
7390,8.18644912450203
7391,8.18359506828206
7392,8.18074139818888
7393,8.17788811411805
7394,8.17503521596513
7395,8.17218270362574
7396,8.16933057699555
7397,8.16647883597025
7398,8.16362748044559
7399,8.16077651031738
7400,8.15792592548143
7401,8.15507572583364
7402,8.15222591126989
7403,8.14937648168615
7404,8.14652743697843
7405,8.14367877704279
7406,8.14083050177527
7407,8.13798261107205
7408,8.13513510482925
7409,8.13228798294311
7410,8.12944124530987
7411,8.12659489182582
7412,8.12374892238731
7413,8.12090333689072
7414,8.11805813523248
7415,8.11521331730901
7416,8.11236888301687
7417,8.10952483225256
7418,8.10668116491271
7419,8.10383788089391
7420,8.10099498009287
7421,8.09815246240626
7422,8.09531032773086
7423,8.0924685759635
7424,8.08962720700096
7425,8.08678622074016
7426,8.08394561707799
7427,8.08110539591145
7428,8.07826555713752
7429,8.07542610065326
7430,8.07258702635576
7431,8.06974833414213
7432,8.06691002390957
7433,8.06407209555527
7434,8.06123454897649
7435,8.05839738407055
7436,8.05556060073476
7437,8.05272419886649
7438,8.04988817836322
7439,8.04705253912232
7440,8.04421728104139
7441,8.0413824040179
7442,8.03854790794948
7443,8.03571379273373
7444,8.03288005826833
7445,8.03004670445097
7446,8.02721373117945
7447,8.02438113835153
7448,8.02154892586503
7449,8.01871709361784
7450,8.01588564150788
7451,8.0130545694331
7452,8.01022387729149
7453,8.00739356498111
7454,8.00456363240004
7455,8.00173407944636
7456,7.99890490601826
7457,7.99607611201398
7458,7.9932476973317
7459,7.99041966186973
7460,7.9875920055264
7461,7.98476472820006
7462,7.98193782978916
7463,7.97911131019209
7464,7.97628516930739
7465,7.97345940703356
7466,7.97063402326916
7467,7.96780901791285
7468,7.96498439086322
7469,7.96216014201902
7470,7.95933627127893
7471,7.95651277854178
7472,7.95368966370634
7473,7.95086692667149
7474,7.9480445673361
7475,7.94522258559915
7476,7.94240098135957
7477,7.93957975451639
7478,7.93675890496871
7479,7.93393843261556
7480,7.93111833735615
7481,7.9282986190896
7482,7.92547927771516
7483,7.92266031313208
7484,7.91984172523966
7485,7.91702351393726
7486,7.91420567912424
7487,7.91138822070003
7488,7.90857113856409
7489,7.90575443261592
7490,7.90293810275507
7491,7.90012214888114
7492,7.8973065708937
7493,7.89449136869247
7494,7.89167654217712
7495,7.8888620912474
7496,7.88604801580309
7497,7.88323431574404
7498,7.88042099097007
7499,7.87760804138112
7500,7.87479546687713
7501,7.87198326735806
7502,7.86917144272398
7503,7.8663599928749
7504,7.86354891771094
7505,7.86073821713227
7506,7.85792789103904
7507,7.85511793933149
7508,7.85230836190989
7509,7.84949915867454
7510,7.84669032952576
7511,7.84388187436398
7512,7.84107379308957
7513,7.83826608560304
7514,7.83545875180486
7515,7.8326517915956
7516,7.8298452048758
7517,7.82703899154611
7518,7.82423315150719
7519,7.82142768465975
7520,7.8186225909045
7521,7.81581787014223
7522,7.81301352227379
7523,7.8102095472
7524,7.80740594482179
7525,7.80460271504006
7526,7.80179985775583
7527,7.79899737287009
7528,7.79619526028389
7529,7.79339351989838
7530,7.79059215161462
7531,7.78779115533383
7532,7.78499053095723
7533,7.78219027838604
7534,7.77939039752156
7535,7.77659088826515
7536,7.77379175051818
7537,7.77099298418202
7538,7.76819458915815
7539,7.76539656534804
7540,7.76259891265326
7541,7.75980163097532
7542,7.75700472021587
7543,7.75420818027655
7544,7.75141201105903
7545,7.74861621246504
7546,7.74582078439635
7547,7.74302572675474
7548,7.74023103944208
7549,7.73743672236023
7550,7.73464277541111
7551,7.7318491984967
7552,7.72905599151897
7553,7.72626315437997
7554,7.72347068698178
7555,7.7206785892265
7556,7.71788686101627
7557,7.71509550225332
7558,7.71230451283985
7559,7.70951389267816
7560,7.70672364167052
7561,7.7039337597193
7562,7.70114424672686
7563,7.69835510259567
7564,7.69556632722816
7565,7.69277792052682
7566,7.68998988239423
7567,7.68720221273293
7568,7.68441491144555
7569,7.68162797843477
7570,7.67884141360325
7571,7.67605521685375
7572,7.67326938808902
7573,7.67048392721187
7574,7.66769883412518
7575,7.6649141087318
7576,7.66212975093469
7577,7.65934576063677
7578,7.65656213774108
7579,7.65377888215066
7580,7.65099599376856
7581,7.64821347249791
7582,7.6454313182419
7583,7.64264953090368
7584,7.63986811038649
7585,7.63708705659362
7586,7.63430636942836
7587,7.63152604879408
7588,7.62874609459415
7589,7.62596650673198
7590,7.62318728511107
7591,7.62040842963488
7592,7.61762994020697
7593,7.61485181673091
7594,7.61207405911031
7595,7.60929666724883
7596,7.60651964105018
7597,7.60374298041806
7598,7.60096668525624
7599,7.59819075546853
7600,7.59541519095876
7601,7.59263999163083
7602,7.58986515738866
7603,7.5870906881362
7604,7.58431658377741
7605,7.58154284421638
7606,7.57876946935716
7607,7.57599645910385
7608,7.57322381336058
7609,7.57045153203157
7610,7.56767961502101
7611,7.56490806223318
7612,7.56213687357235
7613,7.55936604894289
7614,7.55659558824915
7615,7.55382549139553
7616,7.5510557582865
7617,7.54828638882656
7618,7.54551738292018
7619,7.54274874047197
7620,7.53998046138648
7621,7.5372125455684
7622,7.53444499292237
7623,7.53167780335309
7624,7.52891097676535
7625,7.5261445130639
7626,7.52337841215356
7627,7.52061267393922
7628,7.51784729832577
7629,7.51508228521812
7630,7.51231763452126
7631,7.50955334614019
7632,7.50678941997999
7633,7.50402585594571
7634,7.50126265394248
7635,7.49849981387545
7636,7.49573733564984
7637,7.49297521917088
7638,7.49021346434382
7639,7.487452071074
7640,7.48469103926675
7641,7.48193036882742
7642,7.47917005966148
7643,7.47641011167436
7644,7.47365052477156
7645,7.47089129885859
7646,7.46813243384107
7647,7.46537392962456
7648,7.46261578611471
7649,7.45985800321721
7650,7.45710058083777
7651,7.45434351888214
7652,7.45158681725612
7653,7.44883047586555
7654,7.44607449461623
7655,7.44331887341413
7656,7.44056361216516
7657,7.43780871077531
7658,7.43505416915058
7659,7.43229998719699
7660,7.42954616482066
7661,7.42679270192773
7662,7.42403959842432
7663,7.42128685421662
7664,7.4185344692109
7665,7.41578244331338
7666,7.41303077643041
7667,7.41027946846832
7668,7.40752851933349
7669,7.40477792893232
7670,7.40202769717128
7671,7.39927782395684
7672,7.39652830919552
7673,7.39377915279393
7674,7.39103035465861
7675,7.38828191469622
7676,7.38553383281343
7677,7.38278610891695
7678,7.38003874291352
7679,7.37729173470995
7680,7.374545084213
7681,7.37179879132956
7682,7.36905285596651
7683,7.36630727803077
7684,7.36356205742931
7685,7.36081719406914
7686,7.35807268785728
7687,7.3553285387008
7688,7.35258474650683
7689,7.34984131118249
7690,7.34709823263496
7691,7.34435551077146
7692,7.34161314549925
7693,7.33887113672562
7694,7.33612948435789
7695,7.33338818830341
7696,7.33064724846959
7697,7.32790666476387
7698,7.32516643709369
7699,7.32242656536658
7700,7.31968704949008
7701,7.31694788937177
7702,7.31420908491923
7703,7.31147063604015
7704,7.3087325426422
7705,7.3059948046331
7706,7.30325742192063
7707,7.30052039441254
7708,7.29778372201667
7709,7.29504740464093
7710,7.29231144219316
7711,7.28957583458132
7712,7.28684058171339
7713,7.28410568349738
7714,7.2813711398413
7715,7.27863695065327
7716,7.2759031158414
7717,7.27316963531385
7718,7.27043650897876
7719,7.26770373674439
7720,7.26497131851898
7721,7.26223925421085
7722,7.2595075437283
7723,7.25677618697972
7724,7.2540451838735
7725,7.25131453431807
7726,7.24858423822189
7727,7.2458542954935
7728,7.24312470604144
7729,7.24039546977426
7730,7.23766658660057
7731,7.23493805642906
7732,7.2322098791684
7733,7.22948205472727
7734,7.2267545830145
7735,7.22402746393881
7736,7.22130069740905
7737,7.21857428333412
7738,7.21584822162285
7739,7.21312251218423
7740,7.21039715492719
7741,7.20767214976076
7742,7.20494749659396
7743,7.20222319533584
7744,7.19949924589557
7745,7.19677564818227
7746,7.19405240210509
7747,7.19132950757325
7748,7.18860696449604
7749,7.1858847727827
7750,7.18316293234258
7751,7.18044144308501
7752,7.1777203049194
7753,7.17499951775518
7754,7.17227908150178
7755,7.1695589960687
7756,7.16683926136551
7757,7.16411987730173
7758,7.16140084378698
7759,7.15868216073087
7760,7.15596382804312
7761,7.15324584563339
7762,7.15052821341144
7763,7.14781093128706
7764,7.14509399917
7765,7.14237741697017
7766,7.13966118459741
7767,7.13694530196165
7768,7.13422976897284
7769,7.13151458554096
7770,7.12879975157603
7771,7.12608526698808
7772,7.12337113168721
7773,7.12065734558359
7774,7.11794390858729
7775,7.11523082060859
7776,7.11251808155765
7777,7.10980569134475
7778,7.10709364988019
7779,7.10438195707432
7780,7.10167061283748
7781,7.09895961708008
7782,7.09624896971254
7783,7.09353867064532
7784,7.09082871978896
7785,7.08811911705399
7786,7.08540986235096
7787,7.08270095559048
7788,7.07999239668318
7789,7.07728418553979
7790,7.07457632207095
7791,7.07186880618744
7792,7.06916163780004
7793,7.06645481681955
7794,7.06374834315683
7795,7.06104221672275
7796,7.05833643742823
7797,7.05563100518423
7798,7.05292591990172
7799,7.05022118149173
7800,7.04751678986529
7801,7.0448127449335
7802,7.0421090466075
7803,7.03940569479842
7804,7.03670268941746
7805,7.03400003037583
7806,7.03129771758481
7807,7.02859575095568
7808,7.02589413039976
7809,7.02319285582842
7810,7.02049192715305
7811,7.01779134428507
7812,7.01509110713596
7813,7.01239121561722
7814,7.00969166964034
7815,7.00699246911693
7816,7.00429361395854
7817,7.00159510407686
7818,6.99889693938352
7819,6.99619911979021
7820,6.99350164520868
7821,6.9908045155507
7822,6.98810773072808
7823,6.98541129065263
7824,6.98271519523623
7825,6.98001944439077
7826,6.97732403802822
7827,6.97462897606053
7828,6.9719342583997
7829,6.96923988495777
7830,6.9665458556468
7831,6.96385217037892
7832,6.96115882906625
7833,6.95846583162098
7834,6.95577317795529
7835,6.95308086798144
7836,6.9503889016117
7837,6.94769727875838
7838,6.94500599933381
7839,6.94231506325035
7840,6.93962447042045
7841,6.93693422075652
7842,6.93424431417103
7843,6.93155475057651
7844,6.92886552988547
7845,6.92617665201053
7846,6.92348811686426
7847,6.92079992435932
7848,6.91811207440839
7849,6.91542456692414
7850,6.91273740181935
7851,6.91005057900679
7852,6.90736409839927
7853,6.90467795990962
7854,6.90199216345073
7855,6.89930670893548
7856,6.89662159627684
7857,6.89393682538777
7858,6.89125239618129
7859,6.88856830857042
7860,6.88588456246827
7861,6.88320115778791
7862,6.88051809444251
7863,6.87783537234522
7864,6.87515299140926
7865,6.87247095154788
7866,6.86978925267432
7867,6.86710789470193
7868,6.864426877544
7869,6.86174620111396
7870,6.85906586532518
7871,6.85638587009109
7872,6.85370621532518
7873,6.85102690094095
7874,6.84834792685194
7875,6.84566929297172
7876,6.84299099921387
7877,6.84031304549207
7878,6.83763543171996
7879,6.83495815781124
7880,6.83228122367966
7881,6.82960462923899
7882,6.826928374403
7883,6.82425245908556
7884,6.82157688320051
7885,6.81890164666176
7886,6.81622674938324
7887,6.81355219127893
7888,6.8108779722628
7889,6.80820409224888
7890,6.80553055115126
7891,6.80285734888401
7892,6.80018448536127
7893,6.7975119604972
7894,6.794839774206
7895,6.79216792640185
7896,6.78949641699907
7897,6.78682524591192
7898,6.78415441305473
7899,6.78148391834187
7900,6.77881376168769
7901,6.77614394300663
7902,6.77347446221317
7903,6.77080531922174
7904,6.76813651394692
7905,6.76546804630323
7906,6.76279991620523
7907,6.76013212356758
7908,6.75746466830491
7909,6.75479755033189
7910,6.75213076956326
7911,6.74946432591372
7912,6.7467982192981
7913,6.74413244963117
7914,6.74146701682779
7915,6.73880192080283
7916,6.73613716147121
7917,6.73347273874784
7918,6.7308086525477
7919,6.72814490278582
7920,6.72548148937721
7921,6.72281841223694
7922,6.7201556712801
7923,6.71749326642186
7924,6.71483119757736
7925,6.71216946466178
7926,6.70950806759038
7927,6.70684700627838
7928,6.7041862806411
7929,6.70152589059388
7930,6.69886583605206
7931,6.69620611693102
7932,6.69354673314619
7933,6.69088768461301
7934,6.68822897124696
7935,6.6855705929636
7936,6.68291254967844
7937,6.68025484130707
7938,6.6775974677651
7939,6.67494042896818
7940,6.67228372483197
7941,6.6696273552722
7942,6.6669713202046
7943,6.66431561954495
7944,6.66166025320903
7945,6.65900522111271
7946,6.65635052317181
7947,6.65369615930227
7948,6.65104212942
7949,6.64838843344097
7950,6.64573507128119
7951,6.64308204285664
7952,6.64042934808342
7953,6.6377769868776
7954,6.63512495915531
7955,6.63247326483269
7956,6.62982190382594
7957,6.62717087605124
7958,6.6245201814249
7959,6.62186981986313
7960,6.6192197912823
7961,6.61657009559872
7962,6.61392073272874
7963,6.61127170258881
7964,6.60862300509535
7965,6.60597464016482
7966,6.60332660771373
7967,6.6006789076586
7968,6.598031539916
7969,6.59538450440251
7970,6.59273780103479
7971,6.59009142972946
7972,6.5874453904032
7973,6.58479968297278
7974,6.58215430735491
7975,6.57950926346638
7976,6.57686455122399
7977,6.57422017054461
7978,6.57157612134508
7979,6.56893240354236
7980,6.56628901705336
7981,6.56364596179502
7982,6.56100323768439
7983,6.55836084463847
7984,6.55571878257431
7985,6.55307705140905
7986,6.5504356510598
7987,6.54779458144368
7988,6.54515384247792
7989,6.54251343407972
7990,6.53987335616634
7991,6.53723360865504
7992,6.53459419146315
7993,6.531955104508
7994,6.52931634770698
7995,6.52667792097748
7996,6.52403982423694
7997,6.52140205740284
7998,6.51876462039264
7999,6.51612751312391
8000,6.51349073551418
8001,6.50916292087429
8002,6.50483564710982
8003,6.50050891408559
8004,6.49618272166648
8005,6.4918570697174
8006,6.48753195810334
8007,6.48320738668933
8008,6.47888335534043
8009,6.47455986392176
8010,6.47023691229853
8011,6.46591450033594
8012,6.46159262789928
8013,6.45727129485388
8014,6.45295050106512
8015,6.44863024639842
8016,6.44431053071927
8017,6.43999135389319
8018,6.43567271578577
8019,6.43135461626264
8020,6.42703705518949
8021,6.42272003243202
8022,6.41840354785605
8023,6.41408760132739
8024,6.40977219271194
8025,6.4054573218756
8026,6.40114298868438
8027,6.39682919300431
8028,6.39251593470146
8029,6.38820321364197
8030,6.38389102969203
8031,6.37957938271785
8032,6.37526827258574
8033,6.37095769916202
8034,6.36664766231306
8035,6.36233816190532
8036,6.35802919780526
8037,6.35372076987942
8038,6.34941287799438
8039,6.34510552201678
8040,6.34079870181329
8041,6.33649241725064
8042,6.33218666819562
8043,6.32788145451505
8044,6.32357677607582
8045,6.31927263274486
8046,6.31496902438915
8047,6.3106659508757
8048,6.30636341207162
8049,6.30206140784401
8050,6.29775993806006
8051,6.29345900258701
8052,6.28915860129212
8053,6.28485873404271
8054,6.28055940070617
8055,6.27626060114992
8056,6.27196233524144
8057,6.26766460284824
8058,6.2633674038379
8059,6.25907073807805
8060,6.25477460543635
8061,6.25047900578053
8062,6.24618393897836
8063,6.24188940489765
8064,6.23759540340627
8065,6.23330193437215
8066,6.22900899766324
8067,6.22471659314757
8068,6.22042472069319
8069,6.21613338016823
8070,6.21184257144084
8071,6.20755229437925
8072,6.2032625488517
8073,6.1989733347265
8074,6.19468465187203
8075,6.19039650015668
8076,6.18610887944891
8077,6.18182178961723
8078,6.17753523053019
8079,6.17324920205639
8080,6.1689637040645
8081,6.1646787364232
8082,6.16039429900124
8083,6.15611039166744
8084,6.15182701429062
8085,6.14754416673969
8086,6.14326184888359
8087,6.13898006059132
8088,6.13469880173192
8089,6.13041807217446
8090,6.12613787178811
8091,6.12185820044204
8092,6.11757905800548
8093,6.11330044434772
8094,6.1090223593381
8095,6.10474480284599
8096,6.10046777474082
8097,6.09619127489208
8098,6.09191530316928
8099,6.08763985944201
8100,6.08336494357988
8101,6.07909055545256
8102,6.07481669492979
8103,6.07054336188131
8104,6.06627055617696
8105,6.06199827768657
8106,6.05772652628009
8107,6.05345530182746
8108,6.04918460419869
8109,6.04491443326384
8110,6.04064478889302
8111,6.03637567095637
8112,6.03210707932409
8113,6.02783901386645
8114,6.02357147445371
8115,6.01930446095626
8116,6.01503797324445
8117,6.01077201118874
8118,6.00650657465963
8119,6.00224166352763
8120,5.99797727766335
8121,5.99371341693739
8122,5.98945008122046
8123,5.98518727038327
8124,5.98092498429659
8125,5.97666322283127
8126,5.97240198585816
8127,5.96814127324817
8128,5.96388108487229
8129,5.95962142060151
8130,5.9553622803069
8131,5.95110366385958
8132,5.94684557113069
8133,5.94258800199144
8134,5.93833095631307
8135,5.9340744339669
8136,5.92981843482427
8137,5.92556295875655
8138,5.92130800563522
8139,5.91705357533174
8140,5.91279966771764
8141,5.90854628266453
8142,5.90429342004402
8143,5.90004107972779
8144,5.89578926158758
8145,5.89153796549515
8146,5.88728719132231
8147,5.88303693894094
8148,5.87878720822296
8149,5.87453799904031
8150,5.87028931126501
8151,5.86604114476912
8152,5.86179349942474
8153,5.857546375104
8154,5.85329977167913
8155,5.84905368902235
8156,5.84480812700595
8157,5.84056308550228
8158,5.83631856438372
8159,5.83207456352268
8160,5.82783108279168
8161,5.82358812206321
8162,5.81934568120985
8163,5.81510376010423
8164,5.81086235861901
8165,5.8066214766269
8166,5.80238111400065
8167,5.79814127061308
8168,5.79390194633704
8169,5.78966314104541
8170,5.78542485461117
8171,5.78118708690729
8172,5.77694983780681
8173,5.77271310718282
8174,5.76847689490846
8175,5.76424120085689
8176,5.76000602490135
8177,5.75577136691512
8178,5.75153722677149
8179,5.74730360434385
8180,5.7430704995056
8181,5.7388379121302
8182,5.73460584209115
8183,5.73037428926202
8184,5.72614325351638
8185,5.72191273472789
8186,5.71768273277023
8187,5.71345324751715
8188,5.70922427884241
8189,5.70499582661986
8190,5.70076789072337
8191,5.69654047102684
8192,5.69231356740427
8193,5.68808717972965
8194,5.68386130787704
8195,5.67963595172056
8196,5.67541111113435
8197,5.67118678599261
8198,5.66696297616958
8199,5.66273968153955
8200,5.65851690197687
8201,5.6542946373559
8202,5.65007288755108
8203,5.64585165243688
8204,5.64163093188782
8205,5.63741072577846
8206,5.63319103398343
8207,5.62897185637736
8208,5.62475319283497
8209,5.62053504323101
8210,5.61631740744025
8211,5.61210028533756
8212,5.60788367679782
8213,5.60366758169595
8214,5.59945199990693
8215,5.59523693130579
8216,5.59102237576759
8217,5.58680833316744
8218,5.58259480338052
8219,5.57838178628201
8220,5.57416928174718
8221,5.56995728965132
8222,5.56574580986977
8223,5.56153484227791
8224,5.55732438675119
8225,5.55311444316508
8226,5.54890501139509
8227,5.54469609131682
8228,5.54048768280585
8229,5.53627978573787
8230,5.53207239998855
8231,5.52786552543368
8232,5.52365916194903
8233,5.51945330941044
8234,5.5152479676938
8235,5.51104313667506
8236,5.50683881623016
8237,5.50263500623516
8238,5.49843170656611
8239,5.4942289170991
8240,5.49002663771033
8241,5.48582486827597
8242,5.48162360867228
8243,5.47742285877555
8244,5.47322261846212
8245,5.46902288760836
8246,5.46482366609071
8247,5.46062495378564
8248,5.45642675056967
8249,5.45222905631935
8250,5.4480318709113
8251,5.44383519422216
8252,5.43963902612863
8253,5.43544336650747
8254,5.43124821523544
8255,5.42705357218938
8256,5.42285943724617
8257,5.41866581028273
8258,5.41447269117602
8259,5.41028007980305
8260,5.40608797604088
8261,5.40189637976661
8262,5.39770529085738
8263,5.39351470919038
8264,5.38932463464284
8265,5.38513506709204
8266,5.3809460064153
8267,5.37675745249
8268,5.37256940519352
8269,5.36838186440335
8270,5.36419482999698
8271,5.36000830185194
8272,5.35582227984584
8273,5.35163676385629
8274,5.34745175376099
8275,5.34326724943765
8276,5.33908325076404
8277,5.33489975761797
8278,5.33071676987729
8279,5.32653428741991
8280,5.32235231012377
8281,5.31817083786684
8282,5.31398987052718
8283,5.30980940798286
8284,5.30562945011198
8285,5.30144999679273
8286,5.2972710479033
8287,5.29309260332194
8288,5.28891466292697
8289,5.28473722659672
8290,5.28056029420956
8291,5.27638386564394
8292,5.27220794077832
8293,5.26803251949122
8294,5.26385760166119
8295,5.25968318716685
8296,5.25550927588685
8297,5.25133586769987
8298,5.24716296248466
8299,5.24299056011999
8300,5.23881866048468
8301,5.23464726345761
8302,5.23047636891768
8303,5.22630597674385
8304,5.22213608681513
8305,5.21796669901054
8306,5.21379781320919
8307,5.20962942929019
8308,5.20546154713272
8309,5.20129416661601
8310,5.1971272876193
8311,5.19296091002191
8312,5.18879503370319
8313,5.18462965854251
8314,5.18046478441933
8315,5.17630041121312
8316,5.17213653880339
8317,5.16797316706972
8318,5.16381029589172
8319,5.15964792514903
8320,5.15548605472136
8321,5.15132468448844
8322,5.14716381433006
8323,5.14300344412603
8324,5.13884357375624
8325,5.13468420310059
8326,5.13052533203903
8327,5.12636696045157
8328,5.12220908821826
8329,5.11805171521916
8330,5.11389484133443
8331,5.10973846644422
8332,5.10558259042874
8333,5.10142721316827
8334,5.0972723345431
8335,5.09311795443356
8336,5.08896407272007
8337,5.08481068928304
8338,5.08065780400294
8339,5.07650541676028
8340,5.07235352743565
8341,5.06820213590962
8342,5.06405124206285
8343,5.05990084577603
8344,5.05575094692989
8345,5.0516015454052
8346,5.04745264108278
8347,5.04330423384349
8348,5.03915632356822
8349,5.03500891013794
8350,5.03086199343362
8351,5.02671557333629
8352,5.02256964972704
8353,5.01842422248697
8354,5.01427929149725
8355,5.01013485663906
8356,5.00599091779367
8357,5.00184747484236
8358,4.99770452766645
8359,4.99356207614732
8360,4.98942012016639
8361,4.9852786596051
8362,4.98113769434497
8363,4.97699722426753
8364,4.97285724925436
8365,4.96871776918711
8366,4.96457878394743
8367,4.96044029341703
8368,4.95630229747767
8369,4.95216479601116
8370,4.94802778889932
8371,4.94389127602404
8372,4.93975525726725
8373,4.93561973251091
8374,4.93148470163701
8375,4.92735016452764
8376,4.92321612106487
8377,4.91908257113083
8378,4.91494951460771
8379,4.91081695137772
8380,4.90668488132313
8381,4.90255330432624
8382,4.89842222026941
8383,4.894291629035
8384,4.89016153050546
8385,4.88603192456326
8386,4.88190281109092
8387,4.87777418997097
8388,4.87364606108605
8389,4.86951842431877
8390,4.86539127955181
8391,4.86126462666792
8392,4.85713846554985
8393,4.8530127960804
8394,4.84888761814244
8395,4.84476293161885
8396,4.84063873639256
8397,4.83651503234656
8398,4.83239181936386
8399,4.82826909732752
8400,4.82414686612063
8401,4.82002512562635
8402,4.81590387572785
8403,4.81178311630836
8404,4.80766284725117
8405,4.80354306843956
8406,4.79942377975688
8407,4.79530498108655
8408,4.79118667231199
8409,4.78706885331666
8410,4.78295152398411
8411,4.77883468419788
8412,4.77471833384156
8413,4.77060247279882
8414,4.76648710095332
8415,4.7623722181888
8416,4.75825782438901
8417,4.75414391943778
8418,4.75003050321894
8419,4.74591757561639
8420,4.74180513651407
8421,4.73769318579594
8422,4.73358172334601
8423,4.72947074904835
8424,4.72536026278706
8425,4.72125026444627
8426,4.71714075391016
8427,4.71303173106296
8428,4.70892319578892
8429,4.70481514797235
8430,4.7007075874976
8431,4.69660051424905
8432,4.69249392811111
8433,4.68838782896829
8434,4.68428221670507
8435,4.68017709120599
8436,4.67607245235567
8437,4.67196830003873
8438,4.66786463413984
8439,4.66376145454372
8440,4.65965876113513
8441,4.65555655379885
8442,4.65145483241973
8443,4.64735359688265
8444,4.64325284707252
8445,4.63915258287431
8446,4.63505280417302
8447,4.63095351085368
8448,4.62685470280138
8449,4.62275637990125
8450,4.61865854203845
8451,4.61456118909818
8452,4.61046432096569
8453,4.60636793752627
8454,4.60227203866524
8455,4.59817662426797
8456,4.59408169421988
8457,4.58998724840639
8458,4.58589328671303
8459,4.5817998090253
8460,4.57770681522877
8461,4.57361430520908
8462,4.56952227885186
8463,4.56543073604281
8464,4.56133967666765
8465,4.55724910061217
8466,4.55315900776218
8467,4.54906939800353
8468,4.54498027122212
8469,4.54089162730389
8470,4.5368034661348
8471,4.53271578760089
8472,4.52862859158819
8473,4.52454187798281
8474,4.5204556466709
8475,4.51636989753862
8476,4.51228463047219
8477,4.50819984535788
8478,4.50411554208198
8479,4.50003172053082
8480,4.49594838059079
8481,4.49186552214831
8482,4.48778314508984
8483,4.48370124930187
8484,4.47961983467095
8485,4.47553890108365
8486,4.4714584484266
8487,4.46737847658645
8488,4.46329898544991
8489,4.45921997490371
8490,4.45514144483465
8491,4.45106339512952
8492,4.4469858256752
8493,4.44290873635859
8494,4.43883212706662
8495,4.43475599768628
8496,4.43068034810458
8497,4.42660517820859
8498,4.4225304878854
8499,4.41845627702215
8500,4.41438254550603
8501,4.41030929322426
8502,4.40623652006407
8503,4.4021642259128
8504,4.39809241065776
8505,4.39402107418633
8506,4.38995021638594
8507,4.38587983714404
8508,4.38180993634814
8509,4.37774051388575
8510,4.37367156964447
8511,4.36960310351191
8512,4.36553511537572
8513,4.3614676051236
8514,4.35740057264329
8515,4.35333401782255
8516,4.34926794054921
8517,4.34520234071112
8518,4.34113721819616
8519,4.33707257289229
8520,4.33300840468745
8521,4.32894471346967
8522,4.324881499127
8523,4.32081876154753
8524,4.31675650061939
8525,4.31269471623073
8526,4.30863340826979
8527,4.3045725766248
8528,4.30051222118404
8529,4.29645234183586
8530,4.29239293846861
8531,4.28833401097069
8532,4.28427555923055
8533,4.28021758313668
8534,4.27616008257759
8535,4.27210305744186
8536,4.26804650761807
8537,4.26399043299487
8538,4.25993483346094
8539,4.255879708905
8540,4.25182505921581
8541,4.24777088428214
8542,4.24371718399287
8543,4.23966395823684
8544,4.23561120690297
8545,4.23155892988023
8546,4.22750712705759
8547,4.22345579832409
8548,4.2194049435688
8549,4.21535456268083
8550,4.21130465554932
8551,4.20725522206347
8552,4.2032062621125
8553,4.19915777558565
8554,4.19510976237226
8555,4.19106222236165
8556,4.18701515544321
8557,4.18296856150634
8558,4.17892244044053
8559,4.17487679213525
8560,4.17083161648004
8561,4.16678691336449
8562,4.1627426826782
8563,4.15869892431081
8564,4.15465563815204
8565,4.1506128240916
8566,4.14657048201925
8567,4.14252861182481
8568,4.13848721339813
8569,4.13444628662907
8570,4.13040583140757
8571,4.12636584762359
8572,4.12232633516713
8573,4.11828729392821
8574,4.11424872379692
8575,4.11021062466338
8576,4.10617299641773
8577,4.10213583895016
8578,4.09809915215092
8579,4.09406293591025
8580,4.09002719011848
8581,4.08599191466594
8582,4.08195710944301
8583,4.07792277434013
8584,4.07388890924774
8585,4.06985551405635
8586,4.06582258865649
8587,4.06179013293874
8588,4.05775814679371
8589,4.05372663011205
8590,4.04969558278445
8591,4.04566500470163
8592,4.04163489575436
8593,4.03760525583345
8594,4.03357608482975
8595,4.0295473826341
8596,4.02551914913746
8597,4.02149138423077
8598,4.01746408780502
8599,4.01343725975125
8600,4.00941089996053
8601,4.00538500832395
8602,4.00135958473268
8603,3.99733462907789
8604,3.99331014125081
8605,3.98928612114269
8606,3.98526256864483
8607,3.98123948364858
8608,3.97721686604529
8609,3.97319471572639
8610,3.96917303258332
8611,3.96515181650756
8612,3.96113106739066
8613,3.95711078512416
8614,3.95309096959966
8615,3.94907162070881
8616,3.94505273834329
8617,3.94103432239479
8618,3.93701637275508
8619,3.93299888931595
8620,3.92898187196922
8621,3.92496532060674
8622,3.92094923512045
8623,3.91693361540225
8624,3.91291846134413
8625,3.90890377283812
8626,3.90488954977626
8627,3.90087579205063
8628,3.89686249955337
8629,3.89284967217665
8630,3.88883730981265
8631,3.88482541235363
8632,3.88081397969186
8633,3.87680301171966
8634,3.87279250832937
8635,3.86878246941339
8636,3.86477289486414
8637,3.86076378457409
8638,3.85675513843574
8639,3.85274695634163
8640,3.84873923818432
8641,3.84473198385645
8642,3.84072519325066
8643,3.83671886625963
8644,3.83271300277609
8645,3.82870760269281
8646,3.82470266590258
8647,3.82069819229824
8648,3.81669418177266
8649,3.81269063421876
8650,3.80868754952948
8651,3.80468492759782
8652,3.80068276831678
8653,3.79668107157943
8654,3.79267983727888
8655,3.78867906530825
8656,3.7846787555607
8657,3.78067890792946
8658,3.77667952230777
8659,3.77268059858889
8660,3.76868213666617
8661,3.76468413643295
8662,3.76068659778262
8663,3.75668952060862
8664,3.75269290480442
8665,3.7486967502635
8666,3.74470105687942
8667,3.74070582454575
8668,3.73671105315611
8669,3.73271674260413
8670,3.72872289278353
8671,3.72472950358802
8672,3.72073657491135
8673,3.71674410664733
8674,3.7127520986898
8675,3.70876055093261
8676,3.70476946326969
8677,3.70077883559498
8678,3.69678866780245
8679,3.69279895978613
8680,3.68880971144007
8681,3.68482092265836
8682,3.68083259333513
8683,3.67684472336454
8684,3.67285731264081
8685,3.66887036105814
8686,3.66488386851084
8687,3.66089783489321
8688,3.65691226009959
8689,3.65292714402437
8690,3.64894248656197
8691,3.64495828760684
8692,3.64097454705348
8693,3.63699126479642
8694,3.63300844073021
8695,3.62902607474948
8696,3.62504416674885
8697,3.621062716623
8698,3.61708172426663
8699,3.6131011895745
8700,3.6091211124414
8701,3.60514149276213
8702,3.60116233043156
8703,3.59718362534458
8704,3.59320537739612
8705,3.58922758648114
8706,3.58525025249465
8707,3.58127337533168
8708,3.57729695488731
8709,3.57332099105664
8710,3.56934548373482
8711,3.56537043281703
8712,3.5613958381985
8713,3.55742169977448
8714,3.55344801744024
8715,3.54947479109113
8716,3.54550202062251
8717,3.54152970592976
8718,3.53755784690833
8719,3.53358644345369
8720,3.52961549546134
8721,3.52564500282682
8722,3.52167496544573
8723,3.51770538321365
8724,3.51373625602625
8725,3.50976758377922
8726,3.50579936636827
8727,3.50183160368916
8728,3.4978642956377
8729,3.49389744210969
8730,3.48993104300101
8731,3.48596509820756
8732,3.48199960762529
8733,3.47803457115014
8734,3.47406998867815
8735,3.47010586010534
8736,3.46614218532781
8737,3.46217896424166
8738,3.45821619674305
8739,3.45425388272815
8740,3.45029202209321
8741,3.44633061473447
8742,3.44236966054821
8743,3.43840915943079
8744,3.43444911127856
8745,3.43048951598791
8746,3.42653037345528
8747,3.42257168357716
8748,3.41861344625003
8749,3.41465566137044
8750,3.41069832883498
8751,3.40674144854026
8752,3.40278502038291
8753,3.39882904425963
8754,3.39487352006714
8755,3.39091844770218
8756,3.38696382706156
8757,3.3830096580421
8758,3.37905594054065
8759,3.3751026744541
8760,3.37114985967941
8761,3.36719749611353
8762,3.36324558365345
8763,3.35929412219623
8764,3.35534311163893
8765,3.35139255187866
8766,3.34744244281256
8767,3.34349278433781
8768,3.33954357635162
8769,3.33559481875125
8770,3.33164651143398
8771,3.32769865429711
8772,3.32375124723802
8773,3.31980429015409
8774,3.31585778294274
8775,3.31191172550142
8776,3.30796611772764
8777,3.30402095951893
8778,3.30007625077283
8779,3.29613199138697
8780,3.29218818125898
8781,3.2882448202865
8782,3.28430190836727
8783,3.28035944539901
8784,3.2764174312795
8785,3.27247586590654
8786,3.26853474917799
8787,3.26459408099171
8788,3.26065386124563
8789,3.25671408983769
8790,3.25277476666588
8791,3.2488358916282
8792,3.24489746462272
8793,3.24095948554753
8794,3.23702195430073
8795,3.23308487078051
8796,3.22914823488504
8797,3.22521204651254
8798,3.22127630556129
8799,3.21734101192958
8800,3.21340616551574
8801,3.20947176621813
8802,3.20553781393516
8803,3.20160430856525
8804,3.19767125000689
8805,3.19373863815857
8806,3.18980647291883
8807,3.18587475418624
8808,3.18194348185941
8809,3.17801265583699
8810,3.17408227601764
8811,3.17015234230009
8812,3.16622285458308
8813,3.16229381276537
8814,3.1583652167458
8815,3.15443706642321
8816,3.15050936169648
8817,3.14658210246454
8818,3.14265528862633
8819,3.13872892008083
8820,3.13480299672708
8821,3.13087751846412
8822,3.12695248519105
8823,3.12302789680698
8824,3.11910375321109
8825,3.11518005430255
8826,3.11125679998059
8827,3.10733399014449
8828,3.10341162469353
8829,3.09948970352704
8830,3.09556822654439
8831,3.09164719364497
8832,3.08772660472821
8833,3.08380645969359
8834,3.07988675844059
8835,3.07596750086876
8836,3.07204868687767
8837,3.06813031636692
8838,3.06421238923614
8839,3.060294905385
8840,3.05637786471321
8841,3.05246126712052
8842,3.04854511250667
8843,3.04462940077151
8844,3.04071413181485
8845,3.03679930553657
8846,3.03288492183658
8847,3.02897098061484
8848,3.0250574817713
8849,3.02114442520598
8850,3.01723181081894
8851,3.01331963851023
8852,3.00940790817999
8853,3.00549661972835
8854,3.00158577305549
8855,2.99767536806163
8856,2.99376540464701
8857,2.98985588271193
8858,2.98594680215667
8859,2.98203816288162
8860,2.97812996478713
8861,2.97422220777363
8862,2.97031489174158
8863,2.96640801659144
8864,2.96250158222374
8865,2.95859558853904
8866,2.95469003543792
8867,2.95078492282098
8868,2.94688025058889
8869,2.94297601864234
8870,2.93907222688204
8871,2.93516887520874
8872,2.93126596352323
8873,2.92736349172633
8874,2.92346145971889
8875,2.91955986740181
8876,2.915658714676
8877,2.9117580014424
8878,2.90785772760203
8879,2.90395789305589
8880,2.90005849770503
8881,2.89615954145055
8882,2.89226102419356
8883,2.88836294583523
8884,2.88446530627673
8885,2.8805681054193
8886,2.87667134316418
8887,2.87277501941265
8888,2.86887913406606
8889,2.86498368702575
8890,2.86108867819309
8891,2.85719410746953
8892,2.85329997475651
8893,2.84940627995551
8894,2.84551302296807
8895,2.84162020369574
8896,2.83772782204009
8897,2.83383587790275
8898,2.82994437118539
8899,2.82605330178967
8900,2.82216266961733
8901,2.81827247457011
8902,2.81438271654981
8903,2.81049339545823
8904,2.80660451119724
8905,2.80271606366872
8906,2.79882805277458
8907,2.79494047841679
8908,2.79105334049732
8909,2.78716663891818
8910,2.78328037358144
8911,2.77939454438918
8912,2.7755091512435
8913,2.77162419404657
8914,2.76773967270057
8915,2.7638555871077
8916,2.75997193717021
8917,2.75608872279039
8918,2.75220594387056
8919,2.74832360031305
8920,2.74444169202026
8921,2.74056021889458
8922,2.73667918083847
8923,2.73279857775441
8924,2.7289184095449
8925,2.72503867611248
8926,2.72115937735974
8927,2.71728051318929
8928,2.71340208350376
8929,2.70952408820584
8930,2.70564652719822
8931,2.70176940038366
8932,2.6978927076649
8933,2.69401644894478
8934,2.69014062412612
8935,2.6862652331118
8936,2.68239027580471
8937,2.6785157521078
8938,2.67464166192402
8939,2.6707680051564
8940,2.66689478170795
8941,2.66302199148173
8942,2.65914963438086
8943,2.65527771030847
8944,2.6514062191677
8945,2.64753516086177
8946,2.6436645352939
8947,2.63979434236736
8948,2.63592458198541
8949,2.63205525405142
8950,2.62818635846872
8951,2.62431789514071
8952,2.62044986397081
8953,2.61658226486248
8954,2.6127150977192
8955,2.6088483624445
8956,2.60498205894193
8957,2.60111618711506
8958,2.59725074686753
8959,2.59338573810297
8960,2.58952116072507
8961,2.58565701463755
8962,2.58179329974414
8963,2.57793001594863
8964,2.57406716315483
8965,2.57020474126658
8966,2.56634275018775
8967,2.56248118982225
8968,2.55862006007403
8969,2.55475936084704
8970,2.5508990920453
8971,2.54703925357284
8972,2.54317984533373
8973,2.53932086723207
8974,2.53546231917198
8975,2.53160420105764
8976,2.52774651279324
8977,2.523889254283
8978,2.52003242543119
8979,2.5161760261421
8980,2.51232005632004
8981,2.50846451586939
8982,2.50460940469452
8983,2.50075472269985
8984,2.49690046978984
8985,2.49304664586897
8986,2.48919325084175
8987,2.48534028461273
8988,2.4814877470865
8989,2.47763563816764
8990,2.47378395776083
8991,2.46993270577073
8992,2.46608188210204
8993,2.4622314866595
8994,2.45838151934789
8995,2.454531980072
8996,2.45068286873666
8997,2.44683418524675
8998,2.44298592950716
8999,2.43913810142282
9000,2.43529070089868
9001,2.43144372783975
9002,2.42759718215103
9003,2.4237510637376
9004,2.41990537250453
9005,2.41606010835694
9006,2.4122152712
9007,2.40837086093886
9008,2.40452687747876
9009,2.40068332072492
9010,2.39684019058265
9011,2.39299748695723
9012,2.38915520975399
9013,2.38531335887834
9014,2.38147193423566
9015,2.37763093573137
9016,2.37379036327096
9017,2.36995021675992
9018,2.36611049610377
9019,2.36227120120808
9020,2.35843233197843
9021,2.35459388832045
9022,2.35075587013979
9023,2.34691827734215
9024,2.34308110983323
9025,2.33924436751877
9026,2.33540805030457
9027,2.33157215809644
9028,2.3277366908002
9029,2.32390164832175
9030,2.32006703056698
9031,2.31623283744182
9032,2.31239906885225
9033,2.30856572470426
9034,2.30473280490388
9035,2.30090030935718
9036,2.29706823797024
9037,2.29323659064919
9038,2.28940536730018
9039,2.28557456782941
9040,2.28174419214307
9041,2.27791424014742
9042,2.27408471174874
9043,2.27025560685335
9044,2.26642692536757
9045,2.26259866719779
9046,2.2587708322504
9047,2.25494342043184
9048,2.25111643164858
9049,2.2472898658071
9050,2.24346372281394
9051,2.23963800257567
9052,2.23581270499885
9053,2.23198782999011
9054,2.22816337745612
9055,2.22433934730354
9056,2.22051573943909
9057,2.21669255376951
9058,2.21286979020159
9059,2.20904744864212
9060,2.20522552899793
9061,2.2014040311759
9062,2.19758295508293
9063,2.19376230062594
9064,2.18994206771189
9065,2.18612225624778
9066,2.18230286614062
9067,2.17848389729747
9068,2.17466534962541
9069,2.17084722303154
9070,2.16702951742303
9071,2.16321223270704
9072,2.15939536879078
9073,2.15557892558147
9074,2.1517629029864
9075,2.14794730091286
9076,2.14413211926817
9077,2.1403173579597
9078,2.13650301689483
9079,2.13268909598098
9080,2.12887559512561
9081,2.1250625142362
9082,2.12124985322025
9083,2.11743761198531
9084,2.11362579043896
9085,2.10981438848879
9086,2.10600340604244
9087,2.10219284300758
9088,2.0983826992919
9089,2.09457297480312
9090,2.090763669449
9091,2.08695478313733
9092,2.08314631577592
9093,2.07933826727262
9094,2.07553063753531
9095,2.0717234264719
9096,2.06791663399032
9097,2.06411025999854
9098,2.06030430440456
9099,2.05649876711642
9100,2.05269364804217
9101,2.04888894708989
9102,2.04508466416771
9103,2.04128079918379
9104,2.0374773520463
9105,2.03367432266345
9106,2.02987171094349
9107,2.02606951679468
9108,2.02226774012533
9109,2.01846638084376
9110,2.01466543885836
9111,2.01086491407748
9112,2.00706480640958
9113,2.0032651157631
9114,1.99946584204651
9115,1.99566698516835
9116,1.99186854503714
9117,1.98807052156145
9118,1.9842729146499
9119,1.98047572421113
9120,1.97667895015377
9121,1.97288259238654
9122,1.96908665081816
9123,1.96529112535737
9124,1.96149601591297
9125,1.95770132239377
9126,1.9539070447086
9127,1.95011318276634
9128,1.94631973647591
9129,1.94252670574622
9130,1.93873409048624
9131,1.93494189060497
9132,1.93115010601143
9133,1.92735873661467
9134,1.92356778232377
9135,1.91977724304785
9136,1.91598711869604
9137,1.91219740917752
9138,1.90840811440151
9139,1.90461923427721
9140,1.9008307687139
9141,1.89704271762086
9142,1.89325508090743
9143,1.88946785848294
9144,1.88568105025679
9145,1.88189465613838
9146,1.87810867603714
9147,1.87432310986256
9148,1.87053795752413
9149,1.86675321893138
9150,1.86296889399385
9151,1.85918498262117
9152,1.85540148472292
9153,1.85161840020877
9154,1.84783572898839
9155,1.84405347097148
9156,1.84027162606779
9157,1.83649019418707
9158,1.83270917523914
9159,1.8289285691338
9160,1.82514837578092
9161,1.82136859509037
9162,1.81758922697208
9163,1.81381027133599
9164,1.81003172809207
9165,1.80625359715032
9166,1.80247587842076
9167,1.79869857181348
9168,1.79492167723855
9169,1.79114519460609
9170,1.78736912382627
9171,1.78359346480924
9172,1.77981821746522
9173,1.77604338170446
9174,1.77226895743721
9175,1.76849494457377
9176,1.76472134302447
9177,1.76094815269966
9178,1.75717537350973
9179,1.75340300536509
9180,1.74963104817618
9181,1.74585950185348
9182,1.74208836630748
9183,1.73831764144872
9184,1.73454732718776
9185,1.73077742343518
9186,1.72700793010161
9187,1.72323884709769
9188,1.71947017433409
9189,1.71570191172153
9190,1.71193405917075
9191,1.70816661659248
9192,1.70439958389755
9193,1.70063296099676
9194,1.69686674780097
9195,1.69310094422107
9196,1.68933555016795
9197,1.68557056555256
9198,1.68180599028586
9199,1.67804182427885
9200,1.67427806744257
9201,1.67051471968805
9202,1.66675178092639
9203,1.6629892510687
9204,1.65922713002611
9205,1.65546541770982
9206,1.651704114031
9207,1.64794321890088
9208,1.64418273223074
9209,1.64042265393184
9210,1.63666298391551
9211,1.6329037220931
9212,1.62914486837597
9213,1.62538642267553
9214,1.6216283849032
9215,1.61787075497046
9216,1.61411353278877
9217,1.61035671826967
9218,1.6066003113247
9219,1.60284431186543
9220,1.59908871980346
9221,1.59533353505043
9222,1.59157875751801
9223,1.58782438711787
9224,1.58407042376174
9225,1.58031686736137
9226,1.57656371782852
9227,1.57281097507502
9228,1.56905863901268
9229,1.56530670955338
9230,1.56155518660899
9231,1.55780407009144
9232,1.55405335991269
9233,1.55030305598469
9234,1.54655315821947
9235,1.54280366652906
9236,1.5390545808255
9237,1.53530590102091
9238,1.53155762702739
9239,1.52780975875708
9240,1.52406229612219
9241,1.5203152390349
9242,1.51656858740744
9243,1.51282234115209
9244,1.50907650018113
9245,1.50533106440687
9246,1.50158603374167
9247,1.49784140809791
9248,1.49409718738798
9249,1.49035337152431
9250,1.48660996041938
9251,1.48286695398567
9252,1.47912435213569
9253,1.475382154782
9254,1.47164036183717
9255,1.46789897321379
9256,1.46415798882451
9257,1.46041740858198
9258,1.45667723239889
9259,1.45293746018794
9260,1.4491980918619
9261,1.44545912733353
9262,1.44172056651563
9263,1.43798240932103
9264,1.43424465566259
9265,1.43050730545319
9266,1.42677035860575
9267,1.42303381503322
9268,1.41929767464854
9269,1.41556193736474
9270,1.41182660309483
9271,1.40809167175187
9272,1.40435714324894
9273,1.40062301749916
9274,1.39688929441566
9275,1.39315597391159
9276,1.38942305590018
9277,1.38569054029464
9278,1.3819584270082
9279,1.37822671595417
9280,1.37449540704584
9281,1.37076450019655
9282,1.36703399531966
9283,1.36330389232857
9284,1.35957419113669
9285,1.35584489165747
9286,1.35211599380439
9287,1.34838749749094
9288,1.34465940263067
9289,1.34093170913713
9290,1.33720441692391
9291,1.3334775259046
9292,1.32975103599289
9293,1.32602494710241
9294,1.32229925914687
9295,1.31857397204001
9296,1.31484908569558
9297,1.31112460002734
9298,1.30740051494913
9299,1.30367683037477
9300,1.29995354621812
9301,1.29623066239309
9302,1.2925081788136
9303,1.28878609539358
9304,1.28506441204703
9305,1.28134312868794
9306,1.27762224523034
9307,1.2739017615883
9308,1.2701816776759
9309,1.26646199340726
9310,1.26274270869652
9311,1.25902382345785
9312,1.25530533760546
9313,1.25158725105355
9314,1.24786956371639
9315,1.24415227550827
9316,1.24043538634348
9317,1.23671889613637
9318,1.23300280480129
9319,1.22928711225264
9320,1.22557181840484
9321,1.22185692317234
9322,1.21814242646961
9323,1.21442832821114
9324,1.21071462831148
9325,1.20700132668517
9326,1.2032884232468
9327,1.19957591791098
9328,1.19586381059236
9329,1.19215210120558
9330,1.18844078966536
9331,1.18472987588641
9332,1.18101935978348
9333,1.17730924127135
9334,1.17359952026482
9335,1.16989019667872
9336,1.16618127042791
9337,1.16247274142728
9338,1.15876460959173
9339,1.15505687483621
9340,1.15134953707568
9341,1.14764259622515
9342,1.14393605219963
9343,1.14022990491417
9344,1.13652415428386
9345,1.13281880022378
9346,1.12911384264908
9347,1.12540928147491
9348,1.12170511661646
9349,1.11800134798894
9350,1.1142979755076
9351,1.11059499908768
9352,1.10689241864451
9353,1.1031902340934
9354,1.09948844534969
9355,1.09578705232875
9356,1.09208605494601
9357,1.08838545311687
9358,1.08468524675681
9359,1.0809854357813
9360,1.07728602010586
9361,1.07358699964603
9362,1.06988837431737
9363,1.06619014403547
9364,1.06249230871596
9365,1.05879486827448
9366,1.05509782262671
9367,1.05140117168833
9368,1.0477049153751
9369,1.04400905360276
9370,1.04031358628709
9371,1.03661851334389
9372,1.03292383468902
9373,1.02922955023832
9374,1.02553565990768
9375,1.02184216361304
9376,1.01814906127032
9377,1.0144563527955
9378,1.01076403810457
9379,1.00707211711357
9380,1.00338058973853
9381,0.999689455895548
9382,0.995998715500718
9383,0.992308368470172
9384,0.988618414720063
9385,0.984928854166589
9386,0.981239686725955
9387,0.977550912314393
9388,0.973862530848182
9389,0.970174542243607
9390,0.96648694641698
9391,0.962799743284663
9392,0.959112932763017
9393,0.955426514768438
9394,0.951740489217364
9395,0.948054856026241
9396,0.94436961511154
9397,0.940684766389783
9398,0.937000309777494
9399,0.933316245191231
9400,0.929632572547576
9401,0.925949291763154
9402,0.922266402754595
9403,0.91858390543856
9404,0.914901799731755
9405,0.911220085550891
9406,0.907538762812706
9407,0.903857831433987
9408,0.900177291331524
9409,0.896497142422136
9410,0.892817384622688
9411,0.889138017850051
9412,0.885459042021124
9413,0.88178045705285
9414,0.878102262862179
9415,0.874424459366097
9416,0.870747046481606
9417,0.867070024125756
9418,0.863393392215604
9419,0.859717150668234
9420,0.856041299400776
9421,0.852365838330362
9422,0.848690767374157
9423,0.845016086449369
9424,0.841341795473213
9425,0.83766789436293
9426,0.833994383035806
9427,0.830321261409138
9428,0.826648529400245
9429,0.822976186926493
9430,0.819304233905254
9431,0.815632670253936
9432,0.811961495889962
9433,0.808290710730806
9434,0.804620314693944
9435,0.80095030769688
9436,0.797280689657166
9437,0.793611460492357
9438,0.789942620120037
9439,0.786274168457833
9440,0.782606105423383
9441,0.778938430934346
9442,0.77527114490843
9443,0.771604247263349
9444,0.767937737916842
9445,0.764271616786697
9446,0.760605883790703
9447,0.756940538846687
9448,0.753275581872492
9449,0.749611012786009
9450,0.745946831505134
9451,0.742283037947789
9452,0.738619632031943
9453,0.734956613675571
9454,0.731293982796673
9455,0.727631739313295
9456,0.72396988314349
9457,0.720308414205338
9458,0.716647332416961
9459,0.71298663769649
9460,0.709326329962083
9461,0.705666409131942
9462,0.702006875124274
9463,0.698347727857321
9464,0.694688967249344
9465,0.691030593218647
9466,0.687372605683544
9467,0.683715004562372
9468,0.680057789773515
9469,0.676400961235362
9470,0.672744518866329
9471,0.669088462584877
9472,0.665432792309475
9473,0.661777507958613
9474,0.658122609450832
9475,0.654468096704675
9476,0.650813969638715
9477,0.647160228171565
9478,0.643506872221847
9479,0.639853901708219
9480,0.636201316549351
9481,0.632549116663963
9482,0.628897301970781
9483,0.625245872388554
9484,0.621594827836079
9485,0.617944168232157
9486,0.614293893495618
9487,0.610644003545333
9488,0.606994498300182
9489,0.603345377679068
9490,0.599696641600945
9491,0.596048289984766
9492,0.592400322749512
9493,0.588752739814212
9494,0.585105541097898
9495,0.581458726519634
9496,0.577812295998505
9497,0.57416624945364
9498,0.570520586804174
9499,0.566875307969267
9500,0.563230412868126
9501,0.559585901419963
9502,0.555941773544012
9503,0.552298029159559
9504,0.54865466818589
9505,0.545011690542319
9506,0.541369096148205
9507,0.537726884922913
9508,0.534085056785838
9509,0.530443611656397
9510,0.526802549454049
9511,0.523161870098262
9512,0.519521573508527
9513,0.515881659604378
9514,0.512242128305362
9515,0.508602979531044
9516,0.504964213201037
9517,0.501325829234958
9518,0.497687827552456
9519,0.494050208073213
9520,0.490412970716928
9521,0.48677611540332
9522,0.483139642052151
9523,0.479503550583196
9524,0.475867840916253
9525,0.472232512971145
9526,0.468597566667736
9527,0.4649630019259
9528,0.46132881866553
9529,0.457695016806571
9530,0.454061596268968
9531,0.450428556972694
9532,0.446795898837765
9533,0.443163621784203
9534,0.439531725732058
9535,0.435900210601422
9536,0.432269076312391
9537,0.428638322785091
9538,0.425007949939687
9539,0.421377957696355
9540,0.417748345975298
9541,0.41411911469674
9542,0.410490263780949
9543,0.406861793148201
9544,0.403233702718794
9545,0.399605992413068
9546,0.395978662151376
9547,0.39235171185409
9548,0.38872514144163
9549,0.385098950834418
9550,0.381473139952904
9551,0.377847708717582
9552,0.374222657048948
9553,0.37059798486753
9554,0.366973692093895
9555,0.363349778648615
9556,0.359726244452297
9557,0.356103089425565
9558,0.352480313489083
9559,0.348857916563531
9560,0.345235898569603
9561,0.341614259428044
9562,0.3379929990596
9563,0.334372117385044
9564,0.330751614325196
9565,0.327131489800877
9566,0.323511743732933
9567,0.319892376042258
9568,0.316273386649748
9569,0.312654775476325
9570,0.309036542442957
9571,0.305418687470613
9572,0.301801210480297
9573,0.29818411139303
9574,0.294567390129876
9575,0.290951046611907
9576,0.287335080760219
9577,0.283719492495949
9578,0.280104281740243
9579,0.276489448414271
9580,0.272874992439245
9581,0.269260913736385
9582,0.265647212226934
9583,0.262033887832179
9584,0.258420940473413
9585,0.254808370071954
9586,0.251196176549161
9587,0.247584359826404
9588,0.24397291982508
9589,0.240361856466601
9590,0.236751169672432
9591,0.233140859364035
9592,0.229530925462899
9593,0.225921367890558
9594,0.222312186568553
9595,0.218703381418443
9596,0.215094952361838
9597,0.211486899320349
9598,0.207879222215613
9599,0.204271920969312
9600,0.200664995503128
9601,0.197058445738773
9602,0.193452271598003
9603,0.189846473002573
9604,0.186241049874276
9605,0.182636002134919
9606,0.179031329706353
9607,0.175427032510436
9608,0.171823110469047
9609,0.168219563504113
9610,0.164616391537564
9611,0.161013594491352
9612,0.157411172287476
9613,0.15380912484794
9614,0.15020745209477
9615,0.146606153950037
9616,0.143005230335818
9617,0.139404681174213
9618,0.135804506387365
9619,0.132204705897424
9620,0.128605279626568
9621,0.125006227496995
9622,0.121407549430947
9623,0.117809245350667
9624,0.11421131517843
9625,0.110613758836545
9626,0.107016576247334
9627,0.103419767333137
9628,0.0998233320163422
9629,0.0962272702193392
9630,0.0926315818645449
9631,0.0890362668744178
9632,0.085441325171419
9633,0.081846756678047
9634,0.0782525613168108
9635,0.0746587390102658
9636,0.0710652896809751
9637,0.0674722132515182
9638,0.0638795096445275
9639,0.060287178782632
9640,0.0566952205884901
9641,0.0531036349848009
9642,0.0495124218942706
9643,0.0459215812396252
9644,0.0423311129436392
9645,0.0387410169290892
9646,0.0351512931187745
9647,0.0315619414355393
9648,0.0279729618022326
9649,0.0243843541417359
9650,0.0207961183769436
9651,0.0172082544307948
9652,0.0136207622262372
9653,0.0100336416862383
9654,0.00644689273380816
9655,0.00286051529196563
9656,-0.000725490716249055
9657,-0.0043111253677548
9658,-0.00789638873946163
9659,-0.0114812809082565
9660,-0.0150658019509855
9661,-0.0186499519444885
9662,-0.0222337309655813
9663,-0.0258171390910373
9664,-0.0294001763976262
9665,-0.0329828429620838
9666,-0.0365651388611328
9667,-0.0401470641714514
9668,-0.0437286189697126
9669,-0.0473098033325652
9670,-0.0508906173366173
9671,-0.0544710610584698
9672,-0.0580511345746988
9673,-0.0616308379618449
9674,-0.0652101712964344
9675,-0.068789134654974
9676,-0.0723677281139317
9677,-0.0759459517497643
9678,-0.0795238056389067
9679,-0.0831012898577548
9680,-0.0866784044826954
9681,-0.0902551495900878
9682,-0.093831525256272
9683,-0.0974075315575469
9684,-0.100983168570206
9685,-0.10455843637052
9686,-0.108133335034717
9687,-0.111707864639018
9688,-0.115282025259624
9689,-0.118855816972692
9690,-0.122429239854373
9691,-0.126002293980796
9692,-0.129574979428048
9693,-0.13314729627221
9694,-0.136719244589337
9695,-0.140290824455448
9696,-0.143862035946554
9697,-0.147432879138633
9698,-0.151003354107653
9699,-0.154573460929532
9700,-0.158143199680188
9701,-0.161712570435514
9702,-0.16528157327136
9703,-0.168850208263575
9704,-0.172418475487981
9705,-0.175986375020358
9706,-0.179553906936483
9707,-0.183121071312108
9708,-0.186687868222943
9709,-0.190254297744694
9710,-0.193820359953047
9711,-0.197386054923635
9712,-0.200951382732102
9713,-0.204516343454047
9714,-0.208080937165064
9715,-0.211645163940698
9716,-0.215209023856491
9717,-0.218772516987962
9718,-0.222335643410588
9719,-0.225898403199841
9720,-0.229460796431173
9721,-0.233022823179987
9722,-0.236584483521688
9723,-0.240145777531656
9724,-0.243706705285225
9725,-0.24726726685773
9726,-0.25082746232448
9727,-0.254387291760745
9728,-0.257946755241782
9729,-0.261505852842832
9730,-0.265064584639107
9731,-0.268622950705783
9732,-0.272180951118031
9733,-0.275738585950996
9734,-0.279295855279786
9735,-0.2828527591795
9736,-0.286409297725216
9737,-0.28996547099197
9738,-0.293521279054794
9739,-0.297076721988695
9740,-0.300631799868642
9741,-0.304186512769594
9742,-0.307740860766492
9743,-0.311294843934233
9744,-0.31484846234771
9745,-0.318401716081786
9746,-0.321954605211308
9747,-0.325507129811081
9748,-0.329059289955906
9749,-0.332611085720561
9750,-0.336162517179782
9751,-0.339713584408299
9752,-0.343264287480824
9753,-0.346814626472021
9754,-0.350364601456555
9755,-0.353914212509064
9756,-0.357463459704148
9757,-0.361012343116399
9758,-0.364560862820381
9759,-0.368109018890647
9760,-0.371656811401698
9761,-0.37520424042804
9762,-0.378751306044149
9763,-0.382298008324467
9764,-0.385844347343424
9765,-0.38939032317543
9766,-0.392935935894859
9767,-0.396481185576071
9768,-0.400026072293413
9769,-0.40357059612118
9770,-0.407114757133673
9771,-0.410658555405163
9772,-0.414201991009885
9773,-0.417745064022065
9774,-0.421287774515903
9775,-0.424830122565581
9776,-0.428372108245241
9777,-0.431913731629018
9778,-0.43545499279103
9779,-0.438995891805344
9780,-0.442536428746036
9781,-0.446076603687148
9782,-0.449616416702684
9783,-0.453155867866649
9784,-0.456694957253015
9785,-0.460233684935723
9786,-0.463772050988704
9787,-0.467310055485868
9788,-0.470847698501085
9789,-0.474384980108219
9790,-0.477921900381107
9791,-0.481458459393565
9792,-0.484994657219374
9793,-0.488530493932307
9794,-0.492065969606118
9795,-0.495601084314516
9796,-0.499135838131206
9797,-0.502670231129873
9798,-0.506204263384159
9799,-0.509737934967705
9800,-0.513271245954124
9801,-0.516804196416995
9802,-0.520336786429886
9803,-0.523869016066346
9804,-0.527400885399883
9805,-0.530932394504003
9806,-0.534463543452178
9807,-0.537994332317867
9808,-0.541524761174488
9809,-0.545054830095455
9810,-0.54858453915416
9811,-0.552113888423952
9812,-0.555642877978178
9813,-0.559171507890162
9814,-0.562699778233188
9815,-0.566227689080533
9816,-0.569755240505454
9817,-0.57328243258117
9818,-0.57680926538089
9819,-0.580335738977805
9820,-0.583861853445063
9821,-0.58738760885581
9822,-0.590913005283161
9823,-0.594438042800217
9824,-0.597962721480037
9825,-0.601487041395677
9826,-0.605011002620172
9827,-0.608534605226511
9828,-0.612057849287686
9829,-0.615580734876661
9830,-0.619103262066364
9831,-0.622625430929715
9832,-0.626147241539615
9833,-0.629668693968922
9834,-0.633189788290491
9835,-0.636710524577157
9836,-0.64023090290171
9837,-0.64375092333694
9838,-0.647270585955606
9839,-0.650789890830454
9840,-0.654308838034185
9841,-0.657827427639501
9842,-0.661345659719079
9843,-0.664863534345557
9844,-0.668381051591566
9845,-0.671898211529719
9846,-0.675415014232588
9847,-0.678931459772736
9848,-0.682447548222711
9849,-0.685963279655017
9850,-0.689478654142155
9851,-0.692993671756602
9852,-0.696508332570797
9853,-0.700022636657175
9854,-0.703536584088143
9855,-0.707050174936088
9856,-0.710563409273364
9857,-0.714076287172317
9858,-0.717588808705267
9859,-0.721100973944504
9860,-0.724612782962303
9861,-0.728124235830926
9862,-0.731635332622589
9863,-0.735146073409508
9864,-0.738656458263874
9865,-0.742166487257839
9866,-0.745676160463551
9867,-0.749185477953139
9868,-0.752694439798686
9869,-0.75620304607228
9870,-0.759711296845969
9871,-0.763219192191798
9872,-0.766726732181761
9873,-0.770233916887856
9874,-0.773740746382055
9875,-0.777247220736292
9876,-0.780753340022495
9877,-0.784259104312573
9878,-0.787764513678393
9879,-0.79126956819182
9880,-0.794774267924696
9881,-0.79827861294882
9882,-0.801782603335996
9883,-0.80528623915799
9884,-0.80878952048656
9885,-0.812292447393418
9886,-0.815795019950277
9887,-0.819297238228829
9888,-0.822799102300722
9889,-0.8263006122376
9890,-0.829801768111091
9891,-0.833302569992776
9892,-0.836803017954239
9893,-0.840303112067038
9894,-0.843802852402691
9895,-0.847302239032718
9896,-0.850801272028609
9897,-0.854299951461821
9898,-0.857798277403803
9899,-0.861296249925979
9900,-0.864793869099758
9901,-0.868291134996505
9902,-0.871788047687588
9903,-0.875284607244345
9904,-0.878780813738084
9905,-0.882276667240101
9906,-0.885772167821676
9907,-0.889267315554044
9908,-0.892762110508444
9909,-0.896256552756086
9910,-0.899750642368145
9911,-0.903244379415791
9912,-0.906737763970172
9913,-0.910230796102398
9914,-0.913723475883572
9915,-0.917215803384774
9916,-0.920707778677068
9917,-0.924199401831472
9918,-0.92769067291901
9919,-0.931181592010677
9920,-0.934672159177433
9921,-0.938162374490233
9922,-0.941652238020012
9923,-0.94514174983766
9924,-0.948630910014073
9925,-0.952119718620114
9926,-0.955608175726619
9927,-0.959096281404411
9928,-0.962584035724294
9929,-0.966071438757037
9930,-0.969558490573402
9931,-0.97304519124412
9932,-0.976531540839915
9933,-0.980017539431463
9934,-0.983503187089445
9935,-0.986988483884515
9936,-0.990473429887286
9937,-0.993958025168375
9938,-0.997442269798372
9939,-1.00092616384783
9940,-1.0044097073873
9941,-1.0078929004873
9942,-1.01137574321833
9943,-1.01485823565086
9944,-1.01834037785537
9945,-1.02182216990228
9946,-1.02530361186201
9947,-1.02878470380496
9948,-1.03226544580149
9949,-1.03574583792196
9950,-1.03922588023669
9951,-1.04270557281601
9952,-1.04618491573019
9953,-1.0496639090495
9954,-1.0531425528442
9955,-1.05662084718449
9956,-1.06009879214059
9957,-1.06357638778268
9958,-1.06705363418092
9959,-1.07053053140544
9960,-1.07400707952637
9961,-1.07748327861381
9962,-1.08095912873783
9963,-1.08443462996848
9964,-1.08790978237581
9965,-1.09138458602982
9966,-1.09485904100051
9967,-1.09833314735785
9968,-1.10180690517178
9969,-1.10528031451224
9970,-1.10875337544913
9971,-1.11222608805235
9972,-1.11569845239175
9973,-1.11917046853719
9974,-1.12264213655848
9975,-1.12611345652542
9976,-1.12958442850782
9977,-1.13305505257541
9978,-1.13652532879794
9979,-1.13999525724513
9980,-1.14346483798668
9981,-1.14693407109227
9982,-1.15040295663154
9983,-1.15387149467415
9984,-1.15733968528969
9985,-1.16080752854777
9986,-1.16427502451796
9987,-1.1677421732698
9988,-1.17120897487282
9989,-1.17467542939656
9990,-1.17814153691047
9991,-1.18160729748404
9992,-1.18507271118671
9993,-1.18853777808791
9994,-1.19200249825704
9995,-1.19546687176349
9996,-1.19893089867663
9997,-1.20239457906578
9998,-1.20585791300028
9999,-1.20932090054944
10000,-1.21278354178252
10001,-1.21624583676879
10002,-1.21970778557749
10003,-1.22316938827783
10004,-1.22663064493901
10005,-1.23009155563022
10006,-1.2335521204206
10007,-1.23701233937929
10008,-1.2404722125754
10009,-1.24393174007805
10010,-1.24739092195627
10011,-1.25084975827914
10012,-1.2543082491157
10013,-1.25776639453493
10014,-1.26122419460585
10015,-1.26468164939742
10016,-1.26813875897857
10017,-1.27159552341825
10018,-1.27505194278538
10019,-1.27850801714881
10020,-1.28196374657743
10021,-1.28541913114009
10022,-1.2888741709056
10023,-1.29232886594277
10024,-1.29578321632038
10025,-1.29923722210721
10026,-1.30269088337199
10027,-1.30614420018344
10028,-1.30959717261027
10029,-1.31304980072116
10030,-1.31650208458476
10031,-1.31995402426973
10032,-1.32340561984467
10033,-1.32685687137818
10034,-1.33030777893886
10035,-1.33375834259524
10036,-1.33720856241587
10037,-1.34065843846928
10038,-1.34410797082395
10039,-1.34755715954835
10040,-1.35100600471095
10041,-1.35445450638019
10042,-1.35790266462447
10043,-1.36135047951219
10044,-1.36479795111173
10045,-1.36824507949143
10046,-1.37169186471964
10047,-1.37513830686466
10048,-1.37858440599478
10049,-1.38203016217828
10050,-1.38547557548341
10051,-1.3889206459784
10052,-1.39236537373146
10053,-1.39580975881079
10054,-1.39925380128454
10055,-1.40269750122087
10056,-1.40614085868792
10057,-1.40958387375379
10058,-1.41302654648656
10059,-1.4164688769543
10060,-1.41991086522508
10061,-1.42335251136691
10062,-1.42679381544779
10063,-1.43023477753573
10064,-1.43367539769867
10065,-1.43711567600458
10066,-1.44055561252138
10067,-1.44399520731697
10068,-1.44743446045924
10069,-1.45087337201606
10070,-1.45431194205526
10071,-1.45775017064468
10072,-1.46118805785213
10073,-1.46462560374538
10074,-1.4680628083922
10075,-1.47149967186034
10076,-1.47493619421752
10077,-1.47837237553144
10078,-1.48180821586979
10079,-1.48524371530024
10080,-1.48867887389043
10081,-1.49211369170796
10082,-1.49554816882047
10083,-1.49898230529552
10084,-1.50241610120069
10085,-1.50584955660351
10086,-1.5092826715715
10087,-1.51271544617217
10088,-1.51614788047301
10089,-1.51957997454147
10090,-1.523011728445
10091,-1.52644314225102
10092,-1.52987421602694
10093,-1.53330494984014
10094,-1.53673534375797
10095,-1.54016539784779
10096,-1.54359511217691
10097,-1.54702448681264
10098,-1.55045352182226
10099,-1.55388221727303
10100,-1.5573105732322
10101,-1.56073858976699
10102,-1.56416626694459
10103,-1.56759360483221
10104,-1.57102060349698
10105,-1.57444726300608
10106,-1.5778735834266
10107,-1.58129956482565
10108,-1.58472520727034
10109,-1.5881505108277
10110,-1.59157547556478
10111,-1.59500010154862
10112,-1.5984243888462
10113,-1.60184833752453
10114,-1.60527194765055
10115,-1.60869521929122
10116,-1.61211815251345
10117,-1.61554074738417
10118,-1.61896300397023
10119,-1.62238492233852
10120,-1.62580650255587
10121,-1.62922774468912
10122,-1.63264864880506
10123,-1.63606921497048
10124,-1.63948944325215
10125,-1.64290933371682
10126,-1.6463288864312
10127,-1.64974810146201
10128,-1.65316697887592
10129,-1.65658551873962
10130,-1.66000372111975
10131,-1.66342158608292
10132,-1.66683911369575
10133,-1.67025630402484
10134,-1.67367315713674
10135,-1.677089673098
10136,-1.68050585197516
10137,-1.68392169383472
10138,-1.68733719874317
10139,-1.69075236676698
10140,-1.6941671979726
10141,-1.69758169242646
10142,-1.70099585019498
10143,-1.70440967134454
10144,-1.70782315594151
10145,-1.71123630405224
10146,-1.71464911574308
10147,-1.71806159108032
10148,-1.72147373013027
10149,-1.7248855329592
10150,-1.72829699963336
10151,-1.73170813021897
10152,-1.73511892478227
10153,-1.73852938338945
10154,-1.74193950610667
10155,-1.7453492930001
10156,-1.74875874413587
10157,-1.7521678595801
10158,-1.75557663939888
10159,-1.7589850836583
10160,-1.76239319242441
10161,-1.76580096576325
10162,-1.76920840374084
10163,-1.77261550642318
10164,-1.77602227387625
10165,-1.77942870616601
10166,-1.7828348033584
10167,-1.78624056551934
10168,-1.78964599271474
10169,-1.79305108501049
10170,-1.79645584247243
10171,-1.79986026516642
10172,-1.80326435315829
10173,-1.80666810651382
10174,-1.81007152529882
10175,-1.81347460957906
10176,-1.81687735942026
10177,-1.82027977488817
10178,-1.8236818560485
10179,-1.82708360296692
10180,-1.83048501570912
10181,-1.83388609434073
10182,-1.8372868389274
10183,-1.84068724953473
10184,-1.84408732622832
10185,-1.84748706907374
10186,-1.85088647813654
10187,-1.85428555348225
10188,-1.85768429517641
10189,-1.86108270328448
10190,-1.86448077787196
10191,-1.8678785190043
10192,-1.87127592674694
10193,-1.8746730011653
10194,-1.87806974232478
10195,-1.88146615029075
10196,-1.88486222512858
10197,-1.8882579669036
10198,-1.89165337568116
10199,-1.89504845152653
10200,-1.89844319450502
10201,-1.90183760468188
10202,-1.90523168212236
10203,-1.90862542689169
10204,-1.91201883905507
10205,-1.91541191867769
10206,-1.91880466582472
10207,-1.92219708056132
10208,-1.9255891629526
10209,-1.92898091306368
10210,-1.93237233095967
10211,-1.93576341670562
10212,-1.93915417036658
10213,-1.94254459200761
10214,-1.94593468169372
10215,-1.94932443948989
10216,-1.9527138654611
10217,-1.95610295967233
10218,-1.9594917221885
10219,-1.96288015307453
10220,-1.96626825239534
10221,-1.9696560202158
10222,-1.97304345660076
10223,-1.97643056161509
10224,-1.9798173353236
10225,-1.9832037777911
10226,-1.98658988908237
10227,-1.98997566926219
10228,-1.9933611183953
10229,-1.99674623654644
10230,-2.00013102378032
10231,-2.00351548016162
10232,-2.00689960575502
10233,-2.01028340062518
10234,-2.01366686483673
10235,-2.01704999845428
10236,-2.02043280154245
10237,-2.02381527416579
10238,-2.02719741638888
10239,-2.03057922827625
10240,-2.03396070989243
10241,-2.03734186130191
10242,-2.0407226825692
10243,-2.04410317375874
10244,-2.04748333493497
10245,-2.05086316616235
10246,-2.05424266750526
10247,-2.0576218390281
10248,-2.06100068079525
10249,-2.06437919287105
10250,-2.06775737531983
10251,-2.07113522820591
10252,-2.07451275159359
10253,-2.07788994554715
10254,-2.08126681013082
10255,-2.08464334540888
10256,-2.08801955144552
10257,-2.09139542830495
10258,-2.09477097605135
10259,-2.0981461947489
10260,-2.10152108446172
10261,-2.10489564525396
10262,-2.10826987718972
10263,-2.11164378033308
10264,-2.11501735474811
10265,-2.11839060049888
10266,-2.1217635176494
10267,-2.1251361062637
10268,-2.12850836640578
10269,-2.13188029813959
10270,-2.13525190152911
10271,-2.13862317663828
10272,-2.14199412353101
10273,-2.1453647422712
10274,-2.14873503292275
10275,-2.15210499554951
10276,-2.15547463021534
10277,-2.15884393698405
10278,-2.16221291591946
10279,-2.16558156708535
10280,-2.1689498905455
10281,-2.17231788636367
10282,-2.17568555460358
10283,-2.17905289532895
10284,-2.18241990860348
10285,-2.18578659449084
10286,-2.1891529530547
10287,-2.19251898435871
10288,-2.19588468846647
10289,-2.19925006544159
10290,-2.20261511534767
10291,-2.20597983824827
10292,-2.20934423420693
10293,-2.21270830328719
10294,-2.21607204555256
10295,-2.21943546106653
10296,-2.22279854989257
10297,-2.22616131209416
10298,-2.2295237477347
10299,-2.23288585687764
10300,-2.23624763958637
10301,-2.23960909592427
10302,-2.2429702259547
10303,-2.24633102974102
10304,-2.24969150734654
10305,-2.25305165883458
10306,-2.25641148426842
10307,-2.25977098371135
10308,-2.26313015722661
10309,-2.26648900487742
10310,-2.26984752672703
10311,-2.27320572283861
10312,-2.27656359327535
10313,-2.27992113810042
10314,-2.28327835737695
10315,-2.28663525116806
10316,-2.28999181953687
10317,-2.29334806254646
10318,-2.2967039802599
10319,-2.30005957274025
10320,-2.30341484005053
10321,-2.30676978225376
10322,-2.31012439941293
10323,-2.31347869159103
10324,-2.31683265885101
10325,-2.32018630125581
10326,-2.32353961886837
10327,-2.32689261175157
10328,-2.33024527996831
10329,-2.33359762358146
10330,-2.33694964265386
10331,-2.34030133724834
10332,-2.34365270742774
10333,-2.34700375325482
10334,-2.35035447479238
10335,-2.35370487210317
10336,-2.35705494524993
10337,-2.36040469429538
10338,-2.36375411930224
10339,-2.36710322033317
10340,-2.37045199745086
10341,-2.37380045071795
10342,-2.37714858019707
10343,-2.38049638595083
10344,-2.38384386804183
10345,-2.38719102653266
10346,-2.39053786148585
10347,-2.39388437296396
10348,-2.39723056102952
10349,-2.40057642574501
10350,-2.40392196717293
10351,-2.40726718537575
10352,-2.41061208041591
10353,-2.41395665235586
10354,-2.41730090125799
10355,-2.42064482718471
10356,-2.4239884301984
10357,-2.42733171036141
10358,-2.43067466773609
10359,-2.43401730238476
10360,-2.43735961436972
10361,-2.44070160375327
10362,-2.44404327059766
10363,-2.44738461496516
10364,-2.450725636918
10365,-2.45406633651838
10366,-2.45740671382852
10367,-2.46074676891058
10368,-2.46408650182673
10369,-2.46742591263911
10370,-2.47076500140984
10371,-2.47410376820105
10372,-2.4774422130748
10373,-2.48078033609318
10374,-2.48411813731824
10375,-2.48745561681202
10376,-2.49079277463652
10377,-2.49412961085376
10378,-2.4974661255257
10379,-2.50080231871432
10380,-2.50413819048157
10381,-2.50747374088936
10382,-2.51080896999962
10383,-2.51414387787422
10384,-2.51747846457506
10385,-2.52081273016397
10386,-2.52414667470281
10387,-2.52748029825339
10388,-2.53081360087751
10389,-2.53414658263696
10390,-2.53747924359351
10391,-2.54081158380891
10392,-2.54414360334488
10393,-2.54747530226314
10394,-2.55080668062539
10395,-2.5541377384933
10396,-2.55746847592855
10397,-2.56079889299276
10398,-2.56412898974755
10399,-2.56745876625455
10400,-2.57078822257534
10401,-2.57411735877148
10402,-2.57744617490454
10403,-2.58077467103605
10404,-2.58410284722752
10405,-2.58743070354046
10406,-2.59075824003635
10407,-2.59408545677666
10408,-2.59741235382282
10409,-2.60073893123628
10410,-2.60406518907844
10411,-2.60739112741069
10412,-2.61071674629443
10413,-2.61404204579099
10414,-2.61736702596172
10415,-2.62069168686795
10416,-2.62401602857098
10417,-2.62734005113211
10418,-2.63066375461259
10419,-2.63398713907369
10420,-2.63731020457663
10421,-2.64063295118263
10422,-2.64395537895291
10423,-2.64727748794863
10424,-2.65059927823096
10425,-2.65392074986105
10426,-2.65724190290003
10427,-2.66056273740901
10428,-2.66388325344909
10429,-2.66720345108133
10430,-2.6705233303668
10431,-2.67384289136655
10432,-2.67716213414159
10433,-2.68048105875294
10434,-2.68379966526157
10435,-2.68711795372847
10436,-2.69043592421458
10437,-2.69375357678085
10438,-2.69707091148819
10439,-2.70038792839749
10440,-2.70370462756966
10441,-2.70702100906555
10442,-2.710337072946
10443,-2.71365281927186
10444,-2.71696824810394
10445,-2.72028335950303
10446,-2.72359815352991
10447,-2.72691263024534
10448,-2.73022678971007
10449,-2.73354063198482
10450,-2.73685415713031
10451,-2.74016736520722
10452,-2.74348025627623
10453,-2.74679283039799
10454,-2.75010508763316
10455,-2.75341702804233
10456,-2.75672865168613
10457,-2.76003995862514
10458,-2.76335094891992
10459,-2.76666162263104
10460,-2.76997197981903
10461,-2.77328202054439
10462,-2.77659174486764
10463,-2.77990115284926
10464,-2.78321024454971
10465,-2.78651902002945
10466,-2.78982747934889
10467,-2.79313562256847
10468,-2.79644344974857
10469,-2.79975096094956
10470,-2.80305815623183
10471,-2.8063650356557
10472,-2.80967159928151
10473,-2.81297784716957
10474,-2.81628377938016
10475,-2.81958939597356
10476,-2.82289469701004
10477,-2.82619968254983
10478,-2.82950435265316
10479,-2.83280870738023
10480,-2.83611274679124
10481,-2.83941647094634
10482,-2.84271987990571
10483,-2.84602297372947
10484,-2.84932575247775
10485,-2.85262821621065
10486,-2.85593036498826
10487,-2.85923219887064
10488,-2.86253371791784
10489,-2.86583492218991
10490,-2.86913581174685
10491,-2.87243638664867
10492,-2.87573664695536
10493,-2.87903659272686
10494,-2.88233622402314
10495,-2.88563554090413
10496,-2.88893454342974
10497,-2.89223323165987
10498,-2.89553160565439
10499,-2.89882966547318
10500,-2.90212741117607
10501,-2.90542484282289
10502,-2.90872196047347
10503,-2.91201876418758
10504,-2.91531525402502
10505,-2.91861143004553
10506,-2.92190729230887
10507,-2.92520284087475
10508,-2.92849807580289
10509,-2.93179299715299
10510,-2.93508760498471
10511,-2.93838189935771
10512,-2.94167588033164
10513,-2.94496954796612
10514,-2.94826290232075
10515,-2.95155594345514
10516,-2.95484867142883
10517,-2.9581410863014
10518,-2.9614331881324
10519,-2.96472497698132
10520,-2.96801645290768
10521,-2.97130761597098
10522,-2.97459846623068
10523,-2.97788900374623
10524,-2.98117922857707
10525,-2.98446914078263
10526,-2.9877587404223
10527,-2.99104802755548
10528,-2.99433700224153
10529,-2.9976256645398
10530,-3.00091401450963
10531,-3.00420205221035
10532,-3.00748977770124
10533,-3.0107771910416
10534,-3.0140642922907
10535,-3.01735108150778
10536,-3.02063755875208
10537,-3.02392372408282
10538,-3.02720957755919
10539,-3.03049511924039
10540,-3.03378034918558
10541,-3.03706526745391
10542,-3.04034987410451
10543,-3.04363416919649
10544,-3.04691815278898
10545,-3.05020182494102
10546,-3.05348518571171
10547,-3.05676823516009
10548,-3.06005097334518
10549,-3.06333340032601
10550,-3.06661551616157
10551,-3.06989732091085
10552,-3.0731788146328
10553,-3.0764599973864
10554,-3.07974086923054
10555,-3.08302143022417
10556,-3.08630168042617
10557,-3.08958161989543
10558,-3.09286124869081
10559,-3.09614056687116
10560,-3.09941957449531
10561,-3.10269827162208
10562,-3.10597665831025
10563,-3.10925473461863
10564,-3.11253250060596
10565,-3.115809956331
10566,-3.11908710185248
10567,-3.12236393722911
10568,-3.12564046251959
10569,-3.12891667778261
10570,-3.13219258307682
10571,-3.13546817846088
10572,-3.13874346399341
10573,-3.14201843973303
10574,-3.14529310573834
10575,-3.14856746206792
10576,-3.15184150878033
10577,-3.15511524593413
10578,-3.15838867358784
10579,-3.16166179179998
10580,-3.16493460062905
10581,-3.16820710013352
10582,-3.17147929037188
10583,-3.17475117140255
10584,-3.17802274328397
10585,-3.18129400607458
10586,-3.18456495983274
10587,-3.18783560461686
10588,-3.19110594048529
10589,-3.1943759674964
10590,-3.1976456857085
10591,-3.20091509517992
10592,-3.20418419596896
10593,-3.20745298813389
10594,-3.21072147173299
10595,-3.2139896468245
10596,-3.21725751346667
10597,-3.22052507171769
10598,-3.22379232163579
10599,-3.22705926327914
10600,-3.2303258967059
10601,-3.23359222197425
10602,-3.23685823914229
10603,-3.24012394826815
10604,-3.24338934940994
10605,-3.24665444262575
10606,-3.24991922797363
10607,-3.25318370551165
10608,-3.25644787529784
10609,-3.25971173739022
10610,-3.26297529184678
10611,-3.26623853872553
10612,-3.26950147808443
10613,-3.27276410998143
10614,-3.27602643447448
10615,-3.27928845162149
10616,-3.28255016148037
10617,-3.28581156410901
10618,-3.28907265956528
10619,-3.29233344790703
10620,-3.29559392919211
10621,-3.29885410347835
10622,-3.30211397082353
10623,-3.30537353128547
10624,-3.30863278492193
10625,-3.31189173179066
10626,-3.31515037194942
10627,-3.31840870545593
10628,-3.32166673236789
10629,-3.324924452743
10630,-3.32818186663894
10631,-3.33143897411337
10632,-3.33469577522392
10633,-3.33795227002823
10634,-3.34120845858392
10635,-3.34446434094856
10636,-3.34771991717975
10637,-3.35097518733506
10638,-3.35423015147201
10639,-3.35748480964814
10640,-3.36073916192098
10641,-3.36399320834801
10642,-3.36724694898672
10643,-3.37050038389457
10644,-3.37375351312901
10645,-3.37700633674748
10646,-3.3802588548074
10647,-3.38351106736615
10648,-3.38676297448113
10649,-3.39001457620971
10650,-3.39326587260924
10651,-3.39651686373706
10652,-3.39976754965047
10653,-3.4030179304068
10654,-3.40626800606332
10655,-3.40951777667731
10656,-3.41276724230602
10657,-3.4160164030067
10658,-3.41926525883656
10659,-3.42251380985281
10660,-3.42576205611265
10661,-3.42900999767324
10662,-3.43225763459176
10663,-3.43550496692533
10664,-3.43875199473109
10665,-3.44199871806614
10666,-3.44524513698759
10667,-3.44849125155251
10668,-3.45173706181796
10669,-3.45498256784099
10670,-3.45822776967863
10671,-3.46147266738789
10672,-3.46471726102578
10673,-3.46796155064926
10674,-3.47120553631532
10675,-3.4744492180809
10676,-3.47769259600293
10677,-3.48093567013833
10678,-3.48417844054401
10679,-3.48742090727685
10680,-3.49066307039372
10681,-3.49390492995148
10682,-3.49714648600696
10683,-3.50038773861699
10684,-3.50362868783837
10685,-3.5068693337279
10686,-3.51010967634233
10687,-3.51334971573845
10688,-3.51658945197299
10689,-3.51982888510267
10690,-3.5230680151842
10691,-3.52630684227429
10692,-3.52954536642961
10693,-3.53278358770682
10694,-3.53602150616257
10695,-3.53925912185349
10696,-3.5424964348362
10697,-3.54573344516729
10698,-3.54897015290336
10699,-3.55220655810096
10700,-3.55544266081665
10701,-3.55867846110697
10702,-3.56191395902843
10703,-3.56514915463754
10704,-3.5683840479908
10705,-3.57161863914466
10706,-3.57485292815558
10707,-3.57808691508003
10708,-3.5813205999744
10709,-3.58455398289511
10710,-3.58778706389857
10711,-3.59101984304114
10712,-3.59425232037918
10713,-3.59748449596905
10714,-3.60071636986708
10715,-3.60394794212957
10716,-3.60717921281283
10717,-3.61041018197314
10718,-3.61364084966677
10719,-3.61687121594996
10720,-3.62010128087897
10721,-3.62333104451
10722,-3.62656050689925
10723,-3.62978966810293
10724,-3.6330185281772
10725,-3.63624708717822
10726,-3.63947534516213
10727,-3.64270330218505
10728,-3.64593095830311
10729,-3.64915831357238
10730,-3.65238536804896
10731,-3.65561212178889
10732,-3.65883857484824
10733,-3.66206472728303
10734,-3.66529057914928
10735,-3.66851613050298
10736,-3.67174138140014
10737,-3.6749663318967
10738,-3.67819098204863
10739,-3.68141533191187
10740,-3.68463938154233
10741,-3.68786313099593
10742,-3.69108658032855
10743,-3.69430972959607
10744,-3.69753257885435
10745,-3.70075512815923
10746,-3.70397737756655
10747,-3.70719932713211
10748,-3.71042097691172
10749,-3.71364232696115
10750,-3.71686337733617
10751,-3.72008412809253
10752,-3.72330457928598
10753,-3.72652473097222
10754,-3.72974458320696
10755,-3.73296413604589
10756,-3.73618338954468
10757,-3.739402343759
10758,-3.74262099874447
10759,-3.74583935455674
10760,-3.74905741125141
10761,-3.75227516888407
10762,-3.75549262751031
10763,-3.75870978718568
10764,-3.76192664796575
10765,-3.76514320990604
10766,-3.76835947306207
10767,-3.77157543748934
10768,-3.77479110324334
10769,-3.77800647037955
10770,-3.78122153895341
10771,-3.78443630902037
10772,-3.78765078063586
10773,-3.79086495385528
10774,-3.79407882873402
10775,-3.79729240532748
10776,-3.80050568369101
10777,-3.80371866387995
10778,-3.80693134594965
10779,-3.81014372995542
10780,-3.81335581595256
10781,-3.81656760399636
10782,-3.81977909414208
10783,-3.822990286445
10784,-3.82620118096034
10785,-3.82941177774333
10786,-3.83262207684917
10787,-3.83583207833308
10788,-3.83904178225022
10789,-3.84225118865575
10790,-3.84546029760483
10791,-3.8486691091526
10792,-3.85187762335415
10793,-3.85508584026461
10794,-3.85829375993906
10795,-3.86150138243255
10796,-3.86470870780017
10797,-3.86791573609694
10798,-3.87112246737789
10799,-3.87432890169804
10800,-3.87753503911237
10801,-3.88074087967587
10802,-3.8839464234435
10803,-3.88715167047022
10804,-3.89035662081094
10805,-3.8935612745206
10806,-3.8967656316541
10807,-3.89996969226634
10808,-3.90317345641216
10809,-3.90637692414644
10810,-3.90958009552404
10811,-3.91278297059975
10812,-3.91598554942841
10813,-3.9191878320648
10814,-3.92238981856372
10815,-3.92559150897991
10816,-3.92879290336816
10817,-3.93199400178317
10818,-3.93519480427968
10819,-3.93839531091239
10820,-3.941595521736
10821,-3.94479543680517
10822,-3.94799505617457
10823,-3.95119437989884
10824,-3.95439340803262
10825,-3.95759214063052
10826,-3.96079057774714
10827,-3.96398871943707
10828,-3.96718656575486
10829,-3.97038411675509
10830,-3.97358137249228
10831,-3.97677833302097
10832,-3.97997499839566
10833,-3.98317136867084
10834,-3.986367443901
10835,-3.9895632241406
10836,-3.99275870944408
10837,-3.99595389986589
10838,-3.99914879546043
10839,-4.00234339628212
10840,-4.00553770238534
10841,-4.00873171382447
10842,-4.01192543065387
10843,-4.01511885292788
10844,-4.01831198070081
10845,-4.02150481402701
10846,-4.02469735296074
10847,-4.02788959755631
10848,-4.03108154786799
10849,-4.03427320395001
10850,-4.03746456585663
10851,-4.04065563364206
10852,-4.04384640736052
10853,-4.04703688706619
10854,-4.05022707281326
10855,-4.0534169646559
10856,-4.05660656264823
10857,-4.05979586684441
10858,-4.06298487729855
10859,-4.06617359406475
10860,-4.0693620171971
10861,-4.07255014674969
10862,-4.07573798277655
10863,-4.07892552533174
10864,-4.0821127744693
10865,-4.08529973024322
10866,-4.08848639270751
10867,-4.09167276191616
10868,-4.09485883792313
10869,-4.09804462078238
10870,-4.10123011054785
10871,-4.10441530727346
10872,-4.10760021101312
10873,-4.11078482182073
10874,-4.11396913975017
10875,-4.1171531648553
10876,-4.12033689718997
10877,-4.12352033680803
10878,-4.12670348376327
10879,-4.12988633810953
10880,-4.13306889990058
10881,-4.1362511691902
10882,-4.13943314603215
10883,-4.14261483048017
10884,-4.14579622258802
10885,-4.14897732240939
10886,-4.15215812999798
10887,-4.1553386454075
10888,-4.1585188686916
10889,-4.16169879990395
10890,-4.1648784390982
10891,-4.16805778632795
10892,-4.17123684164683
10893,-4.17441560510846
10894,-4.17759407676638
10895,-4.18077225667419
10896,-4.18395014488544
10897,-4.18712774145366
10898,-4.19030504643239
10899,-4.19348205987512
10900,-4.19665878183536
10901,-4.19983521236658
10902,-4.20301135152226
10903,-4.20618719935584
10904,-4.20936275592076
10905,-4.21253802127044
10906,-4.21571299545829
10907,-4.2188876785377
10908,-4.22206207056205
10909,-4.2252361715847
10910,-4.228409981659
10911,-4.23158350083828
10912,-4.23475672917587
10913,-4.23792966672507
10914,-4.24110231353915
10915,-4.24427466967141
10916,-4.24744673517511
10917,-4.25061851010348
10918,-4.25378999450975
10919,-4.25696118844716
10920,-4.26013209196889
10921,-4.26330270512813
10922,-4.26647302797807
10923,-4.26964306057184
10924,-4.2728128029626
10925,-4.27598225520349
10926,-4.2791514173476
10927,-4.28232028944804
10928,-4.28548887155791
10929,-4.28865716373025
10930,-4.29182516601814
10931,-4.29499287847461
10932,-4.2981603011527
10933,-4.3013274341054
10934,-4.30449427738573
10935,-4.30766083104667
10936,-4.31082709514117
10937,-4.3139930697222
10938,-4.3171587548427
10939,-4.32032415055559
10940,-4.32348925691378
10941,-4.32665407397018
10942,-4.32981860177765
10943,-4.33298284038906
10944,-4.33614678985728
10945,-4.33931045023514
10946,-4.34247382157545
10947,-4.34563690393103
10948,-4.34879969735469
10949,-4.35196220189918
10950,-4.35512441761728
10951,-4.35828634456176
10952,-4.36144798278532
10953,-4.36460933234071
10954,-4.36777039328063
10955,-4.37093116565777
10956,-4.37409164952481
10957,-4.37725184493442
10958,-4.38041175193924
10959,-4.38357137059192
10960,-4.38673070094507
10961,-4.3898897430513
10962,-4.39304849696321
10963,-4.39620696273336
10964,-4.39936514041434
10965,-4.40252303005867
10966,-4.40568063171891
10967,-4.40883794544757
10968,-4.41199497129715
10969,-4.41515170932016
10970,-4.41830815956906
10971,-4.42146432209632
10972,-4.42462019695439
10973,-4.4277757841957
10974,-4.43093108387268
10975,-4.43408609603772
10976,-4.43724082074323
10977,-4.44039525804157
10978,-4.44354940798512
10979,-4.44670327062621
10980,-4.4498568460172
10981,-4.45301013421038
10982,-4.45616313525807
10983,-4.45931584921257
10984,-4.46246827612615
10985,-4.46562041605106
10986,-4.46877226903957
10987,-4.4719238351439
10988,-4.47507511441628
10989,-4.47822610690891
10990,-4.48137681267398
10991,-4.48452723176366
10992,-4.48767736423014
10993,-4.49082721012554
10994,-4.49397676950201
10995,-4.49712604241166
10996,-4.50027502890661
10997,-4.50342372903894
10998,-4.50657214286074
10999,-4.50972027042406
11000,-4.51286811178096
11001,-4.51601566698346
11002,-4.5191629360836
11003,-4.52230991913338
11004,-4.52545661618479
11005,-4.5286030272898
11006,-4.5317491525004
11007,-4.53489499186851
11008,-4.53804054544608
11009,-4.54118581328504
11010,-4.54433079543728
11011,-4.54747549195471
11012,-4.5506199028892
11013,-4.55376402829262
11014,-4.55690786821681
11015,-4.56005142271363
11016,-4.56319469183487
11017,-4.56633767563237
11018,-4.56948037415791
11019,-4.57262278746327
11020,-4.57576491560021
11021,-4.5789067586205
11022,-4.58204831657587
11023,-4.58518958951804
11024,-4.58833057749872
11025,-4.59147128056962
11026,-4.5946116987824
11027,-4.59775183218875
11028,-4.60089168084031
11029,-4.60403124478872
11030,-4.60717052408561
11031,-4.61030951878259
11032,-4.61344822893126
11033,-4.6165866545832
11034,-4.61972479578999
11035,-4.62286265260317
11036,-4.62600022507428
11037,-4.62913751325487
11038,-4.63227451719643
11039,-4.63541123695047
11040,-4.63854767256848
11041,-4.64168382410193
11042,-4.64481969160227
11043,-4.64795527512095
11044,-4.6510905747094
11045,-4.65422559041902
11046,-4.65736032230123
11047,-4.66049477040742
11048,-4.66362893478895
11049,-4.66676281549719
11050,-4.66989641258349
11051,-4.67302972609916
11052,-4.67616275609553
11053,-4.67929550262392
11054,-4.6824279657356
11055,-4.68556014548185
11056,-4.68869204191394
11057,-4.69182365508311
11058,-4.6949549850406
11059,-4.69808603183762
11060,-4.7012167955254
11061,-4.70434727615511
11062,-4.70747747377794
11063,-4.71060738844505
11064,-4.71373702020759
11065,-4.7168663691167
11066,-4.71999543522352
11067,-4.72312421857913
11068,-4.72625271923464
11069,-4.72938093724114
11070,-4.73250887264968
11071,-4.73563652551133
11072,-4.73876389587712
11073,-4.74189098379809
11074,-4.74501778932524
11075,-4.74814431250956
11076,-4.75127055340206
11077,-4.7543965120537
11078,-4.75752218851543
11079,-4.76064758283821
11080,-4.76377269507295
11081,-4.76689752527058
11082,-4.770022073482
11083,-4.77314633975809
11084,-4.77627032414974
11085,-4.7793940267078
11086,-4.78251744748312
11087,-4.78564058652653
11088,-4.78876344388886
11089,-4.79188601962091
11090,-4.79500831377347
11091,-4.79813032639731
11092,-4.80125205754322
11093,-4.80437350726193
11094,-4.80749467560418
11095,-4.8106155626207
11096,-4.8137361683622
11097,-4.81685649287937
11098,-4.81997653622289
11099,-4.82309629844344
11100,-4.82621577959167
11101,-4.82933497971822
11102,-4.83245389887371
11103,-4.83557253710877
11104,-4.83869089447399
11105,-4.84180897101997
11106,-4.84492676679726
11107,-4.84804428185643
11108,-4.85116151624804
11109,-4.8542784700226
11110,-4.85739514323063
11111,-4.86051153592266
11112,-4.86362764814915
11113,-4.8667434799606
11114,-4.86985903140747
11115,-4.87297430254019
11116,-4.87608929340922
11117,-4.87920400406497
11118,-4.88231843455786
11119,-4.88543258493828
11120,-4.88854645525661
11121,-4.89166004556322
11122,-4.89477335590847
11123,-4.89788638634269
11124,-4.90099913691622
11125,-4.90411160767937
11126,-4.90722379868243
11127,-4.91033570997572
11128,-4.91344734160947
11129,-4.91655869363397
11130,-4.91966976609946
11131,-4.92278055905616
11132,-4.92589107255431
11133,-4.9290013066441
11134,-4.93211126137573
11135,-4.93522093679938
11136,-4.93833033296521
11137,-4.94143944992338
11138,-4.94454828772401
11139,-4.94765684641725
11140,-4.95076512605319
11141,-4.95387312668194
11142,-4.95698084835358
11143,-4.96008829111818
11144,-4.9631954550258
11145,-4.96630234012649
11146,-4.96940894647027
11147,-4.97251527410715
11148,-4.97562132308715
11149,-4.97872709346025
11150,-4.98183258527644
11151,-4.98493779858567
11152,-4.98804273343788
11153,-4.99114738988304
11154,-4.99425176797104
11155,-4.9973558677518
11156,-5.00045968927522
11157,-5.00356323259118
11158,-5.00666649774955
11159,-5.00976948480019
11160,-5.01287219379293
11161,-5.01597462477761
11162,-5.01907677780404
11163,-5.02217865292202
11164,-5.02528025018135
11165,-5.02838156963179
11166,-5.03148261132312
11167,-5.03458337530507
11168,-5.03768386162738
11169,-5.04078407033979
11170,-5.04388400149199
11171,-5.04698365513367
11172,-5.05008303131453
11173,-5.05318213008423
11174,-5.05628095149242
11175,-5.05937949558875
11176,-5.06247776242285
11177,-5.06557575204432
11178,-5.06867346450279
11179,-5.07177089984781
11180,-5.07486805812899
11181,-5.07796493939587
11182,-5.08106154369802
11183,-5.08415787108495
11184,-5.0872539216062
11185,-5.09034969531128
11186,-5.09344519224967
11187,-5.09654041247087
11188,-5.09963535602433
11189,-5.10273002295952
11190,-5.10582441332588
11191,-5.10891852717284
11192,-5.11201236454981
11193,-5.1151059255062
11194,-5.1181992100914
11195,-5.12129221835477
11196,-5.12438495034569
11197,-5.1274774061135
11198,-5.13056958570755
11199,-5.13366148917716
11200,-5.13675311657162
11201,-5.13984446794025
11202,-5.14293554333233
11203,-5.14602634279712
11204,-5.14911686638389
11205,-5.15220711414187
11206,-5.1552970861203
11207,-5.1583867823684
11208,-5.16147620293537
11209,-5.1645653478704
11210,-5.16765421722267
11211,-5.17074281104135
11212,-5.17383112937559
11213,-5.17691917227452
11214,-5.18000693978728
11215,-5.18309443196296
11216,-5.18618164885069
11217,-5.18926859049954
11218,-5.19235525695857
11219,-5.19544164827686
11220,-5.19852776450346
11221,-5.20161360568738
11222,-5.20469917187766
11223,-5.20778446312331
11224,-5.21086947947331
11225,-5.21395422097665
11226,-5.2170386876823
11227,-5.22012287963921
11228,-5.22320679689632
11229,-5.22629043950256
11230,-5.22937380750686
11231,-5.2324569009581
11232,-5.23553971990519
11233,-5.238622264397
11234,-5.24170453448238
11235,-5.2447865302102
11236,-5.2478682516293
11237,-5.25094969878848
11238,-5.25403087173657
11239,-5.25711177052237
11240,-5.26019239519466
11241,-5.2632727458022
11242,-5.26635282239378
11243,-5.26943262501812
11244,-5.27251215372396
11245,-5.27559140856003
11246,-5.27867038957503
11247,-5.28174909681765
11248,-5.28482753033658
11249,-5.28790569018048
11250,-5.29098357639801
11251,-5.29406118903782
11252,-5.29713852814853
11253,-5.30021559377876
11254,-5.3032923859771
11255,-5.30636890479217
11256,-5.30944515027252
11257,-5.31252112246673
11258,-5.31559682142334
11259,-5.31867224719091
11260,-5.32174739981794
11261,-5.32482227935296
11262,-5.32789688584447
11263,-5.33097121934094
11264,-5.33404527989087
11265,-5.3371190675427
11266,-5.34019258234489
11267,-5.34326582434587
11268,-5.34633879359407
11269,-5.34941149013789
11270,-5.35248391402573
11271,-5.35555606530599
11272,-5.35862794402701
11273,-5.36169955023717
11274,-5.36477088398481
11275,-5.36784194531827
11276,-5.37091273428586
11277,-5.37398325093588
11278,-5.37705349531664
11279,-5.38012346747642
11280,-5.38319316746347
11281,-5.38626259532607
11282,-5.38933175111245
11283,-5.39240063487083
11284,-5.39546924664945
11285,-5.3985375864965
11286,-5.40160565446016
11287,-5.40467345058864
11288,-5.40774097493007
11289,-5.41080822753263
11290,-5.41387520844445
11291,-5.41694191771366
11292,-5.42000835538836
11293,-5.42307452151667
11294,-5.42614041614668
11295,-5.42920603932645
11296,-5.43227139110406
11297,-5.43533647152755
11298,-5.43840128064496
11299,-5.44146581850431
11300,-5.44453008515363
11301,-5.4475940806409
11302,-5.45065780501412
11303,-5.45372125832126
11304,-5.45678444061028
11305,-5.45984735192912
11306,-5.46290999232573
11307,-5.46597236184804
11308,-5.46903446054394
11309,-5.47209628846134
11310,-5.47515784564812
11311,-5.47821913215216
11312,-5.4812801480213
11313,-5.48434089330342
11314,-5.48740136804632
11315,-5.49046157229785
11316,-5.4935215061058
11317,-5.49658116951797
11318,-5.49964056258215
11319,-5.50269968534611
11320,-5.50575853785761
11321,-5.50881712016438
11322,-5.51187543231417
11323,-5.5149334743547
11324,-5.51799124633366
11325,-5.52104874829877
11326,-5.52410598029769
11327,-5.52716294237811
11328,-5.53021963458767
11329,-5.53327605697403
11330,-5.5363322095848
11331,-5.53938809246763
11332,-5.5424437056701
11333,-5.54549904923981
11334,-5.54855412322435
11335,-5.55160892767129
11336,-5.55466346262818
11337,-5.55771772814256
11338,-5.56077172426196
11339,-5.56382545103392
11340,-5.56687890850592
11341,-5.56993209672546
11342,-5.57298501574004
11343,-5.57603766559711
11344,-5.57909004634412
11345,-5.58214215802853
11346,-5.58519400069776
11347,-5.58824557439923
11348,-5.59129687918035
11349,-5.59434791508851
11350,-5.59739868217108
11351,-5.60044918047545
11352,-5.60349941004897
11353,-5.60654937093896
11354,-5.60959906319278
11355,-5.61264848685774
11356,-5.61569764198113
11357,-5.61874652861026
11358,-5.62179514679241
11359,-5.62484349657483
11360,-5.6278915780048
11361,-5.63093939112955
11362,-5.6339869359963
11363,-5.63703421265229
11364,-5.64008122114472
11365,-5.64312796152078
11366,-5.64617443382764
11367,-5.64922063811249
11368,-5.65226657442246
11369,-5.65531224280472
11370,-5.65835764330637
11371,-5.66140277597457
11372,-5.66444764085639
11373,-5.66749223799894
11374,-5.6705365674493
11375,-5.67358062925453
11376,-5.6766244234617
11377,-5.67966795011785
11378,-5.68271120927
11379,-5.68575420096518
11380,-5.6887969252504
11381,-5.69183938217264
11382,-5.69488157177889
11383,-5.69792349411613
11384,-5.70096514923131
11385,-5.70400653717137
11386,-5.70704765798324
11387,-5.71008851171385
11388,-5.71312909841011
11389,-5.7161694181189
11390,-5.71920947088712
11391,-5.72224925676162
11392,-5.72528877578928
11393,-5.72832802801694
11394,-5.73136701349142
11395,-5.73440573225956
11396,-5.73744418436816
11397,-5.74048236986402
11398,-5.74352028879392
11399,-5.74655794120463
11400,-5.74959532714293
11401,-5.75263244665554
11402,-5.7556692997892
11403,-5.75870588659066
11404,-5.7617422071066
11405,-5.76477826138372
11406,-5.76781404946873
11407,-5.77084957140828
11408,-5.77388482724905
11409,-5.77691981703767
11410,-5.77995454082079
11411,-5.78298899864503
11412,-5.78602319055701
11413,-5.78905711660331
11414,-5.79209077683054
11415,-5.79512417128527
11416,-5.79815730001406
11417,-5.80119016306345
11418,-5.80422276048
11419,-5.80725509231024
11420,-5.81028715860066
11421,-5.81331895939777
11422,-5.81635049474807
11423,-5.81938176469803
11424,-5.82241276929412
11425,-5.8254435085828
11426,-5.82847398261049
11427,-5.83150419142364
11428,-5.83453413506866
11429,-5.83756381359195
11430,-5.84059322703991
11431,-5.84362237545891
11432,-5.84665125889533
11433,-5.84967987739552
11434,-5.85270823100582
11435,-5.85573631977257
11436,-5.85876414374209
11437,-5.86179170296067
11438,-5.86481899747463
11439,-5.86784602733024
11440,-5.87087279257377
11441,-5.87389929325149
11442,-5.87692552940963
11443,-5.87995150109443
11444,-5.88297720835213
11445,-5.88600265122891
11446,-5.88902782977098
11447,-5.89205274402454
11448,-5.89507739403576
11449,-5.89810177985078
11450,-5.90112590151578
11451,-5.90414975907688
11452,-5.9071733525802
11453,-5.91019668207187
11454,-5.91321974759799
11455,-5.91624254920463
11456,-5.91926508693788
11457,-5.92228736084382
11458,-5.92530937096848
11459,-5.92833111735791
11460,-5.93135260005815
11461,-5.93437381911519
11462,-5.93739477457506
11463,-5.94041546648375
11464,-5.94343589488723
11465,-5.94645605983147
11466,-5.94947596136243
11467,-5.95249559952607
11468,-5.9555149743683
11469,-5.95853408593505
11470,-5.96155293427223
11471,-5.96457151942573
11472,-5.96758984144144
11473,-5.97060790036524
11474,-5.97362569624298
11475,-5.97664322912052
11476,-5.97966049904368
11477,-5.9826775060583
11478,-5.98569425021018
11479,-5.98871073154513
11480,-5.99172695010894
11481,-5.99474290594738
11482,-5.99775859910622
11483,-6.00077402963121
11484,-6.00378919756809
11485,-6.0068041029626
11486,-6.00981874586045
11487,-6.01283312630734
11488,-6.01584724434896
11489,-6.01886110003101
11490,-6.02187469339915
11491,-6.02488802449903
11492,-6.0279010933763
11493,-6.0309139000766
11494,-6.03392644464554
11495,-6.03693872712875
11496,-6.03995074757181
11497,-6.0429625060203
11498,-6.04597400251982
11499,-6.04898523711591
11500,-6.05199620985413
11501,-6.05500692078002
11502,-6.0580173699391
11503,-6.06102755737688
11504,-6.06403748313888
11505,-6.06704714727058
11506,-6.07005654981746
11507,-6.07306569082499
11508,-6.07607457033862
11509,-6.0790831884038
11510,-6.08209154506596
11511,-6.08509964037051
11512,-6.08810747436288
11513,-6.09111504708845
11514,-6.0941223585926
11515,-6.09712940892072
11516,-6.10013619811816
11517,-6.10314272623027
11518,-6.10614899330238
11519,-6.10915499937983
11520,-6.11216074450792
11521,-6.11516622873197
11522,-6.11817145209725
11523,-6.12117641464904
11524,-6.12418111643262
11525,-6.12718555749324
11526,-6.13018973787613
11527,-6.13319365762653
11528,-6.13619731678968
11529,-6.13920071541075
11530,-6.14220385353495
11531,-6.14520673120748
11532,-6.14820934847349
11533,-6.15121170537815
11534,-6.15421380196662
11535,-6.15721563828401
11536,-6.16021721437547
11537,-6.16321853028611
11538,-6.16621958606101
11539,-6.16922038174529
11540,-6.17222091738401
11541,-6.17522119302224
11542,-6.17822120870503
11543,-6.18122096447744
11544,-6.18422046038449
11545,-6.1872196964712
11546,-6.19021867278257
11547,-6.19321738936361
11548,-6.1962158462593
11549,-6.19921404351461
11550,-6.20221198117451
11551,-6.20520965928394
11552,-6.20820707788783
11553,-6.21120423703114
11554,-6.21420113675875
11555,-6.21719777711557
11556,-6.2201941581465
11557,-6.22319027989642
11558,-6.2261861424102
11559,-6.22918174573268
11560,-6.23217708990872
11561,-6.23517217498315
11562,-6.23816700100079
11563,-6.24116156800645
11564,-6.24415587604492
11565,-6.247149925161
11566,-6.25014371539946
11567,-6.25313724680506
11568,-6.25613051942256
11569,-6.25912353329669
11570,-6.26211628847219
11571,-6.26510878499376
11572,-6.26810102290612
11573,-6.27109300225396
11574,-6.27408472308196
11575,-6.2770761854348
11576,-6.28006738935713
11577,-6.28305833489359
11578,-6.28604902208882
11579,-6.28903945098746
11580,-6.29202962163411
11581,-6.29501953407337
11582,-6.29800918834983
11583,-6.30099858450807
11584,-6.30398772259266
11585,-6.30697660264816
11586,-6.30996522471909
11587,-6.31295358885
11588,-6.31594169508541
11589,-6.31892954346983
11590,-6.32191713404775
11591,-6.32490446686366
11592,-6.32789154196204
11593,-6.33087835938734
11594,-6.33386491918402
11595,-6.33685122139651
11596,-6.33983726606926
11597,-6.34282305324666
11598,-6.34580858297314
11599,-6.34879385529308
11600,-6.35177887025085
11601,-6.35476362789085
11602,-6.35774812825743
11603,-6.36073237139492
11604,-6.36371635734767
11605,-6.36670008616001
11606,-6.36968355787624
11607,-6.37266677254067
11608,-6.3756497301976
11609,-6.37863243089129
11610,-6.38161487466602
11611,-6.38459706156605
11612,-6.38757899163561
11613,-6.39056066491895
11614,-6.39354208146028
11615,-6.39652324130381
11616,-6.39950414449375
11617,-6.40248479107428
11618,-6.40546518108958
11619,-6.4084453145838
11620,-6.41142519160112
11621,-6.41440481218567
11622,-6.41738417638157
11623,-6.42036328423295
11624,-6.42334213578392
11625,-6.42632073107858
11626,-6.42929907016099
11627,-6.43227715307526
11628,-6.43525497986543
11629,-6.43823255057555
11630,-6.44120986524967
11631,-6.44418692393181
11632,-6.447163726666
11633,-6.45014027349622
11634,-6.4531165644665
11635,-6.4560925996208
11636,-6.45906837900309
11637,-6.46204390265734
11638,-6.46501917062749
11639,-6.46799418295748
11640,-6.47096893969124
11641,-6.47394344087269
11642,-6.47691768654572
11643,-6.47989167675424
11644,-6.48286541154211
11645,-6.48583889095321
11646,-6.48881211503141
11647,-6.49178508382054
11648,-6.49475779736444
11649,-6.49773025570694
11650,-6.50070245889185
11651,-6.50367440696297
11652,-6.50664609996409
11653,-6.509617537939
11654,-6.51258872093146
11655,-6.51555964898522
11656,-6.51853032214404
11657,-6.52150074045164
11658,-6.52447090395175
11659,-6.52744081268809
11660,-6.53041046670434
11661,-6.53337986604421
11662,-6.53634901075138
11663,-6.53931790086949
11664,-6.54228653644222
11665,-6.54525491751321
11666,-6.54822304412609
11667,-6.55119091632448
11668,-6.55415853415199
11669,-6.55712589765223
11670,-6.56009300686878
11671,-6.56305986184522
11672,-6.56602646262512
11673,-6.56899280925202
11674,-6.57195890176947
11675,-6.57492474022101
11676,-6.57789032465016
11677,-6.58085565510042
11678,-6.5838207316153
11679,-6.58678555423828
11680,-6.58975012301284
11681,-6.59271443798245
11682,-6.59567849919056
11683,-6.5986423066806
11684,-6.60160586049602
11685,-6.60456916068024
11686,-6.60753220727666
11687,-6.61049500032868
11688,-6.6134575398797
11689,-6.61641982597307
11690,-6.61938185865218
11691,-6.62234363796038
11692,-6.625305163941
11693,-6.62826643663738
11694,-6.63122745609284
11695,-6.63418822235069
11696,-6.63714873545423
11697,-6.64010899544674
11698,-6.64306900237151
11699,-6.64602875627179
11700,-6.64898825719083
11701,-6.6519475051719
11702,-6.6549065002582
11703,-6.65786524249297
11704,-6.66082373191942
11705,-6.66378196858074
11706,-6.66673995252011
11707,-6.66969768378073
11708,-6.67265516240575
11709,-6.67561238843832
11710,-6.67856936192159
11711,-6.6815260828987
11712,-6.68448255141275
11713,-6.68743876750687
11714,-6.69039473122415
11715,-6.69335044260768
11716,-6.69630590170054
11717,-6.69926110854579
11718,-6.70221606318648
11719,-6.70517076566567
11720,-6.70812521602638
11721,-6.71107941431163
11722,-6.71403336056444
11723,-6.71698705482782
11724,-6.71994049714473
11725,-6.72289368755816
11726,-6.72584662611109
11727,-6.72879931284646
11728,-6.73175174780722
11729,-6.7347039310363
11730,-6.73765586257663
11731,-6.74060754247112
11732,-6.74355897076267
11733,-6.74651014749417
11734,-6.74946107270849
11735,-6.75241174644851
11736,-6.75536216875709
11737,-6.75831233967707
11738,-6.76126225925127
11739,-6.76421192752255
11740,-6.76716134453368
11741,-6.77011051032749
11742,-6.77305942494678
11743,-6.7760080884343
11744,-6.77895650083284
11745,-6.78190466218515
11746,-6.78485257253399
11747,-6.78780023192208
11748,-6.79074764039216
11749,-6.79369479798694
11750,-6.79664170474912
11751,-6.79958836072139
11752,-6.80253476594645
11753,-6.80548092046695
11754,-6.80842682432557
11755,-6.81137247756494
11756,-6.81431788022771
11757,-6.81726303235651
11758,-6.82020793399395
11759,-6.82315258518264
11760,-6.82609698596518
11761,-6.82904113638413
11762,-6.8319850364821
11763,-6.83492868630163
11764,-6.83787208588527
11765,-6.84081523527557
11766,-6.84375813451506
11767,-6.84670078364625
11768,-6.84964318271166
11769,-6.85258533175377
11770,-6.85552723081509
11771,-6.85846887993808
11772,-6.86141027916521
11773,-6.86435142853893
11774,-6.86729232810169
11775,-6.87023297789592
11776,-6.87317337796404
11777,-6.87611352834846
11778,-6.87905342909159
11779,-6.8819930802358
11780,-6.88493248182349
11781,-6.88787163389701
11782,-6.89081053649872
11783,-6.89374918967098
11784,-6.89668759345611
11785,-6.89962574789645
11786,-6.9025636530343
11787,-6.90550130891196
11788,-6.90843871557174
11789,-6.9113758730559
11790,-6.91431278140673
11791,-6.91724944066648
11792,-6.9201858508774
11793,-6.92312201208173
11794,-6.92605792432171
11795,-6.92899358763953
11796,-6.93192900207741
11797,-6.93486416767756
11798,-6.93779908448214
11799,-6.94073375253334
11800,-6.94366817187332
11801,-6.94660234254422
11802,-6.9495362645882
11803,-6.95246993804739
11804,-6.9554033629639
11805,-6.95833653937985
11806,-6.96126946733733
11807,-6.96420214687843
11808,-6.96713457804524
11809,-6.97006676087981
11810,-6.9729986954242
11811,-6.97593038172046
11812,-6.97886181981063
11813,-6.98179300973673
11814,-6.98472395154077
11815,-6.98765464526475
11816,-6.99058509095068
11817,-6.99351528864051
11818,-6.99644523837624
11819,-6.99937494019983
11820,-7.00230439415321
11821,-7.00523360027833
11822,-7.00816255861711
11823,-7.01109126921149
11824,-7.01401973210336
11825,-7.01694794733461
11826,-7.01987591494714
11827,-7.02280363498282
11828,-7.02573110748351
11829,-7.02865833249108
11830,-7.03158531004735
11831,-7.03451204019417
11832,-7.03743852297336
11833,-7.04036475842672
11834,-7.04329074659607
11835,-7.04621648752318
11836,-7.04914198124985
11837,-7.05206722781783
11838,-7.05499222726889
11839,-7.05791697964478
11840,-7.06084148498722
11841,-7.06376574333796
11842,-7.06668975473871
11843,-7.06961351923116
11844,-7.07253703685702
11845,-7.07546030765798
11846,-7.0783833316757
11847,-7.08130610895185
11848,-7.08422863952808
11849,-7.08715092344604
11850,-7.09007296074734
11851,-7.09299475147363
11852,-7.09591629566651
11853,-7.09883759336757
11854,-7.10175864461842
11855,-7.10467944946062
11856,-7.10760000793574
11857,-7.11052032008535
11858,-7.113440385951
11859,-7.11636020557421
11860,-7.11927977899651
11861,-7.12219910625944
11862,-7.12511818740447
11863,-7.12803702247312
11864,-7.13095561150687
11865,-7.13387395454718
11866,-7.13679205163553
11867,-7.13970990281337
11868,-7.14262750812214
11869,-7.14554486760327
11870,-7.14846198129819
11871,-7.1513788492483
11872,-7.15429547149501
11873,-7.15721184807971
11874,-7.16012797904377
11875,-7.16304386442857
11876,-7.16595950427546
11877,-7.1688748986258
11878,-7.17179004752092
11879,-7.17470495100215
11880,-7.17761960911081
11881,-7.1805340218882
11882,-7.18344818937562
11883,-7.18636211161435
11884,-7.18927578864568
11885,-7.19218922051086
11886,-7.19510240725115
11887,-7.19801534890781
11888,-7.20092804552204
11889,-7.20384049713509
11890,-7.20675270378817
11891,-7.20966466552247
11892,-7.21257638237919
11893,-7.21548785439953
11894,-7.21839908162463
11895,-7.22131006409566
11896,-7.22422080185378
11897,-7.22713129494013
11898,-7.23004154339583
11899,-7.232951547262
11900,-7.23586130657977
11901,-7.23877082139022
11902,-7.24168009173443
11903,-7.2445891176535
11904,-7.24749789918848
11905,-7.25040643638044
11906,-7.25331472927043
11907,-7.25622277789947
11908,-7.2591305823086
11909,-7.26203814253883
11910,-7.26494545863116
11911,-7.2678525306266
11912,-7.27075935856613
11913,-7.27366594249072
11914,-7.27657228244133
11915,-7.27947837845893
11916,-7.28238423058446
11917,-7.28528983885883
11918,-7.288195203323
11919,-7.29110032401785
11920,-7.29400520098431
11921,-7.29690983426325
11922,-7.29981422389557
11923,-7.30271836992212
11924,-7.30562227238378
11925,-7.30852593132141
11926,-7.31142934677582
11927,-7.31433251878786
11928,-7.31723544739835
11929,-7.3201381326481
11930,-7.3230405745779
11931,-7.32594277322855
11932,-7.32884472864083
11933,-7.33174644085551
11934,-7.33464790991333
11935,-7.33754913585507
11936,-7.34045011872144
11937,-7.34335085855318
11938,-7.34625135539101
11939,-7.34915160927563
11940,-7.35205162024775
11941,-7.35495138834805
11942,-7.3578509136172
11943,-7.36075019609587
11944,-7.36364923582472
11945,-7.3665480328444
11946,-7.36944658719554
11947,-7.37234489891877
11948,-7.37524296805471
11949,-7.37814079464395
11950,-7.38103837872709
11951,-7.38393572034473
11952,-7.38683281953742
11953,-7.38972967634575
11954,-7.39262629081026
11955,-7.3955226629715
11956,-7.39841879287
11957,-7.40131468054629
11958,-7.40421032604087
11959,-7.40710572939426
11960,-7.41000089064695
11961,-7.41289580983942
11962,-7.41579048701214
11963,-7.41868492220557
11964,-7.42157911546018
11965,-7.4244730668164
11966,-7.42736677631466
11967,-7.4302602439954
11968,-7.43315346989901
11969,-7.4360464540659
11970,-7.43893919653648
11971,-7.4418316973511
11972,-7.44472395655015
11973,-7.447615974174
11974,-7.45050775026298
11975,-7.45339928485745
11976,-7.45629057799774
11977,-7.45918162972415
11978,-7.46207244007702
11979,-7.46496300909663
11980,-7.46785333682329
11981,-7.47074342329726
11982,-7.47363326855882
11983,-7.47652287264824
11984,-7.47941223560576
11985,-7.48230135747162
11986,-7.48519023828606
11987,-7.48807887808929
11988,-7.49096727692152
11989,-7.49385543482296
11990,-7.4967433518338
11991,-7.49963102799421
11992,-7.50251846334437
11993,-7.50540565792442
11994,-7.50829261177454
11995,-7.51117932493485
11996,-7.5140657974455
11997,-7.51695202934658
11998,-7.51983802067823
11999,-7.52272377148053
12000,-7.52560928179357
12001,-7.52849455165744
12002,-7.53137958111221
12003,-7.53426437019793
12004,-7.53714891895465
12005,-7.54003322742242
12006,-7.54291729564127
12007,-7.54580112365121
12008,-7.54868471149225
12009,-7.5515680592044
12010,-7.55445116682765
12011,-7.55733403440196
12012,-7.56021666196733
12013,-7.56309904956369
12014,-7.56598119723101
12015,-7.56886310500922
12016,-7.57174477293826
12017,-7.57462620105803
12018,-7.57750738940847
12019,-7.58038833802945
12020,-7.58326904696088
12021,-7.58614951624264
12022,-7.58902974591458
12023,-7.59190973601658
12024,-7.59478948658848
12025,-7.59766899767013
12026,-7.60054826930136
12027,-7.60342730152197
12028,-7.6063060943718
12029,-7.60918464789064
12030,-7.61206296211826
12031,-7.61494103709448
12032,-7.61781887285903
12033,-7.62069646945169
12034,-7.62357382691223
12035,-7.62645094528036
12036,-7.62932782459582
12037,-7.63220446489834
12038,-7.63508086622762
12039,-7.63795702862337
12040,-7.64083295212528
12041,-7.64370863677303
12042,-7.64658408260629
12043,-7.64945928966473
12044,-7.65233425798799
12045,-7.65520898761572
12046,-7.65808347858756
12047,-7.66095773094312
12048,-7.66383174472201
12049,-7.66670551996384
12050,-7.6695790567082
12051,-7.67245235499468
12052,-7.67532541486285
12053,-7.67819823635227
12054,-7.68107081950249
12055,-7.68394316435306
12056,-7.68681527094351
12057,-7.68968713931337
12058,-7.69255876950214
12059,-7.69543016154934
12060,-7.69830131549447
12061,-7.70117223137699
12062,-7.70404290923639
12063,-7.70691334911213
12064,-7.70978355104368
12065,-7.71265351507046
12066,-7.71552324123193
12067,-7.7183927295675
12068,-7.72126198011658
12069,-7.72413099291861
12070,-7.72699976801294
12071,-7.72986830543899
12072,-7.73273660523613
12073,-7.73560466744372
12074,-7.73847249210112
12075,-7.74134007924768
12076,-7.74420742892274
12077,-7.74707454116561
12078,-7.74994141601563
12079,-7.7528080535121
12080,-7.75567445369432
12081,-7.75854061660158
12082,-7.76140654227315
12083,-7.76427223074831
12084,-7.76713768206631
12085,-7.77000289626642
12086,-7.77286787338785
12087,-7.77573261346984
12088,-7.77859711655163
12089,-7.78146138267241
12090,-7.78432541187139
12091,-7.78718920418776
12092,-7.79005275966071
12093,-7.79291607832939
12094,-7.79577916023298
12095,-7.79864200541063
12096,-7.80150461390148
12097,-7.80436698574466
12098,-7.8072291209793
12099,-7.81009101964451
12100,-7.81295268177939
12101,-7.81581410742305
12102,-7.81867529661456
12103,-7.82153624939299
12104,-7.82439696579742
12105,-7.82725744586691
12106,-7.83011768964048
12107,-7.83297769715719
12108,-7.83583746845606
12109,-7.83869700357609
12110,-7.84155630255632
12111,-7.84441536543572
12112,-7.84727419225329
12113,-7.85013278304801
12114,-7.85299113785884
12115,-7.85584925672474
12116,-7.85870713968467
12117,-7.86156478677756
12118,-7.86442219804234
12119,-7.86727937351793
12120,-7.87013631324325
12121,-7.87299301725719
12122,-7.87584948559865
12123,-7.8787057183065
12124,-7.88156171541963
12125,-7.88441747697689
12126,-7.88727300301713
12127,-7.8901282935792
12128,-7.89298334870193
12129,-7.89583816842415
12130,-7.89869275278468
12131,-7.9015471018223
12132,-7.90440121557583
12133,-7.90725509408405
12134,-7.91010873738573
12135,-7.91296214551964
12136,-7.91581531852453
12137,-7.91866825643917
12138,-7.92152095930227
12139,-7.92437342715257
12140,-7.9272256600288
12141,-7.93007765796965
12142,-7.93292942101383
12143,-7.93578094920003
12144,-7.93863224256692
12145,-7.94148330115319
12146,-7.94433412499749
12147,-7.94718471413846
12148,-7.95003506861476
12149,-7.95288518846502
12150,-7.95573507372787
12151,-7.9585847244419
12152,-7.96143414064573
12153,-7.96428332237796
12154,-7.96713226967716
12155,-7.96998098258192
12156,-7.9728294611308
12157,-7.97567770536235
12158,-7.97852571531512
12159,-7.98137349102766
12160,-7.98422103253848
12161,-7.98706833988611
12162,-7.98991541310906
12163,-7.99276225224581
12164,-7.99560885733488
12165,-7.99845522841473
12166,-8.00130136552384
12167,-8.00414726870066
12168,-8.00699293798365
12169,-8.00983837341126
12170,-8.01268357502191
12171,-8.01552854285403
12172,-8.01837327694603
12173,-8.02121777733632
12174,-8.0240620440633
12175,-8.02690607716534
12176,-8.02974987668082
12177,-8.03259344264812
12178,-8.03543677510559
12179,-8.03827987409157
12180,-8.0411227396444
12181,-8.04396537180243
12182,-8.04680777060396
12183,-8.04964993608729
12184,-8.05249186829074
12185,-8.05533356725261
12186,-8.05817503301115
12187,-8.06101626560466
12188,-8.06385726507139
12189,-8.06669803144959
12190,-8.06953856477752
12191,-8.0723788650934
12192,-8.07521893243546
12193,-8.07805876684192
12194,-8.08089836835098
12195,-8.08373773700084
12196,-8.08657687282969
12197,-8.08941577587571
12198,-8.09225444617706
12199,-8.0950928837719
12200,-8.09793108869839
12201,-8.10076906099467
12202,-8.10360680069886
12203,-8.1064443078491
12204,-8.10928158248348
12205,-8.11211862464012
12206,-8.11495543435711
12207,-8.11779201167253
12208,-8.12062835662446
12209,-8.12346446925097
12210,-8.12630034959011
12211,-8.12913599767992
12212,-8.13197141355845
12213,-8.13480659726373
12214,-8.13764154883377
12215,-8.14047626830658
12216,-8.14331075572017
12217,-8.14614501111252
12218,-8.14897903452162
12219,-8.15181282598543
12220,-8.15464638554194
12221,-8.15747971322907
12222,-8.16031280908479
12223,-8.16314567314703
12224,-8.1659783054537
12225,-8.16881070604273
12226,-8.17164287495204
12227,-8.1744748122195
12228,-8.17730651788301
12229,-8.18013799198046
12230,-8.18296923454971
12231,-8.18580024562862
12232,-8.18863102525505
12233,-8.19146157346683
12234,-8.1942918903018
12235,-8.19712197579778
12236,-8.19995182999259
12237,-8.20278145292404
12238,-8.20561084462991
12239,-8.208440005148
12240,-8.21126893451607
12241,-8.21409763277191
12242,-8.21692609995327
12243,-8.21975433609789
12244,-8.22258234124353
12245,-8.2254101154279
12246,-8.22823765868874
12247,-8.23106497106375
12248,-8.23389205259064
12249,-8.2367189033071
12250,-8.23954552325082
12251,-8.24237191245947
12252,-8.24519807097072
12253,-8.24802399882222
12254,-8.25084969605163
12255,-8.25367516269658
12256,-8.2565003987947
12257,-8.25932540438362
12258,-8.26215017950094
12259,-8.26497472418426
12260,-8.26779903847119
12261,-8.27062312239929
12262,-8.27344697600615
12263,-8.27627059932933
12264,-8.27909399240639
12265,-8.28191715527488
12266,-8.28474008797232
12267,-8.28756279053626
12268,-8.2903852630042
12269,-8.29320750541367
12270,-8.29602951780215
12271,-8.29885130020715
12272,-8.30167285266614
12273,-8.30449417521659
12274,-8.30731526789598
12275,-8.31013613074176
12276,-8.31295676379137
12277,-8.31577716708225
12278,-8.31859734065182
12279,-8.32141728453752
12280,-8.32423699877673
12281,-8.32705648340688
12282,-8.32987573846534
12283,-8.33269476398949
12284,-8.33551356001672
12285,-8.33833212658438
12286,-8.34115046372984
12287,-8.34396857149043
12288,-8.34678644990348
12289,-8.34960409900633
12290,-8.35242151883631
12291,-8.35523870943071
12292,-8.35805567082683
12293,-8.36087240306196
12294,-8.3636889061734
12295,-8.3665051801984
12296,-8.36932122517424
12297,-8.37213704113817
12298,-8.37495262812743
12299,-8.37776798617926
12300,-8.38058311533088
12301,-8.38339801561952
12302,-8.38621268708238
12303,-8.38902712975667
12304,-8.39184134367957
12305,-8.39465532888826
12306,-8.39746908541993
12307,-8.40028261331172
12308,-8.40309591260081
12309,-8.40590898332432
12310,-8.40872182551941
12311,-8.41153443922319
12312,-8.41434682447278
12313,-8.4171589813053
12314,-8.41997090975784
12315,-8.42278260986749
12316,-8.42559408167135
12317,-8.42840532520647
12318,-8.43121634050993
12319,-8.43402712761878
12320,-8.43683768657006
12321,-8.43964801740082
12322,-8.44245812014807
12323,-8.44526799484886
12324,-8.44807764154016
12325,-8.450887060259
12326,-8.45369625104237
12327,-8.45650521392723
12328,-8.45931394895058
12329,-8.46212245614938
12330,-8.46493073556057
12331,-8.46773878722111
12332,-8.47054661116794
12333,-8.47335420743798
12334,-8.47616157606816
12335,-8.47896871709539
12336,-8.48177563055656
12337,-8.48458231648857
12338,-8.48738877492831
12339,-8.49019500591265
12340,-8.49300100947846
12341,-8.49580678566259
12342,-8.4986123345019
12343,-8.50141765603321
12344,-8.50422275029337
12345,-8.5070276173192
12346,-8.50983225714749
12347,-8.51263666981507
12348,-8.51544085535873
12349,-8.51824481381524
12350,-8.52104854522139
12351,-8.52385204961395
12352,-8.52665532702966
12353,-8.52945837750529
12354,-8.53226120107758
12355,-8.53506379778326
12356,-8.53786616765904
12357,-8.54066831074164
12358,-8.54347022706778
12359,-8.54627191667414
12360,-8.54907337959742
12361,-8.55187461587429
12362,-8.55467562554141
12363,-8.55747640863547
12364,-8.56027696519309
12365,-8.56307729525094
12366,-8.56587739884563
12367,-8.56867727601381
12368,-8.57147692679207
12369,-8.57427635121704
12370,-8.5770755493253
12371,-8.57987452115346
12372,-8.58267326673808
12373,-8.58547178611575
12374,-8.58827007932302
12375,-8.59106814639645
12376,-8.59386598737259
12377,-8.59666360228797
12378,-8.59946099117911
12379,-8.60225815408254
12380,-8.60505509103478
12381,-8.60785180207231
12382,-8.61064828723164
12383,-8.61344454654923
12384,-8.61624058006158
12385,-8.61903638780514
12386,-8.62183196981638
12387,-8.62462732613173
12388,-8.62742245678765
12389,-8.63021736182055
12390,-8.63301204126687
12391,-8.63580649516301
12392,-8.63860072354537
12393,-8.64139472645037
12394,-8.64418850391437
12395,-8.64698205597376
12396,-8.64977538266491
12397,-8.65256848402417
12398,-8.6553613600879
12399,-8.65815401089244
12400,-8.66094643647413
12401,-8.66373863686928
12402,-8.66653061211422
12403,-8.66932236224525
12404,-8.67211388729867
12405,-8.67490518731077
12406,-8.67769626231783
12407,-8.68048711235612
12408,-8.68327773746191
12409,-8.68606813767145
12410,-8.68885831302099
12411,-8.69164826354676
12412,-8.69443798928499
12413,-8.6972274902719
12414,-8.70001676654371
12415,-8.70280581813661
12416,-8.7055946450868
12417,-8.70838324743046
12418,-8.71117162520376
12419,-8.71395977844289
12420,-8.71674770718398
12421,-8.7195354114632
12422,-8.72232289131669
12423,-8.72511014678057
12424,-8.72789717789096
12425,-8.730683984684
12426,-8.73347056719576
12427,-8.73625692546237
12428,-8.73904305951991
12429,-8.74182896940445
12430,-8.74461465515207
12431,-8.74740011679882
12432,-8.75018535438078
12433,-8.75297036793396
12434,-8.75575515749442
12435,-8.75853972309819
12436,-8.76132406478127
12437,-8.76410818257968
12438,-8.76689207652944
12439,-8.76967574666651
12440,-8.77245919302689
12441,-8.77524241564656
12442,-8.77802541456148
12443,-8.78080818980761
12444,-8.7835907414209
12445,-8.78637306943729
12446,-8.78915517389271
12447,-8.79193705482309
12448,-8.79471871226434
12449,-8.79750014625236
12450,-8.80028135682307
12451,-8.80306234401234
12452,-8.80584310785604
12453,-8.80862364839006
12454,-8.81140396565027
12455,-8.81418405967251
12456,-8.81696393049262
12457,-8.81974357814645
12458,-8.82252300266983
12459,-8.82530220409856
12460,-8.82808118246848
12461,-8.83085993781536
12462,-8.83363847017502
12463,-8.83641677958324
12464,-8.8391948660758
12465,-8.84197272968844
12466,-8.84475037045696
12467,-8.84752778841709
12468,-8.85030498360456
12469,-8.85308195605513
12470,-8.85585870580451
12471,-8.85863523288842
12472,-8.86141153734256
12473,-8.86418761920265
12474,-8.86696347850436
12475,-8.86973911528338
12476,-8.87251452957538
12477,-8.87528972141603
12478,-8.87806469084098
12479,-8.88083943788589
12480,-8.88361396258639
12481,-8.88638826497811
12482,-8.88916234509667
12483,-8.8919362029777
12484,-8.89470983865678
12485,-8.89748325216952
12486,-8.90025644355152
12487,-8.90302941283833
12488,-8.90580216006554
12489,-8.90857468526872
12490,-8.91134698848341
12491,-8.91411906974515
12492,-8.91689092908949
12493,-8.91966256655196
12494,-8.92243398216806
12495,-8.92520517597332
12496,-8.92797614800324
12497,-8.9307468982933
12498,-8.933517426879
12499,-8.93628773379582
12500,-8.93905781907921
12501,-8.94182768276465
12502,-8.94459732488758
12503,-8.94736674548344
12504,-8.95013594458768
12505,-8.95290492223571
12506,-8.95567367846295
12507,-8.95844221330482
12508,-8.9612105267967
12509,-8.96397861897401
12510,-8.9667464898721
12511,-8.96951413952637
12512,-8.97228156797219
12513,-8.97504877524489
12514,-8.97781576137985
12515,-8.9805825264124
12516,-8.98334907037786
12517,-8.98611539331156
12518,-8.98888149524883
12519,-8.99164737622497
12520,-8.99441303627527
12521,-8.99717847543503
12522,-8.99994369373952
12523,-9.00270869122403
12524,-9.00547346792381
12525,-9.00823802387413
12526,-9.01100235911022
12527,-9.01376647366734
12528,-9.01653036758071
12529,-9.01929404088555
12530,-9.02205749361708
12531,-9.02482072581051
12532,-9.02758373750103
12533,-9.03034652872382
12534,-9.03310909951408
12535,-9.03587144990697
12536,-9.03863357993766
12537,-9.0413954896413
12538,-9.04415717905304
12539,-9.04691864820802
12540,-9.04967989714136
12541,-9.0524409258882
12542,-9.05520173448364
12543,-9.05796232296278
12544,-9.06072269136073
12545,-9.06348283971257
12546,-9.06624276805338
12547,-9.06900247641824
12548,-9.0717619648422
12549,-9.07452123336032
12550,-9.07728028200765
12551,-9.08003911081923
12552,-9.08279771983007
12553,-9.08555610907522
12554,-9.08831427858967
12555,-9.09107222840843
12556,-9.0938299585665
12557,-9.09658746909886
12558,-9.0993447600405
12559,-9.10210183142638
12560,-9.10485868329148
12561,-9.10761531567073
12562,-9.11037172859909
12563,-9.1131279221115
12564,-9.11588389624288
12565,-9.11863965102816
12566,-9.12139518650224
12567,-9.12415050270004
12568,-9.12690559965644
12569,-9.12966047740635
12570,-9.13241513598462
12571,-9.13516957542613
12572,-9.13792379576575
12573,-9.14067779703835
12574,-9.14343157927874
12575,-9.14618514252177
12576,-9.14893848680229
12577,-9.15169161215509
12578,-9.15444451861501
12579,-9.15719720621684
12580,-9.15994967499537
12581,-9.1627019249854
12582,-9.1654539562217
12583,-9.16820576873906
12584,-9.17095736257221
12585,-9.17370873775594
12586,-9.17645989432497
12587,-9.17921083231405
12588,-9.1819615517579
12589,-9.18471205269126
12590,-9.18746233514883
12591,-9.19021239916531
12592,-9.19296224477541
12593,-9.1957118720138
12594,-9.19846128091518
12595,-9.20121047151422
12596,-9.20395944384557
12597,-9.20670819794389
12598,-9.20945673384383
12599,-9.21220505158003
12600,-9.21495315118712
12601,-9.21770103269972
12602,-9.22044869615245
12603,-9.2231961415799
12604,-9.22594336901668
12605,-9.22869037849738
12606,-9.23143717005658
12607,-9.23418374372885
12608,-9.23693009954876
12609,-9.23967623755086
12610,-9.2424221577697
12611,-9.24516786023983
12612,-9.24791334499576
12613,-9.25065861207203
12614,-9.25340366150316
12615,-9.25614849332364
12616,-9.25889310756798
12617,-9.26163750427067
12618,-9.26438168346619
12619,-9.26712564518901
12620,-9.2698693894736
12621,-9.27261291635443
12622,-9.27535622586593
12623,-9.27809931804256
12624,-9.28084219291874
12625,-9.2835848505289
12626,-9.28632729090745
12627,-9.28906951408881
12628,-9.29181152010737
12629,-9.29455330899754
12630,-9.29729488079368
12631,-9.30003623553019
12632,-9.30277737324142
12633,-9.30551829396173
12634,-9.3082589977255
12635,-9.31099948456703
12636,-9.31373975452068
12637,-9.31647980762079
12638,-9.31921964390165
12639,-9.32195926339758
12640,-9.3246986661429
12641,-9.32743785217188
12642,-9.33017682151883
12643,-9.33291557421801
12644,-9.3356541103037
12645,-9.33839242981015
12646,-9.34113053277163
12647,-9.34386841922238
12648,-9.34660608919663
12649,-9.34934354272862
12650,-9.35208077985257
12651,-9.35481780060269
12652,-9.35755460501318
12653,-9.36029119311825
12654,-9.36302756495208
12655,-9.36576372054885
12656,-9.36849965994274
12657,-9.37123538316791
12658,-9.37397089025851
12659,-9.3767061812487
12660,-9.37944125617262
12661,-9.3821761150644
12662,-9.38491075795816
12663,-9.38764518488802
12664,-9.39037939588808
12665,-9.39311339099245
12666,-9.39584717023522
12667,-9.39858073365048
12668,-9.40131408127229
12669,-9.40404721313473
12670,-9.40678012927186
12671,-9.40951282971772
12672,-9.41224531450637
12673,-9.41497758367182
12674,-9.41770963724813
12675,-9.4204414752693
12676,-9.42317309776934
12677,-9.42590450478226
12678,-9.42863569634206
12679,-9.43136667248271
12680,-9.4340974332382
12681,-9.4368279786425
12682,-9.43955830872959
12683,-9.44228842353339
12684,-9.44501832308787
12685,-9.44774800742697
12686,-9.45047747658461
12687,-9.45320673059472
12688,-9.45593576949122
12689,-9.458664593308
12690,-9.46139320207897
12691,-9.46412159583802
12692,-9.46684977461904
12693,-9.46957773845589
12694,-9.47230548738245
12695,-9.47503302143257
12696,-9.4777603406401
12697,-9.48048744503889
12698,-9.48321433466277
12699,-9.48594100954557
12700,-9.4886674697211
12701,-9.49139371522319
12702,-9.49411974608562
12703,-9.49684556234221
12704,-9.49957116402672
12705,-9.50229655117294
12706,-9.50502172381465
12707,-9.5077466819856
12708,-9.51047142571955
12709,-9.51319595505025
12710,-9.51592027001145
12711,-9.51864437063685
12712,-9.52136825696019
12713,-9.52409192901519
12714,-9.52681538683555
12715,-9.52953863045498
12716,-9.53226165990716
12717,-9.53498447522578
12718,-9.5377070764445
12719,-9.54042946359701
12720,-9.54315163671696
12721,-9.545873595838
12722,-9.54859534099377
12723,-9.55131687221791
12724,-9.55403818954406
12725,-9.55675929300581
12726,-9.5594801826368
12727,-9.56220085847063
12728,-9.56492132054088
12729,-9.56764156888115
12730,-9.57036160352502
12731,-9.57308142450606
12732,-9.57580103185784
12733,-9.57852042561391
12734,-9.58123960580781
12735,-9.5839585724731
12736,-9.58667732564331
12737,-9.58939586535195
12738,-9.59211419163254
12739,-9.59483230451861
12740,-9.59755020404364
12741,-9.60026789024112
12742,-9.60298536314457
12743,-9.60570262278742
12744,-9.60841966920317
12745,-9.61113650242527
12746,-9.61385312248719
12747,-9.61656952942235
12748,-9.61928572326421
12749,-9.62200170404619
12750,-9.62471747180172
12751,-9.6274330265642
12752,-9.63014836836706
12753,-9.63286349724368
12754,-9.63557841322745
12755,-9.63829311635176
12756,-9.64100760665
12757,-9.6437218841555
12758,-9.64643594890166
12759,-9.64914980092181
12760,-9.65186344024929
12761,-9.65457686691745
12762,-9.65729008095962
12763,-9.6600030824091
12764,-9.66271587129922
12765,-9.66542844766328
12766,-9.66814081153458
12767,-9.6708529629464
12768,-9.67356490193203
12769,-9.67627662852474
12770,-9.6789881427578
12771,-9.68169944466446
12772,-9.68441053427798
12773,-9.68712141163159
12774,-9.68983207675853
12775,-9.69254252969204
12776,-9.69525277046531
12777,-9.69796279911158
12778,-9.70067261566404
12779,-9.70338222015588
12780,-9.70609161262029
12781,-9.70880079309046
12782,-9.71150976159956
12783,-9.71421851818074
12784,-9.71692706286718
12785,-9.719635395692
12786,-9.72234351668836
12787,-9.72505142588939
12788,-9.72775912332822
12789,-9.73046660903796
12790,-9.73317388305172
12791,-9.7358809454026
12792,-9.7385877961237
12793,-9.74129443524811
12794,-9.7440008628089
12795,-9.74670707883914
12796,-9.7494130833719
12797,-9.75211887644024
12798,-9.7548244580772
12799,-9.75752982831581
12800,-9.76023498718913
12801,-9.76293993473016
12802,-9.76564467097192
12803,-9.76834919594743
12804,-9.77105350968968
12805,-9.77375761223167
12806,-9.77646150360638
12807,-9.77916518384681
12808,-9.7818686529859
12809,-9.78457191105663
12810,-9.78727495809195
12811,-9.7899777941248
12812,-9.79268041918814
12813,-9.79538283331489
12814,-9.79808503653796
12815,-9.80078702889029
12816,-9.80348881040478
12817,-9.80619038111432
12818,-9.80889174105182
12819,-9.81159289025016
12820,-9.81429382874222
12821,-9.81699455656085
12822,-9.81969507373894
12823,-9.82239538030934
12824,-9.82509547630488
12825,-9.82779536175842
12826,-9.83049503670278
12827,-9.83319450117079
12828,-9.83589375519525
12829,-9.838592798809
12830,-9.84129163204481
12831,-9.84399025493549
12832,-9.84668866751382
12833,-9.84938686981258
12834,-9.85208486186454
12835,-9.85478264370247
12836,-9.85748021535911
12837,-9.86017757686722
12838,-9.86287472825953
12839,-9.86557166956879
12840,-9.86826840082771
12841,-9.870964922069
12842,-9.87366123332538
12843,-9.87635733462955
12844,-9.87905322601421
12845,-9.88174890751204
12846,-9.88444437915571
12847,-9.8871396409779
12848,-9.88983469301128
12849,-9.8925295352885
12850,-9.8952241678422
12851,-9.89791859070503
12852,-9.90061280390962
12853,-9.9033068074886
12854,-9.90600060147458
12855,-9.90869418590017
12856,-9.91138756079798
12857,-9.9140807262006
12858,-9.91677368214063
12859,-9.91946642865062
12860,-9.92215896576316
12861,-9.92485129351083
12862,-9.92754341192616
12863,-9.9302353210417
12864,-9.93292702089002
12865,-9.93561851150363
12866,-9.93830979291506
12867,-9.94100086515683
12868,-9.94369172826146
12869,-9.94638238226144
12870,-9.94907282718927
12871,-9.95176306307745
12872,-9.95445308995845
12873,-9.95714290786473
12874,-9.95983251682879
12875,-9.96252191688306
12876,-9.96521110806
12877,-9.96790009039207
12878,-9.97058886391167
12879,-9.97327742865125
12880,-9.97596578464324
12881,-9.97865393192003
12882,-9.98134187051404
12883,-9.98402960045766
12884,-9.98671712178329
12885,-9.9894044345233
12886,-9.99209153871008
12887,-9.99477843437599
12888,-9.99746512155339
12889,-10.0001516002746
12890,-10.0028378705721
12891,-10.005523932478
12892,-10.0082097860248
12893,-10.0108954312448
12894,-10.0135808681703
12895,-10.0162660968336
12896,-10.018951117267
12897,-10.0216359295027
12898,-10.0243205335732
12899,-10.0270049295106
12900,-10.0296891173472
12901,-10.0323730971153
12902,-10.0350568688472
12903,-10.0377404325751
12904,-10.0404237883312
12905,-10.0431069361477
12906,-10.0457898760569
12907,-10.0484726080911
12908,-10.0511551322823
12909,-10.0538374486629
12910,-10.056519557265
12911,-10.0592014581208
12912,-10.0618831512625
12913,-10.0645646367222
12914,-10.0672459145321
12915,-10.0699269847244
12916,-10.0726078473313
12917,-10.0752885023848
12918,-10.0779689499171
12919,-10.0806491899603
12920,-10.0833292225466
12921,-10.0860090477081
12922,-10.0886886654768
12923,-10.0913680758849
12924,-10.0940472789645
12925,-10.0967262747476
12926,-10.0994050632663
12927,-10.1020836445527
12928,-10.1047620186388
12929,-10.1074401855567
12930,-10.1101181453385
12931,-10.1127958980162
12932,-10.1154734436218
12933,-10.1181507821873
12934,-10.1208279137448
12935,-10.1235048383262
12936,-10.1261815559636
12937,-10.128858066689
12938,-10.1315343705343
12939,-10.1342104675315
12940,-10.1368863577126
12941,-10.1395620411096
12942,-10.1422375177544
12943,-10.1449127876789
12944,-10.1475878509152
12945,-10.1502627074951
12946,-10.1529373574506
12947,-10.1556118008135
12948,-10.1582860376159
12949,-10.1609600678896
12950,-10.1636338916664
12951,-10.1663075089784
12952,-10.1689809198573
12953,-10.1716541243351
12954,-10.1743271224436
12955,-10.1769999142147
12956,-10.1796724996802
12957,-10.182344878872
12958,-10.1850170518219
12959,-10.1876890185618
12960,-10.1903607791234
12961,-10.1930323335386
12962,-10.1957036818393
12963,-10.1983748240571
12964,-10.2010457602239
12965,-10.2037164903715
12966,-10.2063870145317
12967,-10.2090573327361
12968,-10.2117274450167
12969,-10.2143973514052
12970,-10.2170670519332
12971,-10.2197365466326
12972,-10.2224058355351
12973,-10.2250749186724
12974,-10.2277437960762
12975,-10.2304124677783
12976,-10.2330809338103
12977,-10.235749194204
12978,-10.238417248991
12979,-10.241085098203
12980,-10.2437527418718
12981,-10.2464201800289
12982,-10.249087412706
12983,-10.2517544399349
12984,-10.254421261747
12985,-10.2570878781742
12986,-10.259754289248
12987,-10.262420495
12988,-10.2650864954618
12989,-10.2677522906652
12990,-10.2704178806416
12991,-10.2730832654226
12992,-10.27574844504
12993,-10.2784134195251
12994,-10.2810781889097
12995,-10.2837427532252
12996,-10.2864071125033
12997,-10.2890712667755
12998,-10.2917352160733
12999,-10.2943989604283
13000,-10.297062499872
13001,-10.299725834436
13002,-10.3023889641516
13003,-10.3050518890506
13004,-10.3077146091643
13005,-10.3103771245242
13006,-10.3130394351619
13007,-10.3157015411088
13008,-10.3183634423964
13009,-10.3210251390562
13010,-10.3236866311195
13011,-10.326347918618
13012,-10.3290090015829
13013,-10.3316698800458
13014,-10.3343305540381
13015,-10.3369910235911
13016,-10.3396512887364
13017,-10.3423113495053
13018,-10.3449712059292
13019,-10.3476308580396
13020,-10.3502903058677
13021,-10.352949549445
13022,-10.3556085888028
13023,-10.3582674239726
13024,-10.3609260549857
13025,-10.3635844818733
13026,-10.3662427046669
13027,-10.3689007233979
13028,-10.3715585380974
13029,-10.3742161487969
13030,-10.3768735555277
13031,-10.379530758321
13032,-10.3821877572082
13033,-10.3848445522205
13034,-10.3875011433893
13035,-10.3901575307458
13036,-10.3928137143213
13037,-10.395469694147
13038,-10.3981254702543
13039,-10.4007810426743
13040,-10.4034364114383
13041,-10.4060915765775
13042,-10.4087465381232
13043,-10.4114012961066
13044,-10.4140558505589
13045,-10.4167102015113
13046,-10.419364348995
13047,-10.4220182930411
13048,-10.424672033681
13049,-10.4273255709456
13050,-10.4299789048664
13051,-10.4326320354742
13052,-10.4352849628005
13053,-10.4379376868762
13054,-10.4405902077325
13055,-10.4432425254006
13056,-10.4458946399116
13057,-10.4485465512966
13058,-10.4511982595868
13059,-10.4538497648131
13060,-10.4565010670068
13061,-10.4591521661989
13062,-10.4618030624204
13063,-10.4644537557026
13064,-10.4671042460764
13065,-10.4697545335729
13066,-10.4724046182232
13067,-10.4750545000583
13068,-10.4777041791092
13069,-10.4803536554071
13070,-10.4830029289828
13071,-10.4856519998675
13072,-10.4883008680921
13073,-10.4909495336877
13074,-10.4935979966852
13075,-10.4962462571157
13076,-10.4988943150101
13077,-10.5015421703994
13078,-10.5041898233146
13079,-10.5068372737866
13080,-10.5094845218464
13081,-10.512131567525
13082,-10.5147784108532
13083,-10.517425051862
13084,-10.5200714905824
13085,-10.5227177270453
13086,-10.5253637612815
13087,-10.528009593322
13088,-10.5306552231977
13089,-10.5333006509395
13090,-10.5359458765782
13091,-10.5385909001448
13092,-10.5412357216701
13093,-10.5438803411849
13094,-10.5465247587202
13095,-10.5491689743067
13096,-10.5518129879754
13097,-10.554456799757
13098,-10.5571004096825
13099,-10.5597438177825
13100,-10.5623870240879
13101,-10.5650300286296
13102,-10.5676728314383
13103,-10.5703154325448
13104,-10.5729578319799
13105,-10.5756000297744
13106,-10.5782420259591
13107,-10.5808838205647
13108,-10.583525413622
13109,-10.5861668051617
13110,-10.5888079952145
13111,-10.5914489838113
13112,-10.5940897709827
13113,-10.5967303567595
13114,-10.5993707411724
13115,-10.6020109242521
13116,-10.6046509060292
13117,-10.6072906865345
13118,-10.6099302657987
13119,-10.6125696438525
13120,-10.6152088207264
13121,-10.6178477964513
13122,-10.6204865710577
13123,-10.6231251445763
13124,-10.6257635170378
13125,-10.6284016884728
13126,-10.6310396589118
13127,-10.6336774283857
13128,-10.6363149969248
13129,-10.63895236456
13130,-10.6415895313217
13131,-10.6442264972406
13132,-10.6468632623473
13133,-10.6494998266723
13134,-10.6521361902462
13135,-10.6547723530996
13136,-10.657408315263
13137,-10.6600440767671
13138,-10.6626796376423
13139,-10.6653149979192
13140,-10.6679501576283
13141,-10.6705851168002
13142,-10.6732198754654
13143,-10.6758544336543
13144,-10.6784887913975
13145,-10.6811229487255
13146,-10.6837569056688
13147,-10.6863906622579
13148,-10.6890242185232
13149,-10.6916575744952
13150,-10.6942907302044
13151,-10.6969236856812
13152,-10.6995564409561
13153,-10.7021889960596
13154,-10.704821351022
13155,-10.7074535058738
13156,-10.7100854606454
13157,-10.7127172153672
13158,-10.7153487700697
13159,-10.7179801247833
13160,-10.7206112795382
13161,-10.723242234365
13162,-10.725872989294
13163,-10.7285035443556
13164,-10.7311338995801
13165,-10.7337640549979
13166,-10.7363940106394
13167,-10.7390237665349
13168,-10.7416533227147
13169,-10.7442826792093
13170,-10.7469118360488
13171,-10.7495407932636
13172,-10.7521695508841
13173,-10.7547981089405
13174,-10.7574264674631
13175,-10.7600546264823
13176,-10.7626825860282
13177,-10.7653103461313
13178,-10.7679379068217
13179,-10.7705652681298
13180,-10.7731924300857
13181,-10.7758193927197
13182,-10.7784461560621
13183,-10.7810727201431
13184,-10.783699084993
13185,-10.7863252506419
13186,-10.78895121712
13187,-10.7915769844577
13188,-10.794202552685
13189,-10.7968279218322
13190,-10.7994530919295
13191,-10.802078063007
13192,-10.8047028350949
13193,-10.8073274082235
13194,-10.8099517824227
13195,-10.8125759577229
13196,-10.8151999341541
13197,-10.8178237117465
13198,-10.8204472905302
13199,-10.8230706705353
13200,-10.825693851792
13201,-10.8283168343304
13202,-10.8309396181805
13203,-10.8335622033726
13204,-10.8361845899366
13205,-10.8388067779027
13206,-10.8414287673009
13207,-10.8440505581613
13208,-10.8466721505139
13209,-10.8492935443889
13210,-10.8519147398163
13211,-10.8545357368261
13212,-10.8571565354483
13213,-10.8597771357131
13214,-10.8623975376503
13215,-10.8650177412901
13216,-10.8676377466624
13217,-10.8702575537973
13218,-10.8728771627247
13219,-10.8754965734746
13220,-10.878115786077
13221,-10.8807348005619
13222,-10.8833536169593
13223,-10.8859722352991
13224,-10.8885906556113
13225,-10.8912088779257
13226,-10.8938269022725
13227,-10.8964447286814
13228,-10.8990623571825
13229,-10.9016797878056
13230,-10.9042970205807
13231,-10.9069140555376
13232,-10.9095308927063
13233,-10.9121475321167
13234,-10.9147639737986
13235,-10.917380217782
13236,-10.9199962640967
13237,-10.9226121127725
13238,-10.9252277638394
13239,-10.9278432173272
13240,-10.9304584732657
13241,-10.9330735316847
13242,-10.9356883926142
13243,-10.9383030560839
13244,-10.9409175221237
13245,-10.9435317907634
13246,-10.9461458620327
13247,-10.9487597359615
13248,-10.9513734125795
13249,-10.9539868919167
13250,-10.9566001740026
13251,-10.9592132588672
13252,-10.9618261465401
13253,-10.9644388370511
13254,-10.9670513304301
13255,-10.9696636267066
13256,-10.9722757259106
13257,-10.9748876280716
13258,-10.9774993332195
13259,-10.9801108413839
13260,-10.9827221525945
13261,-10.9853332668812
13262,-10.9879441842734
13263,-10.9905549048011
13264,-10.9931654284937
13265,-10.9957757553811
13266,-10.9983858854929
13267,-11.0009958188587
13268,-11.0036055555083
13269,-11.0062150954712
13270,-11.0088244387771
13271,-11.0114335854556
13272,-11.0140425355365
13273,-11.0166512890492
13274,-11.0192598460234
13275,-11.0218682064888
13276,-11.0244763704749
13277,-11.0270843380114
13278,-11.0296921091278
13279,-11.0322996838536
13280,-11.0349070622186
13281,-11.0375142442523
13282,-11.0401212299841
13283,-11.0427280194438
13284,-11.0453346126607
13285,-11.0479410096646
13286,-11.0505472104849
13287,-11.0531532151511
13288,-11.0557590236928
13289,-11.0583646361394
13290,-11.0609700525206
13291,-11.0635752728658
13292,-11.0661802972045
13293,-11.0687851255662
13294,-11.0713897579803
13295,-11.0739941944765
13296,-11.076598435084
13297,-11.0792024798324
13298,-11.0818063287512
13299,-11.0844099818698
13300,-11.0870134392177
13301,-11.0896167008242
13302,-11.0922197667189
13303,-11.094822636931
13304,-11.0974253114902
13305,-11.1000277904257
13306,-11.102630073767
13307,-11.1052321615435
13308,-11.1078340537845
13309,-11.1104357505195
13310,-11.1130372517778
13311,-11.1156385575889
13312,-11.1182396679819
13313,-11.1208405829865
13314,-11.1234413026318
13315,-11.1260418269472
13316,-11.1286421559621
13317,-11.1312422897057
13318,-11.1338422282075
13319,-11.1364419714967
13320,-11.1390415196027
13321,-11.1416408725548
13322,-11.1442400303821
13323,-11.1468389931142
13324,-11.1494377607802
13325,-11.1520363334093
13326,-11.154634711031
13327,-11.1572328936744
13328,-11.1598308813689
13329,-11.1624286741436
13330,-11.1650262720278
13331,-11.1676236750507
13332,-11.1702208832417
13333,-11.1728178966298
13334,-11.1754147152444
13335,-11.1780113391147
13336,-11.1806077682697
13337,-11.1832040027389
13338,-11.1858000425512
13339,-11.188395887736
13340,-11.1909915383225
13341,-11.1935869943397
13342,-11.1961822558168
13343,-11.1987773227831
13344,-11.2013721952677
13345,-11.2039668732996
13346,-11.2065613569081
13347,-11.2091556461224
13348,-11.2117497409714
13349,-11.2143436414844
13350,-11.2169373476904
13351,-11.2195308596186
13352,-11.2221241772981
13353,-11.2247173007579
13354,-11.2273102300272
13355,-11.2299029651351
13356,-11.2324955061105
13357,-11.2350878529826
13358,-11.2376800057805
13359,-11.2402719645332
13360,-11.2428637292697
13361,-11.2454553000191
13362,-11.2480466768104
13363,-11.2506378596727
13364,-11.253228848635
13365,-11.2558196437263
13366,-11.2584102449756
13367,-11.2610006524119
13368,-11.2635908660642
13369,-11.2661808859616
13370,-11.2687707121329
13371,-11.2713603446072
13372,-11.2739497834134
13373,-11.2765390285805
13374,-11.2791280801375
13375,-11.2817169381133
13376,-11.2843056025369
13377,-11.2868940734372
13378,-11.2894823508431
13379,-11.2920704347836
13380,-11.2946583252875
13381,-11.2972460223838
13382,-11.2998335261014
13383,-11.3024208364693
13384,-11.3050079535162
13385,-11.3075948772711
13386,-11.3101816077629
13387,-11.3127681450203
13388,-11.3153544890724
13389,-11.317940639948
13390,-11.3205265976759
13391,-11.3231123622849
13392,-11.325697933804
13393,-11.3282833122619
13394,-11.3308684976875
13395,-11.3334534901095
13396,-11.3360382895569
13397,-11.3386228960584
13398,-11.3412073096428
13399,-11.343791530339
13400,-11.3463755581757
13401,-11.3489593931816
13402,-11.3515430353857
13403,-11.3541264848165
13404,-11.356709741503
13405,-11.3592928054739
13406,-11.3618756767579
13407,-11.3644583553837
13408,-11.3670408413802
13409,-11.369623134776
13410,-11.3722052355998
13411,-11.3747871438804
13412,-11.3773688596466
13413,-11.3799503829269
13414,-11.3825317137501
13415,-11.3851128521449
13416,-11.38769379814
13417,-11.3902745517641
13418,-11.3928551130458
13419,-11.3954354820138
13420,-11.3980156586968
13421,-11.4005956431234
13422,-11.4031754353223
13423,-11.4057550353221
13424,-11.4083344431515
13425,-11.410913658839
13426,-11.4134926824134
13427,-11.4160715139031
13428,-11.4186501533369
13429,-11.4212286007434
13430,-11.423806856151
13431,-11.4263849195885
13432,-11.4289627910845
13433,-11.4315404706674
13434,-11.4341179583658
13435,-11.4366952542084
13436,-11.4392723582237
13437,-11.4418492704402
13438,-11.4444259908865
13439,-11.4470025195912
13440,-11.4495788565827
13441,-11.4521550018896
13442,-11.4547309555404
13443,-11.4573067175636
13444,-11.4598822879878
13445,-11.4624576668414
13446,-11.4650328541529
13447,-11.4676078499509
13448,-11.4701826542637
13449,-11.47275726712
13450,-11.4753316885481
13451,-11.4779059185765
13452,-11.4804799572337
13453,-11.4830538045481
13454,-11.4856274605482
13455,-11.4882009252624
13456,-11.4907741987192
13457,-11.4933472809469
13458,-11.495920171974
13459,-11.4984928718289
13460,-11.50106538054
13461,-11.5036376981358
13462,-11.5062098246445
13463,-11.5087817600946
13464,-11.5113535045145
13465,-11.5139250579325
13466,-11.5164964203771
13467,-11.5190675918766
13468,-11.5216385724592
13469,-11.5242093621535
13470,-11.5267799609877
13471,-11.5293503689902
13472,-11.5319205861892
13473,-11.5344906126132
13474,-11.5370604482905
13475,-11.5396300932493
13476,-11.5421995475179
13477,-11.5447688111247
13478,-11.547337884098
13479,-11.549906766466
13480,-11.552475458257
13481,-11.5550439594994
13482,-11.5576122702213
13483,-11.560180390451
13484,-11.5627483202168
13485,-11.5653160595469
13486,-11.5678836084696
13487,-11.5704509670131
13488,-11.5730181352057
13489,-11.5755851130755
13490,-11.5781519006508
13491,-11.5807184979599
13492,-11.5832849050308
13493,-11.5858511218918
13494,-11.5884171485711
13495,-11.5909829850969
13496,-11.5935486314973
13497,-11.5961140878006
13498,-11.5986793540349
13499,-11.6012444302283
13500,-11.6038093164091
13501,-11.6063740126053
13502,-11.6089385188451
13503,-11.6115028351567
13504,-11.6140669615682
13505,-11.6166308981076
13506,-11.6191946448032
13507,-11.621758201683
13508,-11.6243215687752
13509,-11.6268847461078
13510,-11.6294477337089
13511,-11.6320105316066
13512,-11.634573139829
13513,-11.6371355584042
13514,-11.6396977873602
13515,-11.6422598267251
13516,-11.644821676527
13517,-11.6473833367938
13518,-11.6499448075538
13519,-11.6525060888347
13520,-11.6550671806649
13521,-11.6576280830721
13522,-11.6601887960845
13523,-11.6627493197301
13524,-11.6653096540368
13525,-11.6678697990327
13526,-11.6704297547458
13527,-11.672989521204
13528,-11.6755490984353
13529,-11.6781084864678
13530,-11.6806676853293
13531,-11.6832266950479
13532,-11.6857855156514
13533,-11.688344147168
13534,-11.6909025896253
13535,-11.6934608430516
13536,-11.6960189074745
13537,-11.6985767829222
13538,-11.7011344694224
13539,-11.7036919670032
13540,-11.7062492756923
13541,-11.7088063955178
13542,-11.7113633265075
13543,-11.7139200686893
13544,-11.7164766220911
13545,-11.7190329867408
13546,-11.7215891626661
13547,-11.7241451498951
13548,-11.7267009484555
13549,-11.7292565583752
13550,-11.731811979682
13551,-11.7343672124039
13552,-11.7369222565685
13553,-11.7394771122038
13554,-11.7420317793375
13555,-11.7445862579975
13556,-11.7471405482116
13557,-11.7496946500076
13558,-11.7522485634132
13559,-11.7548022884563
13560,-11.7573558251647
13561,-11.7599091735661
13562,-11.7624623336883
13563,-11.765015305559
13564,-11.7675680892061
13565,-11.7701206846572
13566,-11.7726730919402
13567,-11.7752253110827
13568,-11.7777773421125
13569,-11.7803291850574
13570,-11.7828808399449
13571,-11.785432306803
13572,-11.7879835856592
13573,-11.7905346765413
13574,-11.7930855794769
13575,-11.7956362944938
13576,-11.7981868216197
13577,-11.8007371608821
13578,-11.8032873123089
13579,-11.8058372759276
13580,-11.808387051766
13581,-11.8109366398516
13582,-11.8134860402122
13583,-11.8160352528753
13584,-11.8185842778687
13585,-11.8211331152198
13586,-11.8236817649565
13587,-11.8262302271062
13588,-11.8287785016966
13589,-11.8313265887552
13590,-11.8338744883098
13591,-11.8364222003879
13592,-11.838969725017
13593,-11.8415170622248
13594,-11.8440642120388
13595,-11.8466111744867
13596,-11.8491579495959
13597,-11.851704537394
13598,-11.8542509379085
13599,-11.8567971511671
13600,-11.8593431771973
13601,-11.8618890160265
13602,-11.8644346676823
13603,-11.8669801321923
13604,-11.8695254095839
13605,-11.8720704998847
13606,-11.8746154031221
13607,-11.8771601193237
13608,-11.879704648517
13609,-11.8822489907293
13610,-11.8847931459883
13611,-11.8873371143213
13612,-11.8898808957559
13613,-11.8924244903195
13614,-11.8949678980396
13615,-11.8975111189435
13616,-11.9000541530588
13617,-11.9025970004129
13618,-11.9051396610332
13619,-11.9076821349472
13620,-11.9102244221821
13621,-11.9127665227656
13622,-11.9153084367249
13623,-11.9178501640875
13624,-11.9203917048808
13625,-11.9229330591321
13626,-11.9254742268688
13627,-11.9280152081183
13628,-11.930556002908
13629,-11.9330966112653
13630,-11.9356370332175
13631,-11.9381772687919
13632,-11.9407173180158
13633,-11.9432571809168
13634,-11.945796857522
13635,-11.9483363478587
13636,-11.9508756519544
13637,-11.9534147698364
13638,-11.9559537015318
13639,-11.9584924470681
13640,-11.9610310064726
13641,-11.9635693797724
13642,-11.966107566995
13643,-11.9686455681676
13644,-11.9711833833174
13645,-11.9737210124718
13646,-11.976258455658
13647,-11.9787957129032
13648,-11.9813327842347
13649,-11.9838696696798
13650,-11.9864063692656
13651,-11.9889428830194
13652,-11.9914792109685
13653,-11.99401535314
13654,-11.9965513095612
13655,-11.9990870802593
13656,-12.0016226652614
13657,-12.0041580645949
13658,-12.0066932782867
13659,-12.0092283063643
13660,-12.0117631488546
13661,-12.0142978057849
13662,-12.0168322771824
13663,-12.0193665630742
13664,-12.0219006634875
13665,-12.0244345784494
13666,-12.026968307987
13667,-12.0295018521276
13668,-12.0320352108982
13669,-12.0345683843259
13670,-12.0371013724379
13671,-12.0396341752612
13672,-12.0421667928231
13673,-12.0446992251505
13674,-12.0472314722706
13675,-12.0497635342105
13676,-12.0522954109972
13677,-12.0548271026578
13678,-12.0573586092195
13679,-12.0598899307092
13680,-12.062421067154
13681,-12.064952018581
13682,-12.0674827850171
13683,-12.0700133664896
13684,-12.0725437630253
13685,-12.0750739746514
13686,-12.0776040013948
13687,-12.0801338432825
13688,-12.0826635003417
13689,-12.0851929725991
13690,-12.087722260082
13691,-12.0902513628173
13692,-12.0927802808318
13693,-12.0953090141528
13694,-12.097837562807
13695,-12.1003659268215
13696,-12.1028941062233
13697,-12.1054221010392
13698,-12.1079499112963
13699,-12.1104775370215
13700,-12.1130049782418
13701,-12.115532234984
13702,-12.1180593072751
13703,-12.120586195142
13704,-12.1231128986117
13705,-12.125639417711
13706,-12.1281657524669
13707,-12.1306919029062
13708,-12.1332178690559
13709,-12.1357436509428
13710,-12.1382692485939
13711,-12.1407946620359
13712,-12.1433198912957
13713,-12.1458449364003
13714,-12.1483697973765
13715,-12.1508944742511
13716,-12.153418967051
13717,-12.155943275803
13718,-12.1584674005339
13719,-12.1609913412706
13720,-12.1635150980399
13721,-12.1660386708687
13722,-12.1685620597836
13723,-12.1710852648116
13724,-12.1736082859794
13725,-12.1761311233139
13726,-12.1786537768418
13727,-12.1811762465898
13728,-12.1836985325848
13729,-12.1862206348536
13730,-12.1887425534228
13731,-12.1912642883194
13732,-12.1937858395699
13733,-12.1963072072012
13734,-12.19882839124
13735,-12.201349391713
13736,-12.203870208647
13737,-12.2063908420686
13738,-12.2089112920047
13739,-12.2114315584818
13740,-12.2139516415268
13741,-12.2164715411663
13742,-12.2189912574271
13743,-12.2215107903357
13744,-12.2240301399189
13745,-12.2265493062033
13746,-12.2290682892157
13747,-12.2315870889826
13748,-12.2341057055309
13749,-12.236624138887
13750,-12.2391423890777
13751,-12.2416604561295
13752,-12.2441783400692
13753,-12.2466960409233
13754,-12.2492135587186
13755,-12.2517308934815
13756,-12.2542480452387
13757,-12.2567650140169
13758,-12.2592817998425
13759,-12.2617984027423
13760,-12.2643148227428
13761,-12.2668310598705
13762,-12.2693471141522
13763,-12.2718629856142
13764,-12.2743786742833
13765,-12.2768941801859
13766,-12.2794095033486
13767,-12.281924643798
13768,-12.2844396015606
13769,-12.286954376663
13770,-12.2894689691316
13771,-12.291983378993
13772,-12.2944976062737
13773,-12.2970116510003
13774,-12.2995255131992
13775,-12.3020391928969
13776,-12.30455269012
13777,-12.3070660048949
13778,-12.3095791372481
13779,-12.3120920872061
13780,-12.3146048547954
13781,-12.3171174400424
13782,-12.3196298429737
13783,-12.3221420636155
13784,-12.3246541019945
13785,-12.327165958137
13786,-12.3296776320695
13787,-12.3321891238184
13788,-12.3347004334102
13789,-12.3372115608712
13790,-12.339722506228
13791,-12.3422332695068
13792,-12.3447438507341
13793,-12.3472542499363
13794,-12.3497644671398
13795,-12.352274502371
13796,-12.3547843556562
13797,-12.3572940270219
13798,-12.3598035164944
13799,-12.3623128241
13800,-12.3648219498652
13801,-12.3673308938162
13802,-12.3698396559795
13803,-12.3723482363814
13804,-12.3748566350481
13805,-12.3773648520061
13806,-12.3798728872816
13807,-12.382380740901
13808,-12.3848884128907
13809,-12.3873959032768
13810,-12.3899032120857
13811,-12.3924103393436
13812,-12.394917285077
13813,-12.3974240493121
13814,-12.399930632075
13815,-12.4024370333922
13816,-12.4049432532899
13817,-12.4074492917943
13818,-12.4099551489318
13819,-12.4124608247285
13820,-12.4149663192106
13821,-12.4174716324045
13822,-12.4199767643364
13823,-12.4224817150325
13824,-12.424986484519
13825,-12.4274910728221
13826,-12.4299954799681
13827,-12.4324997059831
13828,-12.4350037508933
13829,-12.437507614725
13830,-12.4400112975043
13831,-12.4425147992574
13832,-12.4450181200105
13833,-12.4475212597897
13834,-12.4500242186213
13835,-12.4525269965313
13836,-12.455029593546
13837,-12.4575320096914
13838,-12.4600342449938
13839,-12.4625362994792
13840,-12.4650381731738
13841,-12.4675398661037
13842,-12.4700413782951
13843,-12.4725427097739
13844,-12.4750438605665
13845,-12.4775448306988
13846,-12.4800456201969
13847,-12.482546229087
13848,-12.4850466573951
13849,-12.4875469051473
13850,-12.4900469723696
13851,-12.4925468590883
13852,-12.4950465653292
13853,-12.4975460911185
13854,-12.5000454364822
13855,-12.5025446014464
13856,-12.5050435860371
13857,-12.5075423902804
13858,-12.5100410142022
13859,-12.5125394578286
13860,-12.5150377211856
13861,-12.5175358042992
13862,-12.5200337071954
13863,-12.5225314299003
13864,-12.5250289724398
13865,-12.5275263348399
13866,-12.5300235171266
13867,-12.5325205193259
13868,-12.5350173414637
13869,-12.5375139835661
13870,-12.5400104456589
13871,-12.5425067277681
13872,-12.5450028299198
13873,-12.5474987521397
13874,-12.5499944944539
13875,-12.5524900568884
13876,-12.5549854394689
13877,-12.5574806422215
13878,-12.5599756651721
13879,-12.5624705083465
13880,-12.5649651717707
13881,-12.5674596554706
13882,-12.569953959472
13883,-12.572448083801
13884,-12.5749420284832
13885,-12.5774357935447
13886,-12.5799293790113
13887,-12.5824227849089
13888,-12.5849160112632
13889,-12.5874090581003
13890,-12.5899019254459
13891,-12.5923946133258
13892,-12.5948871217659
13893,-12.5973794507921
13894,-12.5998716004302
13895,-12.6023635707059
13896,-12.6048553616452
13897,-12.6073469732737
13898,-12.6098384056174
13899,-12.612329658702
13900,-12.6148207325533
13901,-12.6173116271971
13902,-12.6198023426592
13903,-12.6222928789654
13904,-12.6247832361413
13905,-12.6272734142129
13906,-12.6297634132059
13907,-12.6322532331459
13908,-12.6347428740588
13909,-12.6372323359703
13910,-12.6397216189062
13911,-12.6422107228921
13912,-12.6446996479538
13913,-12.6471883941171
13914,-12.6496769614076
13915,-12.652165349851
13916,-12.6546535594731
13917,-12.6571415902995
13918,-12.659629442356
13919,-12.6621171156683
13920,-12.6646046102619
13921,-12.6670919261626
13922,-12.6695790633962
13923,-12.6720660219881
13924,-12.6745528019641
13925,-12.6770394033499
13926,-12.6795258261711
13927,-12.6820120704533
13928,-12.6844981362222
13929,-12.6869840235034
13930,-12.6894697323225
13931,-12.6919552627052
13932,-12.6944406146771
13933,-12.6969257882637
13934,-12.6994107834908
13935,-12.7018956003838
13936,-12.7043802389685
13937,-12.7068646992703
13938,-12.7093489813149
13939,-12.7118330851278
13940,-12.7143170107346
13941,-12.7168007581609
13942,-12.7192843274322
13943,-12.7217677185741
13944,-12.7242509316122
13945,-12.7267339665719
13946,-12.7292168234789
13947,-12.7316995023586
13948,-12.7341820032366
13949,-12.7366643261385
13950,-12.7391464710896
13951,-12.7416284381156
13952,-12.744110227242
13953,-12.7465918384942
13954,-12.7490732718977
13955,-12.751554527478
13956,-12.7540356052607
13957,-12.7565165052712
13958,-12.7589972275349
13959,-12.7614777720774
13960,-12.7639581389241
13961,-12.7664383281004
13962,-12.7689183396318
13963,-12.7713981735438
13964,-12.7738778298618
13965,-12.7763573086112
13966,-12.7788366098175
13967,-12.781315733506
13968,-12.7837946797023
13969,-12.7862734484317
13970,-12.7887520397195
13971,-12.7912304535914
13972,-12.7937086900725
13973,-12.7961867491883
13974,-12.7986646309643
13975,-12.8011423354257
13976,-12.803619862598
13977,-12.8060972125065
13978,-12.8085743851765
13979,-12.8110513806336
13980,-12.8135281989029
13981,-12.8160048400099
13982,-12.8184813039798
13983,-12.8209575908381
13984,-12.8234337006101
13985,-12.825909633321
13986,-12.8283853889963
13987,-12.8308609676611
13988,-12.8333363693409
13989,-12.8358115940609
13990,-12.8382866418465
13991,-12.8407615127229
13992,-12.8432362067154
13993,-12.8457107238493
13994,-12.8481850641499
13995,-12.8506592276424
13996,-12.8531332143521
13997,-12.8556070243043
13998,-12.8580806575243
13999,-12.8605541140372
14000,-12.8630273938683
14001,-12.8655004970429
14002,-12.8679734235862
14003,-12.8704461735235
14004,-12.8729187468798
14005,-12.8753911436806
14006,-12.8778633639509
14007,-12.880335407716
14008,-12.8828072750011
14009,-12.8852789658314
14010,-12.8877504802321
14011,-12.8902218182283
14012,-12.8926929798452
14013,-12.8951639651081
14014,-12.8976347740421
14015,-12.9001054066723
14016,-12.9025758630239
14017,-12.9050461431221
14018,-12.9075162469919
14019,-12.9099861746587
14020,-12.9124559261474
14021,-12.9149255014832
14022,-12.9173949006913
14023,-12.9198641237967
14024,-12.9223331708246
14025,-12.9248020418002
14026,-12.9272707367484
14027,-12.9297392556944
14028,-12.9322075986632
14029,-12.9346757656801
14030,-12.93714375677
14031,-12.9396115719581
14032,-12.9420792112693
14033,-12.9445466747289
14034,-12.9470139623617
14035,-12.949481074193
14036,-12.9519480102477
14037,-12.9544147705509
14038,-12.9568813551277
14039,-12.959347764003
14040,-12.9618139972019
14041,-12.9642800547494
14042,-12.9667459366706
14043,-12.9692116429904
14044,-12.9716771737339
14045,-12.974142528926
14046,-12.9766077085918
14047,-12.9790727127562
14048,-12.9815375414443
14049,-12.984002194681
14050,-12.9864666724914
14051,-12.9889309749002
14052,-12.9913951019326
14053,-12.9938590536136
14054,-12.9963228299679
14055,-12.9987864310207
14056,-13.0012498567968
14057,-13.0037131073211
14058,-13.0061761826187
14059,-13.0086390827145
14060,-13.0111018076333
14061,-13.0135643574001
14062,-13.0160267320397
14063,-13.0184889315772
14064,-13.0209509560374
14065,-13.0234128054452
14066,-13.0258744798255
14067,-13.0283359792032
14068,-13.0307973036031
14069,-13.0332584530502
14070,-13.0357194275692
14071,-13.0381802271851
14072,-13.0406408519228
14073,-13.043101301807
14074,-13.0455615768627
14075,-13.0480216771146
14076,-13.0504816025877
14077,-13.0529413533067
14078,-13.0554009292964
14079,-13.0578603305818
14080,-13.0603195571876
14081,-13.0627786091386
14082,-13.0652374864596
14083,-13.0676961891754
14084,-13.0701547173109
14085,-13.0726130708908
14086,-13.0750712499398
14087,-13.0775292544829
14088,-13.0799870845447
14089,-13.0824447401501
14090,-13.0849022213237
14091,-13.0873595280904
14092,-13.0898166604749
14093,-13.0922736185019
14094,-13.0947304021962
14095,-13.0971870115826
14096,-13.0996434466857
14097,-13.1020997075303
14098,-13.1045557941411
14099,-13.1070117065428
14100,-13.1094674447602
14101,-13.1119230088179
14102,-13.1143783987407
14103,-13.1168336145532
14104,-13.1192886562801
14105,-13.1217435239461
14106,-13.124198217576
14107,-13.1266527371943
14108,-13.1291070828258
14109,-13.131561254495
14110,-13.1340152522268
14111,-13.1364690760456
14112,-13.1389227259762
14113,-13.1413762020432
14114,-13.1438295042713
14115,-13.1462826326851
14116,-13.1487355873091
14117,-13.1511883681681
14118,-13.1536409752866
14119,-13.1560934086893
14120,-13.1585456684008
14121,-13.1609977544456
14122,-13.1634496668483
14123,-13.1659014056337
14124,-13.1683529708261
14125,-13.1708043624503
14126,-13.1732555805308
14127,-13.1757066250921
14128,-13.1781574961589
14129,-13.1806081937557
14130,-13.183058717907
14131,-13.1855090686374
14132,-13.1879592459714
14133,-13.1904092499336
14134,-13.1928590805485
14135,-13.1953087378406
14136,-13.1977582218345
14137,-13.2002075325547
14138,-13.2026566700257
14139,-13.2051056342719
14140,-13.207554425318
14141,-13.2100030431884
14142,-13.2124514879075
14143,-13.2148997594999
14144,-13.2173478579901
14145,-13.2197957834025
14146,-13.2222435357616
14147,-13.2246911150919
14148,-13.2271385214178
14149,-13.2295857547638
14150,-13.2320328151543
14151,-13.2344797026138
14152,-13.2369264171667
14153,-13.2393729588375
14154,-13.2418193276506
14155,-13.2442655236304
14156,-13.2467115468013
14157,-13.2491573971877
14158,-13.2516030748141
14159,-13.2540485797049
14160,-13.2564939118844
14161,-13.258939071377
14162,-13.2613840582072
14163,-13.2638288723993
14164,-13.2662735139777
14165,-13.2687179829668
14166,-13.2711622793909
14167,-13.2736064032744
14168,-13.2760503546417
14169,-13.278494133517
14170,-13.2809377399249
14171,-13.2833811738895
14172,-13.2858244354353
14173,-13.2882675245865
14174,-13.2907104413675
14175,-13.2931531858026
14176,-13.2955957579162
14177,-13.2980381577325
14178,-13.3004803852758
14179,-13.3029224405705
14180,-13.3053643236408
14181,-13.3078060345111
14182,-13.3102475732055
14183,-13.3126889397485
14184,-13.3151301341643
14185,-13.317571156477
14186,-13.3200120067111
14187,-13.3224526848908
14188,-13.3248931910403
14189,-13.3273335251838
14190,-13.3297736873457
14191,-13.3322136775501
14192,-13.3346534958213
14193,-13.3370931421835
14194,-13.3395326166609
14195,-13.3419719192778
14196,-13.3444110500584
14197,-13.3468500090269
14198,-13.3492887962074
14199,-13.3517274116242
14200,-13.3541658553015
14201,-13.3566041272634
14202,-13.3590422275342
14203,-13.361480156138
14204,-13.3639179130991
14205,-13.3663554984414
14206,-13.3687929121893
14207,-13.3712301543669
14208,-13.3736672249983
14209,-13.3761041241077
14210,-13.3785408517192
14211,-13.3809774078569
14212,-13.3834137925451
14213,-13.3858500058077
14214,-13.388286047669
14215,-13.3907219181531
14216,-13.393157617284
14217,-13.3955931450859
14218,-13.3980285015829
14219,-13.400463686799
14220,-13.4028987007584
14221,-13.4053335434851
14222,-13.4077682150033
14223,-13.410202715337
14224,-13.4126370445102
14225,-13.4150712025471
14226,-13.4175051894717
14227,-13.419939005308
14228,-13.4223726500801
14229,-13.4248061238121
14230,-13.427239426528
14231,-13.4296725582518
14232,-13.4321055190076
14233,-13.4345383088193
14234,-13.436970927711
14235,-13.4394033757068
14236,-13.4418356528306
14237,-13.4442677591064
14238,-13.4466996945582
14239,-13.4491314592101
14240,-13.451563053086
14241,-13.4539944762099
14242,-13.4564257286057
14243,-13.4588568102975
14244,-13.4612877213092
14245,-13.4637184616649
14246,-13.4661490313883
14247,-13.4685794305036
14248,-13.4710096590346
14249,-13.4734397170053
14250,-13.4758696044396
14251,-13.4782993213615
14252,-13.4807288677949
14253,-13.4831582437637
14254,-13.4855874492919
14255,-13.4880164844033
14256,-13.4904453491219
14257,-13.4928740434715
14258,-13.4953025674761
14259,-13.4977309211595
14260,-13.5001591045457
14261,-13.5025871176586
14262,-13.5050149605219
14263,-13.5074426331596
14264,-13.5098701355956
14265,-13.5122974678537
14266,-13.5147246299578
14267,-13.5171516219316
14268,-13.5195784437992
14269,-13.5220050955843
14270,-13.5244315773108
14271,-13.5268578890024
14272,-13.529284030683
14273,-13.5317100023765
14274,-13.5341358041067
14275,-13.5365614358974
14276,-13.5389868977723
14277,-13.5414121897553
14278,-13.5438373118702
14279,-13.5462622641408
14280,-13.5486870465908
14281,-13.5511116592441
14282,-13.5535361021245
14283,-13.5559603752556
14284,-13.5583844786613
14285,-13.5608084123654
14286,-13.5632321763915
14287,-13.5656557707635
14288,-13.5680791955051
14289,-13.57050245064
14290,-13.572925536192
14291,-13.5753484521849
14292,-13.5777711986422
14293,-13.5801937755878
14294,-13.5826161830455
14295,-13.5850384210388
14296,-13.5874604895915
14297,-13.5898823887273
14298,-13.59230411847
14299,-13.5947256788431
14300,-13.5971470698705
14301,-13.5995682915757
14302,-13.6019893439825
14303,-13.6044102271145
14304,-13.6068309409954
14305,-13.6092514856488
14306,-13.6116718610985
14307,-13.6140920673681
14308,-13.6165121044811
14309,-13.6189319724614
14310,-13.6213516713325
14311,-13.623771201118
14312,-13.6261905618415
14313,-13.6286097535268
14314,-13.6310287761974
14315,-13.6334476298769
14316,-13.635866314589
14317,-13.6382848303572
14318,-13.6407031772051
14319,-13.6431213551564
14320,-13.6455393642346
14321,-13.6479572044633
14322,-13.6503748758661
14323,-13.6527923784666
14324,-13.6552097122883
14325,-13.6576268773548
14326,-13.6600438736897
14327,-13.6624607013165
14328,-13.6648773602588
14329,-13.6672938505401
14330,-13.6697101721839
14331,-13.6721263252138
14332,-13.6745423096534
14333,-13.6769581255261
14334,-13.6793737728555
14335,-13.681789251665
14336,-13.6842045619782
14337,-13.6866197038187
14338,-13.6890346772098
14339,-13.6914494821751
14340,-13.6938641187381
14341,-13.6962785869223
14342,-13.6986928867512
14343,-13.7011070182482
14344,-13.7035209814367
14345,-13.7059347763404
14346,-13.7083484029826
14347,-13.7107618613867
14348,-13.7131751515763
14349,-13.7155882735748
14350,-13.7180012274056
14351,-13.7204140130922
14352,-13.722826630658
14353,-13.7252390801264
14354,-13.7276513615209
14355,-13.7300634748648
14356,-13.7324754201816
14357,-13.7348871974947
14358,-13.7372988068275
14359,-13.7397102482033
14360,-13.7421215216457
14361,-13.7445326271779
14362,-13.7469435648233
14363,-13.7493543346054
14364,-13.7517649365475
14365,-13.754175370673
14366,-13.7565856370052
14367,-13.7589957355675
14368,-13.7614056663833
14369,-13.7638154294758
14370,-13.7662250248685
14371,-13.7686344525847
14372,-13.7710437126477
14373,-13.7734528050808
14374,-13.7758617299074
14375,-13.7782704871508
14376,-13.7806790768343
14377,-13.7830874989813
14378,-13.7854957536149
14379,-13.7879038407586
14380,-13.7903117604356
14381,-13.7927195126692
14382,-13.7951270974827
14383,-13.7975345148993
14384,-13.7999417649425
14385,-13.8023488476353
14386,-13.8047557630012
14387,-13.8071625110632
14388,-13.8095690918448
14389,-13.8119755053692
14390,-13.8143817516596
14391,-13.8167878307392
14392,-13.8191937426313
14393,-13.8215994873591
14394,-13.8240050649459
14395,-13.8264104754149
14396,-13.8288157187892
14397,-13.8312207950921
14398,-13.8336257043469
14399,-13.8360304465766
14400,-13.8384350218046
14401,-13.840839430054
14402,-13.843243671348
14403,-13.8456477457097
14404,-13.8480516531625
14405,-13.8504553937293
14406,-13.8528589674335
14407,-13.8552623742981
14408,-13.8576656143464
14409,-13.8600686876014
14410,-13.8624715940864
14411,-13.8648743338244
14412,-13.8672769068387
14413,-13.8696793131523
14414,-13.8720815527885
14415,-13.8744836257702
14416,-13.8768855321207
14417,-13.879287271863
14418,-13.8816888450203
14419,-13.8840902516156
14420,-13.8864914916722
14421,-13.888892565213
14422,-13.8912934722612
14423,-13.8936942128398
14424,-13.8960947869719
14425,-13.8984951946807
14426,-13.9008954359892
14427,-13.9032955109204
14428,-13.9056954194974
14429,-13.9080951617433
14430,-13.9104947376812
14431,-13.912894147334
14432,-13.9152933907249
14433,-13.9176924678768
14434,-13.9200913788128
14435,-13.922490123556
14436,-13.9248887021293
14437,-13.9272871145558
14438,-13.9296853608585
14439,-13.9320834410604
14440,-13.9344813551845
14441,-13.9368791032539
14442,-13.9392766852914
14443,-13.9416741013201
14444,-13.9440713513631
14445,-13.9464684354432
14446,-13.9488653535835
14447,-13.9512621058069
14448,-13.9536586921363
14449,-13.9560551125949
14450,-13.9584513672054
14451,-13.9608474559909
14452,-13.9632433789744
14453,-13.9656391361787
14454,-13.9680347276268
14455,-13.9704301533416
14456,-13.9728254133461
14457,-13.9752205076632
14458,-13.9776154363158
14459,-13.9800101993269
14460,-13.9824047967193
14461,-13.9847992285159
14462,-13.9871934947397
14463,-13.9895875954135
14464,-13.9919815305602
14465,-13.9943753002028
14466,-13.9967689043641
14467,-13.999162343067
14468,-14.0015556163343
14469,-14.003948724189
14470,-14.0063416666538
14471,-14.0087344437517
14472,-14.0111270555055
14473,-14.0135195019381
14474,-14.0159117830722
14475,-14.0183038989308
14476,-14.0206958495367
14477,-14.0230876349126
14478,-14.0254792550815
14479,-14.0278707100661
14480,-14.0302619998894
14481,-14.0326531245739
14482,-14.0350440841427
14483,-14.0374348786185
14484,-14.039825508024
14485,-14.0422159723821
14486,-14.0446062717156
14487,-14.0469964060472
14488,-14.0493863753998
14489,-14.051776179796
14490,-14.0541658192587
14491,-14.0565552938107
14492,-14.0589446034746
14493,-14.0613337482733
14494,-14.0637227282295
14495,-14.066111543366
14496,-14.0685001937054
14497,-14.0708886792705
14498,-14.0732770000841
14499,-14.0756651561689
14500,-14.0780531475476
14501,-14.0804409742428
14502,-14.0828286362775
14503,-14.0852161336741
14504,-14.0876034664555
14505,-14.0899906346444
14506,-14.0923776382633
14507,-14.0947644773351
14508,-14.0971511518824
14509,-14.0995376619279
14510,-14.1019240074943
14511,-14.1043101886042
14512,-14.1066962052803
14513,-14.1090820575452
14514,-14.1114677454217
14515,-14.1138532689323
14516,-14.1162386280998
14517,-14.1186238229467
14518,-14.1210088534956
14519,-14.1233937197694
14520,-14.1257784217904
14521,-14.1281629595815
14522,-14.1305473331652
14523,-14.132931542564
14524,-14.1353155878007
14525,-14.1376994688978
14526,-14.140083185878
14527,-14.1424667387637
14528,-14.1448501275777
14529,-14.1472333523425
14530,-14.1496164130806
14531,-14.1519993098147
14532,-14.1543820425674
14533,-14.1567646113611
14534,-14.1591470162185
14535,-14.1615292571621
14536,-14.1639113342145
14537,-14.1662932473982
14538,-14.1686749967358
14539,-14.1710565822498
14540,-14.1734380039627
14541,-14.1758192618971
14542,-14.1782003560755
14543,-14.1805812865204
14544,-14.1829620532543
14545,-14.1853426562998
14546,-14.1877230956793
14547,-14.1901033714154
14548,-14.1924834835305
14549,-14.1948634320472
14550,-14.1972432169879
14551,-14.1996228383752
14552,-14.2020022962314
14553,-14.2043815905791
14554,-14.2067607214408
14555,-14.2091396888388
14556,-14.2115184927957
14557,-14.213897133334
14558,-14.216275610476
14559,-14.2186539242442
14560,-14.2210320746611
14561,-14.2234100617491
14562,-14.2257878855307
14563,-14.2281655460282
14564,-14.2305430432641
14565,-14.2329203772608
14566,-14.2352975480407
14567,-14.2376745556263
14568,-14.2400514000398
14569,-14.2424280813039
14570,-14.2448045994407
14571,-14.2471809544728
14572,-14.2495571464225
14573,-14.2519331753122
14574,-14.2543090411642
14575,-14.256684744001
14576,-14.2590602838449
14577,-14.2614356607183
14578,-14.2638108746436
14579,-14.266185925643
14580,-14.2685608137389
14581,-14.2709355389538
14582,-14.2733101013098
14583,-14.2756845008294
14584,-14.278058737535
14585,-14.2804328114487
14586,-14.282806722593
14587,-14.2851804709901
14588,-14.2875540566624
14589,-14.2899274796322
14590,-14.2923007399218
14591,-14.2946738375535
14592,-14.2970467725495
14593,-14.2994195449323
14594,-14.3017921547239
14595,-14.3041646019469
14596,-14.3065368866233
14597,-14.3089090087755
14598,-14.3112809684258
14599,-14.3136527655964
14600,-14.3160244003095
14601,-14.3183958725875
14602,-14.3207671824526
14603,-14.323138329927
14604,-14.325509315033
14605,-14.3278801377927
14606,-14.3302507982285
14607,-14.3326212963625
14608,-14.3349916322171
14609,-14.3373618058143
14610,-14.3397318171764
14611,-14.3421016663256
14612,-14.3444713532842
14613,-14.3468408780742
14614,-14.349210240718
14615,-14.3515794412377
14616,-14.3539484796555
14617,-14.3563173559935
14618,-14.358686070274
14619,-14.3610546225191
14620,-14.3634230127509
14621,-14.3657912409917
14622,-14.3681593072637
14623,-14.3705272115888
14624,-14.3728949539894
14625,-14.3752625344875
14626,-14.3776299531053
14627,-14.379997209865
14628,-14.3823643047886
14629,-14.3847312378982
14630,-14.3870980092161
14631,-14.3894646187643
14632,-14.3918310665649
14633,-14.3941973526401
14634,-14.3965634770119
14635,-14.3989294397024
14636,-14.4012952407338
14637,-14.4036608801281
14638,-14.4060263579075
14639,-14.4083916740939
14640,-14.4107568287094
14641,-14.4131218217763
14642,-14.4154866533164
14643,-14.4178513233519
14644,-14.4202158319048
14645,-14.4225801789972
14646,-14.4249443646512
14647,-14.4273083888887
14648,-14.4296722517318
14649,-14.4320359532026
14650,-14.4343994933231
14651,-14.4367628721152
14652,-14.4391260896012
14653,-14.4414891458028
14654,-14.4438520407422
14655,-14.4462147744414
14656,-14.4485773469224
14657,-14.4509397582071
14658,-14.4533020083176
14659,-14.4556640972759
14660,-14.4580260251039
14661,-14.4603877918237
14662,-14.4627493974571
14663,-14.4651108420262
14664,-14.467472125553
14665,-14.4698332480594
14666,-14.4721942095673
14667,-14.4745550100988
14668,-14.4769156496757
14669,-14.4792761283201
14670,-14.4816364460538
14671,-14.4839966028988
14672,-14.486356598877
14673,-14.4887164340104
14674,-14.4910761083209
14675,-14.4934356218304
14676,-14.4957949745608
14677,-14.498154166534
14678,-14.5005131977719
14679,-14.5028720682965
14680,-14.5052307781295
14681,-14.507589327293
14682,-14.5099477158088
14683,-14.5123059436988
14684,-14.5146640109849
14685,-14.5170219176889
14686,-14.5193796638327
14687,-14.5217372494381
14688,-14.5240946745271
14689,-14.5264519391215
14690,-14.5288090432431
14691,-14.5311659869139
14692,-14.5335227701555
14693,-14.5358793929899
14694,-14.538235855439
14695,-14.5405921575244
14696,-14.5429482992681
14697,-14.5453042806919
14698,-14.5476601018176
14699,-14.550015762667
14700,-14.5523712632619
14701,-14.5547266036241
14702,-14.5570817837754
14703,-14.5594368037376
14704,-14.5617916635326
14705,-14.564146363182
14706,-14.5665009027076
14707,-14.5688552821313
14708,-14.5712095014748
14709,-14.5735635607599
14710,-14.5759174600084
14711,-14.5782711992419
14712,-14.5806247784822
14713,-14.5829781977512
14714,-14.5853314570705
14715,-14.5876845564619
14716,-14.5900374959471
14717,-14.5923902755479
14718,-14.5947428952859
14719,-14.597095355183
14720,-14.5994476552607
14721,-14.6017997955409
14722,-14.6041517760453
14723,-14.6065035967955
14724,-14.6088552578132
14725,-14.6112067591202
14726,-14.6135581007381
14727,-14.6159092826886
14728,-14.6182603049935
14729,-14.6206111676743
14730,-14.6229618707528
14731,-14.6253124142506
14732,-14.6276627981894
14733,-14.6300130225909
14734,-14.6323630874767
14735,-14.6347129928684
14736,-14.6370627387878
14737,-14.6394123252564
14738,-14.6417617522959
14739,-14.6441110199279
14740,-14.6464601281741
14741,-14.6488090770561
14742,-14.6511578665954
14743,-14.6535064968138
14744,-14.6558549677329
14745,-14.6582032793741
14746,-14.6605514317592
14747,-14.6628994249098
14748,-14.6652472588474
14749,-14.6675949335936
14750,-14.66994244917
14751,-14.6722898055982
14752,-14.6746370028998
14753,-14.6769840410964
14754,-14.6793309202095
14755,-14.6816776402606
14756,-14.6840242012714
14757,-14.6863706032634
14758,-14.6887168462581
14759,-14.6910629302771
14760,-14.6934088553419
14761,-14.6957546214741
14762,-14.6981002286953
14763,-14.7004456770268
14764,-14.7027909664903
14765,-14.7051360971073
14766,-14.7074810688993
14767,-14.7098258818878
14768,-14.7121705360943
14769,-14.7145150315403
14770,-14.7168593682474
14771,-14.7192035462369
14772,-14.7215475655305
14773,-14.7238914261495
14774,-14.7262351281155
14775,-14.7285786714499
14776,-14.7309220561742
14777,-14.73326528231
14778,-14.7356083498785
14779,-14.7379512589014
14780,-14.7402940094
14781,-14.7426366013959
14782,-14.7449790349104
14783,-14.747321309965
14784,-14.7496634265811
14785,-14.7520053847802
14786,-14.7543471845837
14787,-14.756688826013
14788,-14.7590303090896
14789,-14.7613716338348
14790,-14.7637128002701
14791,-14.7660538084168
14792,-14.7683946582964
14793,-14.7707353499303
14794,-14.7730758833399
14795,-14.7754162585465
14796,-14.7777564755716
14797,-14.7800965344365
14798,-14.7824364351626
14799,-14.7847761777713
14800,-14.7871157622839
14801,-14.7894551887218
14802,-14.7917944571064
14803,-14.794133567459
14804,-14.796472519801
14805,-14.7988113141537
14806,-14.8011499505385
14807,-14.8034884289766
14808,-14.8058267494895
14809,-14.8081649120984
14810,-14.8105029168248
14811,-14.8128407636898
14812,-14.8151784527148
14813,-14.8175159839212
14814,-14.8198533573302
14815,-14.8221905729632
14816,-14.8245276308414
14817,-14.8268645309861
14818,-14.8292012734187
14819,-14.8315378581604
14820,-14.8338742852324
14821,-14.8362105546562
14822,-14.8385466664529
14823,-14.8408826206437
14824,-14.8432184172501
14825,-14.8455540562932
14826,-14.8478895377943
14827,-14.8502248617746
14828,-14.8525600282555
14829,-14.854895037258
14830,-14.8572298888036
14831,-14.8595645829133
14832,-14.8618991196085
14833,-14.8642334989103
14834,-14.86656772084
14835,-14.8689017854188
14836,-14.871235692668
14837,-14.8735694426086
14838,-14.875903035262
14839,-14.8782364706493
14840,-14.8805697487917
14841,-14.8829028697104
14842,-14.8852358334267
14843,-14.8875686399616
14844,-14.8899012893364
14845,-14.8922337815722
14846,-14.8945661166902
14847,-14.8968982947116
14848,-14.8992303156575
14849,-14.9015621795491
14850,-14.9038938864075
14851,-14.9062254362539
14852,-14.9085568291095
14853,-14.9108880649953
14854,-14.9132191439326
14855,-14.9155500659424
14856,-14.9178808310458
14857,-14.9202114392641
14858,-14.9225418906182
14859,-14.9248721851294
14860,-14.9272023228187
14861,-14.9295323037073
14862,-14.9318621278162
14863,-14.9341917951665
14864,-14.9365213057794
14865,-14.9388506596759
14866,-14.9411798568771
14867,-14.9435088974041
14868,-14.9458377812779
14869,-14.9481665085197
14870,-14.9504950791505
14871,-14.9528234931913
14872,-14.9551517506633
14873,-14.9574798515874
14874,-14.9598077959848
14875,-14.9621355838765
14876,-14.9644632152834
14877,-14.9667906902268
14878,-14.9691180087275
14879,-14.9714451708066
14880,-14.9737721764852
14881,-14.9760990257842
14882,-14.9784257187247
14883,-14.9807522553278
14884,-14.9830786356143
14885,-14.9854048596053
14886,-14.9877309273218
14887,-14.9900568387848
14888,-14.9923825940154
14889,-14.9947081930344
14890,-14.9970336358628
14891,-14.9993589225217
14892,-15.001684053032
14893,-15.0040090274147
14894,-15.0063338456908
14895,-15.0086585078812
14896,-15.0109830140068
14897,-15.0133073640886
14898,-15.0156315581477
14899,-15.0179555962048
14900,-15.020279478281
14901,-15.0226032043972
14902,-15.0249267745743
14903,-15.0272501888333
14904,-15.029573447195
14905,-15.0318965496805
14906,-15.0342194963105
14907,-15.0365422871061
14908,-15.0388649220881
14909,-15.0411874012775
14910,-15.043509724695
14911,-15.0458318923617
14912,-15.0481539042985
14913,-15.0504757605261
14914,-15.0527974610655
14915,-15.0551190059375
14916,-15.0574403951631
14917,-15.0597616287631
14918,-15.0620827067584
14919,-15.0644036291698
14920,-15.0667243960181
14921,-15.0690450073243
14922,-15.0713654631092
14923,-15.0736857633937
14924,-15.0760059081985
14925,-15.0783258975444
14926,-15.0806457314525
14927,-15.0829654099434
14928,-15.0852849330379
14929,-15.087604300757
14930,-15.0899235131214
14931,-15.0922425701519
14932,-15.0945614718694
14933,-15.0968802182946
14934,-15.0991988094483
14935,-15.1015172453514
14936,-15.1038355260246
14937,-15.1061536514887
14938,-15.1084716217644
14939,-15.1107894368727
14940,-15.1131070968341
14941,-15.1154246016696
14942,-15.1177419513998
14943,-15.1200591460456
14944,-15.1223761856276
14945,-15.1246930701667
14946,-15.1270097996836
14947,-15.1293263741989
14948,-15.1316427937336
14949,-15.1339590583083
14950,-15.1362751679436
14951,-15.1385911226605
14952,-15.1409069224795
14953,-15.1432225674215
14954,-15.145538057507
14955,-15.1478533927569
14956,-15.1501685731918
14957,-15.1524835988324
14958,-15.1547984696995
14959,-15.1571131858137
14960,-15.1594277471957
14961,-15.1617421538662
14962,-15.1640564058459
14963,-15.1663705031555
14964,-15.1686844458156
14965,-15.1709982338469
14966,-15.17331186727
14967,-15.1756253461057
14968,-15.1779386703746
14969,-15.1802518400972
14970,-15.1825648552944
14971,-15.1848777159867
14972,-15.1871904221948
14973,-15.1895029739393
14974,-15.1918153712408
14975,-15.19412761412
14976,-15.1964397025974
14977,-15.1987516366938
14978,-15.2010634164297
14979,-15.2033750418257
14980,-15.2056865129025
14981,-15.2079978296805
14982,-15.2103089921806
14983,-15.2126200004231
14984,-15.2149308544288
14985,-15.2172415542182
14986,-15.2195520998119
14987,-15.2218624912305
14988,-15.2241727284945
14989,-15.2264828116245
14990,-15.2287927406411
14991,-15.2311025155648
14992,-15.2334121364162
14993,-15.2357216032159
14994,-15.2380309159844
14995,-15.2403400747422
14996,-15.2426490795099
14997,-15.244957930308
14998,-15.2472666271571
14999,-15.2495751700777
15000,-15.2518835590903
