"f","l_density"
20,-64.5085719480786
21,-62.819228078685
22,-61.2084873780801
23,-59.6693592800069
24,-58.1957462080675
25,-56.7822976707819
26,-55.424292989989
27,-54.117546173452
28,-52.8583280959927
29,-51.6433023423135
30,-50.4694719307708
31,-49.3341347760902
32,-48.2348462253753
33,-47.1693873607724
34,-46.1357380353671
35,-45.1320538186961
36,-44.1566461907598
37,-43.2079654502805
38,-42.2845859027292
39,-41.3851929726813
40,-40.5085719480786
41,-39.6535981145412
42,-38.819228078685
43,-38.0044921125249
44,-37.2084873780801
45,-36.4303719134631
46,-35.6693592800069
47,-34.924713785112
48,-34.1957462080675
49,-33.4818099666102
50,-32.7822976707819
51,-32.0966380180594
52,-31.424292989989
53,-30.7647553158585
54,-30.117546173452
55,-29.4822131007834
56,-28.8583280959927
57,-28.2454858854214
58,-27.6433023423135
59,-27.0514130406911
60,-26.4694719307708
61,-25.897150123866
62,-25.3341347760902
63,-24.7801280613773
64,-24.2348462253753
65,-23.6980187126923
66,-23.1693873607724
67,-22.6487056543887
68,-22.1357380353671
69,-21.6302592626992
70,-21.1320538186961
71,-20.6409153572629
72,-20.1566461907598
73,-19.6790568122548
74,-19.2079654502805
75,-18.7431976534741
76,-18.2845859027292
77,-17.8319692486976
78,-17.3851929726813
79,-16.9441082691248
80,-16.5085719480786
81,-16.0784461561443
82,-15.6535981145412
83,-15.2338998730491
84,-14.819228078685
85,-14.4094637580704
86,-14.0044921125249
87,-13.6042023250058
88,-13.2084873780801
89,-12.8172438821817
90,-12.4303719134631
91,-12.0477748606065
92,-11.6693592800069
93,-11.2950347587825
94,-10.924713785112
95,-10.5583116254325
96,-10.1957462080675
97,-9.83693801288419
98,-9.48180996661026
99,-9.13028734346462
100,-8.78229767078186
101,-8.43777063933218
102,-8.09663801805936
103,-7.75883357297801
104,-7.42429298998904
105,-7.0929538013883
106,-6.76475531585847
107,-6.43963855174772
108,-6.11754617345201
109,-5.79842243072902
110,-5.48221310078342
111,-5.16886543297271
112,-4.85832809599275
113,-4.55055112741075
114,-4.24548588542145
115,-3.94308500271024
116,-3.64330234231353
117,-3.34609295537354
118,-3.05141304069106
119,-2.75921990598461
120,-2.46947193077081
121,-2.18212853078498
122,-1.89715012386598
123,-1.6144980972335
124,-1.33413477609025
125,-1.05602339348516
126,-0.780128061377258
127,-0.506413742843272
128,-0.23484622537525
129,0.0346079047828525
130,0.301981287307655
131,0.567305811523553
132,0.830612639227628
133,1.0919322266533
134,1.35129434561129
135,1.60872810384469
136,1.8642619646329
137,2.11792376567739
138,2.3697407373008
139,2.61973951998893
140,2.86794618130394
141,3.1143862321958
142,3.35908464273712
143,3.60206585730609
144,3.84335380924024
145,4.08297193498318
146,4.32094318774516
147,4.5572900506975
148,4.79203454971955
149,5.02519826571663
150,5.25680234652589
151,5.48686751842664
152,5.7154140972708
153,5.94246199924839
154,6.16803075130238
155,6.39213950120645
156,6.6148070273187
157,6.83605174802379
158,7.05589173087522
159,7.27434470144927
160,7.49142805192145
161,7.70715884937556
162,7.92155384385575
163,8.13462947617061
164,8.34640188545875
165,8.55688691652433
166,8.76610012695095
167,8.974056794002
168,9.18077192131499
169,9.38626024539717
170,9.59053624192958
171,9.7936141318863
172,9.9955078874751
173,10.1962312379061
174,10.3957976749942
175,10.5942204586006
176,10.7915126219199
177,10.9876869766167
178,11.1827561178183
179,11.3767324289669
180,11.5696280865369
181,11.7614550646217
182,11.9522251393935
183,12.1419498934418
184,12.3306407199931
185,12.5183088270162
186,12.7049652412175
187,12.890620811928
188,13.075286214888
189,13.2589719559305
190,13.4416883745675
191,13.6234456474827
192,13.8042537919325
193,13.9841226690587
194,14.1630619871158
195,14.3410813046154
196,14.5181900333897
197,14.6943974415778
198,14.8697126565354
199,15.0441446676723
200,15.2177023292181
201,15.390394362919
202,15.5622293606678
203,15.733215787069
204,15.9033619819406
205,16.0726761627555
206,16.241166427022
207,16.4088407546086
208,16.575707010011
209,16.7417729445659
210,16.9070461986117
211,17.0715343035972
212,17.2352446841415
213,17.3981846600449
214,17.5603614482523
215,17.7217821647718
216,17.882453826548
217,18.0423833532923
218,18.201577569271
219,18.3600432050529
220,18.5177868992166
221,18.6748152000191
222,18.8311345670273
223,18.9867513727121
224,19.1416719040072
225,19.2959023638336
226,19.4494488725893
227,19.6023174696067
228,19.7545141145785
229,19.9060446889514
230,20.0569149972898
231,20.2071307686101
232,20.3566976576865
233,20.5056212463275
234,20.6539070446265
235,20.8015604921847
236,20.9485869593089
237,21.094991748183
238,21.2407800940154
239,21.3859571661627
240,21.5305280692292
241,21.6744978441438
242,21.817871469215
243,21.9606538611635
244,22.102849876134
245,22.2444643106864
246,22.3855019027665
247,22.525967332657
248,22.6658652239098
249,22.8052001442587
250,22.9439766065148
251,22.9953016200461
252,23.0464225574381
253,23.0973410351418
254,23.1480586504785
255,23.1985769819406
256,23.2488975894861
257,23.2990220148277
258,23.3489517817167
259,23.3986883962201
260,23.4482333469938
261,23.49758810555
262,23.5467541265188
263,23.5957328479062
264,23.6445256913461
265,23.6931340623478
266,23.7415593505391
267,23.7898029299048
268,23.8378661590202
269,23.885750381281
270,23.9334569251288
271,23.9809871042714
272,24.028342217901
273,24.0755235509063
274,24.1225323740822
275,24.1693699443352
276,24.2160375048848
277,24.2625362854617
278,24.308867502502
279,24.3550323593384
280,24.4010320463876
281,24.4468677413347
282,24.4925406093137
283,24.5380518030855
284,24.5834024632124
285,24.6285937182298
286,24.6736266848142
287,24.7185024679496
288,24.7632221610891
289,24.8077868463159
290,24.8521975944995
291,24.8964554654505
292,24.9405615080726
293,24.9845167605111
294,25.0283222503001
295,25.0719789945063
296,25.1154879998711
297,25.1588502629492
298,25.2020667702462
299,25.245138498353
300,25.2880664140783
301,25.3308514745786
302,25.3734946274867
303,25.415996811037
304,25.4583589541901
305,25.5005819767539
306,25.542666789504
307,25.5846142943013
308,25.626425384208
309,25.6681009436018
310,25.7096418482879
311,25.7510489656097
312,25.7923231545573
313,25.8334652658744
314,25.8744761421639
315,25.9153566179907
316,25.9561075199843
317,25.9967296669386
318,26.0372238699112
319,26.0775909323199
320,26.1178316500386
321,26.1579468114918
322,26.1979371977468
323,26.237803582605
324,26.2775467326922
325,26.3171674075464
326,26.3566663597054
327,26.3960443347925
328,26.4353020716006
329,26.4744403021756
330,26.5134597518987
331,26.5523611395662
332,26.5911451774697
333,26.6298125714741
334,26.6683640210946
335,26.7068002195727
336,26.7451218539511
337,26.783329605147
338,26.8214241480254
339,26.8594061514699
340,26.8972762784535
341,26.9350351861083
342,26.9726835257932
343,27.010221943162
344,27.0476510782296
345,27.0849715654374
346,27.1221840337179
347,27.1592891065582
348,27.1962874020629
349,27.2331795330157
350,27.2699661069402
351,27.3066477261603
352,27.343224987859
353,27.3796984841369
354,27.4160688020698
355,27.452336523765
356,27.4885022264177
357,27.524566482366
358,27.5605298591449
359,27.5963929195403
360,27.6321562216417
361,27.6678203188942
362,27.70338576015
363,27.7388530897191
364,27.7742228474192
365,27.8094955686251
366,27.8446717843174
367,27.8797520211299
368,27.9147368013978
369,27.9496266432036
370,27.9844220604236
371,28.0191235627732
372,28.0537316558513
373,28.0882468411853
374,28.1226696162739
375,28.1570004746308
376,28.1912399058266
377,28.225388395531
378,28.2594464255541
379,28.2934144738871
380,28.3272930147427
381,28.3610825185945
382,28.3947834522168
383,28.4283962787225
384,28.4619214576021
385,28.4953594447606
386,28.5287106925554
387,28.5619756498327
388,28.5951547619635
389,28.6282484708798
390,28.6612572151098
391,28.6941814298127
392,28.727021546813
393,28.7597779946348
394,28.792451198535
395,28.8250415805368
396,28.8575495594621
397,28.8899755509638
398,28.922319967558
399,28.9545832186551
400,28.9867657105912
401,29.0188678466586
402,29.0508900271361
403,29.0828326493194
404,29.11469610755
405,29.1464807932447
406,29.1781870949248
407,29.209815398244
408,29.241366086017
409,29.2728395382469
410,29.3042361321531
411,29.3355562421982
412,29.3668002401147
413,29.3979684949317
414,29.4290613730008
415,29.4600792380223
416,29.4910224510702
417,29.521891370618
418,29.5526863525631
419,29.5834077502518
420,29.6140559145036
421,29.6446311936349
422,29.675133933483
423,29.7055644774297
424,29.7359231664241
425,29.7662103390061
426,29.7964263313284
427,29.8265714771793
428,29.8566461080048
429,29.8866505529302
430,29.9165851387822
431,29.9464501901096
432,29.9762460292051
433,30.0059729761256
434,30.0356313487132
435,30.0652214626155
436,30.0947436313054
437,30.1241981661018
438,30.1535853761886
439,30.1829055686343
440,30.2121590484116
441,30.2413461184161
442,30.2704670794851
443,30.2995222304165
444,30.3285118679871
445,30.3574362869703
446,30.3862957801548
447,30.4150906383622
448,30.443821150464
449,30.4724876033999
450,30.5010902821942
451,30.5296294699735
452,30.5581054479828
453,30.5865184956027
454,30.6148688903655
455,30.6431569079718
456,30.6713828223061
457,30.6995469054533
458,30.7276494277139
459,30.75569065762
460,30.7836708619503
461,30.8115903057457
462,30.839449252324
463,30.8672479632952
464,30.8949866985758
465,30.9226657164039
466,30.950285273353
467,30.9778456243468
468,31.0053470226732
469,31.0327897199981
470,31.0601739663792
471,31.0875000102799
472,31.1147680985827
473,31.1419784766026
474,31.1691313881003
475,31.1962270752952
476,31.2232657788789
477,31.2502477380272
478,31.2771731904134
479,31.3040423722207
480,31.3308555181546
481,31.3576128614552
482,31.3843146339093
483,31.4109610658628
484,31.437552386232
485,31.464088822516
486,31.4905706008082
487,31.5169979458075
488,31.5433710808303
489,31.5696902278214
490,31.5959556073656
491,31.6221674386982
492,31.6483259397165
493,31.6744313269907
494,31.7004838157742
495,31.7264836200147
496,31.7524309523642
497,31.7783260241903
498,31.8041690455857
499,31.8299602253788
500,31.8556997711438
501,31.8472259940367
502,31.8387691138045
503,31.8303290631958
504,31.82190577536
505,31.813499183844
506,31.8051092225892
507,31.7967358259281
508,31.7883789285814
509,31.7800384656551
510,31.7717143726371
511,31.7634065853945
512,31.7551150401705
513,31.7468396735817
514,31.7385804226147
515,31.7303372246238
516,31.7221100173276
517,31.7138987388067
518,31.7057033275006
519,31.6975237222049
520,31.6893598620687
521,31.6812116865918
522,31.673079135622
523,31.6649621493526
524,31.6568606683195
525,31.6487746333988
526,31.640703985804
527,31.6326486670838
528,31.6246086191192
529,31.616583784121
530,31.6085741046276
531,31.6005795235022
532,31.5925999839306
533,31.5846354294187
534,31.5766858037899
535,31.5687510511832
536,31.5608311160503
537,31.5529259431535
538,31.5450354775637
539,31.5371596646575
540,31.5292984501154
541,31.5214517799193
542,31.5136196003505
543,31.5058018579872
544,31.4979984997027
545,31.4902094726627
546,31.4824347243237
547,31.4746742024306
548,31.4669278550147
549,31.4591956303912
550,31.451477477158
551,31.4437733441926
552,31.436083180651
553,31.428406935965
554,31.4207445598407
555,31.4130960022561
556,31.4054612134594
557,31.3978401439672
558,31.3902327445622
559,31.3826389662913
560,31.3750587604643
561,31.3674920786513
562,31.3599388726813
563,31.35239909464
564,31.3448726968685
565,31.337359631961
566,31.3298598527631
567,31.3223733123704
568,31.3148999641262
569,31.30743976162
570,31.299992658686
571,31.292558609401
572,31.2851375680829
573,31.277729489289
574,31.2703343278143
575,31.2629520386898
576,31.255582577181
577,31.2482258987862
578,31.2408819592348
579,31.2335507144858
580,31.2262321207263
581,31.2189261343697
582,31.2116327120543
583,31.2043518106418
584,31.1970833872155
585,31.1898273990791
586,31.1825838037552
587,31.1753525589834
588,31.1681336227193
589,31.1609269531328
590,31.1537325086065
591,31.1465502477347
592,31.1393801293216
593,31.1322221123799
594,31.1250761561296
595,31.1179422199964
596,31.1108202636105
597,31.103710246805
598,31.0966121296147
599,31.0895258722749
600,31.0824514352198
601,31.075388779081
602,31.0683378646869
603,31.0612986530607
604,31.0542711054193
605,31.0472551831722
606,31.04025084792
607,31.0332580614534
608,31.0262767857516
609,31.0193069829813
610,31.0123486154956
611,31.0054016458322
612,30.9984660367131
613,30.9915417510424
614,30.984628751906
615,30.9777270025697
616,30.9708364664785
617,30.9639571072553
618,30.9570888886997
619,30.9502317747869
620,30.9433857296665
621,30.9365507176614
622,30.9297267032669
623,30.9229136511492
624,30.9161115261447
625,30.9093202932585
626,30.9025399176638
627,30.8957703647002
628,30.8890115998735
629,30.8822635888537
630,30.8755262974747
631,30.8687996917329
632,30.862083737786
633,30.8553784019526
634,30.8486836507105
635,30.8419994506962
636,30.8353257687036
637,30.828662571683
638,30.8220098267405
639,30.8153675011366
640,30.8087355622853
641,30.8021139777534
642,30.7955027152592
643,30.7889017426719
644,30.7823110280103
645,30.7757305394424
646,30.7691602452837
647,30.7626001139971
648,30.7560501141914
649,30.7495102146207
650,30.7429803841835
651,30.7364605919215
652,30.7299508070192
653,30.7234509988026
654,30.7169611367387
655,30.7104811904342
656,30.7040111296353
657,30.6975509242259
658,30.6911005442278
659,30.6846599597992
660,30.678229141234
661,30.6718080589609
662,30.6653966835431
663,30.6589949856768
664,30.6526029361907
665,30.6462205060454
666,30.6398476663321
667,30.6334843882723
668,30.627130643217
669,30.6207864026455
670,30.614451638165
671,30.6081263215098
672,30.6018104245403
673,30.5955039192427
674,30.5892067777277
675,30.5829189722302
676,30.5766404751084
677,30.5703712588432
678,30.564111296037
679,30.5578605594137
680,30.5516190218174
681,30.5453866562121
682,30.5391634356807
683,30.5329493334244
684,30.526744322762
685,30.5205483771294
686,30.5143614700786
687,30.5081835752773
688,30.5020146665079
689,30.4958547176673
690,30.4897037027658
691,30.4835615959266
692,30.4774283713853
693,30.471304003489
694,30.4651884666958
695,30.4590817355742
696,30.4529837848023
697,30.4468945891674
698,30.440814123565
699,30.4347423629987
700,30.4286792825791
701,30.4226248575235
702,30.4165790631551
703,30.4105418749027
704,30.4045132682995
705,30.3984932189833
706,30.3924817026952
707,30.3864786952794
708,30.3804841726825
709,30.3744981109531
710,30.3685204862409
711,30.3625512747964
712,30.3565904529702
713,30.3506379972125
714,30.3446938840724
715,30.3387580901977
716,30.3328305923339
717,30.3269113673239
718,30.3210003921076
719,30.3150976437209
720,30.3092030992957
721,30.3033167360591
722,30.2974385313326
723,30.2915684625323
724,30.2857065071676
725,30.2798526428411
726,30.2740068472482
727,30.2681690981762
728,30.262339373504
729,30.2565176512018
730,30.2507039093303
731,30.24489812604
732,30.2391002795716
733,30.2333103482543
734,30.2275283105064
735,30.2217541448341
736,30.2159878298313
737,30.2102293441792
738,30.2044786666457
739,30.1987357760848
740,30.1930006514364
741,30.1872732717257
742,30.1815536160629
743,30.1758416636423
744,30.1701373937425
745,30.1644407857252
746,30.1587518190356
747,30.1530704732012
748,30.1473967278316
749,30.1417305626185
750,30.1360719573345
751,30.1304208918333
752,30.1247773460488
753,30.1191412999952
754,30.1135127337661
755,30.1078916275341
756,30.1022779615507
757,30.0966717161459
758,30.0910728717272
759,30.08548140878
760,30.0798973078664
761,30.0743205496254
762,30.0687511147722
763,30.063188984098
764,30.0576341384693
765,30.0520865588279
766,30.0465462261899
767,30.0410131216462
768,30.0354872263613
769,30.0299685215732
770,30.0244569885933
771,30.0189526088055
772,30.0134553636662
773,30.0079652347038
774,30.0024822035184
775,29.9970062517813
776,29.9915373612347
777,29.9860755136914
778,29.9806206910343
779,29.9751728752163
780,29.9697320482595
781,29.9642981922551
782,29.9588712893634
783,29.9534513218128
784,29.9480382718996
785,29.9426321219883
786,29.9372328545102
787,29.9318404519641
788,29.9264548969151
789,29.9210761719948
790,29.9157042599008
791,29.9103391433963
792,29.90498080531
793,29.8996292285353
794,29.8942843960305
795,29.8889462908183
796,29.8836148959853
797,29.8782901946817
798,29.8729721701214
799,29.867660805581
800,29.8623560844001
801,29.8570579899807
802,29.8517665057868
803,29.8464816153445
804,29.841203302241
805,29.8359315501251
806,29.8306663427062
807,29.8254076637545
808,29.8201554971003
809,29.8149098266342
810,29.8096706363062
811,29.8044379101258
812,29.7992116321617
813,29.7939917865413
814,29.7887783574506
815,29.7835713291339
816,29.7783706858934
817,29.773176412089
818,29.7679884921379
819,29.7628069105145
820,29.75763165175
821,29.7524627004323
822,29.7473000412054
823,29.7421436587694
824,29.7369935378801
825,29.7318496633487
826,29.7267120200418
827,29.7215805928808
828,29.7164553668417
829,29.7113363269551
830,29.7062234583055
831,29.7011167460314
832,29.696016175325
833,29.6909217314318
834,29.6858333996502
835,29.6807511653318
836,29.6756750138806
837,29.6706049307529
838,29.6655409014573
839,29.660482911554
840,29.6554309466551
841,29.6503849924237
842,29.6453450345742
843,29.640311058872
844,29.6352830511329
845,29.6302609972232
846,29.6252448830593
847,29.6202346946075
848,29.6152304178839
849,29.6102320389539
850,29.6052395439322
851,29.6002529189824
852,29.5952721503169
853,29.5902972241967
854,29.5853281269309
855,29.5803648448768
856,29.5754073644395
857,29.5704556720718
858,29.5655097542737
859,29.5605695975926
860,29.5556351886227
861,29.550706514005
862,29.5457835604271
863,29.5408663146227
864,29.5359547633717
865,29.5310488935
866,29.526148691879
867,29.5212541454255
868,29.5163652411018
869,29.511481965915
870,29.5066043069171
871,29.5017322512047
872,29.496865785919
873,29.4920048982451
874,29.4871495754124
875,29.4822998046938
876,29.4774555734063
877,29.4726168689097
878,29.4677836786075
879,29.462955989946
880,29.4581337904143
881,29.4533170675442
882,29.4485058089101
883,29.4437000021282
884,29.4388996348571
885,29.4341046947973
886,29.4293151696906
887,29.4245310473207
888,29.4197523155124
889,29.4149789621315
890,29.410210975085
891,29.4054483423204
892,29.4006910518258
893,29.3959390916299
894,29.3911924498012
895,29.3864511144486
896,29.3817150737206
897,29.3769843158055
898,29.3722588289309
899,29.3675386013638
900,29.3628236214105
901,29.358113877416
902,29.3534093577642
903,29.3487100508777
904,29.3440159452173
905,29.3393270292823
906,29.33464329161
907,29.3299647207757
908,29.3252913053925
909,29.3206230341108
910,29.3159598956188
911,29.3113018786418
912,29.3066489719423
913,29.3020011643197
914,29.2973584446101
915,29.2927208016863
916,29.2880882244576
917,29.2834607018696
918,29.2788382229039
919,29.2742207765782
920,29.2696083519461
921,29.2650009380967
922,29.2603985241549
923,29.2558010992807
924,29.2512086526693
925,29.2466211735512
926,29.2420386511916
927,29.2374610748905
928,29.2328884339827
929,29.2283207178371
930,29.2237579158572
931,29.2192000174807
932,29.214647012179
933,29.2100988894577
934,29.2055556388559
935,29.2010172499464
936,29.1964837123355
937,29.1919550156626
938,29.1874311496003
939,29.1829121038545
940,29.1783978681636
941,29.1738884322989
942,29.1693837860643
943,29.164883919296
944,29.1603888218628
945,29.1558984836655
946,29.1514128946369
947,29.1469320447418
948,29.1424559239768
949,29.13798452237
950,29.1335178299811
951,29.1290558369013
952,29.1245985332527
953,29.120145909189
954,29.1156979548943
955,29.1112546605841
956,29.1068160165042
957,29.1023820129313
958,29.0979526401724
959,29.0935278885648
960,29.0891077484761
961,29.084692210304
962,29.0802812644761
963,29.0758749014499
964,29.0714731117126
965,29.0670758857809
966,29.0626832142011
967,29.0582950875487
968,29.0539114964285
969,29.0495324314745
970,29.0451578833494
971,29.0407878427452
972,29.0364223003822
973,29.0320612470095
974,29.0277046734049
975,29.0233525703742
976,29.0190049287519
977,29.0146617394003
978,29.0103229932099
979,29.0059886810992
980,29.0016587940144
981,28.9973333229294
982,28.9930122588458
983,28.9886955927925
984,28.984383315826
985,28.9800754190298
986,28.9757718935148
987,28.9714727304186
988,28.9671779209061
989,28.9628874561687
990,28.9586013274247
991,28.954319525919
992,28.9500420429228
993,28.9457688697339
994,28.9414999976763
995,28.9372354181001
996,28.9329751223815
997,28.9287191019228
998,28.9244673481519
999,28.9202198525228
1000,28.9159766065148
1001,28.8980546406705
1002,28.8801505699524
1003,28.8622643586593
1004,28.8443959711971
1005,28.8265453720778
1006,28.8087125259193
1007,28.7908973974449
1008,28.773099951483
1009,28.7553201529668
1010,28.7375579669334
1011,28.7198133585239
1012,28.7020862929826
1013,28.6843767356572
1014,28.6666846519974
1015,28.6490100075555
1016,28.6313527679854
1017,28.6137128990423
1018,28.5960903665826
1019,28.5784851365631
1020,28.5608971750407
1021,28.5433264481722
1022,28.5257729222138
1023,28.5082365635207
1024,28.4907173385467
1025,28.4732152138438
1026,28.4557301560619
1027,28.4382621319484
1028,28.4208111083476
1029,28.4033770522007
1030,28.3859599305453
1031,28.3685597105146
1032,28.3511763593378
1033,28.3338098443392
1034,28.3164601329377
1035,28.299127192647
1036,28.2818109910748
1037,28.2645114959226
1038,28.2472286749851
1039,28.2299624961502
1040,28.2127129273986
1041,28.1954799368031
1042,28.1782634925285
1043,28.1610635628312
1044,28.1438801160591
1045,28.1267131206506
1046,28.1095625451351
1047,28.0924283581319
1048,28.0753105283502
1049,28.058209024589
1050,28.0411238157361
1051,28.0240548707685
1052,28.0070021587514
1053,27.9899656488385
1054,27.972945310271
1055,27.9559411123779
1056,27.9389530245753
1057,27.9219810163659
1058,27.9050250573393
1059,27.8880851171711
1060,27.8711611656226
1061,27.8542531725409
1062,27.8373611078583
1063,27.8204849415919
1064,27.8036246438433
1065,27.7867801847986
1066,27.7699515347276
1067,27.7531386639839
1068,27.7363415430043
1069,27.7195601423087
1070,27.7027944324995
1071,27.6860443842619
1072,27.6693099683628
1073,27.6525911556508
1074,27.6358879170564
1075,27.6192002235909
1076,27.6025280463466
1077,27.5858713564962
1078,27.569230125293
1079,27.5526043240699
1080,27.5359939242397
1081,27.5193988972944
1082,27.5028192148053
1083,27.4862548484222
1084,27.4697057698737
1085,27.4531719509665
1086,27.436653363585
1087,27.4201499796915
1088,27.4036617713256
1089,27.3871887106039
1090,27.3707307697197
1091,27.354287920943
1092,27.3378601366199
1093,27.3214473891723
1094,27.3050496510982
1095,27.2886668949704
1096,27.2722990934373
1097,27.2559462192218
1098,27.2396082451216
1099,27.2232851440084
1100,27.2069768888284
1101,27.1906834526009
1102,27.1744048084194
1103,27.1581409294499
1104,27.141891788932
1105,27.1256573601775
1106,27.1094376165708
1107,27.0932325315687
1108,27.0770420786994
1109,27.0608662315631
1110,27.0447049638314
1111,27.0285582492469
1112,27.012426061623
1113,26.9963083748439
1114,26.980205162864
1115,26.9641163997079
1116,26.94804205947
1117,26.9319821163145
1118,26.9159365444747
1119,26.8999053182531
1120,26.8838884120211
1121,26.8678858002186
1122,26.8518974573542
1123,26.8359233580042
1124,26.819963476813
1125,26.8040177884927
1126,26.7880862678227
1127,26.7721688896497
1128,26.756265628887
1129,26.740376460515
1130,26.7245013595803
1131,26.7086403011959
1132,26.6927932605405
1133,26.6769602128588
1134,26.6611411334609
1135,26.6453359977223
1136,26.6295447810835
1137,26.6137674590498
1138,26.5980040071911
1139,26.5822544011416
1140,26.5665186166
1141,26.5507966293284
1142,26.535088415153
1143,26.5193939499633
1144,26.5037132097121
1145,26.4880461704153
1146,26.4723928081514
1147,26.4567530990618
1148,26.44112701935
1149,26.4255145452819
1150,26.409915653185
1151,26.394330319449
1152,26.3787585205246
1153,26.3632002329242
1154,26.3476554332212
1155,26.3321240980496
1156,26.3166062041045
1157,26.3011017281411
1158,26.285610646975
1159,26.2701329374818
1160,26.2546685765971
1161,26.2392175413157
1162,26.2237798086923
1163,26.2083553558406
1164,26.1929441599332
1165,26.1775461982017
1166,26.1621614479361
1167,26.1467898864851
1168,26.1314314912554
1169,26.1160862397116
1170,26.1007541093765
1171,26.08543507783
1172,26.0701291227099
1173,26.0548362217109
1174,26.0395563525847
1175,26.0242894931401
1176,26.0090356212423
1177,25.9937947148131
1178,25.9785667518303
1179,25.9633517103281
1180,25.9481495683963
1181,25.9329603041806
1182,25.9177838958819
1183,25.9026203217567
1184,25.8874695601164
1185,25.8723315893275
1186,25.8572063878111
1187,25.8420939340429
1188,25.8269942065532
1189,25.8119071839261
1190,25.7968328447999
1191,25.7817711678669
1192,25.7667221318728
1193,25.7516857156168
1194,25.7366618979516
1195,25.7216506577827
1196,25.7066519740688
1197,25.6916658258212
1198,25.6766921921039
1199,25.6617310520332
1200,25.6467823847777
1201,25.631846169558
1202,25.6169223856465
1203,25.6020110123677
1204,25.5871120290971
1205,25.572225415262
1206,25.5573511503407
1207,25.5424892138624
1208,25.5276395854075
1209,25.5128022446069
1210,25.4979771711419
1211,25.4831643447443
1212,25.4683637451962
1213,25.4535753523295
1214,25.4387991460261
1215,25.4240351062176
1216,25.4092832128849
1217,25.3945434460586
1218,25.3798157858183
1219,25.3651002122928
1220,25.3503967056596
1221,25.335705246145
1222,25.3210258140239
1223,25.3063583896195
1224,25.2917029533035
1225,25.2770594854954
1226,25.2624279666627
1227,25.2478083773209
1228,25.2332006980327
1229,25.2186049094088
1230,25.2040209921067
1231,25.1894489268313
1232,25.1748886943345
1233,25.1603402754152
1234,25.1458036509186
1235,25.1312788017368
1236,25.1167657088081
1237,25.1022643531172
1238,25.0877747156948
1239,25.0732967776176
1240,25.058830520008
1241,25.0443759240342
1242,25.0299329709099
1243,25.0155016418939
1244,25.0010819182905
1245,24.986673781449
1246,24.9722772127635
1247,24.9578921936731
1248,24.9435187056614
1249,24.9291567302565
1250,24.9148062490307
1251,24.9004672436009
1252,24.8861396956277
1253,24.8718235868157
1254,24.8575188989135
1255,24.843225613713
1256,24.82894371305
1257,24.8146731788034
1258,24.8004139928953
1259,24.786166137291
1260,24.7719295939989
1261,24.75770434507
1262,24.743490372598
1263,24.7292876587192
1264,24.7150961856124
1265,24.7009159354985
1266,24.6867468906408
1267,24.6725890333443
1268,24.6584423459561
1269,24.6443068108649
1270,24.6301824105013
1271,24.616069127337
1272,24.6019669438854
1273,24.5878758427009
1274,24.5737958063791
1275,24.5597268175566
1276,24.5456688589106
1277,24.5316219131593
1278,24.5175859630614
1279,24.503560991416
1280,24.4895469810626
1281,24.4755439148808
1282,24.4615517757904
1283,24.4475705467511
1284,24.4336002107624
1285,24.4196407508635
1286,24.4056921501333
1287,24.39175439169
1288,24.3778274586912
1289,24.3639113343339
1290,24.3500060018538
1291,24.3361114445258
1292,24.3222276456638
1293,24.3083545886201
1294,24.2944922567859
1295,24.2806406335907
1296,24.2667997025025
1297,24.2529694470274
1298,24.2391498507099
1299,24.2253408971321
1300,24.2115425699145
1301,24.197754852715
1302,24.1839777292293
1303,24.1702111831907
1304,24.1564551983699
1305,24.142709758575
1306,24.128974847651
1307,24.1152504494804
1308,24.1015365479825
1309,24.0878331271134
1310,24.0741401708661
1311,24.0604576632702
1312,24.0467855883916
1313,24.033123930333
1314,24.0194726732333
1315,24.0058318012673
1316,23.9922012986463
1317,23.9785811496173
1318,23.9649713384634
1319,23.9513718495032
1320,23.9377826670912
1321,23.9242037756172
1322,23.9106351595066
1323,23.8970768032202
1324,23.8835286912538
1325,23.8699908081385
1326,23.8564631384403
1327,23.8429456667602
1328,23.8294383777339
1329,23.8159412560319
1330,23.8024542863592
1331,23.7889774534554
1332,23.7755107420943
1333,23.7620541370841
1334,23.7486076232673
1335,23.7351711855202
1336,23.7217448087532
1337,23.7083284779107
1338,23.6949221779707
1339,23.6815258939449
1340,23.6681396108787
1341,23.6547633138507
1342,23.6413969879731
1343,23.6280406183913
1344,23.6146941902839
1345,23.6013576888625
1346,23.5880310993717
1347,23.574714407089
1348,23.5614075973247
1349,23.5481106554217
1350,23.5348235667556
1351,23.5215463167343
1352,23.5082788907982
1353,23.4950212744202
1354,23.481773453105
1355,23.4685354123896
1356,23.4553071378432
1357,23.4420886150666
1358,23.4288798296924
1359,23.4156807673854
1360,23.4024914138415
1361,23.3893117547884
1362,23.3761417759852
1363,23.3629814632223
1364,23.3498308023216
1365,23.3366897791358
1366,23.3235583795489
1367,23.310436589476
1368,23.2973243948628
1369,23.2842217816861
1370,23.2711287359532
1371,23.2580452437022
1372,23.2449712910016
1373,23.2319068639504
1374,23.2188519486781
1375,23.2058065313442
1376,23.1927705981387
1377,23.1797441352814
1378,23.1667271290222
1379,23.1537195656412
1380,23.1407214314479
1381,23.1277327127818
1382,23.114753396012
1383,23.1017834675373
1384,23.0888229137859
1385,23.0758717212153
1386,23.0629298763125
1387,23.0499973655935
1388,23.0370741756039
1389,23.0241602929179
1390,23.0112557041389
1391,22.9983603958992
1392,22.9854743548599
1393,22.9725975677108
1394,22.9597300211705
1395,22.9468717019859
1396,22.9340225969327
1397,22.9211826928148
1398,22.9083519764645
1399,22.8955304347423
1400,22.8827180545369
1401,22.8699148227652
1402,22.8571207263719
1403,22.8443357523298
1404,22.8315598876393
1405,22.8187931193289
1406,22.8060354344546
1407,22.7932868200999
1408,22.7805472633761
1409,22.7678167514218
1410,22.7550952714029
1411,22.7423828105128
1412,22.7296793559719
1413,22.7169848950279
1414,22.7042994149555
1415,22.6916229030564
1416,22.6789553466592
1417,22.6662967331193
1418,22.6536470498191
1419,22.6410062841673
1420,22.6283744235994
1421,22.6157514555776
1422,22.6031373675903
1423,22.5905321471524
1424,22.5779357818051
1425,22.5653482591159
1426,22.5527695666782
1427,22.540199692112
1428,22.5276386230628
1429,22.5150863472022
1430,22.502542852228
1431,22.4900081258633
1432,22.4774821558573
1433,22.4649649299846
1434,22.4524564360455
1435,22.4399566618659
1436,22.4274655952971
1437,22.4149832242156
1438,22.4025095365233
1439,22.3900445201475
1440,22.3775881630405
1441,22.3651404531796
1442,22.3527013785674
1443,22.3402709272311
1444,22.3278490872231
1445,22.3154358466204
1446,22.3030311935248
1447,22.290635116063
1448,22.2782476023858
1449,22.2658686406691
1450,22.253498219113
1451,22.2411363259419
1452,22.2287829494047
1453,22.2164380777746
1454,22.2041016993489
1455,22.1917738024491
1456,22.1794543754207
1457,22.1671434066333
1458,22.1548408844804
1459,22.1425467973793
1460,22.1302611337713
1461,22.1179838821212
1462,22.1057150309176
1463,22.0934545686727
1464,22.0812024839224
1465,22.0689587652258
1466,22.0567234011656
1467,22.0444963803478
1468,22.0322776914018
1469,22.02006732298
1470,22.0078652637582
1471,21.9956715024352
1472,21.9834860277328
1473,21.9713088283959
1474,21.9591398931922
1475,21.9469792109122
1476,21.9348267703695
1477,21.9226825604
1478,21.9105465698627
1479,21.8984187876388
1480,21.8862992026323
1481,21.8741878037696
1482,21.8620845799996
1483,21.8499895202935
1484,21.8379026136447
1485,21.8258238490691
1486,21.8137532156045
1487,21.8016907023111
1488,21.7896362982709
1489,21.777589992588
1490,21.7655517743887
1491,21.7535216328207
1492,21.7414995570539
1493,21.7294855362799
1494,21.7174795597118
1495,21.7054816165847
1496,21.693491696155
1497,21.6815097877008
1498,21.6695358805216
1499,21.6575699639385
1500,21.6456120272936
1501,21.6336620599506
1502,21.6217200512944
1503,21.6097859907311
1504,21.5978598676879
1505,21.585941671613
1506,21.5740313919759
1507,21.5621290182667
1508,21.5502345399967
1509,21.538347946698
1510,21.5264692279234
1511,21.5145983732466
1512,21.5027353722618
1513,21.490880214584
1514,21.4790328898487
1515,21.4671933877121
1516,21.4553616978506
1517,21.4435378099613
1518,21.4317217137614
1519,21.4199133989886
1520,21.4081128554008
1521,21.3963200727761
1522,21.3845350409129
1523,21.3727577496294
1524,21.3609881887641
1525,21.3492263481755
1526,21.3374722177418
1527,21.3257257873614
1528,21.3139870469523
1529,21.3022559864524
1530,21.2905325958194
1531,21.2788168650305
1532,21.2671087840827
1533,21.2554083429925
1534,21.243715531796
1535,21.2320303405486
1536,21.2203527593255
1537,21.2086827782207
1538,21.1970203873482
1539,21.1853655768407
1540,21.1737183368505
1541,21.1620786575488
1542,21.1504465291263
1543,21.1388219417925
1544,21.1272048857758
1545,21.115595351324
1546,21.1039933287035
1547,21.0923988081996
1548,21.0808117801166
1549,21.0692322347775
1550,21.0576601625239
1551,21.0460955537164
1552,21.034538398734
1553,21.0229886879743
1554,21.0114464118536
1555,20.9999115608064
1556,20.9883841252859
1557,20.9768640957638
1558,20.9653514627298
1559,20.9538462166921
1560,20.9423483481773
1561,20.93085784773
1562,20.9193747059129
1563,20.9078989133072
1564,20.8964304605117
1565,20.8849693381436
1566,20.8735155368378
1567,20.8620690472474
1568,20.8506298600431
1569,20.8391979659138
1570,20.8277733555659
1571,20.8163560197236
1572,20.804945949129
1573,20.7935431345415
1574,20.7821475667385
1575,20.7707592365148
1576,20.7593781346827
1577,20.7480042520721
1578,20.7366375795301
1579,20.7252781079215
1580,20.7139258281283
1581,20.7025807310498
1582,20.6912428076025
1583,20.6799120487202
1584,20.668588445354
1585,20.6572719884719
1586,20.6459626690592
1587,20.6346604781181
1588,20.6233654066677
1589,20.6120774457445
1590,20.6007965864013
1591,20.5895228197084
1592,20.5782561367524
1593,20.5669965286371
1594,20.5557439864827
1595,20.5444985014265
1596,20.5332600646221
1597,20.5220286672398
1598,20.5108043004668
1599,20.4995869555063
1600,20.4883766235785
1601,20.4771732959198
1602,20.465976963783
1603,20.4547876184374
1604,20.4436052511685
1605,20.4324298532783
1606,20.4212614160848
1607,20.4100999309223
1608,20.3989453891415
1609,20.3877977821088
1610,20.3766571012071
1611,20.3655233378352
1612,20.3543964834077
1613,20.3432765293555
1614,20.3321634671253
1615,20.3210572881797
1616,20.3099579839971
1617,20.2988655460717
1618,20.2877799659137
1619,20.2767012350488
1620,20.2656293450184
1621,20.2545642873797
1622,20.2435060537055
1623,20.232454635584
1624,20.2214100246192
1625,20.2103722124304
1626,20.1993411906525
1627,20.1883169509357
1628,20.1772994849458
1629,20.1662887843637
1630,20.1552848408858
1631,20.1442876462238
1632,20.1332971921043
1633,20.1223134702696
1634,20.1113364724769
1635,20.1003661904984
1636,20.0894026161217
1637,20.0784457411493
1638,20.0674955573986
1639,20.0565520567022
1640,20.0456152309075
1641,20.0346850718769
1642,20.0237615714876
1643,20.0128447216317
1644,20.001934514216
1645,19.9910309411622
1646,19.9801339944066
1647,19.9692436659003
1648,19.9583599476089
1649,19.9474828315129
1650,19.9366123096071
1651,19.9257483739009
1652,19.9148910164185
1653,19.9040402291981
1654,19.8931960042927
1655,19.8823583337697
1656,19.8715272097107
1657,19.8607026242117
1658,19.8498845693832
1659,19.8390730373496
1660,19.8282680202498
1661,19.8174695102369
1662,19.8066774994781
1663,19.7958919801547
1664,19.7851129444623
1665,19.7743403846102
1666,19.763574292822
1667,19.7528146613354
1668,19.7420614824017
1669,19.7313147482865
1670,19.7205744512691
1671,19.7098405836427
1672,19.6991131377143
1673,19.6883921058048
1674,19.6776774802488
1675,19.6669692533946
1676,19.6562674176042
1677,19.6455719652534
1678,19.6348828887315
1679,19.6242001804414
1680,19.6135238327998
1681,19.6028538382365
1682,19.5921901891952
1683,19.5815328781329
1684,19.5708818975201
1685,19.5602372398406
1686,19.5495988975917
1687,19.5389668632841
1688,19.5283411294416
1689,19.5177216886015
1690,19.5071085333141
1691,19.4965016561433
1692,19.4859010496658
1693,19.4753067064716
1694,19.464718619164
1695,19.4541367803591
1696,19.4435611826863
1697,19.4329918187879
1698,19.4224286813192
1699,19.4118717629486
1700,19.4013210563574
1701,19.3907765542397
1702,19.3802382493025
1703,19.3697061342658
1704,19.3591802018623
1705,19.3486604448375
1706,19.3381468559496
1707,19.3276394279698
1708,19.3171381536817
1709,19.3066430258816
1710,19.2961540373787
1711,19.2856711809945
1712,19.2751944495632
1713,19.2647238359317
1714,19.2542593329592
1715,19.2438009335175
1716,19.2333486304908
1717,19.2229024167759
1718,19.2124622852819
1719,19.2020282289302
1720,19.1916002406546
1721,19.1811783134013
1722,19.1707624401288
1723,19.1603526138077
1724,19.149948827421
1725,19.1395510739638
1726,19.1291593464434
1727,19.1187736378794
1728,19.1083939413033
1729,19.0980202497589
1730,19.0876525563018
1731,19.0772908539999
1732,19.066935135933
1733,19.0565853951928
1734,19.0462416248832
1735,19.0359038181198
1736,19.0255719680302
1737,19.0152460677537
1738,19.0049261104418
1739,18.9946120892575
1740,18.9843039973758
1741,18.9740018279833
1742,18.9637055742783
1743,18.9534152294711
1744,18.9431307867834
1745,18.9328522394486
1746,18.9225795807119
1747,18.91231280383
1748,18.902051902071
1749,18.8917968687148
1750,18.8815476970528
1751,18.8713043803878
1752,18.8610669120341
1753,18.8508352853174
1754,18.8406094935749
1755,18.8303895301552
1756,18.8201753884182
1757,18.8099670617351
1758,18.7997645434886
1759,18.7895678270726
1760,18.779376905892
1761,18.7691917733634
1762,18.7590124229144
1763,18.7488388479836
1764,18.738671042021
1765,18.7285089984878
1766,18.718352710856
1767,18.708202172609
1768,18.6980573772411
1769,18.6879183182577
1770,18.6777849891751
1771,18.6676573835206
1772,18.6575354948327
1773,18.6474193166606
1774,18.6373088425645
1775,18.6272040661153
1776,18.6171049808951
1777,18.6070115804966
1778,18.5969238585234
1779,18.5868418085898
1780,18.576765424321
1781,18.5666946993528
1782,18.5566296273319
1783,18.5465702019155
1784,18.5365164167715
1785,18.5264682655787
1786,18.516425742026
1787,18.5063888398135
1788,18.4963575526515
1789,18.4863318742609
1790,18.4763117983732
1791,18.4662973187303
1792,18.4562884290847
1793,18.4462851231993
1794,18.4362873948475
1795,18.426295237813
1796,18.4163086458898
1797,18.4063276128826
1798,18.3963521326062
1799,18.3863821988856
1800,18.3764178055564
1801,18.3664589464643
1802,18.3565056154652
1803,18.3465578064253
1804,18.336615513221
1805,18.326678729739
1806,18.3167474498759
1807,18.3068216675385
1808,18.296901376644
1809,18.2869865711194
1810,18.2770772449017
1811,18.2671733919383
1812,18.2572750061862
1813,18.2473820816128
1814,18.2374946121952
1815,18.2276125919206
1816,18.217736014786
1817,18.2078648747985
1818,18.1979991659749
1819,18.1881388823421
1820,18.1782840179366
1821,18.1684345668048
1822,18.1585905230031
1823,18.1487518805975
1824,18.1389186336636
1825,18.1290907762872
1826,18.1192683025633
1827,18.1094512065971
1828,18.099639482503
1829,18.0898331244054
1830,18.0800321264383
1831,18.0702364827451
1832,18.0604461874789
1833,18.0506612348026
1834,18.0408816188882
1835,18.0311073339177
1836,18.0213383740822
1837,18.0115747335826
1838,18.0018164066291
1839,17.9920633874414
1840,17.9823156702487
1841,17.9725732492894
1842,17.9628361188115
1843,17.9531042730722
1844,17.9433777063382
1845,17.9336564128854
1846,17.9239403869991
1847,17.9142296229738
1848,17.9045241151133
1849,17.8948238577307
1850,17.8851288451482
1851,17.8754390716973
1852,17.8657545317187
1853,17.8560752195622
1854,17.8464011295868
1855,17.8367322561606
1856,17.8270685936607
1857,17.8174101364736
1858,17.8077568789944
1859,17.7981088156277
1860,17.7884659407868
1861,17.7788282488942
1862,17.7691957343813
1863,17.7595683916886
1864,17.7499462152653
1865,17.7403291995698
1866,17.7307173390692
1867,17.7211106282396
1868,17.7115090615661
1869,17.7019126335423
1870,17.6923213386709
1871,17.6827351714634
1872,17.6731541264402
1873,17.6635781981301
1874,17.654007381071
1875,17.6444416698095
1876,17.6348810589008
1877,17.6253255429089
1878,17.6157751164064
1879,17.6062297739747
1880,17.5966895102038
1881,17.5871543196922
1882,17.5776241970472
1883,17.5680991368846
1884,17.5585791338287
1885,17.5490641825126
1886,17.5395542775777
1887,17.530049413674
1888,17.52054958546
1889,17.5110547876028
1890,17.5015650147777
1891,17.4920802616687
1892,17.4826005229681
1893,17.4731257933767
1894,17.4636560676037
1895,17.4541913403665
1896,17.4447316063911
1897,17.4352768604118
1898,17.4258270971709
1899,17.4163823114195
1900,17.4069424979167
1901,17.3975076514299
1902,17.3880777667348
1903,17.3786528386153
1904,17.3692328618636
1905,17.35981783128
1906,17.3504077416731
1907,17.3410025878595
1908,17.3316023646641
1909,17.32220706692
1910,17.3128166894682
1911,17.3034312271579
1912,17.2940506748464
1913,17.284675027399
1914,17.2753042796893
1915,17.2659384265986
1916,17.2565774630164
1917,17.2472213838402
1918,17.2378701839753
1919,17.2285238583352
1920,17.2191824018413
1921,17.2098458094229
1922,17.2005140760171
1923,17.1911871965692
1924,17.1818651660319
1925,17.1725479793664
1926,17.1632356315411
1927,17.1539281175328
1928,17.1446254323257
1929,17.135327570912
1930,17.1260345282917
1931,17.1167462994726
1932,17.10746287947
1933,17.0981842633072
1934,17.0889104460151
1935,17.0796414226325
1936,17.0703771882055
1937,17.0611177377883
1938,17.0518630664425
1939,17.0426131692374
1940,17.0333680412499
1941,17.0241276775646
1942,17.0148920732737
1943,17.0056612234768
1944,16.9964351232812
1945,16.9872137678018
1946,16.977997152161
1947,16.9687852714886
1948,16.959578120922
1949,16.9503756956061
1950,16.9411779906932
1951,16.9319850013432
1952,16.9227967227232
1953,16.913613150008
1954,16.9044342783797
1955,16.8952601030276
1956,16.8860906191487
1957,16.8769258219471
1958,16.8677657066345
1959,16.8586102684297
1960,16.849459502559
1961,16.8403134042559
1962,16.8311719687612
1963,16.8220351913231
1964,16.8129030671967
1965,16.8037755916449
1966,16.7946527599373
1967,16.785534567351
1968,16.7764210091703
1969,16.7673120806867
1970,16.7582077771986
1971,16.749108094012
1972,16.7400130264396
1973,16.7309225698016
1974,16.721836719425
1975,16.7127554706442
1976,16.7036788188004
1977,16.6946067592421
1978,16.6855392873248
1979,16.6764763984109
1980,16.6674180878699
1981,16.6583643510785
1982,16.6493151834201
1983,16.6402705802854
1984,16.6312305370717
1985,16.6221950491836
1986,16.6131641120325
1987,16.6041377210368
1988,16.5951158716215
1989,16.586098559219
1990,16.5770857792683
1991,16.5680775272152
1992,16.5590737985126
1993,16.5500745886201
1994,16.5410798930041
1995,16.5320897071379
1996,16.5231040265017
1997,16.5141228465821
1998,16.505146162873
1999,16.4961739708747
2000,16.4872062660944
2001,16.4780007334526
2002,16.4687998001279
2003,16.4596034615265
2004,16.450411713062
2005,16.4412245501543
2006,16.4320419682306
2007,16.4228639627247
2008,16.4136905290773
2009,16.4045216627358
2010,16.3953573591546
2011,16.3861976137946
2012,16.3770424221239
2013,16.3678917796169
2014,16.358745681755
2015,16.3496041240262
2016,16.3404671019254
2017,16.331334610954
2018,16.3222066466202
2019,16.3130832044388
2020,16.3039642799314
2021,16.2948498686261
2022,16.2857399660577
2023,16.2766345677677
2024,16.267533669304
2025,16.2584372662213
2026,16.2493453540809
2027,16.2402579284504
2028,16.2311749849043
2029,16.2220965190234
2030,16.2130225263952
2031,16.2039530026135
2032,16.1948879432789
2033,16.1858273439982
2034,16.176771200385
2035,16.167719508059
2036,16.1586722626467
2037,16.1496294597807
2038,16.1405910951004
2039,16.1315571642514
2040,16.1225276628857
2041,16.1135025866617
2042,16.1044819312443
2043,16.0954656923046
2044,16.0864538655202
2045,16.077446446575
2046,16.0684434311591
2047,16.0594448149691
2048,16.0504505937078
2049,16.0414607630843
2050,16.0324753188141
2051,16.0234942566188
2052,16.0145175722264
2053,16.005545261371
2054,15.996577319793
2055,15.9876137432391
2056,15.9786545274621
2057,15.969699668221
2058,15.960749161281
2059,15.9518030024136
2060,15.9428611873963
2061,15.9339237120127
2062,15.9249905720527
2063,15.9160617633122
2064,15.9071372815934
2065,15.8982171227043
2066,15.8893012824592
2067,15.8803897566785
2068,15.8714825411886
2069,15.8625796318219
2070,15.8536810244168
2071,15.844786714818
2072,15.8358966988759
2073,15.8270109724471
2074,15.8181295313941
2075,15.8092523715854
2076,15.8003794888956
2077,15.7915108792051
2078,15.7826465384003
2079,15.7737864623735
2080,15.764930647023
2081,15.756079088253
2082,15.7472317819736
2083,15.7383887241007
2084,15.7295499105562
2085,15.7207153372678
2086,15.7118850001691
2087,15.7030588951996
2088,15.6942370183045
2089,15.6854193654348
2090,15.6766059325476
2091,15.6677967156054
2092,15.6589917105768
2093,15.6501909134361
2094,15.6413943201633
2095,15.6326019267442
2096,15.6238137291704
2097,15.6150297234392
2098,15.6062499055535
2099,15.5974742715221
2100,15.5887028173594
2101,15.5799355390855
2102,15.5711724327263
2103,15.5624134943131
2104,15.5536587198833
2105,15.5449081054794
2106,15.53616164715
2107,15.527419340949
2108,15.5186811829362
2109,15.5099471691769
2110,15.5012172957418
2111,15.4924915587074
2112,15.4837699541559
2113,15.4750524781747
2114,15.4663391268569
2115,15.4576298963014
2116,15.4489247826123
2117,15.4402237818993
2118,15.4315268902777
2119,15.4228341038683
2120,15.4141454187973
2121,15.4054608311964
2122,15.3967803372028
2123,15.3881039329591
2124,15.3794316146136
2125,15.3707633783197
2126,15.3620992202363
2127,15.353439136528
2128,15.3447831233644
2129,15.3361311769208
2130,15.3274832933778
2131,15.3188394689213
2132,15.3101996997427
2133,15.3015639820387
2134,15.2929323120112
2135,15.2843046858677
2136,15.2756810998209
2137,15.2670615500888
2138,15.2584460328948
2139,15.2498345444673
2140,15.2412270810405
2141,15.2326236388535
2142,15.2240242141506
2143,15.2154288031818
2144,15.2068374022019
2145,15.1982500074711
2146,15.1896666152549
2147,15.181087221824
2148,15.1725118234542
2149,15.1639404164265
2150,15.1553729970273
2151,15.146809561548
2152,15.1382501062852
2153,15.1296946275406
2154,15.1211431216213
2155,15.1125955848392
2156,15.1040520135115
2157,15.0955124039607
2158,15.086976752514
2159,15.0784450555041
2160,15.0699173092687
2161,15.0613935101503
2162,15.0528736544969
2163,15.0443577386612
2164,15.0358457590013
2165,15.02733771188
2166,15.0188335936654
2167,15.0103334007306
2168,15.0018371294535
2169,14.9933447762172
2170,14.9848563374099
2171,14.9763718094245
2172,14.9678911886592
2173,14.959414471517
2174,14.9509416544057
2175,14.9424727337384
2176,14.934007705933
2177,14.9255465674123
2178,14.917089314604
2179,14.9086359439408
2180,14.9001864518603
2181,14.8917408348049
2182,14.8832990892221
2183,14.8748612115641
2184,14.866427198288
2185,14.8579970458558
2186,14.8495707507345
2187,14.8411483093956
2188,14.8327297183158
2189,14.8243149739763
2190,14.8159040728635
2191,14.8074970114683
2192,14.7990937862864
2193,14.7906943938186
2194,14.7822988305702
2195,14.7739070930514
2196,14.765519177777
2197,14.7571350812669
2198,14.7487548000454
2199,14.7403783306417
2200,14.7320056695898
2201,14.7236368134283
2202,14.7152717587006
2203,14.7069105019547
2204,14.6985530397435
2205,14.6901993686243
2206,14.6818494851594
2207,14.6735033859155
2208,14.6651610674641
2209,14.6568225263815
2210,14.6484877592483
2211,14.64015676265
2212,14.6318295331767
2213,14.623506067423
2214,14.6151863619884
2215,14.6068704134766
2216,14.5985582184962
2217,14.5902497736603
2218,14.5819450755865
2219,14.5736441208972
2220,14.5653469062191
2221,14.5570534281837
2222,14.5487636834268
2223,14.540477668589
2224,14.5321953803152
2225,14.5239168152549
2226,14.5156419700622
2227,14.5073708413957
2228,14.4991034259184
2229,14.4908397202978
2230,14.482579721206
2231,14.4743234253195
2232,14.4660708293192
2233,14.4578219298906
2234,14.4495767237236
2235,14.4413352075124
2236,14.433097377956
2237,14.4248632317573
2238,14.4166327656241
2239,14.4084059762685
2240,14.4001828604067
2241,14.3919634147597
2242,14.3837476360526
2243,14.3755355210151
2244,14.3673270663811
2245,14.359122268889
2246,14.3509211252814
2247,14.3427236323055
2248,14.3345297867125
2249,14.3263395852582
2250,14.3181530247026
2251,14.3099701018102
2252,14.3017908133495
2253,14.2936151560937
2254,14.2854431268198
2255,14.2772747223095
2256,14.2691099393487
2257,14.2609487747275
2258,14.2527912252402
2259,14.2446372876855
2260,14.2364869588663
2261,14.2283402355897
2262,14.2201971146671
2263,14.212057592914
2264,14.2039216671504
2265,14.1957893342002
2266,14.1876605908917
2267,14.1795354340573
2268,14.1714138605336
2269,14.1632958671615
2270,14.1551814507859
2271,14.147070608256
2272,14.1389633364251
2273,14.1308596321507
2274,14.1227594922944
2275,14.1146629137219
2276,14.1065698933032
2277,14.0984804279122
2278,14.0903945144272
2279,14.0823121497302
2280,14.0742333307077
2281,14.0661580542501
2282,14.058086317252
2283,14.0500181166119
2284,14.0419534492325
2285,14.0338923120207
2286,14.0258347018871
2287,14.0177806157467
2288,14.0097300505185
2289,14.0016830031252
2290,13.993639470494
2291,13.9855994495558
2292,13.9775629372456
2293,13.9695299305026
2294,13.9615004262697
2295,13.9534744214939
2296,13.9454519131264
2297,13.9374328981221
2298,13.92941737344
2299,13.921405336043
2300,13.9133967828981
2301,13.9053917109762
2302,13.897390117252
2303,13.8893919987044
2304,13.881397352316
2305,13.8734061750735
2306,13.8654184639674
2307,13.8574342159921
2308,13.8494534281461
2309,13.8414760974316
2310,13.8335022208548
2311,13.8255317954257
2312,13.8175648181583
2313,13.8096012860703
2314,13.8016411961835
2315,13.7936845455234
2316,13.7857313311193
2317,13.7777815500045
2318,13.7698351992161
2319,13.7618922757949
2320,13.7539527767858
2321,13.7460166992372
2322,13.7380840402016
2323,13.7301547967351
2324,13.7222289658977
2325,13.7143065447532
2326,13.7063875303691
2327,13.6984719198168
2328,13.6905597101713
2329,13.6826508985117
2330,13.6747454819205
2331,13.6668434574841
2332,13.6589448222927
2333,13.6510495734402
2334,13.6431577080242
2335,13.635269223146
2336,13.6273841159108
2337,13.6195023834274
2338,13.6116240228082
2339,13.6037490311695
2340,13.5958774056313
2341,13.588009143317
2342,13.580144241354
2343,13.5722826968732
2344,13.5644245070094
2345,13.5565696689008
2346,13.5487181796894
2347,13.5408700365208
2348,13.5330252365443
2349,13.5251837769127
2350,13.5173456547827
2351,13.5095108673144
2352,13.5016794116717
2353,13.4938512850218
2354,13.486026484536
2355,13.4782050073887
2356,13.4703868507582
2357,13.4625720118264
2358,13.4547604877787
2359,13.446952275804
2360,13.4391473730949
2361,13.4313457768476
2362,13.4235474842616
2363,13.4157524925404
2364,13.4079607988907
2365,13.4001724005228
2366,13.3923872946506
2367,13.3846054784915
2368,13.3768269492665
2369,13.3690517042
2370,13.36127974052
2371,13.3535110554579
2372,13.3457456462489
2373,13.3379835101312
2374,13.330224644347
2375,13.3224690461417
2376,13.3147167127641
2377,13.3069676414667
2378,13.2992218295055
2379,13.2914792741396
2380,13.283739972632
2381,13.2760039222487
2382,13.2682711202597
2383,13.2605415639378
2384,13.2528152505598
2385,13.2450921774055
2386,13.2373723417584
2387,13.2296557409053
2388,13.2219423721365
2389,13.2142322327455
2390,13.2065253200293
2391,13.1988216312885
2392,13.1911211638267
2393,13.1834239149513
2394,13.1757298819727
2395,13.1680390622048
2396,13.160351452965
2397,13.152667051574
2398,13.1449858553557
2399,13.1373078616374
2400,13.12963306775
2401,13.1219614710273
2402,13.1142930688068
2403,13.1066278584292
2404,13.0989658372384
2405,13.0913070025817
2406,13.0836513518099
2407,13.0759988822768
2408,13.0683495913396
2409,13.0607034763589
2410,13.0530605346985
2411,13.0454207637255
2412,13.0377841608101
2413,13.0301507233262
2414,13.0225204486504
2415,13.0148933341631
2416,13.0072693772475
2417,12.9996485752905
2418,12.9920309256818
2419,12.9844164258146
2420,12.9768050730853
2421,12.9691968648934
2422,12.9615917986419
2423,12.9539898717366
2424,12.946391081587
2425,12.9387954256053
2426,12.9312029012073
2427,12.9236135058119
2428,12.916027236841
2429,12.9084440917199
2430,12.9008640678769
2431,12.8932871627437
2432,12.885713373755
2433,12.8781426983487
2434,12.8705751339659
2435,12.8630106780508
2436,12.8554493280507
2437,12.8478910814163
2438,12.840335935601
2439,12.8327838880617
2440,12.8252349362583
2441,12.8176890776539
2442,12.8101463097146
2443,12.8026066299096
2444,12.7950700357113
2445,12.7875365245952
2446,12.7800060940399
2447,12.772478741527
2448,12.7649544645413
2449,12.7574332605705
2450,12.7499151271056
2451,12.7424000616406
2452,12.7348880616725
2453,12.7273791247015
2454,12.7198732482305
2455,12.712370429766
2456,12.7048706668171
2457,12.6973739568962
2458,12.6898802975186
2459,12.6823896862026
2460,12.6749021204697
2461,12.6674175978442
2462,12.6599361158537
2463,12.6524576720285
2464,12.6449822639021
2465,12.637509889011
2466,12.6300405448947
2467,12.6225742290955
2468,12.6151109391589
2469,12.6076506726334
2470,12.6001934270703
2471,12.592739200024
2472,12.5852879890518
2473,12.5778397917141
2474,12.5703946055741
2475,12.5629524281981
2476,12.5555132571551
2477,12.5480770900173
2478,12.5406439243599
2479,12.5332137577606
2480,12.5257865878005
2481,12.5183624120634
2482,12.5109412281361
2483,12.5035230336082
2484,12.4961078260724
2485,12.4886956031241
2486,12.4812863623617
2487,12.4738801013866
2488,12.4664768178029
2489,12.4590765092177
2490,12.451679173241
2491,12.4442848074856
2492,12.4368934095672
2493,12.4295049771044
2494,12.4221195077187
2495,12.4147369990344
2496,12.4073574486786
2497,12.3999808542814
2498,12.3926072134756
2499,12.3852365238969
2500,12.3778687831839
2501,12.370503988978
2502,12.3631421389234
2503,12.3557832306671
2504,12.3484272618589
2505,12.3410742301515
2506,12.3337241332004
2507,12.326376968664
2508,12.3190327342031
2509,12.3116914274819
2510,12.3043530461668
2511,12.2970175879274
2512,12.289685050436
2513,12.2823554313675
2514,12.2750287283998
2515,12.2677049392134
2516,12.2603840614917
2517,12.2530660929208
2518,12.2457510311895
2519,12.2384388739894
2520,12.2311296190149
2521,12.2238232639632
2522,12.2165198065339
2523,12.2092192444298
2524,12.2019215753561
2525,12.1946267970209
2526,12.1873349071349
2527,12.1800459034117
2528,12.1727597835673
2529,12.1654765453207
2530,12.1581961863935
2531,12.1509187045101
2532,12.1436440973974
2533,12.136372362785
2534,12.1291034984055
2535,12.1218375019938
2536,12.1145743712878
2537,12.1073141040278
2538,12.100056697957
2539,12.092802150821
2540,12.0855504603684
2541,12.0783016243502
2542,12.0710556405202
2543,12.0638125066347
2544,12.0565722204528
2545,12.0493347797362
2546,12.0421001822492
2547,12.0348684257586
2548,12.0276395080342
2549,12.0204134268482
2550,12.0131901799752
2551,12.0059697651929
2552,11.9987521802812
2553,11.9915374230229
2554,11.9843254912031
2555,11.9771163826098
2556,11.9699100950334
2557,11.962706626267
2558,11.9555059741063
2559,11.9483081363494
2560,11.9411131107973
2561,11.9339208952533
2562,11.9267314875233
2563,11.9195448854159
2564,11.9123610867423
2565,11.9051800893159
2566,11.8980018909532
2567,11.8908264894728
2568,11.8836538826961
2569,11.8764840684469
2570,11.8693170445516
2571,11.8621528088392
2572,11.8549913591412
2573,11.8478326932915
2574,11.8406768091267
2575,11.8335237044858
2576,11.8263733772104
2577,11.8192258251446
2578,11.8120810461349
2579,11.8049390380305
2580,11.7977997986829
2581,11.7906633259463
2582,11.7835296176771
2583,11.7763986717346
2584,11.7692704859803
2585,11.7621450582782
2586,11.7550223864947
2587,11.7479024684991
2588,11.7407853021626
2589,11.7336708853592
2590,11.7265592159654
2591,11.71945029186
2592,11.7123441109242
2593,11.705240671042
2594,11.6981399700994
2595,11.6910420059851
2596,11.6839467765903
2597,11.6768542798085
2598,11.6697645135356
2599,11.66267747567
2600,11.6555931641126
2601,11.6485115767665
2602,11.6414327115375
2603,11.6343565663337
2604,11.6272831390655
2605,11.6202124276457
2606,11.6131444299898
2607,11.6060791440154
2608,11.5990165676426
2609,11.5919566987938
2610,11.584899535394
2611,11.5778450753704
2612,11.5707933166526
2613,11.5637442571727
2614,11.556697894865
2615,11.5496542276664
2616,11.5426132535158
2617,11.5355749703549
2618,11.5285393761274
2619,11.5215064687796
2620,11.51447624626
2621,11.5074487065195
2622,11.5004238475114
2623,11.4934016671913
2624,11.486382163517
2625,11.4793653344489
2626,11.4723511779496
2627,11.4653396919838
2628,11.4583308745191
2629,11.4513247235247
2630,11.4443212369728
2631,11.4373204128374
2632,11.430322249095
2633,11.4233267437245
2634,11.4163338947069
2635,11.4093437000258
2636,11.4023561576667
2637,11.3953712656177
2638,11.388389021869
2639,11.3814094244133
2640,11.3744324712454
2641,11.3674581603624
2642,11.3604864897638
2643,11.3535174574511
2644,11.3465510614284
2645,11.3395872997018
2646,11.3326261702799
2647,11.3256676711733
2648,11.3187118003951
2649,11.3117585559604
2650,11.3048079358868
2651,11.297859938194
2652,11.2909145609038
2653,11.2839718020407
2654,11.2770316596309
2655,11.2700941317031
2656,11.2631592162883
2657,11.2562269114195
2658,11.2492972151321
2659,11.2423701254637
2660,11.235445640454
2661,11.2285237581449
2662,11.2216044765807
2663,11.2146877938078
2664,11.2077737078747
2665,11.2008622168323
2666,11.1939533187334
2667,11.1870470116334
2668,11.1801432935895
2669,11.1732421626613
2670,11.1663436169105
2671,11.159447654401
2672,11.1525542731988
2673,11.1456634713724
2674,11.1387752469919
2675,11.1318895981301
2676,11.1250065228616
2677,11.1181260192633
2678,11.1112480854144
2679,11.104372719396
2680,11.0974999192914
2681,11.0906296831862
2682,11.083762009168
2683,11.0768968953265
2684,11.0700343397538
2685,11.0631743405437
2686,11.0563168957926
2687,11.0494620035986
2688,11.0426096620623
2689,11.0357598692861
2690,11.0289126233747
2691,11.022067922435
2692,11.0152257645757
2693,11.0083861479078
2694,11.0015490705446
2695,10.9947145306011
2696,10.9878825261946
2697,10.9810530554445
2698,10.9742261164724
2699,10.9674017074017
2700,10.9605798263582
2701,10.9537604714695
2702,10.9469436408655
2703,10.9401293326781
2704,10.9333175450412
2705,10.9265082760908
2706,10.9197015239651
2707,10.9128972868042
2708,10.9060955627504
2709,10.8992963499479
2710,10.892499646543
2711,10.8857054506842
2712,10.8789137605218
2713,10.8721245742085
2714,10.8653378898986
2715,10.8585537057488
2716,10.8517720199176
2717,10.8449928305657
2718,10.8382161358558
2719,10.8314419339525
2720,10.8246702230226
2721,10.8179010012347
2722,10.8111342667598
2723,10.8043700177704
2724,10.7976082524415
2725,10.7908489689498
2726,10.7840921654741
2727,10.7773378401952
2728,10.7705859912959
2729,10.7638366169611
2730,10.7570897153775
2731,10.750345284734
2732,10.7436033232212
2733,10.736863829032
2734,10.7301268003611
2735,10.7233922354053
2736,10.7166601323633
2737,10.7099304894357
2738,10.7032033048252
2739,10.6964785767364
2740,10.689756303376
2741,10.6830364829524
2742,10.6763191136762
2743,10.6696041937599
2744,10.6628917214179
2745,10.6561816948666
2746,10.6494741123242
2747,10.6427689720111
2748,10.6360662721495
2749,10.6293660109636
2750,10.6226681866794
2751,10.6159727975249
2752,10.6092798417302
2753,10.6025893175271
2754,10.5959012231495
2755,10.589215556833
2756,10.5825323168154
2757,10.5758515013362
2758,10.5691731086369
2759,10.562497136961
2760,10.5558235845537
2761,10.5491524496622
2762,10.5424837305358
2763,10.5358174254254
2764,10.5291535325839
2765,10.5224920502662
2766,10.515832976729
2767,10.509176310231
2768,10.5025220490325
2769,10.495870191396
2770,10.4892207355857
2771,10.4825736798678
2772,10.4759290225104
2773,10.4692867617832
2774,10.4626468959581
2775,10.4560094233087
2776,10.4493743421105
2777,10.4427416506408
2778,10.4361113471789
2779,10.4294834300059
2780,10.4228578974047
2781,10.4162347476601
2782,10.4096139790587
2783,10.402995589889
2784,10.3963795784413
2785,10.3897659430079
2786,10.3831546818827
2787,10.3765457933616
2788,10.3699392757423
2789,10.3633351273242
2790,10.3567333464087
2791,10.3501339312991
2792,10.3435368803002
2793,10.3369421917189
2794,10.3303498638639
2795,10.3237598950455
2796,10.317172283576
2797,10.3105870277696
2798,10.3040041259421
2799,10.2974235764111
2800,10.2908453774962
2801,10.2842695275187
2802,10.2776960248016
2803,10.2711248676698
2804,10.26455605445
2805,10.2579895834707
2806,10.251425453062
2807,10.2448636615562
2808,10.2383042072868
2809,10.2317470885896
2810,10.225192303802
2811,10.2186398512631
2812,10.2120897293137
2813,10.2055419362967
2814,10.1989964705564
2815,10.1924533304391
2816,10.1859125142927
2817,10.1793740204671
2818,10.1728378473137
2819,10.1663039931857
2820,10.1597724564383
2821,10.1532432354281
2822,10.1467163285136
2823,10.1401917340551
2824,10.1336694504146
2825,10.1271494759558
2826,10.1206318090443
2827,10.1141164480471
2828,10.1076033913332
2829,10.1010926372734
2830,10.0945841842399
2831,10.088078030607
2832,10.0815741747505
2833,10.0750726150478
2834,10.0685733498784
2835,10.0620763776232
2836,10.0555816966648
2837,10.0490893053879
2838,10.0425992021783
2839,10.0361113854241
2840,10.0296258535147
2841,10.0231426048414
2842,10.016661637797
2843,10.0101829507763
2844,10.0037065421755
2845,9.99723241039276
2846,9.99076055382768
2847,9.98429097088166
2848,9.9778236599578
2849,9.97135861946084
2850,9.96489584779724
2851,9.9584353433751
2852,9.95197710460423
2853,9.94552112989605
2854,9.93906741766373
2855,9.93261596632207
2856,9.92616677428752
2857,9.91971983997824
2858,9.91327516181397
2859,9.90683273821619
2860,9.90039256760799
2861,9.89395464841415
2862,9.88751897906108
2863,9.88108555797679
2864,9.87465438359105
2865,9.86822545433518
2866,9.86179876864215
2867,9.85537432494663
2868,9.84895212168488
2869,9.8425321572948
2870,9.83611443021594
2871,9.82969893888944
2872,9.82328568175814
2873,9.81687465726643
2874,9.81046586386039
2875,9.80405929998766
2876,9.79765496409754
2877,9.79125285464093
2878,9.78485297007038
2879,9.77845530884
2880,9.77205986940554
2881,9.76566665022436
2882,9.75927564975541
2883,9.75288686645927
2884,9.7465002987981
2885,9.74011594523566
2886,9.7337338042373
2887,9.72735387426999
2888,9.72097615380229
2889,9.71460064130432
2890,9.70822733524783
2891,9.70185623410613
2892,9.6954873363541
2893,9.68912064046823
2894,9.68275614492659
2895,9.6763938482088
2896,9.67003374879611
2897,9.66367584517126
2898,9.65732013581865
2899,9.65096661922416
2900,9.64461529387532
2901,9.63826615826116
2902,9.63191921087232
2903,9.62557445020097
2904,9.61923187474084
2905,9.61289148298724
2906,9.606553273437
2907,9.60021724458853
2908,9.59388339494176
2909,9.58755172299821
2910,9.58122222726088
2911,9.57489490623438
2912,9.56856975842485
2913,9.56224678233993
2914,9.55592597648881
2915,9.54960733938224
2916,9.54329086953247
2917,9.53697656545333
2918,9.53066442566011
2919,9.52435444866965
2920,9.51804663300037
2921,9.51174097717213
2922,9.50543747970637
2923,9.49913613912601
2924,9.4928369539555
2925,9.4865399227208
2926,9.4802450439494
2927,9.47395231617026
2928,9.4676617379139
2929,9.4613733077123
2930,9.45508702409897
2931,9.4488028856089
2932,9.44252089077862
2933,9.43624103814609
2934,9.42996332625083
2935,9.4236877536338
2936,9.41741431883749
2937,9.41114302040589
2938,9.40487385688444
2939,9.39860682682007
2940,9.3923419287612
2941,9.38607916125775
2942,9.37981852286106
2943,9.37356001212406
2944,9.367303627601
2945,9.36104936784777
2946,9.35479723142159
2947,9.34854721688122
2948,9.34229932278687
2949,9.33605354770023
2950,9.32980989018444
2951,9.32356834880409
2952,9.31732892212524
2953,9.31109160871543
2954,9.30485640714361
2955,9.29862331598022
2956,9.29239233379713
2957,9.28616345916767
2958,9.27993669066661
2959,9.27371202687017
2960,9.267489466356
2961,9.26126900770323
2962,9.25505064949239
2963,9.24883439030547
2964,9.24262022872585
2965,9.23640816333842
2966,9.23019819272944
2967,9.22399031548661
2968,9.2177845301991
2969,9.21158083545743
2970,9.20537922985365
2971,9.19917971198112
2972,9.19298228043468
2973,9.18678693381058
2974,9.1805936707065
2975,9.17440248972149
2976,9.16821338945607
2977,9.16202636851212
2978,9.15584142549298
2979,9.14965855900332
2980,9.1434777676493
2981,9.13729905003844
2982,9.13112240477965
2983,9.12494783048326
2984,9.11877532576102
2985,9.11260488922602
2986,9.10643651949277
2987,9.10027021517718
2988,9.09410597489656
2989,9.08794379726956
2990,9.08178368091627
2991,9.07562562445815
2992,9.06946962651801
2993,9.06331568572008
2994,9.05716380068994
2995,9.05101397005458
2996,9.04486619244236
2997,9.03872046648294
2998,9.03257679080747
2999,9.02643516404839
3000,9.02029558483951
3001,9.01415805181605
3002,9.00802256361457
3003,9.00188911887297
3004,8.99575771623053
3005,8.98962835432789
3006,8.98350103180708
3007,8.97737574731142
3008,8.97125249948561
3009,8.96513128697573
3010,8.95901210842916
3011,8.95289496249467
3012,8.94677984782237
3013,8.9406667630637
3014,8.93455570687142
3015,8.92844667789968
3016,8.92233967480394
3017,8.916234696241
3018,8.91013174086901
3019,8.90403080734743
3020,8.89793189433709
3021,8.89183500050009
3022,8.88574012449992
3023,8.87964726500135
3024,8.8735564206705
3025,8.86746759017481
3026,8.86138077218306
3027,8.85529596536529
3028,8.84921316839291
3029,8.84313237993864
3030,8.83705359867651
3031,8.83097682328183
3032,8.82490205243129
3033,8.81882928480284
3034,8.81275851907571
3035,8.80668975393053
3036,8.80062298804913
3037,8.79455822011469
3038,8.78849544881172
3039,8.78243467282599
3040,8.77637589084456
3041,8.77031910155582
3042,8.76426430364942
3043,8.75821149581631
3044,8.75216067674875
3045,8.74611184514027
3046,8.74006499968571
3047,8.73402013908115
3048,8.72797726202401
3049,8.72193636721292
3050,8.71589745334787
3051,8.7098605191301
3052,8.70382556326208
3053,8.69779258444763
3054,8.69176158139178
3055,8.68573255280086
3056,8.67970549738251
3057,8.67368041384554
3058,8.66765730090014
3059,8.66163615725766
3060,8.6556169816308
3061,8.64959977273348
3062,8.64358452928087
3063,8.63757124998942
3064,8.63155993357684
3065,8.62555057876207
3066,8.61954318426534
3067,8.61353774880809
3068,8.60753427111305
3069,8.60153274990417
3070,8.59553318390668
3071,8.58953557184702
3072,8.58353991245288
3073,8.5775462044532
3074,8.57155444657817
3075,8.56556463755922
3076,8.55957677612898
3077,8.55359086102136
3078,8.54760689097149
3079,8.54162486471574
3080,8.53564478099167
3081,8.52966663853813
3082,8.52369043609515
3083,8.51771617240401
3084,8.5117438462072
3085,8.50577345624846
3086,8.49980500127273
3087,8.49383848002615
3088,8.48787389125614
3089,8.48191123371129
3090,8.47595050614137
3091,8.46999170729745
3092,8.46403483593177
3093,8.45807989079778
3094,8.45212687065011
3095,8.44617577424465
3096,8.44022660033846
3097,8.43427934768983
3098,8.42833401505824
3099,8.42239060120436
3100,8.41644910489005
3101,8.41050952487841
3102,8.40457185993371
3103,8.39863610882142
3104,8.39270227030821
3105,8.38677034316191
3106,8.38084032615158
3107,8.37491221804747
3108,8.36898601762097
3109,8.36306172364469
3110,8.35713933489244
3111,8.35121885013916
3112,8.34530026816103
3113,8.33938358773538
3114,8.33346880764071
3115,8.32755592665672
3116,8.32164494356427
3117,8.31573585714539
3118,8.3098286661833
3119,8.30392336946236
3120,8.29801996576813
3121,8.29211845388733
3122,8.28621883260783
3123,8.28032110071869
3124,8.27442525701012
3125,8.26853130027348
3126,8.26263922930131
3127,8.25674904288729
3128,8.25086073982627
3129,8.24497431891427
3130,8.23908977894842
3131,8.23320711872703
3132,8.22732633704958
3133,8.22144743271667
3134,8.21557040453008
3135,8.20969525129267
3136,8.20382197180852
3137,8.19795056488283
3138,8.19208102932193
3139,8.18621336393329
3140,8.18034756752555
3141,8.17448363890843
3142,8.16862157689285
3143,8.16276138029084
3144,8.15690304791555
3145,8.15104657858127
3146,8.14519197110344
3147,8.1393392242986
3148,8.13348833698443
3149,8.12763930797973
3150,8.12179213610447
3151,8.11594682017968
3152,8.11010335902756
3153,8.10426175147137
3154,8.09842199633558
3155,8.09258409244568
3156,8.08674803862836
3157,8.08091383371138
3158,8.07508147652362
3159,8.06925096589506
3160,8.06342230065684
3161,8.05759547964115
3162,8.05177050168134
3163,8.04594736561181
3164,8.04012607026812
3165,8.03430661448689
3166,8.02848899710587
3167,8.02267321696392
3168,8.01685927290097
3169,8.01104716375807
3170,8.00523688837735
3171,7.99942844560204
3172,7.99362183427649
3173,7.9878170532461
3174,7.98201410135739
3175,7.97621297745798
3176,7.97041368039653
3177,7.96461620902282
3178,7.95882056218777
3179,7.95302673874328
3180,7.94723473754237
3181,7.9414445574392
3182,7.93565619728893
3183,7.92986965594787
3184,7.92408493227335
3185,7.91830202512379
3186,7.91252093335869
3187,7.90674165583867
3188,7.90096419142535
3189,7.89518853898144
3190,7.88941469737076
3191,7.88364266545814
3192,7.87787244210953
3193,7.87210402619189
3194,7.86633741657333
3195,7.86057261212292
3196,7.85480961171088
3197,7.8490484142084
3198,7.84328901848784
3199,7.83753142342251
3200,7.83177562788686
3201,7.82602163075632
3202,7.82026943090744
3203,7.81451902721781
3204,7.80877041856603
3205,7.80302360383178
3206,7.7972785818958
3207,7.79153535163986
3208,7.78579391194676
3209,7.78005426170038
3210,7.77431639978563
3211,7.76858032508844
3212,7.76284603649581
3213,7.75711353289577
3214,7.75138281317738
3215,7.74565387623075
3216,7.739926720947
3217,7.73420134621833
3218,7.72847775093794
3219,7.72275593400005
3220,7.71703589429995
3221,7.71131763073392
3222,7.70560114219928
3223,7.69988642759441
3224,7.69417348581867
3225,7.68846231577243
3226,7.68275291635717
3227,7.67704528647531
3228,7.6713394250303
3229,7.66563533092664
3230,7.65993300306982
3231,7.65423244036637
3232,7.64853364172384
3233,7.64283660605072
3234,7.63714133225664
3235,7.63144781925211
3236,7.62575606594875
3237,7.62006607125912
3238,7.61437783409686
3239,7.60869135337654
3240,7.60300662801379
3241,7.5973236569252
3242,7.59164243902839
3243,7.58596297324199
3244,7.58028525848561
3245,7.57460929367988
3246,7.56893507774638
3247,7.56326260960777
3248,7.55759188818762
3249,7.55192291241052
3250,7.5462556812021
3251,7.54059019348893
3252,7.53492644819857
3253,7.52926444425959
3254,7.52360418060157
3255,7.517945656155
3256,7.51228886985145
3257,7.50663382062339
3258,7.50098050740435
3259,7.49532892912877
3260,7.48967908473212
3261,7.48403097315083
3262,7.47838459332231
3263,7.47273994418496
3264,7.46709702467815
3265,7.46145583374218
3266,7.4558163703184
3267,7.45017863334909
3268,7.44454262177749
3269,7.43890833454784
3270,7.43327577060536
3271,7.42764492889616
3272,7.42201580836741
3273,7.41638840796718
3274,7.41076272664455
3275,7.40513876334952
3276,7.3995165170331
3277,7.3938959866472
3278,7.38827717114474
3279,7.38266006947959
3280,7.37704468060655
3281,7.3714310034814
3282,7.36581903706088
3283,7.36020878030265
3284,7.35460023216537
3285,7.34899339160862
3286,7.34338825759289
3287,7.33778482907974
3288,7.33218310503155
3289,7.32658308441172
3290,7.32098476618454
3291,7.31538814931532
3292,7.30979323277025
3293,7.30420001551649
3294,7.29860849652215
3295,7.29301867475621
3296,7.2874305491887
3297,7.2818441187905
3298,7.27625938253347
3299,7.27067633939038
3300,7.26509498833495
3301,7.25951532834183
3302,7.25393735838658
3303,7.24836107744574
3304,7.24278648449673
3305,7.23721357851792
3306,7.2316423584886
3307,7.22607282338901
3308,7.22050497220028
3309,7.21493880390449
3310,7.20937431748462
3311,7.2038115119246
3312,7.19825038620925
3313,7.19269093932432
3314,7.18713317025651
3315,7.18157707799339
3316,7.17602266152347
3317,7.17046991983615
3318,7.16491885192181
3319,7.15936945677165
3320,7.15382173337785
3321,7.14827568073348
3322,7.14273129783253
3323,7.13718858366987
3324,7.13164753724129
3325,7.1261081575435
3326,7.1205704435741
3327,7.11503439433163
3328,7.10950000881545
3329,7.10396728602593
3330,7.09843622496425
3331,7.09290682463253
3332,7.08737908403378
3333,7.08185300217193
3334,7.07632857805179
3335,7.07080581067902
3336,7.06528469906026
3337,7.059765242203
3338,7.0542474391156
3339,7.04873128880732
3340,7.04321679028838
3341,7.03770394256979
3342,7.0321927446635
3343,7.02668319558232
3344,7.02117529434
3345,7.01566903995111
3346,7.01016443143115
3347,7.00466146779646
3348,6.99916014806431
3349,6.99366047125281
3350,6.98816243638097
3351,6.98266604246868
3352,6.9771712885367
3353,6.97167817360664
3354,6.96618669670105
3355,6.96069685684331
3356,6.95520865305767
3357,6.94972208436925
3358,6.94423714980409
3359,6.93875384838902
3360,6.9332721791518
3361,6.92779214112106
3362,6.92231373332625
3363,6.91683695479772
3364,6.91136180456668
3365,6.90588828166521
3366,6.90041638512624
3367,6.89494611398356
3368,6.88947746727182
3369,6.88401044402656
3370,6.87854504328413
3371,6.87308126408177
3372,6.86761910545759
3373,6.86215856645052
3374,6.85669964610035
3375,6.85124234344776
3376,6.84578665753421
3377,6.84033258740212
3378,6.83488013209466
3379,6.82942929065588
3380,6.82398006213072
3381,6.8185324455649
3382,6.81308644000505
3383,6.80764204449861
3384,6.80219925809384
3385,6.79675807983993
3386,6.7913185087868
3387,6.78588054398531
3388,6.78044418448711
3389,6.7750094293447
3390,6.76957627761139
3391,6.76414472834139
3392,6.7587147805897
3393,6.75328643341217
3394,6.74785968586547
3395,6.74243453700714
3396,6.73701098589552
3397,6.73158903158976
3398,6.72616867314993
3399,6.72074990963682
3400,6.71533274011212
3401,6.70991716363831
3402,6.70450317927874
3403,6.69909078609756
3404,6.69367998315973
3405,6.68827076953104
3406,6.68286314427814
3407,6.67745710646846
3408,6.67205265517025
3409,6.66664978945262
3410,6.66124850838549
3411,6.65584881103952
3412,6.65045069648632
3413,6.64505416379818
3414,6.63965921204834
3415,6.63426584031072
3416,6.62887404766017
3417,6.62348383317227
3418,6.61809519592346
3419,6.61270813499095
3420,6.60732264945281
3421,6.60193873838787
3422,6.5965564008758
3423,6.59117563599708
3424,6.58579644283296
3425,6.58041882046552
3426,6.57504276797765
3427,6.569668284453
3428,6.56429536897611
3429,6.55892402063223
3430,6.55355423850747
3431,6.54818602168867
3432,6.54281936926357
3433,6.53745428032062
3434,6.5320907539491
3435,6.52672878923908
3436,6.52136838528146
3437,6.51600954116785
3438,6.51065225599073
3439,6.50529652884337
3440,6.49994235881978
3441,6.49458974501478
3442,6.489238686524
3443,6.48388918244384
3444,6.47854123187151
3445,6.47319483390497
3446,6.46784998764295
3447,6.46250669218507
3448,6.45716494663161
3449,6.4518247500837
3450,6.44648610164323
3451,6.44114900041288
3452,6.4358134454961
3453,6.43047943599713
3454,6.42514697102099
3455,6.41981604967346
3456,6.41448667106111
3457,6.4091588342913
3458,6.40383253847212
3459,6.39850778271246
3460,6.39318456612201
3461,6.38786288781119
3462,6.38254274689121
3463,6.37722414247405
3464,6.37190707367245
3465,6.36659153959992
3466,6.36127753937073
3467,6.35596507209996
3468,6.35065413690339
3469,6.34534473289763
3470,6.34003685920001
3471,6.33473051492862
3472,6.32942569920235
3473,6.32412241114079
3474,6.31882064986438
3475,6.31352041449423
3476,6.30822170415228
3477,6.30292451796116
3478,6.29762885504431
3479,6.29233471452591
3480,6.28704209553089
3481,6.28175099718492
3482,6.27646141861447
3483,6.27117335894671
3484,6.26588681730959
3485,6.26060179283181
3486,6.2553182846428
3487,6.25003629187279
3488,6.24475581365268
3489,6.23947684911418
3490,6.23419939738975
3491,6.22892345761252
3492,6.22364902891645
3493,6.21837611043621
3494,6.2131047013072
3495,6.20783480066559
3496,6.20256640764828
3497,6.19729952139289
3498,6.19203414103779
3499,6.18677026572215
3500,6.18150789458578
3501,6.17624702676927
3502,6.17098766141396
3503,6.16572979766191
3504,6.16047343465594
3505,6.15521857153956
3506,6.14996520745702
3507,6.14471334155334
3508,6.13946297297425
3509,6.13421410086618
3510,6.12896672437638
3511,6.12372084265269
3512,6.1184764548438
3513,6.11323356009909
3514,6.10799215756864
3515,6.10275224640328
3516,6.09751382575455
3517,6.09227689477472
3518,6.0870414526168
3519,6.08180749843452
3520,6.07657503138228
3521,6.07134405061527
3522,6.06611455528935
3523,6.06088654456116
3524,6.05566001758797
3525,6.05043497352781
3526,6.04521141153947
3527,6.03998933078239
3528,6.03476873041677
3529,6.02954960960347
3530,6.02433196750414
3531,6.01911580328105
3532,6.01390111609729
3533,6.00868790511657
3534,6.00347616950333
3535,5.99826590842276
3536,5.99305712104071
3537,5.9878498065238
3538,5.98264396403924
3539,5.97743959275509
3540,5.97223669184001
3541,5.96703526046339
3542,5.96183529779537
3543,5.95663680300676
3544,5.95143977526901
3545,5.9462442137544
3546,5.94105011763579
3547,5.9358574860868
3548,5.93066631828177
3549,5.92547661339567
3550,5.92028837060423
3551,5.91510158908383
3552,5.90991626801158
3553,5.90473240656527
3554,5.89955000392337
3555,5.89436905926509
3556,5.88918957177025
3557,5.88401154061948
3558,5.87883496499397
3559,5.87365984407572
3560,5.86848617704732
3561,5.86331396309212
3562,5.85814320139413
3563,5.85297389113803
3564,5.84780603150921
3565,5.84263962169375
3566,5.8374746608784
3567,5.83231114825058
3568,5.82714908299844
3569,5.82198846431078
3570,5.81682929137707
3571,5.81167156338747
3572,5.80651527953287
3573,5.80136043900476
3574,5.79620704099536
3575,5.79105508469754
3576,5.78590456930488
3577,5.78075549401159
3578,5.77560785801262
3579,5.77046166050353
3580,5.76531690068058
3581,5.76017357774074
3582,5.75503169088157
3583,5.7498912393014
3584,5.74475222219912
3585,5.73961463877443
3586,5.73447848822757
3587,5.72934376975947
3588,5.72421048257185
3589,5.71907862586692
3590,5.71394819884769
3591,5.70881920071776
3592,5.70369163068146
3593,5.69856548794371
3594,5.69344077171016
3595,5.68831748118708
3596,5.68319561558141
3597,5.6780751741008
3598,5.67295615595347
3599,5.66783856034836
3600,5.66272238649508
3601,5.65760763360387
3602,5.65249430088563
3603,5.64738238755191
3604,5.64227189281496
3605,5.63716281588764
3606,5.63205515598347
3607,5.62694891231663
3608,5.62184408410198
3609,5.61674067055499
3610,5.61163867089184
3611,5.60653808432926
3612,5.60143891008473
3613,5.59634114737634
3614,5.59124479542285
3615,5.58614985344363
3616,5.58105632065872
3617,5.57596419628882
3618,5.57087347955523
3619,5.56578416967997
3620,5.56069626588565
3621,5.55560976739552
3622,5.55052467343351
3623,5.54544098322415
3624,5.54035869599265
3625,5.53527781096486
3626,5.53019832736724
3627,5.5251202444269
3628,5.52004356137161
3629,5.51496827742976
3630,5.50989439183039
3631,5.50482190380316
3632,5.49975081257837
3633,5.49468111738698
3634,5.48961281746054
3635,5.48454591203131
3636,5.47948040033206
3637,5.47441628159635
3638,5.46935355505822
3639,5.46429221995245
3640,5.4592322755144
3641,5.45417372098007
3642,5.44911655558608
3643,5.44406077856972
3644,5.43900638916886
3645,5.43395338662202
3646,5.42890177016833
3647,5.42385153904758
3648,5.41880269250014
3649,5.41375522976703
3650,5.40870915008991
3651,5.40366445271103
3652,5.39862113687329
3653,5.39357920182017
3654,5.38853864679584
3655,5.38349947104504
3656,5.37846167381312
3657,5.37342525434607
3658,5.36839021189053
3659,5.36335654569371
3660,5.35832425500345
3661,5.35329333906819
3662,5.34826379713705
3663,5.34323562845969
3664,5.33820883228643
3665,5.33318340786816
3666,5.32815935445643
3667,5.3231366713034
3668,5.31811535766182
3669,5.31309541278505
3670,5.30807683592704
3671,5.30305962634242
3672,5.29804378328637
3673,5.2930293060147
3674,5.28801619378382
3675,5.28300444585074
3676,5.2779940614731
3677,5.27298503990911
3678,5.26797738041764
3679,5.26297108225809
3680,5.25796614469056
3681,5.25296256697565
3682,5.24796034837463
3683,5.24295948814934
3684,5.23795998556226
3685,5.23296183987642
3686,5.22796505035548
3687,5.22296961626369
3688,5.21797553686591
3689,5.21298281142761
3690,5.20799143921479
3691,5.20300141949411
3692,5.19801275153284
3693,5.19302543459879
3694,5.18803946796039
3695,5.18305485088666
3696,5.17807158264724
3697,5.17308966251233
3698,5.1681090897527
3699,5.16312986363978
3700,5.15815198344555
3701,5.15317544844258
3702,5.14820025790402
3703,5.14322641110365
3704,5.1382539073158
3705,5.13328274581538
3706,5.12831292587795
3707,5.12334444677958
3708,5.11837730779695
3709,5.11341150820736
3710,5.10844704728862
3711,5.10348392431925
3712,5.09852213857822
3713,5.09356168934514
3714,5.08860257590023
3715,5.08364479752422
3716,5.0786883534985
3717,5.07373324310496
3718,5.06877946562616
3719,5.06382702034516
3720,5.05887590654562
3721,5.05392612351179
3722,5.04897767052854
3723,5.0440305468812
3724,5.03908475185578
3725,5.03414028473885
3726,5.02919714481749
3727,5.02425533137944
3728,5.01931484371292
3729,5.01437568110683
3730,5.00943784285057
3731,5.0045013282341
3732,4.99956613654801
3733,4.99463226708341
3734,4.98969971913202
3735,4.98476849198608
3736,4.97983858493846
3737,4.97490999728254
3738,4.9699827283123
3739,4.96505677732226
3740,4.96013214360754
3741,4.95520882646382
3742,4.95028682518731
3743,4.94536613907482
3744,4.9404467674237
3745,4.93552870953188
3746,4.93061196469787
3747,4.92569653222068
3748,4.92078241139994
3749,4.91586960153582
3750,4.91095810192905
3751,4.90604791188091
3752,4.90113903069327
3753,4.89623145766851
3754,4.8913251921096
3755,4.88642023332006
3756,4.88151658060397
3757,4.87661423326598
3758,4.87171319061126
3759,4.86681345194555
3760,4.86191501657516
3761,4.85701788380692
3762,4.85212205294823
3763,4.84722752330709
3764,4.84233429419195
3765,4.83744236491192
3766,4.83255173477657
3767,4.82766240309606
3768,4.8227743691811
3769,4.81788763234299
3770,4.81300219189347
3771,4.80811804714492
3772,4.80323519741026
3773,4.79835364200289
3774,4.79347338023684
3775,4.78859441142662
3776,4.78371673488734
3777,4.7788403499346
3778,4.77396525588456
3779,4.76909145205396
3780,4.76421893776005
3781,4.7593477123206
3782,4.75447777505397
3783,4.74960912527904
3784,4.7447417623152
3785,4.73987568548245
3786,4.73501089410126
3787,4.73014738749265
3788,4.72528516497822
3789,4.72042422588007
3790,4.71556456952084
3791,4.7107061952237
3792,4.70584910231241
3793,4.70099329011119
3794,4.69613875794484
3795,4.69128550513865
3796,4.68643353101853
3797,4.68158283491082
3798,4.67673341614246
3799,4.6718852740409
3800,4.66703840793411
3801,4.66219281715061
3802,4.65734850101943
3803,4.65250545887018
3804,4.64766369003292
3805,4.6428231938383
3806,4.63798396961745
3807,4.63314601670209
3808,4.62830933442439
3809,4.62347392211714
3810,4.61863977911353
3811,4.61380690474742
3812,4.60897529835306
3813,4.60414495926531
3814,4.59931588681953
3815,4.59448808035162
3816,4.58966153919793
3817,4.58483626269543
3818,4.58001225018155
3819,4.57518950099426
3820,4.57036801447203
3821,4.56554778995391
3822,4.56072882677935
3823,4.55591112428846
3824,4.55109468182175
3825,4.54627949872035
3826,4.54146557432581
3827,4.53665290798025
3828,4.53184149902631
3829,4.52703134680714
3830,4.52222245066636
3831,4.51741480994819
3832,4.51260842399726
3833,4.50780329215878
3834,4.5029994137785
3835,4.49819678820261
3836,4.4933954147778
3837,4.4885952928514
3838,4.48379642177109
3839,4.47899880088517
3840,4.47420242954241
3841,4.46940730709208
3842,4.46461343288398
3843,4.4598208062684
3844,4.45502942659614
3845,4.45023929321853
3846,4.44545040548735
3847,4.44066276275496
3848,4.43587636437417
3849,4.4310912096983
3850,4.42630729808121
3851,4.42152462887723
3852,4.41674320144119
3853,4.41196301512846
3854,4.40718406929485
3855,4.40240636329675
3856,4.39762989649097
3857,4.39285466823487
3858,4.38808067788631
3859,4.38330792480363
3860,4.37853640834567
3861,4.3737661278718
3862,4.36899708274185
3863,4.36422927231613
3864,4.35946269595553
3865,4.35469735302132
3866,4.34993324287537
3867,4.34517036488
3868,4.34040871839803
3869,4.33564830279276
3870,4.33088911742801
3871,4.32613116166806
3872,4.32137443487772
3873,4.31661893642224
3874,4.31186466566746
3875,4.30711162197959
3876,4.3023598047254
3877,4.29760921327214
3878,4.29285984698755
3879,4.28811170523986
3880,4.28336478739775
3881,4.27861909283047
3882,4.27387462090768
3883,4.26913137099957
3884,4.2643893424768
3885,4.2596485347105
3886,4.25490894707234
3887,4.25017057893442
3888,4.24543342966934
3889,4.24069749865021
3890,4.23596278525058
3891,4.23122928884449
3892,4.22649700880653
3893,4.22176594451167
3894,4.21703609533543
3895,4.21230746065382
3896,4.20758003984324
3897,4.20285383228068
3898,4.19812883734355
3899,4.19340505440975
3900,4.18868248285767
3901,4.18396112206616
3902,4.17924097141456
3903,4.17452203028266
3904,4.16980429805077
3905,4.16508777409967
3906,4.16037245781057
3907,4.15565834856522
3908,4.15094544574578
3909,4.14623374873492
3910,4.14152325691582
3911,4.13681396967205
3912,4.1321058863877
3913,4.12739900644732
3914,4.12269332923597
3915,4.11798885413913
3916,4.11328558054277
3917,4.10858350783333
3918,4.10388263539774
3919,4.09918296262337
3920,4.09448448889807
3921,4.08978721361015
3922,4.0850911361484
3923,4.08039625590209
3924,4.07570257226092
3925,4.07101008461508
3926,4.06631879235524
3927,4.06162869487251
3928,4.05693979155846
3929,4.05225208180515
3930,4.04756556500509
3931,4.04288024055126
3932,4.03819610783711
3933,4.03351316625651
3934,4.02883141520385
3935,4.02415085407395
3936,4.01947148226212
3937,4.01479329916407
3938,4.01011630417602
3939,4.00544049669466
3940,4.00076587611709
3941,3.99609244184091
3942,3.99142019326418
3943,3.98674912978537
3944,3.98207925080348
3945,3.97741055571791
3946,3.97274304392852
3947,3.96807671483565
3948,3.96341156784011
3949,3.95874760234312
3950,3.95408481774638
3951,3.94942321345205
3952,3.94476278886273
3953,3.94010354338146
3954,3.93544547641179
3955,3.93078858735766
3956,3.92613287562348
3957,3.92147834061413
3958,3.91682498173495
3959,3.91217279839166
3960,3.90752178999053
3961,3.90287195593818
3962,3.89822329564177
3963,3.89357580850885
3964,3.88892949394745
3965,3.88428435136602
3966,3.87964038017348
3967,3.87499757977918
3968,3.87035594959295
3969,3.86571548902501
3970,3.86107619748606
3971,3.85643807438726
3972,3.8518011191402
3973,3.84716533115689
3974,3.84253070984982
3975,3.8378972546319
3976,3.83326496491652
3977,3.82863384011746
3978,3.82400387964896
3979,3.81937508292573
3980,3.81474744936289
3981,3.81012097837599
3982,3.80549566938109
3983,3.8008715217946
3984,3.79624853503343
3985,3.79162670851489
3986,3.78700604165676
3987,3.78238653387726
3988,3.77776818459502
3989,3.7731509932291
3990,3.76853495919906
3991,3.76392008192485
3992,3.75930636082681
3993,3.75469379532584
3994,3.75008238484313
3995,3.74547212880042
3996,3.74086302661981
3997,3.7362550777239
3998,3.73164828153568
3999,3.72704263747855
4000,3.72243814497638
4001,3.7136679598938
4002,3.70489996653558
4003,3.69613416380658
4004,3.68737055061247
4005,3.67860912585967
4006,3.66984988845544
4007,3.66109283730797
4008,3.65233797132611
4009,3.6435852894196
4010,3.634834790499
4011,3.62608647347567
4012,3.61734033726179
4013,3.60859638077036
4014,3.59985460291517
4015,3.59111500261086
4016,3.58237757877281
4017,3.57364233031731
4018,3.56490925616138
4019,3.55617835522288
4020,3.54744962642052
4021,3.53872306867368
4022,3.52999868090266
4023,3.52127646202859
4024,3.51255641097331
4025,3.50383852665953
4026,3.49512280801077
4027,3.48640925395124
4028,3.4776978634061
4029,3.46898863530126
4030,3.46028156856334
4031,3.45157666211993
4032,3.44287391489924
4033,3.43417332583039
4034,3.42547489384331
4035,3.41677861786862
4036,3.40808449683781
4037,3.39939252968317
4038,3.39070271533775
4039,3.3820150527354
4040,3.37332954081081
4041,3.36464617849936
4042,3.35596496473729
4043,3.34728589846168
4044,3.33860897861028
4045,3.32993420412174
4046,3.32126157393537
4047,3.3125910869914
4048,3.30392274223074
4049,3.29525653859514
4050,3.28659247502718
4051,3.27793055047008
4052,3.26927076386797
4053,3.26061311416574
4054,3.25195760030901
4055,3.24330422124425
4056,3.23465297591864
4057,3.22600386328017
4058,3.21735688227759
4059,3.20871203186049
4060,3.20006931097917
4061,3.19142871858474
4062,3.18279025362905
4063,3.17415391506477
4064,3.16551970184531
4065,3.15688761292484
4066,3.14825764725831
4067,3.13962980380151
4068,3.13100408151094
4069,3.1223804793438
4070,3.11375899625822
4071,3.10513963121295
4072,3.09652238316758
4073,3.08790725108248
4074,3.07929423391878
4075,3.07068333063825
4076,3.06207454020362
4077,3.05346786157831
4078,3.04486329372639
4079,3.03626083561287
4080,3.02766048620337
4081,3.01906224446441
4082,3.01046610936314
4083,3.00187207986758
4084,2.99328015494641
4085,2.98469033356911
4086,2.97610261470594
4087,2.9675169973279
4088,2.95893348040676
4089,2.95035206291497
4090,2.94177274382579
4091,2.9331955221133
4092,2.92462039675218
4093,2.91604736671803
4094,2.90747643098705
4095,2.89890758853626
4096,2.89034083834349
4097,2.88177617938716
4098,2.87321361064662
4099,2.86465313110183
4100,2.85609473973355
4101,2.84753843552328
4102,2.83898421745331
4103,2.83043208450655
4104,2.8218820356668
4105,2.81333406991853
4106,2.80478818624693
4107,2.79624438363796
4108,2.78770266107839
4109,2.77916301755555
4110,2.7706254520577
4111,2.76208996357374
4112,2.75355655109334
4113,2.74502521360684
4114,2.73649595010544
4115,2.72796875958095
4116,2.719443641026
4117,2.71092059343393
4118,2.70239961579878
4119,2.69388070711534
4120,2.68536386637921
4121,2.67684909258659
4122,2.6683363847345
4123,2.65982574182065
4124,2.65131716284353
4125,2.64281064680227
4126,2.6343061926968
4127,2.62580379952777
4128,2.61730346629654
4129,2.60880519200519
4130,2.60030897565655
4131,2.59181481625414
4132,2.58332271280226
4133,2.57483266430583
4134,2.56634466977057
4135,2.55785872820297
4136,2.5493748386101
4137,2.54089299999991
4138,2.53241321138088
4139,2.52393547176244
4140,2.51545978015454
4141,2.50698613556794
4142,2.4985145370141
4143,2.4900449835052
4144,2.48157747405412
4145,2.47311200767444
4146,2.46464858338055
4147,2.4561872001874
4148,2.4477278571108
4149,2.43927055316715
4150,2.43081528737369
4151,2.4223620587482
4152,2.41391086630935
4153,2.40546170907638
4154,2.39701458606935
4155,2.38856949630891
4156,2.38012643881655
4157,2.37168541261431
4158,2.3632464167251
4159,2.35480945017243
4160,2.34637451198051
4161,2.33794160117431
4162,2.32951071677947
4163,2.32108185782237
4164,2.31265502332998
4165,2.30423021233015
4166,2.29580742385126
4167,2.28738665692249
4168,2.27896791057371
4169,2.27055118383541
4170,2.26213647573889
4171,2.25372378531607
4172,2.24531311159957
4173,2.23690445362279
4174,2.2284978104197
4175,2.22009318102502
4176,2.21169056447418
4177,2.20328995980332
4178,2.19489136604919
4179,2.18649478224934
4180,2.17810020744192
4181,2.16970764066577
4182,2.16131708096055
4183,2.15292852736641
4184,2.14454197892436
4185,2.13615743467601
4186,2.12777489366366
4187,2.11939435493032
4188,2.11101581751969
4189,2.10263928047613
4190,2.09426474284473
4191,2.08589220367116
4192,2.07752166200191
4193,2.06915311688403
4194,2.06078656736539
4195,2.05242201249436
4196,2.04405945132017
4197,2.03569888289258
4198,2.02734030626215
4199,2.01898372048008
4200,2.01062912459817
4201,2.00227651766899
4202,1.99392589874576
4203,1.98557726688239
4204,1.97723062113343
4205,1.96888596055414
4206,1.9605432842004
4207,1.95220259112883
4208,1.94386388039673
4209,1.93552715106196
4210,1.92719240218317
4211,1.91885963281964
4212,1.91052884203127
4213,1.90220002887875
4214,1.89387319242332
4215,1.88554833172693
4216,1.87722544585224
4217,1.86890453386248
4218,1.86058559482167
4219,1.85226862779439
4220,1.84395363184595
4221,1.83564060604227
4222,1.82732954944997
4223,1.81902046113634
4224,1.81071334016935
4225,1.80240818561756
4226,1.7941049965502
4227,1.78580377203725
4228,1.77750451114929
4229,1.76920721295756
4230,1.76091187653393
4231,1.752618500951
4232,1.74432708528193
4233,1.73603762860065
4234,1.72775012998169
4235,1.71946458850023
4236,1.71118100323206
4237,1.70289937325374
4238,1.69461969764237
4239,1.68634197547582
4240,1.67806620583248
4241,1.66979238779145
4242,1.66152052043256
4243,1.65325060283617
4244,1.64498263408334
4245,1.63671661325576
4246,1.62845253943584
4247,1.62019041170657
4248,1.61193022915156
4249,1.60367199085517
4250,1.5954156959023
4251,1.58716134337857
4252,1.57890893237021
4253,1.57065846196413
4254,1.5624099312478
4255,1.55416333930941
4256,1.54591868523782
4257,1.53767596812243
4258,1.52943518705333
4259,1.52119634112132
4260,1.51295942941774
4261,1.50472445103462
4262,1.49649140506457
4263,1.48826029060096
4264,1.48003110673768
4265,1.47180385256928
4266,1.46357852719102
4267,1.45535512969873
4268,1.44713365918888
4269,1.43891411475857
4270,1.43069649550555
4271,1.42248080052825
4272,1.41426702892566
4273,1.4060551797974
4274,1.39784525224378
4275,1.38963724536572
4276,1.38143115826475
4277,1.37322699004305
4278,1.3650247398034
4279,1.35682440664927
4280,1.34862598968466
4281,1.34042948801436
4282,1.33223490074357
4283,1.32404222697833
4284,1.31585146582517
4285,1.30766261639126
4286,1.29947567778444
4287,1.29129064911318
4288,1.28310752948651
4289,1.27492631801414
4290,1.26674701380636
4291,1.25856961597416
4292,1.25039412362905
4293,1.24222053588324
4294,1.23404885184947
4295,1.22587907064124
4296,1.21771119137253
4297,1.20954521315803
4298,1.20138113511296
4299,1.19321895635328
4300,1.18505867599546
4301,1.17690029315666
4302,1.16874380695457
4303,1.16058921650756
4304,1.15243652093462
4305,1.1442857193553
4306,1.13613681088988
4307,1.12798979465907
4308,1.11984466978435
4309,1.11170143538775
4310,1.1035600905919
4311,1.09542063452007
4312,1.08728306629613
4313,1.07914738504451
4314,1.07101358989037
4315,1.06288167995935
4316,1.05475165437778
4317,1.04662351227255
4318,1.03849725277119
4319,1.03037287500183
4320,1.02225037809318
4321,1.01412976117454
4322,1.00601102337589
4323,0.997894163827795
4324,0.989779181661323
4325,0.98166607600827
4326,0.973554846000962
4327,0.965445490772378
4328,0.957338009456063
4329,0.949232401186144
4330,0.941128665097384
4331,0.933026800325166
4332,0.92492680600537
4333,0.916828681274595
4334,0.90873242527001
4335,0.900638037129294
4336,0.892545515990836
4337,0.884454860993532
4338,0.876366071276962
4339,0.868279145981194
4340,0.860194084246999
4341,0.852110885215669
4342,0.844029548029152
4343,0.835950071829853
4344,0.827872455760975
4345,0.819796698966112
4346,0.811722800589614
4347,0.803650759776325
4348,0.795580575671675
4349,0.787512247421731
4350,0.779445774173102
4351,0.771381155073076
4352,0.763318389269372
4353,0.755257475910504
4354,0.747198414145338
4355,0.739141203123527
4356,0.731085841995203
4357,0.723032329911128
4358,0.714980666022612
4359,0.706930849481541
4360,0.698882879440475
4361,0.690836755052405
4362,0.682792475471082
4363,0.674750039850721
4364,0.666709447346104
4365,0.658670697112672
4366,0.650633788306429
4367,0.642598720083917
4368,0.634565491602295
4369,0.62653410201926
4370,0.61850455049311
4371,0.610476836182762
4372,0.602450958247665
4373,0.594426915847848
4374,0.586404708143942
4375,0.578384334297091
4376,0.570365793469072
4377,0.562349084822213
4378,0.554334207519439
4379,0.546321160724261
4380,0.538309943600652
4381,0.530300555313332
4382,0.52229299502746
4383,0.514287261908802
4384,0.506283355123699
4385,0.498281273839101
4386,0.490281017222458
4387,0.48228258444183
4388,0.474285974665857
4389,0.466291187063675
4390,0.458298220805109
4391,0.450307075060437
4392,0.442317749000562
4393,0.434330241796985
4394,0.42634455262165
4395,0.418360680647204
4396,0.410378625046803
4397,0.40239838499415
4398,0.394419959663505
4399,0.386443348229751
4400,0.378468549868266
4401,0.370495563755046
4402,0.362524389066575
4403,0.354555024980037
4404,0.346587470672993
4405,0.338621725323666
4406,0.330657788110912
4407,0.322695658213949
4408,0.314735334812752
4409,0.306776817087766
4410,0.298820104219921
4411,0.29086519539085
4412,0.282912089782677
4413,0.27496078657806
4414,0.267011284960205
4415,0.259063584112926
4416,0.251117683220571
4417,0.243173581467989
4418,0.235231278040679
4419,0.227290772124647
4420,0.219352062906424
4421,0.211415149573128
4422,0.203480031312367
4423,0.195546707312445
4424,0.187615176762048
4425,0.179685438850477
4426,0.171757492767647
4427,0.163831337703964
4428,0.155906972850314
4429,0.14798439739829
4430,0.140063610539883
4431,0.132144611467698
4432,0.124227399374945
4433,0.116311973455229
4434,0.108398332902837
4435,0.100486476912561
4436,0.0925764046796935
4437,0.084668115400099
4438,0.0767616082702531
4439,0.068856882487065
4440,0.0609539372480477
4441,0.0530527717512221
4442,0.0451533851952171
4443,0.0372557767791655
4444,0.0293599457026623
4445,0.0214658911659846
4446,0.0135736123698464
4447,0.0056831085155622
4448,-0.00220562119511669
4449,-0.0100925775597176
4450,-0.0179777613754197
4451,-0.0258611734387486
4452,-0.0337428145457679
4453,-0.0416226854919302
4454,-0.04950078707218
4455,-0.0573771200809681
4456,-0.0652516853121661
4457,-0.0731244835591127
4458,-0.0809955156145996
4459,-0.0888647822709601
4460,-0.0967322843199128
4461,-0.104598022552679
4462,-0.112461997759937
4463,-0.120324210731827
4464,-0.128184662257993
4465,-0.136043353127498
4466,-0.143900284128939
4467,-0.15175545605031
4468,-0.159608869679133
4469,-0.16746052580239
4470,-0.175310425206497
4471,-0.183158568677356
4472,-0.191004957000413
4473,-0.198849590960503
4474,-0.206692471341913
4475,-0.214533598928547
4476,-0.222372974503624
4477,-0.230210598849929
4478,-0.238046472749673
4479,-0.245880596984573
4480,-0.253712972335833
4481,-0.261543599584126
4482,-0.269372479509549
4483,-0.277199612891767
4484,-0.285025000509869
4485,-0.292848643142417
4486,-0.300670541567488
4487,-0.308490696562568
4488,-0.316309108904736
4489,-0.324125779370465
4490,-0.331940708735729
4491,-0.339753897775992
4492,-0.34756534726619
4493,-0.355375057980748
4494,-0.363183030693552
4495,-0.370989266178032
4496,-0.378793765207071
4497,-0.386596528552978
4498,-0.394397556987602
4499,-0.402196851282323
4500,-0.409994412207901
4501,-0.417790240534686
4502,-0.425584337032429
4503,-0.433376702470404
4504,-0.441167337617401
4505,-0.448956243241604
4506,-0.456743420110843
4507,-0.4645288689923
4508,-0.472312590652685
4509,-0.480094585858215
4510,-0.487874855374564
4511,-0.495653399966969
4512,-0.503430220400073
4513,-0.511205317438041
4514,-0.518978691844566
4515,-0.526750344382751
4516,-0.534520275815325
4517,-0.542288486904333
4518,-0.550054978411509
4519,-0.557819751097895
4520,-0.565582805724148
4521,-0.573344143050409
4522,-0.581103763836261
4523,-0.588861668840845
4524,-0.596617858822771
4525,-0.604372334540102
4526,-0.612125096750482
4527,-0.61987614621097
4528,-0.627625483678241
4529,-0.635373109908276
4530,-0.643119025656777
4531,-0.650863231678805
4532,-0.658605728728904
4533,-0.666346517561273
4534,-0.674085598929423
4535,-0.68182297358647
4536,-0.689558642285071
4537,-0.697292605777257
4538,-0.705024864814686
4539,-0.712755420148422
4540,-0.720484272529113
4541,-0.728211422706892
4542,-0.735936871431331
4543,-0.743660619451564
4544,-0.751382667516257
4545,-0.759103016373508
4546,-0.766821666771015
4547,-0.774538619455871
4548,-0.782253875174767
4549,-0.78996743467383
4550,-0.797679298698817
4551,-0.805389467994818
4552,-0.813097943306545
4553,-0.820804725378224
4554,-0.828509814953577
4555,-0.836213212775775
4556,-0.843914919587569
4557,-0.851614936131213
4558,-0.859313263148444
4559,-0.867009901380541
4560,-0.87470485156825
4561,-0.88239811445191
4562,-0.890089690771262
4563,-0.897779581265681
4564,-0.905467786673967
4565,-0.913154307734459
4566,-0.920839145185028
4567,-0.928522299763038
4568,-0.93620377220536
4569,-0.943883563248463
4570,-0.951561673628238
4571,-0.959238104080086
4572,-0.966912855339007
4573,-0.974585928139462
4574,-0.982257323215478
4575,-0.989927041300518
4576,-0.997595083127607
4577,-1.00526144942934
4578,-1.01292614093777
4579,-1.02058915838447
4580,-1.02825050250058
4581,-1.0359101740167
4582,-1.04356817366302
4583,-1.05122450216919
4584,-1.05887916026441
4585,-1.06653214867742
4586,-1.07418346813642
4587,-1.08183311936923
4588,-1.08948110310312
4589,-1.0971274200649
4590,-1.10477207098091
4591,-1.11241505657703
4592,-1.12005637757866
4593,-1.12769603471072
4594,-1.13533402869761
4595,-1.14297036026336
4596,-1.15060503013143
4597,-1.15823803902485
4598,-1.16586938766623
4599,-1.17349907677756
4600,-1.18112710708051
4601,-1.18875347929626
4602,-1.1963781941454
4603,-1.20400125234816
4604,-1.21162265462432
4605,-1.21924240169311
4606,-1.22686049427329
4607,-1.23447693308325
4608,-1.24209171884083
4609,-1.24970485226342
4610,-1.2573163340679
4611,-1.2649261649708
4612,-1.2725343456881
4613,-1.28014087693529
4614,-1.28774575942749
4615,-1.29534899387921
4616,-1.30295058100468
4617,-1.31055052151748
4618,-1.31814881613092
4619,-1.32574546555763
4620,-1.33334047050998
4621,-1.34093383169972
4622,-1.34852554983825
4623,-1.35611562563641
4624,-1.36370405980471
4625,-1.37129085305303
4626,-1.37887600609098
4627,-1.38645951962753
4628,-1.39404139437129
4629,-1.40162163103042
4630,-1.40920023031259
4631,-1.41677719292495
4632,-1.42435251957433
4633,-1.43192621096701
4634,-1.43949826780878
4635,-1.44706869080511
4636,-1.45463748066086
4637,-1.46220463808052
4638,-1.4697701637681
4639,-1.4773340584272
4640,-1.48489632276087
4641,-1.49245695747182
4642,-1.50001596326217
4643,-1.50757334083372
4644,-1.51512909088774
4645,-1.5226832141251
4646,-1.53023571124612
4647,-1.53778658295079
4648,-1.54533582993856
4649,-1.55288345290845
4650,-1.56042945255907
4651,-1.56797382958851
4652,-1.5755165846945
4653,-1.58305771857418
4654,-1.59059723192442
4655,-1.59813512544151
4656,-1.6056713998213
4657,-1.61320605575926
4658,-1.62073909395038
4659,-1.62827051508914
4660,-1.63580031986969
4661,-1.64332850898564
4662,-1.6508550831302
4663,-1.65838004299609
4664,-1.66590338927567
4665,-1.67342512266073
4666,-1.68094524384273
4667,-1.68846375351261
4668,-1.69598065236091
4669,-1.70349594107772
4670,-1.71100962035269
4671,-1.71852169087497
4672,-1.72603215333332
4673,-1.73354100841609
4674,-1.74104825681112
4675,-1.74855389920582
4676,-1.75605793628719
4677,-1.76356036874181
4678,-1.77106119725573
4679,-1.77856042251466
4680,-1.78605804520381
4681,-1.79355406600791
4682,-1.80104848561141
4683,-1.80854130469812
4684,-1.81603252395159
4685,-1.8235221440548
4686,-1.83101016569037
4687,-1.83849658954045
4688,-1.84598141628677
4689,-1.85346464661061
4690,-1.86094628119281
4691,-1.86842632071381
4692,-1.87590476585355
4693,-1.88338161729158
4694,-1.89085687570704
4695,-1.89833054177861
4696,-1.90580261618452
4697,-1.91327309960256
4698,-1.9207419927101
4699,-1.92820929618414
4700,-1.93567501070115
4701,-1.9431391369372
4702,-1.95060167556798
4703,-1.95806262726865
4704,-1.96552199271408
4705,-1.97297977257853
4706,-1.98043596753598
4707,-1.98789057825993
4708,-1.99534360542345
4709,-2.00279504969914
4710,-2.01024491175927
4711,-2.01769319227559
4712,-2.02513989191942
4713,-2.03258501136172
4714,-2.04002855127304
4715,-2.04747051232338
4716,-2.05491089518241
4717,-2.06234970051936
4718,-2.06978692900301
4719,-2.07722258130175
4720,-2.08465665808349
4721,-2.09208916001582
4722,-2.09952008776578
4723,-2.10694944200007
4724,-2.11437722338492
4725,-2.12180343258615
4726,-2.1292280702692
4727,-2.136651137099
4728,-2.14407263374016
4729,-2.1514925608568
4730,-2.15891091911265
4731,-2.16632770917098
4732,-2.17374293169469
4733,-2.18115658734622
4734,-2.18856867678759
4735,-2.19597920068043
4736,-2.20338815968596
4737,-2.21079555446492
4738,-2.21820138567772
4739,-2.22560565398425
4740,-2.23300836004406
4741,-2.24040950451621
4742,-2.24780908805946
4743,-2.25520711133208
4744,-2.26260357499187
4745,-2.2699984796963
4746,-2.27739182610239
4747,-2.28478361486676
4748,-2.29217384664558
4749,-2.29956252209467
4750,-2.30694964186933
4751,-2.31433520662461
4752,-2.32171921701497
4753,-2.32910167369455
4754,-2.33648257731705
4755,-2.34386192853582
4756,-2.35123972800373
4757,-2.35861597637324
4758,-2.36599067429639
4759,-2.37336382242488
4760,-2.38073542140992
4761,-2.38810547190235
4762,-2.39547397455263
4763,-2.40284093001073
4764,-2.41020633892626
4765,-2.41757020194844
4766,-2.42493251972598
4767,-2.43229329290736
4768,-2.43965252214046
4769,-2.44701020807294
4770,-2.45436635135184
4771,-2.46172095262399
4772,-2.46907401253567
4773,-2.47642553173287
4774,-2.48377551086111
4775,-2.49112395056549
4776,-2.49847085149073
4777,-2.50581621428115
4778,-2.51316003958066
4779,-2.52050232803273
4780,-2.52784308028051
4781,-2.53518229696667
4782,-2.54251997873354
4783,-2.54985612622294
4784,-2.55719074007642
4785,-2.56452382093501
4786,-2.57185536943944
4787,-2.57918538622998
4788,-2.5865138719465
4789,-2.59384082722848
4790,-2.60116625271501
4791,-2.60849014904475
4792,-2.61581251685601
4793,-2.62313335678667
4794,-2.63045266947416
4795,-2.63777045555559
4796,-2.64508671566767
4797,-2.65240145044664
4798,-2.65971466052839
4799,-2.66702634654845
4800,-2.67433650914191
4801,-2.68164514894343
4802,-2.6889522665873
4803,-2.69625786270744
4804,-2.70356193793739
4805,-2.7108644929102
4806,-2.71816552825866
4807,-2.725465044615
4808,-2.7327630426112
4809,-2.74005952287883
4810,-2.74735448604894
4811,-2.75464793275232
4812,-2.76193986361932
4813,-2.76923027927989
4814,-2.77651918036359
4815,-2.78380656749962
4816,-2.79109244131676
4817,-2.79837680244336
4818,-2.80565965150746
4819,-2.81294098913664
4820,-2.82022081595812
4821,-2.82749913259874
4822,-2.83477593968494
4823,-2.84205123784272
4824,-2.84932502769781
4825,-2.85659730987541
4826,-2.86386808500043
4827,-2.87113735369738
4828,-2.87840511659034
4829,-2.885671374303
4830,-2.89293612745876
4831,-2.90019937668048
4832,-2.90746112259078
4833,-2.91472136581179
4834,-2.92198010696527
4835,-2.92923734667265
4836,-2.93649308555494
4837,-2.94374732423278
4838,-2.95100006332635
4839,-2.95825130345558
4840,-2.96550104523984
4841,-2.97274928929832
4842,-2.97999603624969
4843,-2.98724128671226
4844,-2.99448504130395
4845,-3.00172730064237
4846,-3.0089680653446
4847,-3.01620733602754
4848,-3.02344511330751
4849,-3.03068139780058
4850,-3.03791619012237
4851,-3.04514949088819
4852,-3.05238130071287
4853,-3.05961162021098
4854,-3.06684044999658
4855,-3.07406779068344
4856,-3.08129364288491
4857,-3.088518007214
4858,-3.09574088428331
4859,-3.10296227470507
4860,-3.11018217909114
4861,-3.11740059805297
4862,-3.12461753220169
4863,-3.131832982148
4864,-3.13904694850225
4865,-3.14625943187441
4866,-3.15347043287407
4867,-3.1606799521104
4868,-3.16788799019232
4869,-3.17509454772825
4870,-3.18229962532628
4871,-3.1895032235941
4872,-3.19670534313911
4873,-3.20390598456823
4874,-3.21110514848809
4875,-3.21830283550489
4876,-3.22549904622445
4877,-3.23269378125228
4878,-3.23988704119348
4879,-3.24707882665275
4880,-3.25426913823448
4881,-3.26145797654268
4882,-3.26864534218087
4883,-3.2758312357524
4884,-3.2830156578601
4885,-3.29019860910644
4886,-3.2973800900936
4887,-3.30456010142334
4888,-3.31173864369703
4889,-3.31891571751572
4890,-3.32609132348004
4891,-3.3332654621903
4892,-3.34043813424642
4893,-3.34760934024794
4894,-3.35477908079403
4895,-3.36194735648353
4896,-3.36911416791491
4897,-3.37627951568622
4898,-3.38344340039519
4899,-3.39060582263918
4900,-3.39776678301516
4901,-3.40492628211972
4902,-3.41208432054917
4903,-3.41924089889941
4904,-3.42639601776592
4905,-3.43354967774384
4906,-3.44070187942803
4907,-3.44785262341289
4908,-3.45500191029249
4909,-3.46214974066058
4910,-3.46929611511044
4911,-3.47644103423507
4912,-3.48358449862708
4913,-3.49072650887879
4914,-3.49786706558202
4915,-3.50500616932837
4916,-3.51214382070894
4917,-3.51928002031461
4918,-3.5264147687358
4919,-3.53354806656261
4920,-3.54067991438473
4921,-3.54781031279163
4922,-3.55493926237223
4923,-3.56206676371525
4924,-3.56919281740894
4925,-3.57631742404124
4926,-3.58344058419978
4927,-3.59056229847172
4928,-3.59768256744395
4929,-3.60480139170297
4930,-3.61191877183499
4931,-3.6190347084257
4932,-3.62614920206058
4933,-3.63326225332474
4934,-3.6403738628029
4935,-3.64748403107936
4936,-3.65459275873824
4937,-3.66170004636314
4938,-3.66880589453733
4939,-3.67591030384384
4940,-3.68301327486524
4941,-3.69011480818372
4942,-3.69721490438124
4943,-3.70431356403932
4944,-3.71141078773911
4945,-3.71850657606143
4946,-3.72560092958683
4947,-3.73269384889538
4948,-3.73978533456689
4949,-3.74687538718073
4950,-3.75396400731605
4951,-3.7610511955515
4952,-3.76813695246545
4953,-3.77522127863596
4954,-3.78230417464069
4955,-3.78938564105696
4956,-3.79646567846174
4957,-3.80354428743162
4958,-3.81062146854293
4959,-3.81769722237153
4960,-3.82477154949308
4961,-3.83184445048271
4962,-3.83891592591535
4963,-3.84598597636553
4964,-3.8530546024074
4965,-3.86012180461485
4966,-3.86718758356136
4967,-3.87425193982006
4968,-3.88131487396375
4969,-3.88837638656487
4970,-3.89543647819555
4971,-3.90249514942754
4972,-3.90955240083226
4973,-3.91660823298081
4974,-3.92366264644385
4975,-3.93071564179181
4976,-3.9377672195947
4977,-3.94481738042227
4978,-3.95186612484384
4979,-3.95891345342838
4980,-3.96595936674463
4981,-3.97300386536085
4982,-3.98004694984505
4983,-3.98708862076489
4984,-3.99412887868763
4985,-4.00116772418028
4986,-4.00820515780937
4987,-4.01524118014124
4988,-4.02227579174182
4989,-4.02930899317664
4990,-4.03634078501104
4991,-4.04337116780989
4992,-4.05040014213778
4993,-4.05742770855893
4994,-4.06445386763726
4995,-4.07147861993627
4996,-4.07850196601922
4997,-4.08552390644902
4998,-4.09254444178816
4999,-4.09956357259884
5000,-4.10658129944299
5001,-4.1135976228821
5002,-4.12061254347735
5003,-4.12762606178961
5004,-4.1346381783794
5005,-4.14164889380693
5006,-4.14865820863203
5007,-4.15566612341417
5008,-4.16267263871261
5009,-4.16967775508612
5010,-4.1766814730933
5011,-4.18368379329223
5012,-4.19068471624076
5013,-4.19768424249645
5014,-4.20468237261645
5015,-4.21167910715761
5016,-4.2186744466764
5017,-4.22566839172901
5018,-4.23266094287128
5019,-4.23965210065876
5020,-4.24664186564656
5021,-4.25363023838957
5022,-4.26061721944231
5023,-4.26760280935889
5024,-4.27458700869327
5025,-4.28156981799889
5026,-4.28855123782895
5027,-4.29553126873635
5028,-4.30250991127359
5029,-4.30948716599287
5030,-4.31646303344606
5031,-4.32343751418473
5032,-4.33041060876004
5033,-4.33738231772293
5034,-4.34435264162393
5035,-4.35132158101327
5036,-4.35828913644087
5037,-4.36525530845624
5038,-4.37222009760869
5039,-4.37918350444713
5040,-4.38614552952015
5041,-4.39310617337597
5042,-4.40006543656261
5043,-4.4070233196276
5044,-4.41397982311828
5045,-4.42093494758159
5046,-4.42788869356418
5047,-4.43484106161233
5048,-4.44179205227208
5049,-4.44874166608906
5050,-4.45568990360859
5051,-4.46263676537573
5052,-4.46958225193512
5053,-4.47652636383117
5054,-4.48346910160792
5055,-4.49041046580908
5056,-4.49735045697803
5057,-4.50428907565789
5058,-4.51122632239135
5059,-4.51816219772092
5060,-4.52509670218866
5061,-4.53202983633637
5062,-4.5389616007055
5063,-4.54589199583721
5064,-4.55282102227234
5065,-4.5597486805514
5066,-4.56667497121458
5067,-4.57359989480168
5068,-4.58052345185232
5069,-4.58744564290571
5070,-4.59436646850076
5071,-4.60128592917605
5072,-4.60820402546982
5073,-4.61512075792009
5074,-4.62203612706445
5075,-4.62895013344019
5076,-4.63586277758439
5077,-4.64277406003364
5078,-4.64968398132438
5079,-4.65659254199263
5080,-4.66349974257409
5081,-4.67040558360423
5082,-4.67731006561809
5083,-4.6842131891505
5084,-4.69111495473591
5085,-4.69801536290846
5086,-4.70491441420202
5087,-4.71181210915006
5088,-4.71870844828585
5089,-4.72560343214221
5090,-4.73249706125178
5091,-4.73938933614679
5092,-4.74628025735923
5093,-4.7531698254207
5094,-4.76005804086252
5095,-4.76694490421574
5096,-4.77383041601103
5097,-4.78071457677877
5098,-4.78759738704905
5099,-4.79447884735164
5100,-4.80135895821599
5101,-4.80823772017124
5102,-4.81511513374619
5103,-4.82199119946939
5104,-4.82886591786902
5105,-4.83573928947299
5106,-4.84261131480888
5107,-4.84948199440399
5108,-4.85635132878527
5109,-4.86321931847937
5110,-4.87008596401265
5111,-4.87695126591112
5112,-4.88381522470054
5113,-4.89067784090634
5114,-4.89753911505365
5115,-4.90439904766718
5116,-4.91125763927154
5117,-4.91811489039084
5118,-4.92497080154901
5119,-4.9318253732696
5120,-4.93867860607591
5121,-4.94553050049086
5122,-4.95238105703715
5123,-4.95923027623706
5124,-4.96607815861273
5125,-4.97292470468582
5126,-4.9797699149778
5127,-4.98661379000981
5128,-4.99345633030264
5129,-5.00029753637684
5130,-5.00713740875257
5131,-5.01397594794979
5132,-5.0208131544881
5133,-5.02764902888681
5134,-5.03448357166486
5135,-5.04131678334101
5136,-5.04814866443363
5137,-5.0549792154608
5138,-5.06180843694034
5139,-5.06863632938968
5140,-5.07546289332606
5141,-5.08228812926631
5142,-5.08911203772706
5143,-5.09593461922453
5144,-5.10275587427476
5145,-5.10957580339337
5146,-5.11639440709577
5147,-5.12321168589702
5148,-5.13002764031192
5149,-5.13684227085491
5150,-5.14365557804019
5151,-5.15046756238159
5152,-5.15727822439276
5153,-5.1640875645869
5154,-5.17089558347705
5155,-5.17770228157588
5156,-5.18450765939573
5157,-5.19131171744873
5158,-5.19811445624663
5159,-5.20491587630092
5160,-5.21171597812283
5161,-5.21851476222321
5162,-5.2253122291127
5163,-5.23210837930154
5164,-5.23890321329981
5165,-5.24569673161714
5166,-5.25248893476298
5167,-5.25927982324644
5168,-5.26606939757634
5169,-5.2728576582612
5170,-5.27964460580927
5171,-5.28643024072846
5172,-5.29321456352642
5173,-5.29999757471046
5174,-5.30677927478769
5175,-5.31355966426483
5176,-5.32033874364835
5177,-5.32711651344443
5178,-5.33389297415893
5179,-5.34066812629745
5180,-5.34744197036528
5181,-5.35421450686738
5182,-5.36098573630852
5183,-5.36775565919307
5184,-5.37452427602515
5185,-5.38129158730857
5186,-5.38805759354693
5187,-5.39482229524345
5188,-5.40158569290109
5189,-5.40834778702247
5190,-5.41510857811002
5191,-5.42186806666583
5192,-5.42862625319164
5193,-5.43538313818896
5194,-5.44213872215906
5195,-5.44889300560285
5196,-5.4556459890209
5197,-5.46239767291363
5198,-5.46914805778107
5199,-5.47589714412299
5200,-5.48264493243886
5201,-5.48939142322789
5202,-5.49613661698899
5203,-5.50288051422077
5204,-5.50962311542158
5205,-5.51636442108938
5206,-5.52310443172201
5207,-5.52984314781692
5208,-5.53658056987129
5209,-5.543316698382
5210,-5.55005153384569
5211,-5.55678507675865
5212,-5.56351732761693
5213,-5.57024828691628
5214,-5.57697795515217
5215,-5.58370633281979
5216,-5.59043342041404
5217,-5.59715921842952
5218,-5.60388372736053
5219,-5.61060694770116
5220,-5.61732887994518
5221,-5.62404952458604
5222,-5.63076888211692
5223,-5.63748695303077
5224,-5.64420373782016
5225,-5.65091923697748
5226,-5.65763345099476
5227,-5.6643463803638
5228,-5.67105802557609
5229,-5.67776838712284
5230,-5.68447746549501
5231,-5.6911852611832
5232,-5.69789177467785
5233,-5.70459700646895
5234,-5.7113009570464
5235,-5.71800362689967
5236,-5.72470501651803
5237,-5.73140512639048
5238,-5.73810395700561
5239,-5.7448015088519
5240,-5.75149778241746
5241,-5.75819277819016
5242,-5.76488649665754
5243,-5.77157893830685
5244,-5.77827010362518
5245,-5.78495999309922
5246,-5.79164860721541
5247,-5.79833594645995
5248,-5.80502201131874
5249,-5.81170680227739
5250,-5.81839031982123
5251,-5.82507256443532
5252,-5.83175353660446
5253,-5.8384332368132
5254,-5.8451116655457
5255,-5.85178882328593
5256,-5.85846471051763
5257,-5.86513932772414
5258,-5.87181267538866
5259,-5.87848475399396
5260,-5.88515556402267
5261,-5.89182510595706
5262,-5.89849338027918
5263,-5.9051603874708
5264,-5.91182612801337
5265,-5.91849060238809
5266,-5.92515381107594
5267,-5.9318157545575
5268,-5.93847643331318
5269,-5.94513584782312
5270,-5.95179399856716
5271,-5.9584508860248
5272,-5.96510651067536
5273,-5.97176087299787
5274,-5.97841397347108
5275,-5.98506581257342
5276,-5.99171639078315
5277,-5.99836570857815
5278,-6.00501376643606
5279,-6.01166056483435
5280,-6.01830610425002
5281,-6.02495038516
5282,-6.03159340804083
5283,-6.0382351733688
5284,-6.04487568161999
5285,-6.05151493327007
5286,-6.05815292879462
5287,-6.06478966866882
5288,-6.07142515336761
5289,-6.07805938336566
5290,-6.08469235913743
5291,-6.09132408115705
5292,-6.09795454989836
5293,-6.10458376583501
5294,-6.1112117294403
5295,-6.11783844118731
5296,-6.12446390154885
5297,-6.13108811099745
5298,-6.13771107000539
5299,-6.14433277904462
5300,-6.15095323858692
5301,-6.15757244910374
5302,-6.16419041106624
5303,-6.1708071249454
5304,-6.17742259121186
5305,-6.18403681033606
5306,-6.19064978278806
5307,-6.19726150903777
5308,-6.20387198955479
5309,-6.21048122480845
5310,-6.21708921526781
5311,-6.22369596140168
5312,-6.23030146367864
5313,-6.23690572256687
5314,-6.24350873853449
5315,-6.25011051204915
5316,-6.25671104357844
5317,-6.26331033358948
5318,-6.26990838254926
5319,-6.27650519092448
5320,-6.28310075918158
5321,-6.2896950877867
5322,-6.29628817720576
5323,-6.30288002790441
5324,-6.309470640348
5325,-6.31606001500165
5326,-6.32264815233021
5327,-6.32923505279832
5328,-6.33582071687027
5329,-6.34240514501013
5330,-6.34898833768172
5331,-6.35557029534855
5332,-6.36215101847399
5333,-6.36873050752097
5334,-6.3753087629523
5335,-6.38188578523052
5336,-6.38846157481779
5337,-6.39503613217616
5338,-6.40160945776735
5339,-6.40818155205278
5340,-6.41475241549371
5341,-6.42132204855107
5342,-6.42789045168556
5343,-6.43445762535753
5344,-6.44102357002727
5345,-6.44758828615461
5346,-6.45415177419925
5347,-6.46071403462059
5348,-6.4672750678777
5349,-6.47383487442955
5350,-6.48039345473471
5351,-6.48695080925157
5352,-6.4935069384382
5353,-6.50006184275253
5354,-6.50661552265209
5355,-6.51316797859424
5356,-6.51971921103606
5357,-6.52626922043439
5358,-6.53281800724582
5359,-6.53936557192662
5360,-6.54591191493289
5361,-6.5524570367204
5362,-6.55900093774472
5363,-6.56554361846118
5364,-6.57208507932478
5365,-6.57862532079032
5366,-6.58516434331234
5367,-6.59170214734508
5368,-6.59823873334263
5369,-6.60477410175869
5370,-6.61130825304683
5371,-6.61784118766032
5372,-6.62437290605211
5373,-6.63090340867505
5374,-6.63743269598155
5375,-6.64396076842391
5376,-6.65048762645412
5377,-6.65701327052395
5378,-6.6635377010849
5379,-6.67006091858815
5380,-6.67658292348478
5381,-6.68310371622546
5382,-6.6896232972607
5383,-6.69614166704078
5384,-6.70265882601563
5385,-6.70917477463502
5386,-6.71568951334846
5387,-6.72220304260511
5388,-6.72871536285401
5389,-6.7352264745439
5390,-6.74173637812327
5391,-6.74824507404033
5392,-6.75475256274309
5393,-6.76125884467925
5394,-6.76776392029635
5395,-6.77426779004158
5396,-6.780770454362
5397,-6.78727191370427
5398,-6.79377216851497
5399,-6.80027121924027
5400,-6.80676906632623
5401,-6.81326571021855
5402,-6.81976115136276
5403,-6.82625539020413
5404,-6.83274842718762
5405,-6.83924026275808
5406,-6.84573089735993
5407,-6.85222033143746
5408,-6.85870856543477
5409,-6.86519559979552
5410,-6.8716814349633
5411,-6.87816607138143
5412,-6.88464950949288
5413,-6.89113174974047
5414,-6.89761279256674
5415,-6.904092638414
5416,-6.91057128772432
5417,-6.91704874093949
5418,-6.92352499850107
5419,-6.93000006085039
5420,-6.93647392842856
5421,-6.94294660167639
5422,-6.94941808103444
5423,-6.9558883669431
5424,-6.96235745984247
5425,-6.96882536017237
5426,-6.97529206837246
5427,-6.98175758488209
5428,-6.98822191014042
5429,-6.99468504458632
5430,-7.00114698865843
5431,-7.0076077427951
5432,-7.01406730743462
5433,-7.02052568301479
5434,-7.02698286997335
5435,-7.03343886874772
5436,-7.03989367977506
5437,-7.04634730349241
5438,-7.05279974033638
5439,-7.05925099074349
5440,-7.06570105514999
5441,-7.07214993399185
5442,-7.07859762770479
5443,-7.08504413672435
5444,-7.09148946148579
5445,-7.09793360242416
5446,-7.10437655997424
5447,-7.11081833457054
5448,-7.11725892664743
5449,-7.12369833663895
5450,-7.13013656497893
5451,-7.13657361210095
5452,-7.14300947843843
5453,-7.14944416442441
5454,-7.15587767049183
5455,-7.16230999707326
5456,-7.16874114460119
5457,-7.17517111350771
5458,-7.18159990422478
5459,-7.18802751718409
5460,-7.19445395281711
5461,-7.20087921155501
5462,-7.20730329382879
5463,-7.21372620006922
5464,-7.22014793070675
5465,-7.2265684861717
5466,-7.23298786689406
5467,-7.2394060733037
5468,-7.24582310583009
5469,-7.25223896490261
5470,-7.25865365095033
5471,-7.26506716440209
5472,-7.27147950568657
5473,-7.27789067523211
5474,-7.28430067346684
5475,-7.29070950081871
5476,-7.29711715771541
5477,-7.30352364458434
5478,-7.30992896185275
5479,-7.31633310994761
5480,-7.32273608929567
5481,-7.32913790032343
5482,-7.33553854345716
5483,-7.34193801912292
5484,-7.34833632774652
5485,-7.35473346975354
5486,-7.36112944556933
5487,-7.36752425561898
5488,-7.37391790032737
5489,-7.38031038011919
5490,-7.3867016954188
5491,-7.39309184665042
5492,-7.39948083423803
5493,-7.40586865860529
5494,-7.41225532017572
5495,-7.41864081937256
5496,-7.42502515661887
5497,-7.43140833233744
5498,-7.43779034695079
5499,-7.44417120088134
5500,-7.4505508945511
5501,-7.45692942838204
5502,-7.46330680279571
5503,-7.46968301821359
5504,-7.47605807505683
5505,-7.48243197374641
5506,-7.48880471470304
5507,-7.4951762983472
5508,-7.50154672509923
5509,-7.50791599537907
5510,-7.51428410960661
5511,-7.52065106820141
5512,-7.52701687158279
5513,-7.53338152016991
5514,-7.53974501438165
5515,-7.54610735463669
5516,-7.55246854135349
5517,-7.5588285749502
5518,-7.56518745584487
5519,-7.57154518445523
5520,-7.57790176119883
5521,-7.58425718649296
5522,-7.59061146075467
5523,-7.59696458440089
5524,-7.60331655784817
5525,-7.60966738151298
5526,-7.6160170558114
5527,-7.62236558115946
5528,-7.62871295797282
5529,-7.63505918666704
5530,-7.64140426765735
5531,-7.64774820135881
5532,-7.65409098818622
5533,-7.66043262855417
5534,-7.6667731228771
5535,-7.67311247156905
5536,-7.67945067504402
5537,-7.68578773371569
5538,-7.69212364799753
5539,-7.69845841830277
5540,-7.70479204504446
5541,-7.71112452863538
5542,-7.71745586948812
5543,-7.72378606801505
5544,-7.73011512462826
5545,-7.73644303973971
5546,-7.74276981376106
5547,-7.74909544710375
5548,-7.75541994017906
5549,-7.761743293398
5550,-7.76806550717135
5551,-7.77438658190968
5552,-7.78070651802339
5553,-7.78702531592253
5554,-7.7933429760171
5555,-7.7996594987167
5556,-7.80597488443087
5557,-7.81228913356881
5558,-7.81860224653955
5559,-7.82491422375193
5560,-7.83122506561448
5561,-7.83753477253558
5562,-7.84384334492339
5563,-7.85015078318584
5564,-7.85645708773058
5565,-7.86276225896513
5566,-7.86906629729677
5567,-7.87536920313251
5568,-7.88167097687919
5569,-7.88797161894339
5570,-7.89427112973153
5571,-7.90056950964976
5572,-7.90686675910403
5573,-7.91316287850009
5574,-7.91945786824338
5575,-7.92575172873928
5576,-7.93204446039282
5577,-7.93833606360888
5578,-7.94462653879209
5579,-7.95091588634683
5580,-7.95720410667736
5581,-7.96349120018766
5582,-7.96977716728147
5583,-7.97606200836236
5584,-7.98234572383367
5585,-7.98862831409853
5586,-7.99490977955979
5587,-8.00119012062019
5588,-8.0074693376822
5589,-8.01374743114807
5590,-8.02002440141978
5591,-8.02630024889923
5592,-8.03257497398798
5593,-8.03884857708745
5594,-8.04512105859881
5595,-8.05139241892299
5596,-8.05766265846079
5597,-8.06393177761269
5598,-8.07019977677902
5599,-8.0764666563599
5600,-8.0827324167552
5601,-8.08899705836463
5602,-8.0952605815876
5603,-8.10152298682337
5604,-8.10778427447097
5605,-8.11404444492923
5606,-8.12030349859678
5607,-8.12656143587195
5608,-8.13281825715297
5609,-8.13907396283778
5610,-8.1453285533241
5611,-8.15158202900956
5612,-8.15783439029141
5613,-8.16408563756681
5614,-8.17033577123262
5615,-8.17658479168556
5616,-8.1828326993221
5617,-8.1890794945385
5618,-8.19532517773082
5619,-8.20156974929495
5620,-8.20781320962644
5621,-8.21405555912076
5622,-8.22029679817312
5623,-8.2265369271785
5624,-8.2327759465317
5625,-8.2390138566273
5626,-8.24525065785966
5627,-8.25148635062293
5628,-8.2577209353111
5629,-8.26395441231785
5630,-8.27018678203677
5631,-8.27641804486111
5632,-8.28264820118402
5633,-8.28887725139838
5634,-8.29510519589689
5635,-8.30133203507205
5636,-8.30755776931612
5637,-8.31378239902112
5638,-8.32000592457897
5639,-8.32622834638126
5640,-8.33244966481944
5641,-8.33866988028477
5642,-8.34488899316824
5643,-8.35110700386068
5644,-8.35732391275272
5645,-8.36353972023469
5646,-8.36975442669682
5647,-8.37596803252912
5648,-8.38218053812131
5649,-8.38839194386299
5650,-8.39460225014355
5651,-8.40081145735206
5652,-8.40701956587755
5653,-8.41322657610876
5654,-8.41943248843417
5655,-8.42563730324213
5656,-8.43184102092081
5657,-8.43804364185807
5658,-8.44424516644166
5659,-8.45044559505906
5660,-8.4566449280976
5661,-8.46284316594436
5662,-8.46904030898621
5663,-8.47523635760987
5664,-8.48143131220181
5665,-8.4876251731483
5666,-8.49381794083542
5667,-8.50000961564904
5668,-8.5062001979748
5669,-8.5123896881982
5670,-8.51857808670444
5671,-8.52476539387865
5672,-8.53095161010556
5673,-8.53713673576994
5674,-8.54332077125617
5675,-8.54950371694851
5676,-8.55568557323094
5677,-8.56186634048736
5678,-8.56804601910135
5679,-8.57422460945637
5680,-8.58040211193562
5681,-8.58657852692212
5682,-8.59275385479872
5683,-8.59892809594803
5684,-8.6051012507524
5685,-8.61127331959413
5686,-8.61744430285518
5687,-8.62361420091738
5688,-8.62978301416235
5689,-8.63595074297145
5690,-8.64211738772595
5691,-8.64828294880677
5692,-8.6544474265948
5693,-8.66061082147063
5694,-8.66677313381459
5695,-8.67293436400697
5696,-8.67909451242771
5697,-8.68525357945666
5698,-8.69141156547339
5699,-8.69756847085731
5700,-8.70372429598765
5701,-8.70987904124338
5702,-8.71603270700329
5703,-8.72218529364605
5704,-8.72833680154996
5705,-8.73448723109333
5706,-8.74063658265414
5707,-8.74678485661017
5708,-8.75293205333904
5709,-8.75907817321816
5710,-8.76522321662476
5711,-8.77136718393582
5712,-8.77751007552821
5713,-8.78365189177853
5714,-8.78979263306317
5715,-8.79593229975841
5716,-8.8020708922402
5717,-8.80820841088443
5718,-8.81434485606672
5719,-8.8204802281625
5720,-8.82661452754701
5721,-8.83274775459525
5722,-8.83887990968215
5723,-8.84501099318228
5724,-8.85114100547013
5725,-8.85726994691995
5726,-8.86339781790582
5727,-8.86952461880156
5728,-8.87565034998084
5729,-8.88177501181717
5730,-8.88789860468378
5731,-8.89402112895381
5732,-8.90014258500009
5733,-8.90626297319532
5734,-8.91238229391202
5735,-8.91850054752249
5736,-8.92461773439884
5737,-8.93073385491292
5738,-8.93684890943653
5739,-8.94296289834112
5740,-8.94907582199806
5741,-8.95518768077845
5742,-8.9612984750533
5743,-8.96740820519329
5744,-8.97351687156902
5745,-8.97962447455082
5746,-8.98573101450885
5747,-8.99183649181308
5748,-8.9979409068333
5749,-9.00404425993914
5750,-9.01014655149991
5751,-9.01624778188486
5752,-9.022347951463
5753,-9.02844706060312
5754,-9.03454510967391
5755,-9.04064209904372
5756,-9.04673802908082
5757,-9.05283290015326
5758,-9.05892671262888
5759,-9.06501946687539
5760,-9.07111116326019
5761,-9.07720180215066
5762,-9.08329138391381
5763,-9.08937990891655
5764,-9.09546737752561
5765,-9.10155379010747
5766,-9.10763914702853
5767,-9.11372344865484
5768,-9.1198066953524
5769,-9.12588888748696
5770,-9.13197002542405
5771,-9.1380501095291
5772,-9.14412914016723
5773,-9.15020711770348
5774,-9.15628404250265
5775,-9.16235991492934
5776,-9.168434735348
5777,-9.17450850412283
5778,-9.18058122161795
5779,-9.18665288819713
5780,-9.19272350422407
5781,-9.1987930700623
5782,-9.20486158607503
5783,-9.21092905262543
5784,-9.21699547007641
5785,-9.22306083879069
5786,-9.22912515913079
5787,-9.23518843145908
5788,-9.2412506561377
5789,-9.24731183352865
5790,-9.2533719639937
5791,-9.25943104789448
5792,-9.26548908559239
5793,-9.27154607744866
5794,-9.27760202382431
5795,-9.28365692508023
5796,-9.28971078157704
5797,-9.29576359367527
5798,-9.30181536173519
5799,-9.30786608611685
5800,-9.31391576718027
5801,-9.31996440528511
5802,-9.32601200079097
5803,-9.33205855405715
5804,-9.3381040654429
5805,-9.34414853530714
5806,-9.35019196400872
5807,-9.35623435190623
5808,-9.36227569935817
5809,-9.36831600672268
5810,-9.37435527435792
5811,-9.38039350262174
5812,-9.38643069187183
5813,-9.39246684246568
5814,-9.39850195476065
5815,-9.40453602911386
5816,-9.41056906588229
5817,-9.41660106542267
5818,-9.42263202809162
5819,-9.42866195424555
5820,-9.43469084424069
5821,-9.44071869843303
5822,-9.44674551717849
5823,-9.45277130083267
5824,-9.45879604975111
5825,-9.46481976428906
5826,-9.47084244480173
5827,-9.47686409164397
5828,-9.48288470517061
5829,-9.48890428573617
5830,-9.49492283369504
5831,-9.50094034940146
5832,-9.50695683320943
5833,-9.51297228547283
5834,-9.51898670654529
5835,-9.52500009678031
5836,-9.53101245653116
5837,-9.53702378615097
5838,-9.54303408599273
5839,-9.5490433564091
5840,-9.55505159775272
5841,-9.56105881037592
5842,-9.56706499463102
5843,-9.57307015086992
5844,-9.57907427944457
5845,-9.58507738070659
5846,-9.59107945500747
5847,-9.59708050269855
5848,-9.60308052413091
5849,-9.60907951965553
5850,-9.61507748962318
5851,-9.62107443438443
5852,-9.62707035428969
5853,-9.6330652496892
5854,-9.63905912093302
5855,-9.64505196837096
5856,-9.65104379235281
5857,-9.65703459322797
5858,-9.66302437134587
5859,-9.6690131270556
5860,-9.67500086070616
5861,-9.68098757264631
5862,-9.68697326322476
5863,-9.69295793278984
5864,-9.69894158168986
5865,-9.70492421027291
5866,-9.71090581888689
5867,-9.71688640787952
5868,-9.72286597759832
5869,-9.72884452839072
5870,-9.73482206060389
5871,-9.74079857458482
5872,-9.74677407068041
5873,-9.75274854923722
5874,-9.75872201060185
5875,-9.76469445512052
5876,-9.77066588313942
5877,-9.77663629500444
5878,-9.78260569106144
5879,-9.78857407165597
5880,-9.79454143713345
5881,-9.80050778783915
5882,-9.8064731241181
5883,-9.81243744631525
5884,-9.81840075477531
5885,-9.82436304984282
5886,-9.83032433186213
5887,-9.83628460117747
5888,-9.84224385813284
5889,-9.84820210307205
5890,-9.85415933633879
5891,-9.86011555827659
5892,-9.86607076922872
5893,-9.87202496953835
5894,-9.87797815954845
5895,-9.88393033960178
5896,-9.889881510041
5897,-9.89583167120851
5898,-9.90178082344666
5899,-9.90772896709747
5900,-9.91367610250289
5901,-9.91962223000468
5902,-9.92556734994438
5903,-9.93151146266344
5904,-9.93745456850306
5905,-9.94339666780428
5906,-9.94933776090802
5907,-9.95527784815498
5908,-9.96121692988567
5909,-9.96715500644045
5910,-9.97309207815956
5911,-9.97902814538295
5912,-9.98496320845053
5913,-9.99089726770195
5914,-9.99683032347668
5915,-10.0027623761141
5916,-10.0086934259533
5917,-10.0146234733333
5918,-10.0205525185929
5919,-10.0264805620708
5920,-10.0324076041054
5921,-10.0383336450349
5922,-10.0442586851977
5923,-10.0501827249315
5924,-10.0561057645742
5925,-10.0620278044634
5926,-10.0679488449365
5927,-10.0738688863309
5928,-10.0797879289835
5929,-10.0857059732314
5930,-10.0916230194112
5931,-10.0975390678597
5932,-10.1034541189131
5933,-10.1093681729078
5934,-10.1152812301798
5935,-10.1211932910649
5936,-10.1271043558991
5937,-10.1330144250178
5938,-10.1389234987565
5939,-10.1448315774503
5940,-10.1507386614343
5941,-10.1566447510435
5942,-10.1625498466125
5943,-10.1684539484758
5944,-10.174357056968
5945,-10.1802591724231
5946,-10.1861602951753
5947,-10.1920604255584
5948,-10.197959563906
5949,-10.2038577105519
5950,-10.2097548658293
5951,-10.2156510300714
5952,-10.2215462036114
5953,-10.2274403867819
5954,-10.2333335799159
5955,-10.2392257833457
5956,-10.2451169974037
5957,-10.2510072224222
5958,-10.2568964587332
5959,-10.2627847066685
5960,-10.2686719665599
5961,-10.2745582387388
5962,-10.2804435235367
5963,-10.2863278212847
5964,-10.2922111323139
5965,-10.2980934569551
5966,-10.303974795539
5967,-10.3098551483962
5968,-10.315734515857
5969,-10.3216128982516
5970,-10.3274902959101
5971,-10.3333667091623
5972,-10.3392421383379
5973,-10.3451165837665
5974,-10.3509900457774
5975,-10.3568625246999
5976,-10.3627340208629
5977,-10.3686045345954
5978,-10.374474066226
5979,-10.3803426160834
5980,-10.3862101844958
5981,-10.3920767717915
5982,-10.3979423782986
5983,-10.4038070043449
5984,-10.4096706502581
5985,-10.4155333163659
5986,-10.4213950029955
5987,-10.4272557104744
5988,-10.4331154391294
5989,-10.4389741892874
5990,-10.4448319612754
5991,-10.4506887554198
5992,-10.4565445720469
5993,-10.4623994114832
5994,-10.4682532740546
5995,-10.474106160087
5996,-10.4799580699063
5997,-10.4858090038381
5998,-10.4916589622076
5999,-10.4975079453404
6000,-10.5033559535613
6001,-10.5092029871954
6002,-10.5150490465674
6003,-10.5208941320021
6004,-10.5267382438238
6005,-10.5325813823568
6006,-10.5384235479252
6007,-10.5442647408531
6008,-10.5501049614642
6009,-10.5559442100822
6010,-10.5617824870306
6011,-10.5676197926327
6012,-10.5734561272116
6013,-10.5792914910903
6014,-10.5851258845918
6015,-10.5909593080387
6016,-10.5967917617534
6017,-10.6026232460584
6018,-10.6084537612759
6019,-10.6142833077278
6020,-10.6201118857361
6021,-10.6259394956225
6022,-10.6317661377085
6023,-10.6375918123156
6024,-10.6434165197649
6025,-10.6492402603775
6026,-10.6550630344744
6027,-10.6608848423763
6028,-10.6667056844038
6029,-10.6725255608773
6030,-10.6783444721172
6031,-10.6841624184435
6032,-10.6899794001761
6033,-10.695795417635
6034,-10.7016104711397
6035,-10.7074245610097
6036,-10.7132376875644
6037,-10.7190498511228
6038,-10.724861052004
6039,-10.7306712905269
6040,-10.7364805670101
6041,-10.7422888817723
6042,-10.7480962351316
6043,-10.7539026274064
6044,-10.7597080589146
6045,-10.7655125299743
6046,-10.7713160409032
6047,-10.7771185920187
6048,-10.7829201836384
6049,-10.7887208160796
6050,-10.7945204896592
6051,-10.8003192046944
6052,-10.8061169615018
6053,-10.8119137603981
6054,-10.8177096016999
6055,-10.8235044857233
6056,-10.8292984127847
6057,-10.8350913831999
6058,-10.840883397285
6059,-10.8466744553554
6060,-10.8524645577269
6061,-10.8582537047147
6062,-10.8640418966342
6063,-10.8698291338004
6064,-10.8756154165281
6065,-10.8814007451323
6066,-10.8871851199274
6067,-10.8929685412279
6068,-10.8987510093482
6069,-10.9045325246023
6070,-10.9103130873043
6071,-10.9160926977679
6072,-10.9218713563069
6073,-10.9276490632348
6074,-10.933425818865
6075,-10.9392016235105
6076,-10.9449764774846
6077,-10.9507503811001
6078,-10.9565233346697
6079,-10.9622953385061
6080,-10.9680663929217
6081,-10.9738364982287
6082,-10.9796056547393
6083,-10.9853738627655
6084,-10.991141122619
6085,-10.9969074346117
6086,-11.0026727990549
6087,-11.0084372162601
6088,-11.0142006865384
6089,-11.0199632102009
6090,-11.0257247875585
6091,-11.031485418922
6092,-11.0372451046018
6093,-11.0430038449086
6094,-11.0487616401526
6095,-11.0545184906439
6096,-11.0602743966924
6097,-11.0660293586081
6098,-11.0717833767006
6099,-11.0775364512794
6100,-11.0832885826539
6101,-11.0890397711333
6102,-11.0947900170267
6103,-11.1005393206431
6104,-11.1062876822911
6105,-11.1120351022795
6106,-11.1177815809165
6107,-11.1235271185107
6108,-11.1292717153701
6109,-11.1350153718027
6110,-11.1407580881164
6111,-11.1464998646189
6112,-11.1522407016178
6113,-11.1579805994204
6114,-11.163719558334
6115,-11.1694575786658
6116,-11.1751946607226
6117,-11.1809308048113
6118,-11.1866660112385
6119,-11.1924002803107
6120,-11.1981336123343
6121,-11.2038660076155
6122,-11.2095974664602
6123,-11.2153279891745
6124,-11.2210575760641
6125,-11.2267862274345
6126,-11.2325139435913
6127,-11.2382407248396
6128,-11.2439665714848
6129,-11.2496914838317
6130,-11.2554154621853
6131,-11.2611385068502
6132,-11.2668606181309
6133,-11.272581796332
6134,-11.2783020417576
6135,-11.2840213547119
6136,-11.2897397354988
6137,-11.2954571844221
6138,-11.3011737017855
6139,-11.3068892878925
6140,-11.3126039430465
6141,-11.3183176675506
6142,-11.324030461708
6143,-11.3297423258216
6144,-11.3354532601942
6145,-11.3411632651283
6146,-11.3468723409265
6147,-11.3525804878911
6148,-11.3582877063242
6149,-11.3639939965279
6150,-11.3696993588041
6151,-11.3754037934546
6152,-11.3811073007809
6153,-11.3868098810844
6154,-11.3925115346665
6155,-11.3982122618283
6156,-11.4039120628709
6157,-11.409610938095
6158,-11.4153088878014
6159,-11.4210059122908
6160,-11.4267020118633
6161,-11.4323971868195
6162,-11.4380914374593
6163,-11.4437847640828
6164,-11.4494771669898
6165,-11.45516864648
6166,-11.4608592028529
6167,-11.4665488364079
6168,-11.4722375474443
6169,-11.4779253362613
6170,-11.4836122031576
6171,-11.4892981484322
6172,-11.4949831723838
6173,-11.5006672753108
6174,-11.5063504575117
6175,-11.5120327192846
6176,-11.5177140609277
6177,-11.5233944827389
6178,-11.529073985016
6179,-11.5347525680567
6180,-11.5404302321585
6181,-11.5461069776187
6182,-11.5517828047345
6183,-11.5574577138032
6184,-11.5631317051215
6185,-11.5688047789863
6186,-11.5744769356942
6187,-11.5801481755417
6188,-11.5858184988252
6189,-11.5914879058409
6190,-11.5971563968848
6191,-11.602823972253
6192,-11.6084906322411
6193,-11.6141563771449
6194,-11.6198212072598
6195,-11.6254851228811
6196,-11.6311481243042
6197,-11.636810211824
6198,-11.6424713857354
6199,-11.6481316463334
6200,-11.6537909939124
6201,-11.6594494287671
6202,-11.6651069511917
6203,-11.6707635614805
6204,-11.6764192599276
6205,-11.6820740468268
6206,-11.687727922472
6207,-11.6933808871568
6208,-11.6990329411747
6209,-11.7046840848191
6210,-11.7103343183831
6211,-11.71598364216
6212,-11.7216320564425
6213,-11.7272795615236
6214,-11.7329261576958
6215,-11.7385718452517
6216,-11.7442166244836
6217,-11.7498604956838
6218,-11.7555034591443
6219,-11.7611455151571
6220,-11.7667866640141
6221,-11.7724269060068
6222,-11.7780662414269
6223,-11.7837046705656
6224,-11.7893421937143
6225,-11.794978811164
6226,-11.8006145232057
6227,-11.8062493301303
6228,-11.8118832322283
6229,-11.8175162297904
6230,-11.823148323107
6231,-11.8287795124683
6232,-11.8344097981645
6233,-11.8400391804855
6234,-11.8456676597211
6235,-11.8512952361612
6236,-11.8569219100952
6237,-11.8625476818126
6238,-11.8681725516026
6239,-11.8737965197545
6240,-11.8794195865572
6241,-11.8850417522995
6242,-11.8906630172704
6243,-11.8962833817582
6244,-11.9019028460515
6245,-11.9075214104386
6246,-11.9131390752077
6247,-11.9187558406467
6248,-11.9243717070437
6249,-11.9299866746864
6250,-11.9356007438624
6251,-11.9412139148591
6252,-11.946826187964
6253,-11.9524375634642
6254,-11.9580480416468
6255,-11.9636576227988
6256,-11.9692663072069
6257,-11.9748740951578
6258,-11.9804809869381
6259,-11.9860869828341
6260,-11.991692083132
6261,-11.997296288118
6262,-12.002899598078
6263,-12.008502013298
6264,-12.0141035340635
6265,-12.0197041606602
6266,-12.0253038933734
6267,-12.0309027324885
6268,-12.0365006782906
6269,-12.0420977310647
6270,-12.0476938910958
6271,-12.0532891586685
6272,-12.0588835340674
6273,-12.0644770175771
6274,-12.0700696094819
6275,-12.075661310066
6276,-12.0812521196133
6277,-12.0868420384079
6278,-12.0924310667336
6279,-12.098019204874
6280,-12.1036064531126
6281,-12.1091928117329
6282,-12.114778281018
6283,-12.1203628612511
6284,-12.1259465527151
6285,-12.131529355693
6286,-12.1371112704673
6287,-12.1426922973208
6288,-12.1482724365358
6289,-12.1538516883946
6290,-12.1594300531794
6291,-12.1650075311723
6292,-12.1705841226551
6293,-12.1761598279097
6294,-12.1817346472175
6295,-12.1873085808602
6296,-12.1928816291191
6297,-12.1984537922755
6298,-12.2040250706104
6299,-12.2095954644048
6300,-12.2151649739395
6301,-12.2207335994953
6302,-12.2263013413526
6303,-12.2318681997919
6304,-12.2374341750935
6305,-12.2429992675376
6306,-12.2485634774043
6307,-12.2541268049732
6308,-12.2596892505243
6309,-12.2652508143373
6310,-12.2708114966915
6311,-12.2763712978663
6312,-12.281930218141
6313,-12.2874882577946
6314,-12.2930454171062
6315,-12.2986016963545
6316,-12.3041570958183
6317,-12.3097116157761
6318,-12.3152652565064
6319,-12.3208180182875
6320,-12.3263699013974
6321,-12.3319209061144
6322,-12.3374710327162
6323,-12.3430202814807
6324,-12.3485686526854
6325,-12.354116146608
6326,-12.3596627635258
6327,-12.365208503716
6328,-12.3707533674558
6329,-12.376297355022
6330,-12.3818404666917
6331,-12.3873827027415
6332,-12.392924063448
6333,-12.3984645490877
6334,-12.4040041599368
6335,-12.4095428962717
6336,-12.4150807583683
6337,-12.4206177465026
6338,-12.4261538609505
6339,-12.4316891019875
6340,-12.4372234698892
6341,-12.4427569649311
6342,-12.4482895873884
6343,-12.4538213375363
6344,-12.4593522156498
6345,-12.4648822220038
6346,-12.470411356873
6347,-12.4759396205322
6348,-12.4814670132558
6349,-12.4869935353181
6350,-12.4925191869935
6351,-12.498043968556
6352,-12.5035678802796
6353,-12.5090909224383
6354,-12.5146130953056
6355,-12.5201343991553
6356,-12.5256548342607
6357,-12.5311744008953
6358,-12.5366930993322
6359,-12.5422109298445
6360,-12.5477278927052
6361,-12.5532439881871
6362,-12.5587592165629
6363,-12.5642735781051
6364,-12.5697870730862
6365,-12.5752997017786
6366,-12.5808114644543
6367,-12.5863223613855
6368,-12.5918323928441
6369,-12.5973415591018
6370,-12.6028498604304
6371,-12.6083572971013
6372,-12.6138638693861
6373,-12.6193695775559
6374,-12.624874421882
6375,-12.6303784026354
6376,-12.6358815200869
6377,-12.6413837745074
6378,-12.6468851661675
6379,-12.6523856953377
6380,-12.6578853622884
6381,-12.6633841672899
6382,-12.6688821106123
6383,-12.6743791925257
6384,-12.6798754132999
6385,-12.6853707732046
6386,-12.6908652725096
6387,-12.6963589114843
6388,-12.7018516903982
6389,-12.7073436095203
6390,-12.7128346691199
6391,-12.718324869466
6392,-12.7238142108275
6393,-12.7293026934731
6394,-12.7347903176714
6395,-12.7402770836909
6396,-12.7457629918
6397,-12.751248042267
6398,-12.7567322353598
6399,-12.7622155713467
6400,-12.7676980504953
6401,-12.7731796730735
6402,-12.7786604393488
6403,-12.7841403495888
6404,-12.7896194040608
6405,-12.7950976030321
6406,-12.8005749467698
6407,-12.8060514355408
6408,-12.811527069612
6409,-12.8170018492502
6410,-12.822475774722
6411,-12.8279488462939
6412,-12.8334210642322
6413,-12.8388924288031
6414,-12.8443629402729
6415,-12.8498325989075
6416,-12.8553014049727
6417,-12.8607693587343
6418,-12.8662364604579
6419,-12.871702710409
6420,-12.877168108853
6421,-12.8826326560551
6422,-12.8880963522805
6423,-12.8935591977941
6424,-12.8990211928608
6425,-12.9044823377454
6426,-12.9099426327125
6427,-12.9154020780266
6428,-12.9208606739521
6429,-12.9263184207532
6430,-12.9317753186941
6431,-12.9372313680388
6432,-12.9426865690512
6433,-12.9481409219949
6434,-12.9535944271338
6435,-12.9590470847313
6436,-12.9644988950507
6437,-12.9699498583555
6438,-12.9753999749086
6439,-12.9808492449732
6440,-12.9862976688121
6441,-12.9917452466882
6442,-12.997191978864
6443,-13.0026378656022
6444,-13.0080829071652
6445,-13.0135271038151
6446,-13.0189704558143
6447,-13.0244129634247
6448,-13.0298546269083
6449,-13.0352954465269
6450,-13.0407354225422
6451,-13.0461745552157
6452,-13.0516128448089
6453,-13.0570502915831
6454,-13.0624868957995
6455,-13.0679226577192
6456,-13.0733575776031
6457,-13.078791655712
6458,-13.0842248923067
6459,-13.0896572876478
6460,-13.0950888419957
6461,-13.1005195556108
6462,-13.1059494287533
6463,-13.1113784616834
6464,-13.1168066546609
6465,-13.1222340079458
6466,-13.1276605217978
6467,-13.1330861964766
6468,-13.1385110322416
6469,-13.1439350293522
6470,-13.1493581880678
6471,-13.1547805086473
6472,-13.1602019913499
6473,-13.1656226364346
6474,-13.1710424441599
6475,-13.1764614147846
6476,-13.1818795485674
6477,-13.1872968457665
6478,-13.1927133066403
6479,-13.1981289314469
6480,-13.2035437204445
6481,-13.208957673891
6482,-13.2143707920442
6483,-13.2197830751618
6484,-13.2251945235014
6485,-13.2306051373205
6486,-13.2360149168764
6487,-13.2414238624263
6488,-13.2468319742274
6489,-13.2522392525367
6490,-13.257645697611
6491,-13.2630513097071
6492,-13.2684560890816
6493,-13.2738600359911
6494,-13.2792631506919
6495,-13.2846654334403
6496,-13.2900668844925
6497,-13.2954675041045
6498,-13.3008672925323
6499,-13.3062662500316
6500,-13.3116643768583
6501,-13.3170616732677
6502,-13.3224581395154
6503,-13.3278537758567
6504,-13.3332485825469
6505,-13.3386425598409
6506,-13.344035707994
6507,-13.3494280272607
6508,-13.354819517896
6509,-13.3602101801545
6510,-13.3656000142907
6511,-13.3709890205589
6512,-13.3763771992135
6513,-13.3817645505085
6514,-13.3871510746982
6515,-13.3925367720363
6516,-13.3979216427767
6517,-13.4033056871731
6518,-13.4086889054791
6519,-13.414071297948
6520,-13.4194528648334
6521,-13.4248336063883
6522,-13.430213522866
6523,-13.4355926145194
6524,-13.4409708816013
6525,-13.4463483243646
6526,-13.4517249430618
6527,-13.4571007379456
6528,-13.4624757092683
6529,-13.4678498572822
6530,-13.4732231822395
6531,-13.4785956843923
6532,-13.4839673639925
6533,-13.489338221292
6534,-13.4947082565424
6535,-13.5000774699955
6536,-13.5054458619026
6537,-13.5108134325151
6538,-13.5161801820843
6539,-13.5215461108613
6540,-13.5269112190972
6541,-13.5322755070429
6542,-13.5376389749491
6543,-13.5430016230666
6544,-13.5483634516459
6545,-13.5537244609374
6546,-13.5590846511916
6547,-13.5644440226586
6548,-13.5698025755884
6549,-13.5751603102313
6550,-13.5805172268369
6551,-13.585873325655
6552,-13.5912286069354
6553,-13.5965830709275
6554,-13.6019367178808
6555,-13.6072895480446
6556,-13.612641561668
6557,-13.6179927590002
6558,-13.62334314029
6559,-13.6286927057864
6560,-13.6340414557381
6561,-13.6393893903937
6562,-13.6447365100018
6563,-13.6500828148107
6564,-13.6554283050686
6565,-13.6607729810239
6566,-13.6661168429244
6567,-13.6714598910182
6568,-13.6768021255532
6569,-13.6821435467769
6570,-13.687484154937
6571,-13.692823950281
6572,-13.6981629330564
6573,-13.7035011035102
6574,-13.7088384618898
6575,-13.714175008442
6576,-13.7195107434139
6577,-13.7248456670524
6578,-13.7301797796039
6579,-13.7355130813152
6580,-13.7408455724328
6581,-13.7461772532029
6582,-13.7515081238718
6583,-13.7568381846858
6584,-13.7621674358907
6585,-13.7674958777326
6586,-13.7728235104572
6587,-13.7781503343101
6588,-13.7834763495371
6589,-13.7888015563835
6590,-13.7941259550947
6591,-13.799449545916
6592,-13.8047723290925
6593,-13.8100943048691
6594,-13.8154154734909
6595,-13.8207358352025
6596,-13.8260553902487
6597,-13.8313741388742
6598,-13.8366920813232
6599,-13.8420092178402
6600,-13.8473255486694
6601,-13.852641074055
6602,-13.8579557942409
6603,-13.8632697094711
6604,-13.8685828199893
6605,-13.8738951260394
6606,-13.8792066278647
6607,-13.8845173257088
6608,-13.8898272198151
6609,-13.8951363104268
6610,-13.900444597787
6611,-13.9057520821387
6612,-13.9110587637249
6613,-13.9163646427884
6614,-13.9216697195718
6615,-13.9269739943178
6616,-13.9322774672687
6617,-13.9375801386671
6618,-13.942882008755
6619,-13.9481830777747
6620,-13.9534833459683
6621,-13.9587828135775
6622,-13.9640814808443
6623,-13.9693793480103
6624,-13.9746764153171
6625,-13.9799726830063
6626,-13.9852681513192
6627,-13.990562820497
6628,-13.9958566907809
6629,-14.0011497624121
6630,-14.0064420356313
6631,-14.0117335106794
6632,-14.0170241877972
6633,-14.0223140672253
6634,-14.0276031492042
6635,-14.0328914339742
6636,-14.0381789217756
6637,-14.0434656128488
6638,-14.0487515074336
6639,-14.05403660577
6640,-14.059320908098
6641,-14.0646044146572
6642,-14.0698871256873
6643,-14.0751690414279
6644,-14.0804501621183
6645,-14.0857304879978
6646,-14.0910100193057
6647,-14.096288756281
6648,-14.1015666991627
6649,-14.1068438481898
6650,-14.1121202036009
6651,-14.1173957656348
6652,-14.12267053453
6653,-14.127944510525
6654,-14.133217693858
6655,-14.1384900847674
6656,-14.1437616834911
6657,-14.1490324902674
6658,-14.1543025053341
6659,-14.1595717289289
6660,-14.1648401612896
6661,-14.1701078026538
6662,-14.175374653259
6663,-14.1806407133425
6664,-14.1859059831415
6665,-14.1911704628934
6666,-14.196434152835
6667,-14.2016970532034
6668,-14.2069591642355
6669,-14.2122204861678
6670,-14.2174810192372
6671,-14.22274076368
6672,-14.2279997197328
6673,-14.2332578876318
6674,-14.2385152676132
6675,-14.2437718599131
6676,-14.2490276647675
6677,-14.2542826824124
6678,-14.2595369130835
6679,-14.2647903570163
6680,-14.2700430144467
6681,-14.2752948856099
6682,-14.2805459707413
6683,-14.2857962700762
6684,-14.2910457838498
6685,-14.2962945122971
6686,-14.301542455653
6687,-14.3067896141523
6688,-14.3120359880298
6689,-14.31728157752
6690,-14.3225263828576
6691,-14.3277704042769
6692,-14.3330136420121
6693,-14.3382560962976
6694,-14.3434977673674
6695,-14.3487386554554
6696,-14.3539787607957
6697,-14.3592180836218
6698,-14.3644566241676
6699,-14.3696943826666
6700,-14.3749313593523
6701,-14.3801675544579
6702,-14.3854029682168
6703,-14.3906376008622
6704,-14.395871452627
6705,-14.4011045237441
6706,-14.4063368144466
6707,-14.4115683249671
6708,-14.4167990555381
6709,-14.4220290063923
6710,-14.427258177762
6711,-14.4324865698796
6712,-14.4377141829773
6713,-14.4429410172872
6714,-14.4481670730413
6715,-14.4533923504715
6716,-14.4586168498096
6717,-14.4638405712873
6718,-14.4690635151362
6719,-14.4742856815878
6720,-14.4795070708735
6721,-14.4847276832245
6722,-14.4899475188721
6723,-14.4951665780472
6724,-14.500384860981
6725,-14.5056023679041
6726,-14.5108190990476
6727,-14.5160350546418
6728,-14.5212502349175
6729,-14.5264646401051
6730,-14.531678270435
6731,-14.5368911261374
6732,-14.5421032074424
6733,-14.5473145145802
6734,-14.5525250477805
6735,-14.5577348072734
6736,-14.5629437932885
6737,-14.5681520060555
6738,-14.5733594458038
6739,-14.5785661127631
6740,-14.5837720071624
6741,-14.5889771292312
6742,-14.5941814791985
6743,-14.5993850572934
6744,-14.6045878637447
6745,-14.6097898987814
6746,-14.614991162632
6747,-14.6201916555253
6748,-14.6253913776897
6749,-14.6305903293537
6750,-14.6357885107456
6751,-14.6409859220936
6752,-14.6461825636257
6753,-14.6513784355701
6754,-14.6565735381546
6755,-14.661767871607
6756,-14.6669614361551
6757,-14.6721542320263
6758,-14.6773462594484
6759,-14.6825375186485
6760,-14.6877280098541
6761,-14.6929177332924
6762,-14.6981066891904
6763,-14.7032948777751
6764,-14.7084822992735
6765,-14.7136689539122
6766,-14.7188548419182
6767,-14.7240399635179
6768,-14.7292243189378
6769,-14.7344079084043
6770,-14.7395907321437
6771,-14.7447727903822
6772,-14.749954083346
6773,-14.7551346112609
6774,-14.760314374353
6775,-14.7654933728479
6776,-14.7706716069715
6777,-14.7758490769492
6778,-14.7810257830065
6779,-14.786201725369
6780,-14.7913769042618
6781,-14.7965513199102
6782,-14.8017249725393
6783,-14.8068978623739
6784,-14.8120699896392
6785,-14.8172413545598
6786,-14.8224119573605
6787,-14.8275817982657
6788,-14.8327508775002
6789,-14.8379191952882
6790,-14.843086751854
6791,-14.8482535474219
6792,-14.8534195822159
6793,-14.8585848564601
6794,-14.8637493703783
6795,-14.8689131241945
6796,-14.8740761181321
6797,-14.879238352415
6798,-14.8843998272666
6799,-14.8895605429103
6800,-14.8947204995694
6801,-14.8998796974671
6802,-14.9050381368266
6803,-14.9101958178708
6804,-14.9153527408228
6805,-14.9205089059052
6806,-14.9256643133408
6807,-14.9308189633524
6808,-14.9359728561622
6809,-14.941125991993
6810,-14.9462783710668
6811,-14.951429993606
6812,-14.9565808598327
6813,-14.961730969969
6814,-14.9668803242367
6815,-14.9720289228578
6816,-14.9771767660539
6817,-14.9823238540468
6818,-14.9874701870579
6819,-14.9926157653087
6820,-14.9977605890206
6821,-15.0029046584148
6822,-15.0080479737125
6823,-15.0131905351346
6824,-15.0183323429024
6825,-15.0234733972365
6826,-15.0286136983577
6827,-15.0337532464868
6828,-15.0388920418442
6829,-15.0440300846506
6830,-15.0491673751261
6831,-15.0543039134913
6832,-15.0594396999661
6833,-15.0645747347708
6834,-15.0697090181253
6835,-15.0748425502495
6836,-15.0799753313632
6837,-15.0851073616861
6838,-15.0902386414379
6839,-15.0953691708381
6840,-15.1004989501059
6841,-15.1056279794609
6842,-15.1107562591222
6843,-15.1158837893089
6844,-15.1210105702402
6845,-15.1261366021348
6846,-15.1312618852117
6847,-15.1363864196895
6848,-15.141510205787
6849,-15.1466332437227
6850,-15.151755533715
6851,-15.1568770759824
6852,-15.161997870743
6853,-15.1671179182151
6854,-15.1722372186168
6855,-15.1773557721659
6856,-15.1824735790804
6857,-15.1875906395781
6858,-15.1927069538767
6859,-15.1978225221937
6860,-15.2029373447467
6861,-15.2080514217532
6862,-15.2131647534303
6863,-15.2182773399953
6864,-15.2233891816653
6865,-15.2285002786574
6866,-15.2336106311885
6867,-15.2387202394755
6868,-15.243829103735
6869,-15.2489372241837
6870,-15.2540446010383
6871,-15.259151234515
6872,-15.2642571248304
6873,-15.2693622722007
6874,-15.274466676842
6875,-15.2795703389705
6876,-15.2846732588021
6877,-15.2897754365527
6878,-15.2948768724381
6879,-15.2999775666741
6880,-15.3050775194762
6881,-15.31017673106
6882,-15.3152752016408
6883,-15.320372931434
6884,-15.3254699206549
6885,-15.3305661695186
6886,-15.3356616782401
6887,-15.3407564470344
6888,-15.3458504761164
6889,-15.3509437657007
6890,-15.3560363160022
6891,-15.3611281272353
6892,-15.3662191996146
6893,-15.3713095333544
6894,-15.3763991286691
6895,-15.3814879857729
6896,-15.3865761048798
6897,-15.3916634862039
6898,-15.3967501299591
6899,-15.4018360363593
6900,-15.4069212056182
6901,-15.4120056379494
6902,-15.4170893335666
6903,-15.4221722926831
6904,-15.4272545155123
6905,-15.4323360022676
6906,-15.437416753162
6907,-15.4424967684087
6908,-15.4475760482207
6909,-15.452654592811
6910,-15.4577324023922
6911,-15.4628094771772
6912,-15.4678858173785
6913,-15.4729614232087
6914,-15.4780362948803
6915,-15.4831104326056
6916,-15.4881838365968
6917,-15.4932565070662
6918,-15.4983284442258
6919,-15.5033996482876
6920,-15.5084701194634
6921,-15.5135398579651
6922,-15.5186088640045
6923,-15.523677137793
6924,-15.5287446795424
6925,-15.5338114894638
6926,-15.5388775677688
6927,-15.5439429146686
6928,-15.5490075303743
6929,-15.554071415097
6930,-15.5591345690476
6931,-15.5641969924372
6932,-15.5692586854764
6933,-15.5743196483759
6934,-15.5793798813464
6935,-15.5844393845984
6936,-15.5894981583424
6937,-15.5945562027886
6938,-15.5996135181473
6939,-15.6046701046287
6940,-15.6097259624427
6941,-15.6147810917996
6942,-15.619835492909
6943,-15.6248891659808
6944,-15.6299421112247
6945,-15.6349943288502
6946,-15.6400458190671
6947,-15.6450965820845
6948,-15.650146618112
6949,-15.6551959273587
6950,-15.6602445100338
6951,-15.6652923663465
6952,-15.6703394965055
6953,-15.6753859007199
6954,-15.6804315791986
6955,-15.68547653215
6956,-15.6905207597829
6957,-15.6955642623058
6958,-15.7006070399272
6959,-15.7056490928553
6960,-15.7106904212986
6961,-15.715731025465
6962,-15.7207709055628
6963,-15.7258100617999
6964,-15.7308484943841
6965,-15.7358862035234
6966,-15.7409231894254
6967,-15.7459594522978
6968,-15.7509949923481
6969,-15.7560298097838
6970,-15.7610639048122
6971,-15.7660972776406
6972,-15.7711299284762
6973,-15.7761618575261
6974,-15.7811930649973
6975,-15.7862235510968
6976,-15.7912533160312
6977,-15.7962823600075
6978,-15.8013106832321
6979,-15.8063382859119
6980,-15.811365168253
6981,-15.8163913304621
6982,-15.8214167727453
6983,-15.8264414953089
6984,-15.831465498359
6985,-15.8364887821016
6986,-15.8415113467427
6987,-15.846533192488
6988,-15.8515543195435
6989,-15.8565747281148
6990,-15.8615944184074
6991,-15.8666133906268
6992,-15.8716316449785
6993,-15.8766491816679
6994,-15.8816660009
6995,-15.8866821028802
6996,-15.8916974878133
6997,-15.8967121559045
6998,-15.9017261073586
6999,-15.9067393423804
7000,-15.9117518611746
7001,-15.9167636639458
7002,-15.9217747508986
7003,-15.9267851222374
7004,-15.9317947781666
7005,-15.9368037188903
7006,-15.941811944613
7007,-15.9468194555385
7008,-15.951826251871
7009,-15.9568323338143
7010,-15.9618377015723
7011,-15.9668423553488
7012,-15.9718462953473
7013,-15.9768495217715
7014,-15.9818520348249
7015,-15.9868538347108
7016,-15.9918549216326
7017,-15.9968552957934
7018,-16.0018549573965
7019,-16.0068539066449
7020,-16.0118521437415
7021,-16.0168496688892
7022,-16.0218464822908
7023,-16.0268425841491
7024,-16.0318379746666
7025,-16.0368326540458
7026,-16.0418266224893
7027,-16.0468198801993
7028,-16.0518124273782
7029,-16.0568042642281
7030,-16.0617953909511
7031,-16.0667858077492
7032,-16.0717755148244
7033,-16.0767645123786
7034,-16.0817528006134
7035,-16.0867403797305
7036,-16.0917272499315
7037,-16.096713411418
7038,-16.1016988643912
7039,-16.1066836090526
7040,-16.1116676456034
7041,-16.1166509742447
7042,-16.1216335951777
7043,-16.1266155086032
7044,-16.1315967147222
7045,-16.1365772137355
7046,-16.1415570058438
7047,-16.1465360912478
7048,-16.151514470148
7049,-16.1564921427449
7050,-16.1614691092388
7051,-16.1664453698302
7052,-16.1714209247191
7053,-16.1763957741057
7054,-16.18136991819
7055,-16.1863433571721
7056,-16.1913160912517
7057,-16.1962881206288
7058,-16.2012594455029
7059,-16.2062300660737
7060,-16.2111999825407
7061,-16.2161691951034
7062,-16.2211377039611
7063,-16.2261055093132
7064,-16.2310726113588
7065,-16.236039010297
7066,-16.2410047063268
7067,-16.2459696996472
7068,-16.2509339904571
7069,-16.2558975789552
7070,-16.2608604653402
7071,-16.2658226498107
7072,-16.2707841325653
7073,-16.2757449138023
7074,-16.2807049937201
7075,-16.285664372517
7076,-16.2906230503911
7077,-16.2955810275407
7078,-16.3005383041636
7079,-16.3054948804578
7080,-16.3104507566212
7081,-16.3154059328515
7082,-16.3203604093464
7083,-16.3253141863035
7084,-16.3302672639202
7085,-16.3352196423942
7086,-16.3401713219226
7087,-16.3451223027027
7088,-16.3500725849318
7089,-16.3550221688068
7090,-16.359971054525
7091,-16.364919242283
7092,-16.3698667322778
7093,-16.3748135247062
7094,-16.3797596197649
7095,-16.3847050176503
7096,-16.3896497185591
7097,-16.3945937226877
7098,-16.3995370302323
7099,-16.4044796413894
7100,-16.409421556355
7101,-16.4143627753252
7102,-16.4193032984962
7103,-16.4242431260637
7104,-16.4291822582236
7105,-16.4341206951718
7106,-16.4390584371038
7107,-16.4439954842154
7108,-16.4489318367019
7109,-16.4538674947589
7110,-16.4588024585817
7111,-16.4637367283656
7112,-16.4686703043057
7113,-16.4736031865971
7114,-16.478535375435
7115,-16.4834668710142
7116,-16.4883976735295
7117,-16.4933277831759
7118,-16.4982572001478
7119,-16.50318592464
7120,-16.5081139568471
7121,-16.5130412969634
7122,-16.5179679451833
7123,-16.522893901701
7124,-16.5278191667109
7125,-16.532743740407
7126,-16.5376676229834
7127,-16.542590814634
7128,-16.5475133155526
7129,-16.5524351259332
7130,-16.5573562459694
7131,-16.5622766758547
7132,-16.5671964157829
7133,-16.5721154659474
7134,-16.5770338265414
7135,-16.5819514977584
7136,-16.5868684797916
7137,-16.5917847728341
7138,-16.5967003770789
7139,-16.6016152927192
7140,-16.6065295199476
7141,-16.6114430589571
7142,-16.6163559099405
7143,-16.6212680730903
7144,-16.6261795485992
7145,-16.6310903366596
7146,-16.6360004374639
7147,-16.6409098512046
7148,-16.6458185780738
7149,-16.6507266182637
7150,-16.6556339719664
7151,-16.6605406393739
7152,-16.6654466206781
7153,-16.670351916071
7154,-16.6752565257443
7155,-16.6801604498895
7156,-16.6850636886984
7157,-16.6899662423626
7158,-16.6948681110734
7159,-16.6997692950222
7160,-16.7046697944002
7161,-16.7095696093988
7162,-16.714468740209
7163,-16.7193671870219
7164,-16.7242649500284
7165,-16.7291620294195
7166,-16.7340584253859
7167,-16.7389541381183
7168,-16.7438491678075
7169,-16.748743514644
7170,-16.7536371788182
7171,-16.7585301605206
7172,-16.7634224599415
7173,-16.7683140772712
7174,-16.7732050126998
7175,-16.7780952664174
7176,-16.7829848386141
7177,-16.7878737294797
7178,-16.7927619392041
7179,-16.7976494679771
7180,-16.8025363159884
7181,-16.8074224834276
7182,-16.8123079704842
7183,-16.8171927773477
7184,-16.8220769042074
7185,-16.8269603512527
7186,-16.8318431186728
7187,-16.8367252066567
7188,-16.8416066153937
7189,-16.8464873450726
7190,-16.8513673958824
7191,-16.8562467680118
7192,-16.8611254616497
7193,-16.8660034769847
7194,-16.8708808142053
7195,-16.8757574735002
7196,-16.8806334550576
7197,-16.8855087590661
7198,-16.8903833857138
7199,-16.8952573351889
7200,-16.9001306076796
7201,-16.9050032033739
7202,-16.9098751224597
7203,-16.914746365125
7204,-16.9196169315575
7205,-16.924486821945
7206,-16.9293560364751
7207,-16.9342245753353
7208,-16.9390924387133
7209,-16.9439596267963
7210,-16.9488261397718
7211,-16.9536919778269
7212,-16.9585571411489
7213,-16.9634216299248
7214,-16.9682854443418
7215,-16.9731485845866
7216,-16.9780110508463
7217,-16.9828728433075
7218,-16.987733962157
7219,-16.9925944075814
7220,-16.9974541797674
7221,-17.0023132789013
7222,-17.0071717051696
7223,-17.0120294587585
7224,-17.0168865398544
7225,-17.0217429486435
7226,-17.0265986853117
7227,-17.0314537500451
7228,-17.0363081430298
7229,-17.0411618644514
7230,-17.0460149144958
7231,-17.0508672933488
7232,-17.0557190011958
7233,-17.0605700382226
7234,-17.0654204046145
7235,-17.0702701005571
7236,-17.0751191262355
7237,-17.079967481835
7238,-17.0848151675409
7239,-17.0896621835381
7240,-17.0945085300118
7241,-17.0993542071468
7242,-17.104199215128
7243,-17.1090435541402
7244,-17.1138872243682
7245,-17.1187302259964
7246,-17.1235725592096
7247,-17.1284142241921
7248,-17.1332552211284
7249,-17.1380955502029
7250,-17.1429352115996
7251,-17.147774205503
7252,-17.1526125320969
7253,-17.1574501915655
7254,-17.1622871840926
7255,-17.1671235098623
7256,-17.1719591690582
7257,-17.176794161864
7258,-17.1816284884635
7259,-17.1864621490402
7260,-17.1912951437775
7261,-17.196127472859
7262,-17.2009591364678
7263,-17.2057901347874
7264,-17.2106204680008
7265,-17.2154501362912
7266,-17.2202791398416
7267,-17.2251074788351
7268,-17.2299351534543
7269,-17.2347621638823
7270,-17.2395885103017
7271,-17.2444141928951
7272,-17.2492392118452
7273,-17.2540635673344
7274,-17.2588872595453
7275,-17.2637102886601
7276,-17.2685326548611
7277,-17.2733543583305
7278,-17.2781753992506
7279,-17.2829957778032
7280,-17.2878154941705
7281,-17.2926345485342
7282,-17.2974529410764
7283,-17.3022706719786
7284,-17.3070877414226
7285,-17.31190414959
7286,-17.3167198966623
7287,-17.321534982821
7288,-17.3263494082474
7289,-17.331163173123
7290,-17.3359762776288
7291,-17.3407887219461
7292,-17.345600506256
7293,-17.3504116307394
7294,-17.3552220955773
7295,-17.3600319009505
7296,-17.3648410470399
7297,-17.3696495340262
7298,-17.3744573620899
7299,-17.3792645314117
7300,-17.3840710421721
7301,-17.3888768945514
7302,-17.39368208873
7303,-17.3984866248882
7304,-17.4032905032061
7305,-17.4080937238639
7306,-17.4128962870417
7307,-17.4176981929193
7308,-17.4224994416768
7309,-17.4273000334938
7310,-17.4320999685503
7311,-17.4368992470258
7312,-17.4416978690999
7313,-17.4464958349522
7314,-17.4512931447621
7315,-17.4560897987091
7316,-17.4608857969723
7317,-17.4656811397312
7318,-17.4704758271647
7319,-17.475269859452
7320,-17.4800632367722
7321,-17.4848559593041
7322,-17.4896480272266
7323,-17.4944394407186
7324,-17.4992301999587
7325,-17.5040203051255
7326,-17.5088097563977
7327,-17.5135985539539
7328,-17.5183866979722
7329,-17.5231741886313
7330,-17.5279610261092
7331,-17.5327472105843
7332,-17.5375327422347
7333,-17.5423176212384
7334,-17.5471018477734
7335,-17.5518854220177
7336,-17.5566683441491
7337,-17.5614506143453
7338,-17.5662322327841
7339,-17.5710131996431
7340,-17.5757935150998
7341,-17.5805731793317
7342,-17.5853521925163
7343,-17.5901305548308
7344,-17.5949082664526
7345,-17.5996853275588
7346,-17.6044617383265
7347,-17.6092374989329
7348,-17.6140126095548
7349,-17.6187870703691
7350,-17.6235608815528
7351,-17.6283340432825
7352,-17.633106555735
7353,-17.6378784190869
7354,-17.6426496335146
7355,-17.6474201991947
7356,-17.6521901163036
7357,-17.6569593850175
7358,-17.6617280055128
7359,-17.6664959779657
7360,-17.6712633025522
7361,-17.6760299794484
7362,-17.6807960088302
7363,-17.6855613908735
7364,-17.6903261257543
7365,-17.6950902136481
7366,-17.6998536547307
7367,-17.7046164491778
7368,-17.7093785971648
7369,-17.7141400988672
7370,-17.7189009544604
7371,-17.7236611641197
7372,-17.7284207280204
7373,-17.7331796463377
7374,-17.7379379192466
7375,-17.7426955469223
7376,-17.7474525295396
7377,-17.7522088672735
7378,-17.7569645602987
7379,-17.7617196087902
7380,-17.7664740129224
7381,-17.7712277728701
7382,-17.7759808888078
7383,-17.7807333609099
7384,-17.7854851893509
7385,-17.790236374305
7386,-17.7949869159466
7387,-17.7997368144498
7388,-17.8044860699887
7389,-17.8092346827374
7390,-17.8139826528699
7391,-17.81872998056
7392,-17.8234766659816
7393,-17.8282227093085
7394,-17.8329681107143
7395,-17.8377128703726
7396,-17.8424569884571
7397,-17.8472004651412
7398,-17.8519433005983
7399,-17.8566854950017
7400,-17.8614270485247
7401,-17.8661679613405
7402,-17.8709082336223
7403,-17.8756478655431
7404,-17.8803868572759
7405,-17.8851252089936
7406,-17.889862920869
7407,-17.894599993075
7408,-17.8993364257842
7409,-17.9040722191693
7410,-17.9088073734029
7411,-17.9135418886574
7412,-17.9182757651053
7413,-17.9230090029189
7414,-17.9277416022706
7415,-17.9324735633325
7416,-17.9372048862768
7417,-17.9419355712756
7418,-17.9466656185008
7419,-17.9513950281245
7420,-17.9561238003185
7421,-17.9608519352546
7422,-17.9655794331046
7423,-17.97030629404
7424,-17.9750325182326
7425,-17.9797581058537
7426,-17.984483057075
7427,-17.9892073720676
7428,-17.9939310510031
7429,-17.9986540940526
7430,-18.0033765013873
7431,-18.0080982731784
7432,-18.0128194095968
7433,-18.0175399108135
7434,-18.0222597769994
7435,-18.0269790083254
7436,-18.0316976049622
7437,-18.0364155670806
7438,-18.0411328948511
7439,-18.0458495884443
7440,-18.0505656480307
7441,-18.0552810737808
7442,-18.0599958658647
7443,-18.064710024453
7444,-18.0694235497157
7445,-18.0741364418231
7446,-18.0788487009451
7447,-18.0835603272518
7448,-18.0882713209132
7449,-18.092981682099
7450,-18.0976914109792
7451,-18.1024005077235
7452,-18.1071089725014
7453,-18.1118168054827
7454,-18.1165240068368
7455,-18.1212305767332
7456,-18.1259365153414
7457,-18.1306418228305
7458,-18.1353464993699
7459,-18.1400505451289
7460,-18.1447539602764
7461,-18.1494567449815
7462,-18.1541588994133
7463,-18.1588604237407
7464,-18.1635613181324
7465,-18.1682615827573
7466,-18.1729612177841
7467,-18.1776602233815
7468,-18.182358599718
7469,-18.1870563469621
7470,-18.1917534652823
7471,-18.1964499548469
7472,-18.2011458158243
7473,-18.2058410483827
7474,-18.2105356526903
7475,-18.2152296289152
7476,-18.2199229772253
7477,-18.2246156977888
7478,-18.2293077907734
7479,-18.2339992563471
7480,-18.2386900946775
7481,-18.2433803059324
7482,-18.2480698902795
7483,-18.2527588478862
7484,-18.2574471789202
7485,-18.2621348835487
7486,-18.2668219619393
7487,-18.2715084142591
7488,-18.2761942406755
7489,-18.2808794413555
7490,-18.2855640164663
7491,-18.2902479661749
7492,-18.2949312906483
7493,-18.2996139900534
7494,-18.3042960645569
7495,-18.3089775143257
7496,-18.3136583395265
7497,-18.3183385403258
7498,-18.3230181168903
7499,-18.3276970693865
7500,-18.3323753979807
7501,-18.3370531028393
7502,-18.3417301841287
7503,-18.346406642015
7504,-18.3510824766645
7505,-18.3557576882431
7506,-18.3604322769171
7507,-18.3651062428522
7508,-18.3697795862145
7509,-18.3744523071697
7510,-18.3791244058836
7511,-18.3837958825219
7512,-18.3884667372503
7513,-18.3931369702343
7514,-18.3978065816393
7515,-18.4024755716309
7516,-18.4071439403745
7517,-18.4118116880353
7518,-18.4164788147784
7519,-18.4211453207693
7520,-18.4258112061728
7521,-18.4304764711541
7522,-18.4351411158782
7523,-18.4398051405099
7524,-18.4444685452141
7525,-18.4491313301555
7526,-18.4537934954989
7527,-18.458455041409
7528,-18.4631159680502
7529,-18.4677762755871
7530,-18.4724359641842
7531,-18.4770950340059
7532,-18.4817534852164
7533,-18.48641131798
7534,-18.4910685324609
7535,-18.4957251288232
7536,-18.5003811072309
7537,-18.5050364678482
7538,-18.5096912108388
7539,-18.5143453363666
7540,-18.5189988445955
7541,-18.5236517356892
7542,-18.5283040098113
7543,-18.5329556671254
7544,-18.537606707795
7545,-18.5422571319837
7546,-18.5469069398548
7547,-18.5515561315718
7548,-18.5562047072977
7549,-18.5608526671959
7550,-18.5655000114295
7551,-18.5701467401616
7552,-18.5747928535552
7553,-18.5794383517732
7554,-18.5840832349785
7555,-18.588727503334
7556,-18.5933711570024
7557,-18.5980141961464
7558,-18.6026566209286
7559,-18.6072984315116
7560,-18.6119396280578
7561,-18.6165802107298
7562,-18.6212201796898
7563,-18.6258595351003
7564,-18.6304982771233
7565,-18.6351364059212
7566,-18.6397739216559
7567,-18.6444108244897
7568,-18.6490471145843
7569,-18.6536827921018
7570,-18.6583178572041
7571,-18.6629523100528
7572,-18.6675861508097
7573,-18.6722193796366
7574,-18.6768519966949
7575,-18.6814840021463
7576,-18.6861153961521
7577,-18.6907461788738
7578,-18.6953763504728
7579,-18.7000059111103
7580,-18.7046348609475
7581,-18.7092632001456
7582,-18.7138909288656
7583,-18.7185180472687
7584,-18.7231445555157
7585,-18.7277704537676
7586,-18.7323957421851
7587,-18.737020420929
7588,-18.7416444901601
7589,-18.7462679500391
7590,-18.7508908007263
7591,-18.7555130423825
7592,-18.760134675168
7593,-18.7647556992431
7594,-18.7693761147684
7595,-18.773995921904
7596,-18.77861512081
7597,-18.7832337116467
7598,-18.7878516945741
7599,-18.7924690697522
7600,-18.797085837341
7601,-18.8017019975003
7602,-18.80631755039
7603,-18.8109324961698
7604,-18.8155468349994
7605,-18.8201605670384
7606,-18.8247736924465
7607,-18.829386211383
7608,-18.8339981240075
7609,-18.8386094304793
7610,-18.8432201309578
7611,-18.8478302256021
7612,-18.8524397145715
7613,-18.8570485980251
7614,-18.861656876122
7615,-18.8662645490212
7616,-18.8708716168816
7617,-18.875478079862
7618,-18.8800839381214
7619,-18.8846891918184
7620,-18.8892938411118
7621,-18.8938978861601
7622,-18.8985013271219
7623,-18.9031041641558
7624,-18.9077063974201
7625,-18.9123080270733
7626,-18.9169090532736
7627,-18.9215094761793
7628,-18.9261092959486
7629,-18.9307085127397
7630,-18.9353071267105
7631,-18.9399051380192
7632,-18.9445025468235
7633,-18.9490993532815
7634,-18.9536955575509
7635,-18.9582911597895
7636,-18.9628861601549
7637,-18.9674805588049
7638,-18.9720743558969
7639,-18.9766675515885
7640,-18.9812601460371
7641,-18.9858521394002
7642,-18.990443531835
7643,-18.9950343234987
7644,-18.9996245145487
7645,-19.004214105142
7646,-19.0088030954357
7647,-19.0133914855867
7648,-19.0179792757522
7649,-19.0225664660889
7650,-19.0271530567537
7651,-19.0317390479033
7652,-19.0363244396945
7653,-19.0409092322838
7654,-19.045493425828
7655,-19.0500770204835
7656,-19.0546600164067
7657,-19.0592424137541
7658,-19.0638242126819
7659,-19.0684054133466
7660,-19.0729860159042
7661,-19.0775660205109
7662,-19.0821454273229
7663,-19.0867242364962
7664,-19.0913024481867
7665,-19.0958800625503
7666,-19.1004570797429
7667,-19.1050334999203
7668,-19.1096093232382
7669,-19.1141845498523
7670,-19.1187591799181
7671,-19.1233332135913
7672,-19.1279066510273
7673,-19.1324794923814
7674,-19.1370517378092
7675,-19.1416233874658
7676,-19.1461944415066
7677,-19.1507649000867
7678,-19.1553347633612
7679,-19.1599040314851
7680,-19.1644727046136
7681,-19.1690407829014
7682,-19.1736082665036
7683,-19.1781751555748
7684,-19.1827414502699
7685,-19.1873071507436
7686,-19.1918722571504
7687,-19.196436769645
7688,-19.2010006883819
7689,-19.2055640135155
7690,-19.2101267452002
7691,-19.2146888835904
7692,-19.2192504288403
7693,-19.2238113811042
7694,-19.2283717405361
7695,-19.2329315072903
7696,-19.2374906815206
7697,-19.2420492633811
7698,-19.2466072530258
7699,-19.2511646506084
7700,-19.2557214562827
7701,-19.2602776702025
7702,-19.2648332925215
7703,-19.2693883233933
7704,-19.2739427629713
7705,-19.2784966114092
7706,-19.2830498688603
7707,-19.287602535478
7708,-19.2921546114157
7709,-19.2967060968265
7710,-19.3012569918637
7711,-19.3058072966804
7712,-19.3103570114298
7713,-19.3149061362647
7714,-19.3194546713382
7715,-19.3240026168032
7716,-19.3285499728124
7717,-19.3330967395187
7718,-19.3376429170749
7719,-19.3421885056335
7720,-19.3467335053471
7721,-19.3512779163683
7722,-19.3558217388496
7723,-19.3603649729434
7724,-19.364907618802
7725,-19.3694496765778
7726,-19.3739911464231
7727,-19.3785320284899
7728,-19.3830723229304
7729,-19.3876120298967
7730,-19.3921511495409
7731,-19.3966896820147
7732,-19.4012276274702
7733,-19.4057649860592
7734,-19.4103017579334
7735,-19.4148379432446
7736,-19.4193735421443
7737,-19.4239085547843
7738,-19.428442981316
7739,-19.4329768218909
7740,-19.4375100766605
7741,-19.4420427457761
7742,-19.4465748293889
7743,-19.4511063276504
7744,-19.4556372407115
7745,-19.4601675687235
7746,-19.4646973118375
7747,-19.4692264702044
7748,-19.4737550439751
7749,-19.4782830333007
7750,-19.4828104383318
7751,-19.4873372592194
7752,-19.491863496114
7753,-19.4963891491664
7754,-19.5009142185272
7755,-19.505438704347
7756,-19.509962606776
7757,-19.514485925965
7758,-19.5190086620641
7759,-19.5235308152237
7760,-19.5280523855941
7761,-19.5325733733254
7762,-19.5370937785678
7763,-19.5416136014713
7764,-19.546132842186
7765,-19.5506515008619
7766,-19.5551695776488
7767,-19.5596870726966
7768,-19.5642039861551
7769,-19.568720318174
7770,-19.5732360689029
7771,-19.5777512384916
7772,-19.5822658270895
7773,-19.5867798348462
7774,-19.5912932619111
7775,-19.5958061084335
7776,-19.6003183745628
7777,-19.6048300604483
7778,-19.6093411662392
7779,-19.6138516920846
7780,-19.6183616381337
7781,-19.6228710045354
7782,-19.6273797914387
7783,-19.6318879989927
7784,-19.6363956273461
7785,-19.6409026766477
7786,-19.6454091470463
7787,-19.6499150386906
7788,-19.6544203517293
7789,-19.6589250863108
7790,-19.6634292425838
7791,-19.6679328206967
7792,-19.6724358207979
7793,-19.6769382430358
7794,-19.6814400875586
7795,-19.6859413545146
7796,-19.6904420440519
7797,-19.6949421563188
7798,-19.6994416914631
7799,-19.7039406496331
7800,-19.7084390309765
7801,-19.7129368356414
7802,-19.7174340637755
7803,-19.7219307155267
7804,-19.7264267910426
7805,-19.7309222904709
7806,-19.7354172139592
7807,-19.7399115616552
7808,-19.7444053337062
7809,-19.7488985302597
7810,-19.7533911514631
7811,-19.7578831974638
7812,-19.762374668409
7813,-19.7668655644458
7814,-19.7713558857216
7815,-19.7758456323833
7816,-19.7803348045781
7817,-19.7848234024529
7818,-19.7893114261546
7819,-19.7937988758301
7820,-19.7982857516263
7821,-19.8027720536899
7822,-19.8072577821675
7823,-19.8117429372059
7824,-19.8162275189517
7825,-19.8207115275514
7826,-19.8251949631514
7827,-19.8296778258982
7828,-19.8341601159382
7829,-19.8386418334177
7830,-19.8431229784829
7831,-19.84760355128
7832,-19.8520835519552
7833,-19.8565629806546
7834,-19.8610418375242
7835,-19.86552012271
7836,-19.8699978363578
7837,-19.8744749786137
7838,-19.8789515496233
7839,-19.8834275495324
7840,-19.8879029784868
7841,-19.8923778366321
7842,-19.8968521241138
7843,-19.9013258410775
7844,-19.9057989876687
7845,-19.9102715640327
7846,-19.914743570315
7847,-19.9192150066608
7848,-19.9236858732155
7849,-19.9281561701242
7850,-19.932625897532
7851,-19.9370950555841
7852,-19.9415636444254
7853,-19.946031664201
7854,-19.9504991150557
7855,-19.9549659971345
7856,-19.9594323105821
7857,-19.9638980555433
7858,-19.9683632321628
7859,-19.9728278405852
7860,-19.9772918809551
7861,-19.9817553534172
7862,-19.9862182581157
7863,-19.9906805951952
7864,-19.9951423648
7865,-19.9996035670745
7866,-20.0040642021629
7867,-20.0085242702093
7868,-20.0129837713581
7869,-20.0174427057531
7870,-20.0219010735385
7871,-20.0263588748583
7872,-20.0308161098564
7873,-20.0352727786767
7874,-20.0397288814629
7875,-20.0441844183589
7876,-20.0486393895083
7877,-20.0530937950549
7878,-20.0575476351421
7879,-20.0620009099137
7880,-20.0664536195129
7881,-20.0709057640834
7882,-20.0753573437684
7883,-20.0798083587113
7884,-20.0842588090553
7885,-20.0887086949437
7886,-20.0931580165197
7887,-20.0976067739263
7888,-20.1020549673066
7889,-20.1065025968037
7890,-20.1109496625603
7891,-20.1153961647195
7892,-20.1198421034241
7893,-20.1242874788169
7894,-20.1287322910405
7895,-20.1331765402377
7896,-20.1376202265511
7897,-20.1420633501232
7898,-20.1465059110965
7899,-20.1509479096136
7900,-20.1553893458168
7901,-20.1598302198485
7902,-20.1642705318509
7903,-20.1687102819663
7904,-20.1731494703369
7905,-20.1775880971048
7906,-20.1820261624122
7907,-20.1864636664009
7908,-20.190900609213
7909,-20.1953369909905
7910,-20.1997728118751
7911,-20.2042080720088
7912,-20.2086427715331
7913,-20.2130769105899
7914,-20.2175104893208
7915,-20.2219435078674
7916,-20.2263759663712
7917,-20.2308078649738
7918,-20.2352392038164
7919,-20.2396699830406
7920,-20.2441002027877
7921,-20.2485298631989
7922,-20.2529589644155
7923,-20.2573875065785
7924,-20.2618154898292
7925,-20.2662429143086
7926,-20.2706697801576
7927,-20.2750960875174
7928,-20.2795218365287
7929,-20.2839470273323
7930,-20.2883716600691
7931,-20.2927957348799
7932,-20.2972192519053
7933,-20.3016422112859
7934,-20.3060646131623
7935,-20.3104864576751
7936,-20.3149077449647
7937,-20.3193284751716
7938,-20.323748648436
7939,-20.3281682648984
7940,-20.332587324699
7941,-20.337005827978
7942,-20.3414237748755
7943,-20.3458411655317
7944,-20.3502580000865
7945,-20.3546742786801
7946,-20.3590900014523
7947,-20.363505168543
7948,-20.3679197800922
7949,-20.3723338362394
7950,-20.3767473371246
7951,-20.3811602828873
7952,-20.3855726736672
7953,-20.3899845096039
7954,-20.3943957908369
7955,-20.3988065175056
7956,-20.4032166897495
7957,-20.407626307708
7958,-20.4120353715203
7959,-20.4164438813257
7960,-20.4208518372635
7961,-20.4252592394727
7962,-20.4296660880925
7963,-20.4340723832619
7964,-20.4384781251199
7965,-20.4428833138055
7966,-20.4472879494575
7967,-20.4516920322149
7968,-20.4560955622163
7969,-20.4604985396006
7970,-20.4649009645063
7971,-20.4693028370721
7972,-20.4737041574368
7973,-20.4781049257385
7974,-20.4825051421161
7975,-20.4869048067077
7976,-20.4913039196519
7977,-20.4957024810869
7978,-20.500100491151
7979,-20.5044979499824
7980,-20.5088948577192
7981,-20.5132912144997
7982,-20.5176870204617
7983,-20.5220822757434
7984,-20.5264769804827
7985,-20.5308711348175
7986,-20.5352647388856
7987,-20.5396577928249
7988,-20.5440502967731
7989,-20.5484422508679
7990,-20.5528336552469
7991,-20.5572245100477
7992,-20.5616148154079
7993,-20.566004571465
7994,-20.5703937783563
7995,-20.5747824362194
7996,-20.5791705451914
7997,-20.5835581054098
7998,-20.5879451170116
7999,-20.5923315801342
8000,-20.5967174949147
8001,-20.6010453095546
8002,-20.605372583319
8003,-20.6096993163433
8004,-20.6140255087624
8005,-20.6183511607115
8006,-20.6226762723255
8007,-20.6270008437395
8008,-20.6313248750884
8009,-20.6356483665071
8010,-20.6399713181303
8011,-20.6442937300929
8012,-20.6486156025296
8013,-20.652936935575
8014,-20.6572577293637
8015,-20.6615779840304
8016,-20.6658976997096
8017,-20.6702168765357
8018,-20.6745355146431
8019,-20.6788536141662
8020,-20.6831711752394
8021,-20.6874881979968
8022,-20.6918046825728
8023,-20.6961206291015
8024,-20.7004360377169
8025,-20.7047509085533
8026,-20.7090652417445
8027,-20.7133790374245
8028,-20.7176922957274
8029,-20.7220050167869
8030,-20.7263172007368
8031,-20.730628847711
8032,-20.7349399578431
8033,-20.7392505312668
8034,-20.7435605681158
8035,-20.7478700685235
8036,-20.7521790326236
8037,-20.7564874605494
8038,-20.7607953524345
8039,-20.7651027084121
8040,-20.7694095286156
8041,-20.7737158131782
8042,-20.7780215622332
8043,-20.7823267759138
8044,-20.786631454353
8045,-20.790935597684
8046,-20.7952392060397
8047,-20.7995422795532
8048,-20.8038448183572
8049,-20.8081468225848
8050,-20.8124482923688
8051,-20.8167492278418
8052,-20.8210496291367
8053,-20.8253494963861
8054,-20.8296488297227
8055,-20.8339476292789
8056,-20.8382458951874
8057,-20.8425436275806
8058,-20.8468408265909
8059,-20.8511374923508
8060,-20.8554336249925
8061,-20.8597292246483
8062,-20.8640242914505
8063,-20.8683188255312
8064,-20.8726128270226
8065,-20.8769062960567
8066,-20.8811992327656
8067,-20.8854916372813
8068,-20.8897835097357
8069,-20.8940748502606
8070,-20.898365658988
8071,-20.9026559360496
8072,-20.9069456815772
8073,-20.9112348957024
8074,-20.9155235785568
8075,-20.9198117302722
8076,-20.9240993509799
8077,-20.9283864408116
8078,-20.9326729998987
8079,-20.9369590283725
8080,-20.9412445263644
8081,-20.9455294940057
8082,-20.9498139314276
8083,-20.9540978387614
8084,-20.9583812161382
8085,-20.9626640636892
8086,-20.9669463815453
8087,-20.9712281698375
8088,-20.9755094286969
8089,-20.9797901582544
8090,-20.9840703586407
8091,-20.9883500299868
8092,-20.9926291724234
8093,-20.9969077860811
8094,-21.0011858710908
8095,-21.0054634275829
8096,-21.009740455688
8097,-21.0140169555368
8098,-21.0182929272596
8099,-21.0225683709868
8100,-21.026843286849
8101,-21.0311176749763
8102,-21.0353915354991
8103,-21.0396648685475
8104,-21.0439376742519
8105,-21.0482099527423
8106,-21.0524817041488
8107,-21.0567529286014
8108,-21.0610236262302
8109,-21.065293797165
8110,-21.0695634415358
8111,-21.0738325594725
8112,-21.0781011511048
8113,-21.0823692165624
8114,-21.0866367559751
8115,-21.0909037694726
8116,-21.0951702571844
8117,-21.0994362192401
8118,-21.1037016557692
8119,-21.1079665669012
8120,-21.1122309527655
8121,-21.1164948134915
8122,-21.1207581492084
8123,-21.1250209600456
8124,-21.1292832461323
8125,-21.1335450075976
8126,-21.1378062445707
8127,-21.1420669571807
8128,-21.1463271455566
8129,-21.1505868098273
8130,-21.154845950122
8131,-21.1591045665693
8132,-21.1633626592982
8133,-21.1676202284374
8134,-21.1718772741158
8135,-21.1761337964619
8136,-21.1803897956046
8137,-21.1846452716723
8138,-21.1889002247936
8139,-21.1931546550971
8140,-21.1974085627112
8141,-21.2016619477643
8142,-21.2059148103848
8143,-21.2101671507011
8144,-21.2144189688413
8145,-21.2186702649337
8146,-21.2229210391065
8147,-21.2271712914879
8148,-21.2314210222059
8149,-21.2356702313885
8150,-21.2399189191638
8151,-21.2441670856597
8152,-21.2484147310041
8153,-21.2526618553248
8154,-21.2569084587497
8155,-21.2611545414065
8156,-21.2654001034229
8157,-21.2696451449266
8158,-21.2738896660451
8159,-21.2781336669062
8160,-21.2823771476372
8161,-21.2866201083656
8162,-21.290862549219
8163,-21.2951044703246
8164,-21.2993458718098
8165,-21.303586753802
8166,-21.3078271164282
8167,-21.3120669598158
8168,-21.3163062840918
8169,-21.3205450893834
8170,-21.3247833758177
8171,-21.3290211435216
8172,-21.333258392622
8173,-21.337495123246
8174,-21.3417313355204
8175,-21.345967029572
8176,-21.3502022055275
8177,-21.3544368635137
8178,-21.3586710036574
8179,-21.362904626085
8180,-21.3671377309233
8181,-21.3713703182986
8182,-21.3756023883377
8183,-21.3798339411668
8184,-21.3840649769125
8185,-21.388295495701
8186,-21.3925254976586
8187,-21.3967549829117
8188,-21.4009839515864
8189,-21.405212403809
8190,-21.4094403397055
8191,-21.413667759402
8192,-21.4178946630246
8193,-21.4221210506992
8194,-21.4263469225518
8195,-21.4305722787083
8196,-21.4347971192945
8197,-21.4390214444362
8198,-21.4432452542593
8199,-21.4474685488893
8200,-21.451691328452
8201,-21.455913593073
8202,-21.4601353428778
8203,-21.464356577992
8204,-21.468577298541
8205,-21.4727975046504
8206,-21.4770171964454
8207,-21.4812363740515
8208,-21.4854550375939
8209,-21.4896731871978
8210,-21.4938908229886
8211,-21.4981079450913
8212,-21.502324553631
8213,-21.5065406487329
8214,-21.5107562305219
8215,-21.5149712991231
8216,-21.5191858546613
8217,-21.5233998972614
8218,-21.5276134270483
8219,-21.5318264441468
8220,-21.5360389486817
8221,-21.5402509407775
8222,-21.5444624205591
8223,-21.5486733881509
8224,-21.5528838436777
8225,-21.5570937872638
8226,-21.5613032190338
8227,-21.565512139112
8228,-21.569720547623
8229,-21.573928444691
8230,-21.5781358304403
8231,-21.5823427049952
8232,-21.5865490684798
8233,-21.5907549210184
8234,-21.5949602627351
8235,-21.5991650937538
8236,-21.6033694141987
8237,-21.6075732241937
8238,-21.6117765238627
8239,-21.6159793133297
8240,-21.6201815927185
8241,-21.6243833621529
8242,-21.6285846217566
8243,-21.6327853716533
8244,-21.6369856119667
8245,-21.6411853428205
8246,-21.6453845643381
8247,-21.6495832766432
8248,-21.6537814798592
8249,-21.6579791741095
8250,-21.6621763595176
8251,-21.6663730362067
8252,-21.6705692043002
8253,-21.6747648639214
8254,-21.6789600151934
8255,-21.6831546582395
8256,-21.6873487931827
8257,-21.6915424201461
8258,-21.6957355392528
8259,-21.6999281506258
8260,-21.704120254388
8261,-21.7083118506622
8262,-21.7125029395715
8263,-21.7166935212385
8264,-21.720883595786
8265,-21.7250731633368
8266,-21.7292622240135
8267,-21.7334507779389
8268,-21.7376388252353
8269,-21.7418263660255
8270,-21.7460134004319
8271,-21.7501999285769
8272,-21.754385950583
8273,-21.7585714665726
8274,-21.7627564766679
8275,-21.7669409809912
8276,-21.7711249796648
8277,-21.7753084728109
8278,-21.7794914605516
8279,-21.7836739430089
8280,-21.7878559203051
8281,-21.792037392562
8282,-21.7962183599017
8283,-21.800398822446
8284,-21.8045787803169
8285,-21.8087582336361
8286,-21.8129371825256
8287,-21.8171156271069
8288,-21.8212935675019
8289,-21.8254710038321
8290,-21.8296479362193
8291,-21.8338243647849
8292,-21.8380002896505
8293,-21.8421757109376
8294,-21.8463506287677
8295,-21.850525043262
8296,-21.854698954542
8297,-21.858872362729
8298,-21.8630452679442
8299,-21.8672176703089
8300,-21.8713895699442
8301,-21.8755609669712
8302,-21.8797318615112
8303,-21.883902253685
8304,-21.8880721436137
8305,-21.8922415314183
8306,-21.8964104172197
8307,-21.9005788011387
8308,-21.9047466832961
8309,-21.9089140638128
8310,-21.9130809428096
8311,-21.9172473204069
8312,-21.9214131967257
8313,-21.9255785718863
8314,-21.9297434460095
8315,-21.9339078192157
8316,-21.9380716916255
8317,-21.9422350633591
8318,-21.9463979345371
8319,-21.9505603052798
8320,-21.9547221757075
8321,-21.9588835459404
8322,-21.9630444160988
8323,-21.9672047863028
8324,-21.9713646566726
8325,-21.9755240273283
8326,-21.9796828983898
8327,-21.9838412699773
8328,-21.9879991422106
8329,-21.9921565152097
8330,-21.9963133890944
8331,-22.0004697639846
8332,-22.0046256400001
8333,-22.0087810172606
8334,-22.0129358958858
8335,-22.0170902759953
8336,-22.0212441577088
8337,-22.0253975411458
8338,-22.0295504264259
8339,-22.0337028136686
8340,-22.0378547029932
8341,-22.0420060945192
8342,-22.046156988366
8343,-22.0503073846528
8344,-22.054457283499
8345,-22.0586066850237
8346,-22.0627555893461
8347,-22.0669039965854
8348,-22.0710519068606
8349,-22.0751993202909
8350,-22.0793462369952
8351,-22.0834926570926
8352,-22.0876385807018
8353,-22.0917840079419
8354,-22.0959289389316
8355,-22.1000733737898
8356,-22.1042173126352
8357,-22.1083607555865
8358,-22.1125037027624
8359,-22.1166461542815
8360,-22.1207881102625
8361,-22.1249295708238
8362,-22.1290705360839
8363,-22.1332110061613
8364,-22.1373509811745
8365,-22.1414904612417
8366,-22.1456294464814
8367,-22.1497679370118
8368,-22.1539059329512
8369,-22.1580434344177
8370,-22.1621804415295
8371,-22.1663169544048
8372,-22.1704529731616
8373,-22.1745884979179
8374,-22.1787235287918
8375,-22.1828580659012
8376,-22.186992109364
8377,-22.191125659298
8378,-22.1952587158211
8379,-22.1993912790511
8380,-22.2035233491057
8381,-22.2076549261026
8382,-22.2117860101594
8383,-22.2159166013939
8384,-22.2200466999234
8385,-22.2241763058656
8386,-22.2283054193379
8387,-22.2324340404579
8388,-22.2365621693428
8389,-22.2406898061101
8390,-22.244816950877
8391,-22.2489436037609
8392,-22.253069764879
8393,-22.2571954343485
8394,-22.2613206122864
8395,-22.26544529881
8396,-22.2695694940363
8397,-22.2736931980823
8398,-22.277816411065
8399,-22.2819391331013
8400,-22.2860613643082
8401,-22.2901831048025
8402,-22.294304354701
8403,-22.2984251141205
8404,-22.3025453831777
8405,-22.3066651619893
8406,-22.310784450672
8407,-22.3149032493423
8408,-22.3190215581169
8409,-22.3231393771122
8410,-22.3272567064447
8411,-22.331373546231
8412,-22.3354898965873
8413,-22.33960575763
8414,-22.3437211294755
8415,-22.3478360122401
8416,-22.3519504060398
8417,-22.3560643109911
8418,-22.3601777272099
8419,-22.3642906548125
8420,-22.3684030939148
8421,-22.3725150446329
8422,-22.3766265070828
8423,-22.3807374813805
8424,-22.3848479676418
8425,-22.3889579659826
8426,-22.3930674765187
8427,-22.3971764993659
8428,-22.4012850346399
8429,-22.4053930824565
8430,-22.4095006429313
8431,-22.4136077161798
8432,-22.4177143023177
8433,-22.4218204014606
8434,-22.4259260137238
8435,-22.4300311392229
8436,-22.4341357780732
8437,-22.4382399303901
8438,-22.442343596289
8439,-22.4464467758851
8440,-22.4505494692937
8441,-22.45465167663
8442,-22.4587533980091
8443,-22.4628546335462
8444,-22.4669553833563
8445,-22.4710556475545
8446,-22.4751554262558
8447,-22.4792547195752
8448,-22.4833535276275
8449,-22.4874518505276
8450,-22.4915496883904
8451,-22.4956470413307
8452,-22.4997439094632
8453,-22.5038402929026
8454,-22.5079361917636
8455,-22.5120316061609
8456,-22.516126536209
8457,-22.5202209820225
8458,-22.5243149437158
8459,-22.5284084214036
8460,-22.5325014152001
8461,-22.5365939252198
8462,-22.540685951577
8463,-22.544777494386
8464,-22.5488685537612
8465,-22.5529591298167
8466,-22.5570492226667
8467,-22.5611388324253
8468,-22.5652279592067
8469,-22.569316603125
8470,-22.5734047642941
8471,-22.577492442828
8472,-22.5815796388407
8473,-22.585666352446
8474,-22.589752583758
8475,-22.5938383328902
8476,-22.5979235999567
8477,-22.602008385071
8478,-22.6060926883469
8479,-22.610176509898
8480,-22.6142598498381
8481,-22.6183427082805
8482,-22.622425085339
8483,-22.626506981127
8484,-22.6305883957579
8485,-22.6346693293452
8486,-22.6387497820023
8487,-22.6428297538424
8488,-22.6469092449789
8489,-22.6509882555251
8490,-22.6550667855942
8491,-22.6591448352993
8492,-22.6632224047537
8493,-22.6672994940703
8494,-22.6713761033622
8495,-22.6754522327426
8496,-22.6795278823243
8497,-22.6836030522203
8498,-22.6876777425434
8499,-22.6917519534067
8500,-22.6958256849228
8501,-22.6998989372046
8502,-22.7039717103648
8503,-22.7080440045161
8504,-22.7121158197711
8505,-22.7161871562425
8506,-22.7202580140429
8507,-22.7243283932848
8508,-22.7283982940807
8509,-22.7324677165431
8510,-22.7365366607844
8511,-22.7406051269169
8512,-22.7446731150531
8513,-22.7487406253053
8514,-22.7528076577856
8515,-22.7568742126063
8516,-22.7609402898796
8517,-22.7650058897177
8518,-22.7690710122327
8519,-22.7731356575366
8520,-22.7771998257414
8521,-22.7812635169592
8522,-22.7853267313019
8523,-22.7893894688813
8524,-22.7934517298095
8525,-22.7975135141981
8526,-22.8015748221591
8527,-22.805635653804
8528,-22.8096960092448
8529,-22.813755888593
8530,-22.8178152919602
8531,-22.8218742194582
8532,-22.8259326711983
8533,-22.8299906472922
8534,-22.8340481478513
8535,-22.838105172987
8536,-22.8421617228108
8537,-22.846217797434
8538,-22.8502733969679
8539,-22.8543285215239
8540,-22.858383171213
8541,-22.8624373461467
8542,-22.866491046436
8543,-22.870544272192
8544,-22.8745970235259
8545,-22.8786493005486
8546,-22.8827011033713
8547,-22.8867524321048
8548,-22.89080328686
8549,-22.894853667748
8550,-22.8989035748795
8551,-22.9029530083654
8552,-22.9070019683164
8553,-22.9110504548432
8554,-22.9150984680566
8555,-22.9191460080672
8556,-22.9231930749856
8557,-22.9272396689225
8558,-22.9312857899883
8559,-22.9353314382936
8560,-22.9393766139488
8561,-22.9434213170644
8562,-22.9474655477507
8563,-22.951509306118
8564,-22.9555525922768
8565,-22.9595954063373
8566,-22.9636377484096
8567,-22.967679618604
8568,-22.9717210170307
8569,-22.9757619437998
8570,-22.9798023990213
8571,-22.9838423828053
8572,-22.9878818952617
8573,-22.9919209365006
8574,-22.9959595066319
8575,-22.9999976057655
8576,-23.0040352340111
8577,-23.0080723914787
8578,-23.0121090782779
8579,-23.0161452945186
8580,-23.0201810403104
8581,-23.0242163157629
8582,-23.0282511209858
8583,-23.0322854560887
8584,-23.0363193211811
8585,-23.0403527163725
8586,-23.0443856417724
8587,-23.0484180974901
8588,-23.0524500836351
8589,-23.0564816003168
8590,-23.0605126476444
8591,-23.0645432257272
8592,-23.0685733346745
8593,-23.0726029745954
8594,-23.0766321455991
8595,-23.0806608477947
8596,-23.0846890812914
8597,-23.0887168461981
8598,-23.0927441426238
8599,-23.0967709706776
8600,-23.1007973304683
8601,-23.1048232221049
8602,-23.1088486456962
8603,-23.112873601351
8604,-23.116898089178
8605,-23.1209221092862
8606,-23.124945661784
8607,-23.1289687467803
8608,-23.1329913643836
8609,-23.1370135147025
8610,-23.1410351978455
8611,-23.1450564139213
8612,-23.1490771630382
8613,-23.1530974453047
8614,-23.1571172608292
8615,-23.16113660972
8616,-23.1651554920856
8617,-23.1691739080341
8618,-23.1731918576738
8619,-23.1772093411129
8620,-23.1812263584596
8621,-23.1852429098221
8622,-23.1892589953084
8623,-23.1932746150266
8624,-23.1972897690847
8625,-23.2013044575907
8626,-23.2053186806526
8627,-23.2093324383782
8628,-23.2133457308755
8629,-23.2173585582522
8630,-23.2213709206162
8631,-23.2253828180752
8632,-23.229394250737
8633,-23.2334052187092
8634,-23.2374157220995
8635,-23.2414257610155
8636,-23.2454353355647
8637,-23.2494444458548
8638,-23.2534530919931
8639,-23.2574612740872
8640,-23.2614689922445
8641,-23.2654762465724
8642,-23.2694830371782
8643,-23.2734893641692
8644,-23.2774952276528
8645,-23.281500627736
8646,-23.2855055645263
8647,-23.2895100381306
8648,-23.2935140486562
8649,-23.2975175962101
8650,-23.3015206808994
8651,-23.305523302831
8652,-23.3095254621121
8653,-23.3135271588494
8654,-23.31752839315
8655,-23.3215291651206
8656,-23.3255294748682
8657,-23.3295293224994
8658,-23.3335287081211
8659,-23.33752763184
8660,-23.3415260937627
8661,-23.3455240939959
8662,-23.3495216326462
8663,-23.3535187098202
8664,-23.3575153256244
8665,-23.3615114801654
8666,-23.3655071735494
8667,-23.3695024058831
8668,-23.3734971772727
8669,-23.3774914878247
8670,-23.3814853376453
8671,-23.3854787268408
8672,-23.3894716555175
8673,-23.3934641237815
8674,-23.3974561317391
8675,-23.4014476794962
8676,-23.4054387671592
8677,-23.4094293948339
8678,-23.4134195626264
8679,-23.4174092706427
8680,-23.4213985189888
8681,-23.4253873077705
8682,-23.4293756370937
8683,-23.4333635070643
8684,-23.437350917788
8685,-23.4413378693707
8686,-23.445324361918
8687,-23.4493103955356
8688,-23.4532959703293
8689,-23.4572810864045
8690,-23.4612657438669
8691,-23.465249942822
8692,-23.4692336833754
8693,-23.4732169656324
8694,-23.4771997896986
8695,-23.4811821556794
8696,-23.48516406368
8697,-23.4891455138059
8698,-23.4931265061622
8699,-23.4971070408543
8700,-23.5010871179875
8701,-23.5050667376667
8702,-23.5090458999973
8703,-23.5130246050843
8704,-23.5170028530327
8705,-23.5209806439477
8706,-23.5249579779342
8707,-23.5289348550972
8708,-23.5329112755415
8709,-23.5368872393722
8710,-23.540862746694
8711,-23.5448377976118
8712,-23.5488123922303
8713,-23.5527865306544
8714,-23.5567602129886
8715,-23.5607334393377
8716,-23.5647062098063
8717,-23.5686785244991
8718,-23.5726503835205
8719,-23.5766217869752
8720,-23.5805927349675
8721,-23.584563227602
8722,-23.5885332649831
8723,-23.5925028472152
8724,-23.5964719744026
8725,-23.6004406466496
8726,-23.6044088640606
8727,-23.6083766267397
8728,-23.6123439347912
8729,-23.6163107883192
8730,-23.6202771874278
8731,-23.6242431322213
8732,-23.6282086228036
8733,-23.6321736592787
8734,-23.6361382417507
8735,-23.6401023703235
8736,-23.644066045101
8737,-23.6480292661872
8738,-23.6519920336858
8739,-23.6559543477007
8740,-23.6599162083356
8741,-23.6638776156944
8742,-23.6678385698806
8743,-23.6717990709981
8744,-23.6757591191503
8745,-23.6797187144409
8746,-23.6836778569736
8747,-23.6876365468517
8748,-23.6915947841788
8749,-23.6955525690584
8750,-23.6995099015939
8751,-23.7034667818886
8752,-23.7074232100459
8753,-23.7113791861692
8754,-23.7153347103617
8755,-23.7192897827267
8756,-23.7232444033673
8757,-23.7271985723868
8758,-23.7311522898882
8759,-23.7351055559747
8760,-23.7390583707494
8761,-23.7430107343153
8762,-23.7469626467754
8763,-23.7509141082326
8764,-23.7548651187899
8765,-23.7588156785502
8766,-23.7627657876163
8767,-23.766715446091
8768,-23.7706646540772
8769,-23.7746134116776
8770,-23.7785617189949
8771,-23.7825095761317
8772,-23.7864569831908
8773,-23.7904039402748
8774,-23.7943504474861
8775,-23.7982965049274
8776,-23.8022421127012
8777,-23.8061872709099
8778,-23.810131979656
8779,-23.8140762390419
8780,-23.8180200491699
8781,-23.8219634101423
8782,-23.8259063220616
8783,-23.8298487850298
8784,-23.8337907991494
8785,-23.8377323645223
8786,-23.8416734812509
8787,-23.8456141494371
8788,-23.8495543691832
8789,-23.8534941405912
8790,-23.857433463763
8791,-23.8613723388007
8792,-23.8653107658061
8793,-23.8692487448813
8794,-23.8731862761281
8795,-23.8771233596483
8796,-23.8810599955438
8797,-23.8849961839163
8798,-23.8889319248676
8799,-23.8928672184993
8800,-23.8968020649131
8801,-23.9007364642107
8802,-23.9046704164937
8803,-23.9086039218636
8804,-23.912536980422
8805,-23.9164695922703
8806,-23.92040175751
8807,-23.9243334762426
8808,-23.9282647485694
8809,-23.9321955745919
8810,-23.9361259544112
8811,-23.9400558881288
8812,-23.9439853758458
8813,-23.9479144176635
8814,-23.9518430136831
8815,-23.9557711640056
8816,-23.9596988687324
8817,-23.9636261279643
8818,-23.9675529418025
8819,-23.971479310348
8820,-23.9754052337018
8821,-23.9793307119647
8822,-23.9832557452378
8823,-23.9871803336219
8824,-23.9911044772178
8825,-23.9950281761263
8826,-23.9989514304483
8827,-24.0028742402844
8828,-24.0067966057353
8829,-24.0107185269018
8830,-24.0146400038845
8831,-24.0185610367839
8832,-24.0224816257006
8833,-24.0264017707353
8834,-24.0303214719883
8835,-24.0342407295601
8836,-24.0381595435512
8837,-24.0420779140619
8838,-24.0459958411927
8839,-24.0499133250439
8840,-24.0538303657156
8841,-24.0577469633083
8842,-24.0616631179222
8843,-24.0655788296573
8844,-24.069494098614
8845,-24.0734089248923
8846,-24.0773233085923
8847,-24.081237249814
8848,-24.0851507486576
8849,-24.0890638052229
8850,-24.0929764196099
8851,-24.0968885919186
8852,-24.1008003222489
8853,-24.1047116107005
8854,-24.1086224573734
8855,-24.1125328623672
8856,-24.1164428257818
8857,-24.1203523477169
8858,-24.1242614282722
8859,-24.1281700675472
8860,-24.1320782656417
8861,-24.1359860226552
8862,-24.1398933386873
8863,-24.1438002138374
8864,-24.1477066482051
8865,-24.1516126418898
8866,-24.1555181949909
8867,-24.1594233076079
8868,-24.16332797984
8869,-24.1672322117865
8870,-24.1711360035468
8871,-24.1750393552201
8872,-24.1789422669056
8873,-24.1828447387025
8874,-24.18674677071
8875,-24.190648363027
8876,-24.1945495157529
8877,-24.1984502289865
8878,-24.2023505028268
8879,-24.206250337373
8880,-24.2101497327238
8881,-24.2140486889783
8882,-24.2179472062353
8883,-24.2218452845936
8884,-24.2257429241521
8885,-24.2296401250096
8886,-24.2335368872647
8887,-24.2374332110162
8888,-24.2413290963628
8889,-24.2452245434031
8890,-24.2491195522358
8891,-24.2530141229593
8892,-24.2569082556723
8893,-24.2608019504733
8894,-24.2646952074608
8895,-24.2685880267331
8896,-24.2724804083888
8897,-24.2763723525261
8898,-24.2802638592435
8899,-24.2841549286392
8900,-24.2880455608115
8901,-24.2919357558587
8902,-24.295825513879
8903,-24.2997148349706
8904,-24.3036037192316
8905,-24.3074921667601
8906,-24.3113801776543
8907,-24.3152677520121
8908,-24.3191548899315
8909,-24.3230415915107
8910,-24.3269278568474
8911,-24.3308136860397
8912,-24.3346990791854
8913,-24.3385840363823
8914,-24.3424685577283
8915,-24.3463526433212
8916,-24.3502362932586
8917,-24.3541195076385
8918,-24.3580022865583
8919,-24.3618846301158
8920,-24.3657665384086
8921,-24.3696480115343
8922,-24.3735290495904
8923,-24.3774096526744
8924,-24.381289820884
8925,-24.3851695543164
8926,-24.3890488530691
8927,-24.3929277172396
8928,-24.3968061469251
8929,-24.400684142223
8930,-24.4045617032306
8931,-24.4084388300452
8932,-24.412315522764
8933,-24.4161917814841
8934,-24.4200676063027
8935,-24.4239429973171
8936,-24.4278179546241
8937,-24.4316924783211
8938,-24.4355665685048
8939,-24.4394402252725
8940,-24.4433134487209
8941,-24.4471862389471
8942,-24.451058596048
8943,-24.4549305201204
8944,-24.4588020112611
8945,-24.4626730695671
8946,-24.4665436951349
8947,-24.4704138880615
8948,-24.4742836484434
8949,-24.4781529763774
8950,-24.4820218719601
8951,-24.4858903352881
8952,-24.489758366458
8953,-24.4936259655664
8954,-24.4974931327096
8955,-24.5013598679844
8956,-24.5052261714869
8957,-24.5090920433138
8958,-24.5129574835613
8959,-24.5168224923259
8960,-24.5206870697038
8961,-24.5245512157913
8962,-24.5284149306847
8963,-24.5322782144802
8964,-24.536141067274
8965,-24.5400034891623
8966,-24.5438654802411
8967,-24.5477270406066
8968,-24.5515881703548
8969,-24.5554488695818
8970,-24.5593091383836
8971,-24.563168976856
8972,-24.5670283850951
8973,-24.5708873631968
8974,-24.5747459112569
8975,-24.5786040293712
8976,-24.5824617176356
8977,-24.5863189761459
8978,-24.5901758049977
8979,-24.5940322042868
8980,-24.5978881741088
8981,-24.6017437145595
8982,-24.6055988257343
8983,-24.609453507729
8984,-24.613307760639
8985,-24.6171615845599
8986,-24.6210149795871
8987,-24.6248679458161
8988,-24.6287204833424
8989,-24.6325725922612
8990,-24.636424272668
8991,-24.6402755246581
8992,-24.6441263483268
8993,-24.6479767437693
8994,-24.651826711081
8995,-24.6556762503569
8996,-24.6595253616922
8997,-24.6633740451821
8998,-24.6672223009217
8999,-24.671070129006
9000,-24.6749175295302
9001,-24.6787645025891
9002,-24.6826110482778
9003,-24.6864571666913
9004,-24.6903028579243
9005,-24.6941481220719
9006,-24.6979929592289
9007,-24.70183736949
9008,-24.7056813529501
9009,-24.7095249097039
9010,-24.7133680398462
9011,-24.7172107434716
9012,-24.7210530206749
9013,-24.7248948715505
9014,-24.7287362961932
9015,-24.7325772946975
9016,-24.7364178671579
9017,-24.7402580136689
9018,-24.7440977343251
9019,-24.7479370292208
9020,-24.7517758984504
9021,-24.7556143421084
9022,-24.7594523602891
9023,-24.7632899530867
9024,-24.7671271205956
9025,-24.7709638629101
9026,-24.7748001801243
9027,-24.7786360723324
9028,-24.7824715396287
9029,-24.7863065821071
9030,-24.7901411998619
9031,-24.793975392987
9032,-24.7978091615766
9033,-24.8016425057246
9034,-24.805475425525
9035,-24.8093079210717
9036,-24.8131399924586
9037,-24.8169716397797
9038,-24.8208028631287
9039,-24.8246336625994
9040,-24.8284640382858
9041,-24.8322939902814
9042,-24.8361235186801
9043,-24.8399526235755
9044,-24.8437813050613
9045,-24.8476095632311
9046,-24.8514373981785
9047,-24.855264809997
9048,-24.8590917987803
9049,-24.8629183646217
9050,-24.8667445076149
9051,-24.8705702278532
9052,-24.87439552543
9053,-24.8782204004387
9054,-24.8820448529727
9055,-24.8858688831253
9056,-24.8896924909898
9057,-24.8935156766593
9058,-24.8973384402273
9059,-24.9011607817867
9060,-24.9049827014309
9061,-24.908804199253
9062,-24.9126252753459
9063,-24.9164459298029
9064,-24.920266162717
9065,-24.9240859741811
9066,-24.9279053642882
9067,-24.9317243331314
9068,-24.9355428808034
9069,-24.9393610073973
9070,-24.9431787130058
9071,-24.9469959977218
9072,-24.9508128616381
9073,-24.9546293048474
9074,-24.9584453274425
9075,-24.962260929516
9076,-24.9660761111607
9077,-24.9698908724692
9078,-24.973705213534
9079,-24.9775191344479
9080,-24.9813326353032
9081,-24.9851457161927
9082,-24.9889583772086
9083,-24.9927706184435
9084,-24.9965824399899
9085,-25.0003938419401
9086,-25.0042048243864
9087,-25.0080153874213
9088,-25.011825531137
9089,-25.0156352556257
9090,-25.0194445609798
9091,-25.0232534472915
9092,-25.0270619146529
9093,-25.0308699631562
9094,-25.0346775928935
9095,-25.038484803957
9096,-25.0422915964385
9097,-25.0460979704303
9098,-25.0499039260243
9099,-25.0537094633124
9100,-25.0575145823867
9101,-25.061319283339
9102,-25.0651235662611
9103,-25.0689274312451
9104,-25.0727308783826
9105,-25.0765339077654
9106,-25.0803365194854
9107,-25.0841387136342
9108,-25.0879404903035
9109,-25.0917418495851
9110,-25.0955427915705
9111,-25.0993433163514
9112,-25.1031434240193
9113,-25.1069431146658
9114,-25.1107423883823
9115,-25.1145412452605
9116,-25.1183396853917
9117,-25.1221377088674
9118,-25.1259353157789
9119,-25.1297325062177
9120,-25.1335292802751
9121,-25.1373256380423
9122,-25.1411215796107
9123,-25.1449171050715
9124,-25.1487122145159
9125,-25.1525069080351
9126,-25.1563011857203
9127,-25.1600950476625
9128,-25.1638884939529
9129,-25.1676815246826
9130,-25.1714741399426
9131,-25.1752663398239
9132,-25.1790581244174
9133,-25.1828494938142
9134,-25.1866404481051
9135,-25.190430987381
9136,-25.1942211117328
9137,-25.1980108212513
9138,-25.2018001160273
9139,-25.2055889961516
9140,-25.209377461715
9141,-25.213165512808
9142,-25.2169531495214
9143,-25.2207403719459
9144,-25.2245271801721
9145,-25.2283135742905
9146,-25.2320995543917
9147,-25.2358851205663
9148,-25.2396702729047
9149,-25.2434550114975
9150,-25.247239336435
9151,-25.2510232478077
9152,-25.2548067457059
9153,-25.2585898302201
9154,-25.2623725014405
9155,-25.2661547594574
9156,-25.2699366043611
9157,-25.2737180362418
9158,-25.2774990551897
9159,-25.2812796612951
9160,-25.2850598546479
9161,-25.2888396353385
9162,-25.2926190034568
9163,-25.2963979590929
9164,-25.3001765023368
9165,-25.3039546332785
9166,-25.3077323520081
9167,-25.3115096586154
9168,-25.3152865531903
9169,-25.3190630358228
9170,-25.3228391066026
9171,-25.3266147656196
9172,-25.3303900129636
9173,-25.3341648487244
9174,-25.3379392729916
9175,-25.3417132858551
9176,-25.3454868874044
9177,-25.3492600777292
9178,-25.3530328569191
9179,-25.3568052250638
9180,-25.3605771822527
9181,-25.3643487285754
9182,-25.3681198641214
9183,-25.3718905889801
9184,-25.3756609032411
9185,-25.3794308069937
9186,-25.3832003003272
9187,-25.3869693833312
9188,-25.3907380560948
9189,-25.3945063187073
9190,-25.3982741712581
9191,-25.4020416138364
9192,-25.4058086465313
9193,-25.4095752694321
9194,-25.4133414826279
9195,-25.4171072862078
9196,-25.4208726802609
9197,-25.4246376648763
9198,-25.428402240143
9199,-25.43216640615
9200,-25.4359301629863
9201,-25.4396935107408
9202,-25.4434564495025
9203,-25.4472189793602
9204,-25.4509811004027
9205,-25.454742812719
9206,-25.4585041163979
9207,-25.462265011528
9208,-25.4660254981981
9209,-25.469785576497
9210,-25.4735452465133
9211,-25.4773045083357
9212,-25.4810633620529
9213,-25.4848218077533
9214,-25.4885798455256
9215,-25.4923374754584
9216,-25.4960946976401
9217,-25.4998515121592
9218,-25.5036079191042
9219,-25.5073639185634
9220,-25.5111195106254
9221,-25.5148746953784
9222,-25.5186294729108
9223,-25.522383843311
9224,-25.5261378066671
9225,-25.5298913630675
9226,-25.5336445126003
9227,-25.5373972553538
9228,-25.5411495914162
9229,-25.5449015208755
9230,-25.5486530438199
9231,-25.5524041603374
9232,-25.5561548705162
9233,-25.5599051744442
9234,-25.5636550722094
9235,-25.5674045638998
9236,-25.5711536496034
9237,-25.5749023294079
9238,-25.5786506034015
9239,-25.5823984716718
9240,-25.5861459343067
9241,-25.589892991394
9242,-25.5936396430214
9243,-25.5973858892768
9244,-25.6011317302477
9245,-25.604877166022
9246,-25.6086221966872
9247,-25.6123668223309
9248,-25.6161110430409
9249,-25.6198548589045
9250,-25.6235982700095
9251,-25.6273412764432
9252,-25.6310838782932
9253,-25.6348260756468
9254,-25.6385678685917
9255,-25.6423092572151
9256,-25.6460502416043
9257,-25.6497908218469
9258,-25.65353099803
9259,-25.6572707702409
9260,-25.661010138567
9261,-25.6647491030953
9262,-25.6684876639132
9263,-25.6722258211078
9264,-25.6759635747663
9265,-25.6797009249757
9266,-25.6834378718231
9267,-25.6871744153956
9268,-25.6909105557803
9269,-25.6946462930641
9270,-25.698381627334
9271,-25.702116558677
9272,-25.7058510871799
9273,-25.7095852129297
9274,-25.7133189360132
9275,-25.7170522565173
9276,-25.7207851745287
9277,-25.7245176901342
9278,-25.7282498034207
9279,-25.7319815144747
9280,-25.735712823383
9281,-25.7394437302323
9282,-25.7431742351092
9283,-25.7469043381003
9284,-25.7506340392922
9285,-25.7543633387714
9286,-25.7580922366245
9287,-25.7618207329379
9288,-25.7655488277982
9289,-25.7692765212917
9290,-25.7730038135049
9291,-25.7767307045242
9292,-25.780457194436
9293,-25.7841832833264
9294,-25.787908971282
9295,-25.7916342583888
9296,-25.7953591447333
9297,-25.7990836304015
9298,-25.8028077154797
9299,-25.8065314000541
9300,-25.8102546842107
9301,-25.8139775680358
9302,-25.8177000516153
9303,-25.8214221350353
9304,-25.8251438183818
9305,-25.8288651017409
9306,-25.8325859851985
9307,-25.8363064688406
9308,-25.840026552753
9309,-25.8437462370216
9310,-25.8474655217323
9311,-25.851184406971
9312,-25.8549028928234
9313,-25.8586209793753
9314,-25.8623386667125
9315,-25.8660559549206
9316,-25.8697728440854
9317,-25.8734893342925
9318,-25.8772054256276
9319,-25.8809211181762
9320,-25.884636412024
9321,-25.8883513072565
9322,-25.8920658039592
9323,-25.8957799022177
9324,-25.8994936021174
9325,-25.9032069037437
9326,-25.9069198071821
9327,-25.9106323125179
9328,-25.9143444198365
9329,-25.9180561292233
9330,-25.9217674407635
9331,-25.9254783545424
9332,-25.9291888706454
9333,-25.9328989891575
9334,-25.936608710164
9335,-25.9403180337501
9336,-25.9440269600009
9337,-25.9477354890016
9338,-25.9514436208371
9339,-25.9551513555926
9340,-25.9588586933532
9341,-25.9625656342037
9342,-25.9662721782292
9343,-25.9699783255147
9344,-25.973684076145
9345,-25.9773894302051
9346,-25.9810943877798
9347,-25.9847989489539
9348,-25.9885031138124
9349,-25.9922068824399
9350,-25.9959102549213
9351,-25.9996132313412
9352,-26.0033158117843
9353,-26.0070179963355
9354,-26.0107197850792
9355,-26.0144211781001
9356,-26.0181221754828
9357,-26.021822777312
9358,-26.025522983672
9359,-26.0292227946476
9360,-26.032922210323
9361,-26.0366212307828
9362,-26.0403198561115
9363,-26.0440180863934
9364,-26.0477159217129
9365,-26.0514133621544
9366,-26.0551104078021
9367,-26.0588070587405
9368,-26.0625033150537
9369,-26.0661991768261
9370,-26.0698946441418
9371,-26.073589717085
9372,-26.0772843957398
9373,-26.0809786801905
9374,-26.0846725705212
9375,-26.0883660668158
9376,-26.0920591691585
9377,-26.0957518776334
9378,-26.0994441923243
9379,-26.1031361133153
9380,-26.1068276406903
9381,-26.1105187745333
9382,-26.1142095149281
9383,-26.1178998619587
9384,-26.1215898157088
9385,-26.1252793762623
9386,-26.1289685437029
9387,-26.1326573181145
9388,-26.1363456995807
9389,-26.1400336881852
9390,-26.1437212840119
9391,-26.1474084871442
9392,-26.1510952976658
9393,-26.1547817156604
9394,-26.1584677412115
9395,-26.1621533744026
9396,-26.1658386153173
9397,-26.1695234640391
9398,-26.1732079206514
9399,-26.1768919852376
9400,-26.1805756578813
9401,-26.1842589386657
9402,-26.1879418276743
9403,-26.1916243249903
9404,-26.1953064306971
9405,-26.198988144878
9406,-26.2026694676161
9407,-26.2063503989949
9408,-26.2100309390973
9409,-26.2137110880067
9410,-26.2173908458062
9411,-26.2210702125788
9412,-26.2247491884077
9413,-26.228427773376
9414,-26.2321059675667
9415,-26.2357837710628
9416,-26.2394611839472
9417,-26.2431382063031
9418,-26.2468148382132
9419,-26.2504910797606
9420,-26.2541669310281
9421,-26.2578423920985
9422,-26.2615174630547
9423,-26.2651921439795
9424,-26.2688664349556
9425,-26.2725403360659
9426,-26.276213847393
9427,-26.2798869690197
9428,-26.2835597010286
9429,-26.2872320435024
9430,-26.2909039965236
9431,-26.2945755601749
9432,-26.2982467345389
9433,-26.301917519698
9434,-26.3055879157349
9435,-26.309257922732
9436,-26.3129275407717
9437,-26.3165967699365
9438,-26.3202656103088
9439,-26.323934061971
9440,-26.3276021250055
9441,-26.3312697994945
9442,-26.3349370855204
9443,-26.3386039831655
9444,-26.342270492512
9445,-26.3459366136422
9446,-26.3496023466382
9447,-26.3532676915822
9448,-26.3569326485564
9449,-26.3605972176428
9450,-26.3642613989237
9451,-26.3679251924811
9452,-26.3715885983969
9453,-26.3752516167533
9454,-26.3789142476322
9455,-26.3825764911156
9456,-26.3862383472854
9457,-26.3898998162235
9458,-26.3935608980119
9459,-26.3972215927324
9460,-26.4008819004668
9461,-26.4045418212969
9462,-26.4082013553046
9463,-26.4118605025715
9464,-26.4155192631795
9465,-26.4191776372102
9466,-26.4228356247453
9467,-26.4264932258665
9468,-26.4301504406553
9469,-26.4338072691935
9470,-26.4374637115625
9471,-26.441119767844
9472,-26.4447754381194
9473,-26.4484307224702
9474,-26.452085620978
9475,-26.4557401337242
9476,-26.4593942607901
9477,-26.4630480022573
9478,-26.466701358207
9479,-26.4703543287206
9480,-26.4740069138795
9481,-26.4776591137649
9482,-26.4813109284581
9483,-26.4849623580403
9484,-26.4886134025928
9485,-26.4922640621967
9486,-26.4959143369332
9487,-26.4995642268835
9488,-26.5032137321287
9489,-26.5068628527498
9490,-26.5105115888279
9491,-26.5141599404441
9492,-26.5178079076793
9493,-26.5214554906146
9494,-26.525102689331
9495,-26.5287495039092
9496,-26.5323959344303
9497,-26.5360419809752
9498,-26.5396876436247
9499,-26.5433329224596
9500,-26.5469778175607
9501,-26.5506223290089
9502,-26.5542664568848
9503,-26.5579102012693
9504,-26.561553562243
9505,-26.5651965398865
9506,-26.5688391342806
9507,-26.5724813455059
9508,-26.576123173643
9509,-26.5797646187725
9510,-26.5834056809748
9511,-26.5870463603306
9512,-26.5906866569203
9513,-26.5943265708245
9514,-26.5979661021235
9515,-26.6016052508978
9516,-26.6052440172278
9517,-26.6088824011939
9518,-26.6125204028764
9519,-26.6161580223556
9520,-26.6197952597119
9521,-26.6234321150255
9522,-26.6270685883767
9523,-26.6307046798457
9524,-26.6343403895126
9525,-26.6379757174577
9526,-26.6416106637611
9527,-26.645245228503
9528,-26.6488794117633
9529,-26.6525132136223
9530,-26.6561466341599
9531,-26.6597796734562
9532,-26.6634123315911
9533,-26.6670446086447
9534,-26.6706765046968
9535,-26.6743080198274
9536,-26.6779391541165
9537,-26.6815699076438
9538,-26.6852002804892
9539,-26.6888302727325
9540,-26.6924598844536
9541,-26.6960891157321
9542,-26.6997179666479
9543,-26.7033464372807
9544,-26.7069745277101
9545,-26.7106022380158
9546,-26.7142295682775
9547,-26.7178565185748
9548,-26.7214830889872
9549,-26.7251092795944
9550,-26.728735090476
9551,-26.7323605217113
9552,-26.7359855733799
9553,-26.7396102455613
9554,-26.743234538335
9555,-26.7468584517802
9556,-26.7504819859766
9557,-26.7541051410033
9558,-26.7577279169398
9559,-26.7613503138653
9560,-26.7649723318592
9561,-26.7685939710008
9562,-26.7722152313693
9563,-26.7758361130438
9564,-26.7794566161037
9565,-26.783076740628
9566,-26.7866964866959
9567,-26.7903158543866
9568,-26.7939348437791
9569,-26.7975534549525
9570,-26.8011716879859
9571,-26.8047895429582
9572,-26.8084070199486
9573,-26.8120241190358
9574,-26.815640840299
9575,-26.8192571838169
9576,-26.8228731496686
9577,-26.8264887379329
9578,-26.8301039486886
9579,-26.8337187820146
9580,-26.8373332379896
9581,-26.8409473166925
9582,-26.8445610182019
9583,-26.8481743425967
9584,-26.8517872899554
9585,-26.8553998603569
9586,-26.8590120538797
9587,-26.8626238706024
9588,-26.8662353106038
9589,-26.8698463739623
9590,-26.8734570607564
9591,-26.8770673710648
9592,-26.880677304966
9593,-26.8842868625383
9594,-26.8878960438603
9595,-26.8915048490104
9596,-26.895113278067
9597,-26.8987213311085
9598,-26.9023290082132
9599,-26.9059363094595
9600,-26.9095432349257
9601,-26.9131497846901
9602,-26.9167559588308
9603,-26.9203617574263
9604,-26.9239671805546
9605,-26.9275722282939
9606,-26.9311769007225
9607,-26.9347811979184
9608,-26.9383851199598
9609,-26.9419886669247
9610,-26.9455918388913
9611,-26.9491946359375
9612,-26.9527970581414
9613,-26.9563991055809
9614,-26.9600007783341
9615,-26.9636020764788
9616,-26.967203000093
9617,-26.9708035492546
9618,-26.9744037240415
9619,-26.9780035245314
9620,-26.9816029508023
9621,-26.9852020029319
9622,-26.9888006809979
9623,-26.9923989850782
9624,-26.9959969152504
9625,-26.9995944715923
9626,-27.0031916541815
9627,-27.0067884630957
9628,-27.0103848984125
9629,-27.0139809602095
9630,-27.0175766485643
9631,-27.0211719635544
9632,-27.0247669052574
9633,-27.0283614737508
9634,-27.031955669112
9635,-27.0355494914186
9636,-27.0391429407479
9637,-27.0427360171773
9638,-27.0463287207843
9639,-27.0499210516462
9640,-27.0535130098404
9641,-27.0571045954441
9642,-27.0606958085346
9643,-27.0642866491892
9644,-27.0678771174852
9645,-27.0714672134998
9646,-27.0750569373101
9647,-27.0786462889933
9648,-27.0822352686266
9649,-27.0858238762871
9650,-27.0894121120519
9651,-27.0929999759981
9652,-27.0965874682026
9653,-27.1001745887426
9654,-27.103761337695
9655,-27.1073477151369
9656,-27.1109337211451
9657,-27.1145193557966
9658,-27.1181046191683
9659,-27.1216895113371
9660,-27.1252740323798
9661,-27.1288581823733
9662,-27.1324419613944
9663,-27.1360253695199
9664,-27.1396084068265
9665,-27.1431910733909
9666,-27.14677336929
9667,-27.1503552946003
9668,-27.1539368493986
9669,-27.1575180337614
9670,-27.1610988477655
9671,-27.1646792914873
9672,-27.1682593650035
9673,-27.1718390683907
9674,-27.1754184017253
9675,-27.1789973650838
9676,-27.1825759585428
9677,-27.1861541821786
9678,-27.1897320360678
9679,-27.1933095202866
9680,-27.1968866349116
9681,-27.2004633800189
9682,-27.2040397556851
9683,-27.2076157619864
9684,-27.2111913989991
9685,-27.2147666667994
9686,-27.2183415654636
9687,-27.2219160950679
9688,-27.2254902556885
9689,-27.2290640474015
9690,-27.2326374702832
9691,-27.2362105244096
9692,-27.2397832098569
9693,-27.2433555267011
9694,-27.2469274750182
9695,-27.2504990548843
9696,-27.2540702663754
9697,-27.2576411095675
9698,-27.2612115845365
9699,-27.2647816913584
9700,-27.268351430109
9701,-27.2719208008644
9702,-27.2754898037002
9703,-27.2790584386924
9704,-27.2826267059168
9705,-27.2861946054492
9706,-27.2897621373653
9707,-27.293329301741
9708,-27.2968960986518
9709,-27.3004625281735
9710,-27.3040285903819
9711,-27.3075942853525
9712,-27.311159613161
9713,-27.3147245738829
9714,-27.3182891675939
9715,-27.3218533943696
9716,-27.3254172542853
9717,-27.3289807474168
9718,-27.3325438738394
9719,-27.3361066336287
9720,-27.33966902686
9721,-27.3432310536088
9722,-27.3467927139505
9723,-27.3503540079605
9724,-27.3539149357141
9725,-27.3574754972866
9726,-27.3610356927533
9727,-27.3645955221896
9728,-27.3681549856706
9729,-27.3717140832717
9730,-27.375272815068
9731,-27.3788311811346
9732,-27.3823891815469
9733,-27.3859468163798
9734,-27.3895040857086
9735,-27.3930609896084
9736,-27.3966175281541
9737,-27.4001737014208
9738,-27.4037295094836
9739,-27.4072849524175
9740,-27.4108400302975
9741,-27.4143947431984
9742,-27.4179490911953
9743,-27.4215030743631
9744,-27.4250566927766
9745,-27.4286099465106
9746,-27.4321628356402
9747,-27.4357153602399
9748,-27.4392675203848
9749,-27.4428193161494
9750,-27.4463707476086
9751,-27.4499218148372
9752,-27.4534725179097
9753,-27.4570228569009
9754,-27.4605728318854
9755,-27.4641224429379
9756,-27.467671690133
9757,-27.4712205735453
9758,-27.4747690932492
9759,-27.4783172493195
9760,-27.4818650418306
9761,-27.4854124708569
9762,-27.488959536473
9763,-27.4925062387533
9764,-27.4960525777723
9765,-27.4995985536043
9766,-27.5031441663237
9767,-27.5066894160049
9768,-27.5102343027223
9769,-27.51377882655
9770,-27.5173229875625
9771,-27.520866785834
9772,-27.5244102214387
9773,-27.5279532944509
9774,-27.5314960049448
9775,-27.5350383529944
9776,-27.5385803386741
9777,-27.5421219620579
9778,-27.5456632232199
9779,-27.5492041222342
9780,-27.5527446591749
9781,-27.556284834116
9782,-27.5598246471315
9783,-27.5633640982955
9784,-27.5669031876819
9785,-27.5704419153646
9786,-27.5739802814176
9787,-27.5775182859147
9788,-27.5810559289299
9789,-27.5845932105371
9790,-27.58813013081
9791,-27.5916666898224
9792,-27.5952028876482
9793,-27.5987387243612
9794,-27.602274200035
9795,-27.6058093147434
9796,-27.6093440685601
9797,-27.6128784615587
9798,-27.616412493813
9799,-27.6199461653966
9800,-27.623479476383
9801,-27.6270124268458
9802,-27.6305450168587
9803,-27.6340772464952
9804,-27.6376091158287
9805,-27.6411406249329
9806,-27.644671773881
9807,-27.6482025627467
9808,-27.6517329916033
9809,-27.6552630605243
9810,-27.658792769583
9811,-27.6623221188528
9812,-27.665851108407
9813,-27.669379738319
9814,-27.672908008662
9815,-27.6764359195094
9816,-27.6799634709343
9817,-27.68349066301
9818,-27.6870174958097
9819,-27.6905439694067
9820,-27.6940700838739
9821,-27.6975958392847
9822,-27.701121235712
9823,-27.7046462732291
9824,-27.7081709519089
9825,-27.7116952718245
9826,-27.715219233049
9827,-27.7187428356554
9828,-27.7222660797165
9829,-27.7257889653055
9830,-27.7293114924952
9831,-27.7328336613586
9832,-27.7363554719685
9833,-27.7398769243978
9834,-27.7433980187193
9835,-27.746918755006
9836,-27.7504391333306
9837,-27.7539591537658
9838,-27.7574788163845
9839,-27.7609981212593
9840,-27.764517068463
9841,-27.7680356580684
9842,-27.7715538901479
9843,-27.7750717647744
9844,-27.7785892820204
9845,-27.7821064419586
9846,-27.7856232446614
9847,-27.7891396902016
9848,-27.7926557786516
9849,-27.7961715100839
9850,-27.799686884571
9851,-27.8032019021855
9852,-27.8067165629997
9853,-27.810230867086
9854,-27.813744814517
9855,-27.8172584053649
9856,-27.8207716397022
9857,-27.8242845176012
9858,-27.8277970391341
9859,-27.8313092043734
9860,-27.8348210133912
9861,-27.8383324662598
9862,-27.8418435630514
9863,-27.8453543038384
9864,-27.8488646886927
9865,-27.8523747176867
9866,-27.8558843908924
9867,-27.859393708382
9868,-27.8629026702275
9869,-27.8664112765011
9870,-27.8699195272748
9871,-27.8734274226207
9872,-27.8769349626106
9873,-27.8804421473167
9874,-27.8839489768109
9875,-27.8874554511651
9876,-27.8909615704513
9877,-27.8944673347414
9878,-27.8979727441072
9879,-27.9014777986207
9880,-27.9049824983535
9881,-27.9084868433777
9882,-27.9119908337648
9883,-27.9154944695868
9884,-27.9189977509154
9885,-27.9225006778223
9886,-27.9260032503791
9887,-27.9295054686577
9888,-27.9330073327296
9889,-27.9365088426665
9890,-27.9400099985399
9891,-27.9435108004216
9892,-27.9470112483831
9893,-27.9505113424959
9894,-27.9540110828315
9895,-27.9575104694616
9896,-27.9610095024575
9897,-27.9645081818907
9898,-27.9680065078327
9899,-27.9715044803548
9900,-27.9750020995286
9901,-27.9784993654254
9902,-27.9819962781164
9903,-27.9854928376732
9904,-27.9889890441669
9905,-27.992484897669
9906,-27.9959803982505
9907,-27.9994755459829
9908,-28.0029703409373
9909,-28.0064647831849
9910,-28.009958872797
9911,-28.0134526098446
9912,-28.016945994399
9913,-28.0204390265312
9914,-28.0239317063124
9915,-28.0274240338136
9916,-28.0309160091059
9917,-28.0344076322603
9918,-28.0378989033479
9919,-28.0413898224395
9920,-28.0448803896063
9921,-28.0483706049191
9922,-28.0518604684489
9923,-28.0553499802665
9924,-28.0588391404429
9925,-28.062327949049
9926,-28.0658164061555
9927,-28.0693045118333
9928,-28.0727922661531
9929,-28.0762796691859
9930,-28.0797667210023
9931,-28.083253421673
9932,-28.0867397712688
9933,-28.0902257698603
9934,-28.0937114175183
9935,-28.0971967143134
9936,-28.1006816603161
9937,-28.1041662555972
9938,-28.1076505002272
9939,-28.1111343942767
9940,-28.1146179378161
9941,-28.1181011309162
9942,-28.1215839736472
9943,-28.1250664660797
9944,-28.1285486082842
9945,-28.1320304003311
9946,-28.1355118422909
9947,-28.1389929342338
9948,-28.1424736762303
9949,-28.1459540683508
9950,-28.1494341106655
9951,-28.1529138032449
9952,-28.156393146159
9953,-28.1598721394784
9954,-28.1633507832731
9955,-28.1668290776133
9956,-28.1703070225694
9957,-28.1737846182115
9958,-28.1772618646098
9959,-28.1807387618343
9960,-28.1842153099552
9961,-28.1876915090427
9962,-28.1911673591667
9963,-28.1946428603973
9964,-28.1981180128047
9965,-28.2015928164587
9966,-28.2050672714294
9967,-28.2085413777867
9968,-28.2120151356006
9969,-28.2154885449411
9970,-28.218961605878
9971,-28.2224343184812
9972,-28.2259066828206
9973,-28.229378698966
9974,-28.2328503669873
9975,-28.2363216869543
9976,-28.2397926589367
9977,-28.2432632830043
9978,-28.2467335592268
9979,-28.250203487674
9980,-28.2536730684155
9981,-28.2571423015211
9982,-28.2606111870604
9983,-28.264079725103
9984,-28.2675479157185
9985,-28.2710157589766
9986,-28.2744832549468
9987,-28.2779504036987
9988,-28.2814172053017
9989,-28.2848836598254
9990,-28.2883497673393
9991,-28.2918155279129
9992,-28.2952809416156
9993,-28.2987460085168
9994,-28.3022107286859
9995,-28.3056751021923
9996,-28.3091391291055
9997,-28.3126028094946
9998,-28.3160661434291
9999,-28.3195291309783
10000,-28.3229917722114
10001,-28.3264540671976
10002,-28.3299160160063
10003,-28.3333776187067
10004,-28.3368388753679
10005,-28.3402997860591
10006,-28.3437603508495
10007,-28.3472205698081
10008,-28.3506804430043
10009,-28.3541399705069
10010,-28.3575991523851
10011,-28.361057988708
10012,-28.3645164795446
10013,-28.3679746249638
10014,-28.3714324250347
10015,-28.3748898798263
10016,-28.3783469894074
10017,-28.3818037538471
10018,-28.3852601732142
10019,-28.3887162475777
10020,-28.3921719770063
10021,-28.3956273615689
10022,-28.3990824013344
10023,-28.4025370963716
10024,-28.4059914467492
10025,-28.4094454525361
10026,-28.4128991138008
10027,-28.4163524306123
10028,-28.4198054030391
10029,-28.42325803115
10030,-28.4267103150136
10031,-28.4301622546986
10032,-28.4336138502735
10033,-28.437065101807
10034,-28.4405160093677
10035,-28.4439665730241
10036,-28.4474167928447
10037,-28.4508666688981
10038,-28.4543162012528
10039,-28.4577653899772
10040,-28.4612142351398
10041,-28.464662736809
10042,-28.4681108950533
10043,-28.471558709941
10044,-28.4750061815406
10045,-28.4784533099203
10046,-28.4819000951485
10047,-28.4853465372935
10048,-28.4887926364236
10049,-28.4922383926071
10050,-28.4956838059123
10051,-28.4991288764073
10052,-28.5025736041603
10053,-28.5060179892396
10054,-28.5094620317134
10055,-28.5129057316497
10056,-28.5163490891168
10057,-28.5197921041826
10058,-28.5232347769154
10059,-28.5266771073832
10060,-28.5301190956539
10061,-28.5335607417958
10062,-28.5370020458766
10063,-28.5404430079646
10064,-28.5438836281275
10065,-28.5473239064334
10066,-28.5507638429502
10067,-28.5542034377458
10068,-28.5576426908881
10069,-28.5610816024449
10070,-28.5645201724841
10071,-28.5679584010735
10072,-28.571396288281
10073,-28.5748338341742
10074,-28.5782710388211
10075,-28.5817079022892
10076,-28.5851444246464
10077,-28.5885806059603
10078,-28.5920164462986
10079,-28.5954519457291
10080,-28.5988871043193
10081,-28.6023219221368
10082,-28.6057563992493
10083,-28.6091905357244
10084,-28.6126243316295
10085,-28.6160577870324
10086,-28.6194909020004
10087,-28.622923676601
10088,-28.6263561109019
10089,-28.6297882049703
10090,-28.6332199588739
10091,-28.6366513726799
10092,-28.6400824464558
10093,-28.643513180269
10094,-28.6469435741868
10095,-28.6503736282766
10096,-28.6538033426058
10097,-28.6572327172415
10098,-28.6606617522511
10099,-28.6640904477019
10100,-28.667518803661
10101,-28.6709468201958
10102,-28.6743744973734
10103,-28.6778018352611
10104,-28.6812288339258
10105,-28.6846554934349
10106,-28.6880818138555
10107,-28.6915077952545
10108,-28.6949334376992
10109,-28.6983587412565
10110,-28.7017837059936
10111,-28.7052083319775
10112,-28.7086326192751
10113,-28.7120565679534
10114,-28.7154801780794
10115,-28.7189034497201
10116,-28.7223263829423
10117,-28.725748977813
10118,-28.7291712343991
10119,-28.7325931527674
10120,-28.7360147329847
10121,-28.739435975118
10122,-28.7428568792339
10123,-28.7462774453993
10124,-28.749697673681
10125,-28.7531175641457
10126,-28.75653711686
10127,-28.7599563318909
10128,-28.7633752093048
10129,-28.7667937491685
10130,-28.7702119515486
10131,-28.7736298165118
10132,-28.7770473441246
10133,-28.7804645344537
10134,-28.7838813875656
10135,-28.7872979035269
10136,-28.790714082404
10137,-28.7941299242636
10138,-28.797545429172
10139,-28.8009605971958
10140,-28.8043754284015
10141,-28.8077899228553
10142,-28.8112040806238
10143,-28.8146179017734
10144,-28.8180313863704
10145,-28.8214445344811
10146,-28.8248573461719
10147,-28.8282698215092
10148,-28.8316819605591
10149,-28.835093763388
10150,-28.8385052300622
10151,-28.8419163606478
10152,-28.8453271552111
10153,-28.8487376138183
10154,-28.8521477365355
10155,-28.8555575234289
10156,-28.8589669745647
10157,-28.862376090009
10158,-28.8657848698277
10159,-28.8691933140872
10160,-28.8726014228533
10161,-28.8760091961921
10162,-28.8794166341697
10163,-28.882823736852
10164,-28.8862305043051
10165,-28.8896369365949
10166,-28.8930430337873
10167,-28.8964487959482
10168,-28.8998542231436
10169,-28.9032593154393
10170,-28.9066640729013
10171,-28.9100684955953
10172,-28.9134725835871
10173,-28.9168763369427
10174,-28.9202797557277
10175,-28.9236828400079
10176,-28.9270855898491
10177,-28.930488005317
10178,-28.9338900864774
10179,-28.9372918333958
10180,-28.940693246138
10181,-28.9440943247696
10182,-28.9474950693563
10183,-28.9508954799636
10184,-28.9542955566572
10185,-28.9576952995026
10186,-28.9610947085654
10187,-28.9644937839111
10188,-28.9678925256053
10189,-28.9712909337133
10190,-28.9746890083008
10191,-28.9780867494332
10192,-28.9814841571758
10193,-28.9848812315942
10194,-28.9882779727536
10195,-28.9916743807196
10196,-28.9950704555574
10197,-28.9984661973325
10198,-29.00186160611
10199,-29.0052566819554
10200,-29.0086514249339
10201,-29.0120458351107
10202,-29.0154399125512
10203,-29.0188336573205
10204,-29.0222270694839
10205,-29.0256201491065
10206,-29.0290128962536
10207,-29.0324053109902
10208,-29.0357973933815
10209,-29.0391891434925
10210,-29.0425805613885
10211,-29.0459716471345
10212,-29.0493624007954
10213,-29.0527528224365
10214,-29.0561429121226
10215,-29.0595326699187
10216,-29.06292209589
10217,-29.0663111901012
10218,-29.0696999526174
10219,-29.0730883835034
10220,-29.0764764828242
10221,-29.0798642506446
10222,-29.0832516870296
10223,-29.0866387920439
10224,-29.0900255657525
10225,-29.0934120082199
10226,-29.0967981195112
10227,-29.100183899691
10228,-29.1035693488242
10229,-29.1069544669753
10230,-29.1103392542092
10231,-29.1137237105905
10232,-29.1171078361839
10233,-29.120491631054
10234,-29.1238750952656
10235,-29.1272582288831
10236,-29.1306410319713
10237,-29.1340235045946
10238,-29.1374056468177
10239,-29.1407874587051
10240,-29.1441689403213
10241,-29.1475500917308
10242,-29.150930912998
10243,-29.1543114041876
10244,-29.1576915653638
10245,-29.1610713965912
10246,-29.1644508979341
10247,-29.167830069457
10248,-29.1712089112241
10249,-29.1745874232999
10250,-29.1779656057487
10251,-29.1813434586348
10252,-29.1847209820224
10253,-29.188098175976
10254,-29.1914750405597
10255,-29.1948515758377
10256,-29.1982277818744
10257,-29.2016036587338
10258,-29.2049792064802
10259,-29.2083544251778
10260,-29.2117293148906
10261,-29.2151038756828
10262,-29.2184781076186
10263,-29.2218520107619
10264,-29.225225585177
10265,-29.2285988309277
10266,-29.2319717480783
10267,-29.2353443366926
10268,-29.2387165968346
10269,-29.2420885285684
10270,-29.245460131958
10271,-29.2488314070671
10272,-29.2522023539599
10273,-29.2555729727001
10274,-29.2589432633516
10275,-29.2623132259784
10276,-29.2656828606442
10277,-29.2690521674129
10278,-29.2724211463483
10279,-29.2757897975142
10280,-29.2791581209744
10281,-29.2825261167925
10282,-29.2858937850324
10283,-29.2892611257578
10284,-29.2926281390323
10285,-29.2959948249197
10286,-29.2993611834836
10287,-29.3027272147876
10288,-29.3060929188953
10289,-29.3094582958704
10290,-29.3128233457765
10291,-29.3161880686771
10292,-29.3195524646358
10293,-29.322916533716
10294,-29.3262802759814
10295,-29.3296436914954
10296,-29.3330067803214
10297,-29.336369542523
10298,-29.3397319781636
10299,-29.3430940873065
10300,-29.3464558700152
10301,-29.3498173263531
10302,-29.3531784563836
10303,-29.3565392601699
10304,-29.3598997377754
10305,-29.3632598892634
10306,-29.3666197146973
10307,-29.3699792141402
10308,-29.3733383876555
10309,-29.3766972353063
10310,-29.3800557571559
10311,-29.3834139532675
10312,-29.3867718237042
10313,-29.3901293685293
10314,-29.3934865878058
10315,-29.3968434815969
10316,-29.4002000499657
10317,-29.4035562929753
10318,-29.4069122106888
10319,-29.4102678031691
10320,-29.4136230704794
10321,-29.4169780126826
10322,-29.4203326298418
10323,-29.4236869220199
10324,-29.4270408892799
10325,-29.4303945316847
10326,-29.4337478492972
10327,-29.4371008421804
10328,-29.4404535103972
10329,-29.4438058540103
10330,-29.4471578730827
10331,-29.4505095676772
10332,-29.4538609378566
10333,-29.4572119836837
10334,-29.4605627052212
10335,-29.463913102532
10336,-29.4672631756788
10337,-29.4706129247242
10338,-29.4739623497311
10339,-29.477311450762
10340,-29.4806602278797
10341,-29.4840086811468
10342,-29.4873568106259
10343,-29.4907046163797
10344,-29.4940520984707
10345,-29.4973992569615
10346,-29.5007460919147
10347,-29.5040926033928
10348,-29.5074387914584
10349,-29.5107846561739
10350,-29.5141301976018
10351,-29.5174754158046
10352,-29.5208203108448
10353,-29.5241648827847
10354,-29.5275091316868
10355,-29.5308530576136
10356,-29.5341966606273
10357,-29.5375399407903
10358,-29.5408828981649
10359,-29.5442255328136
10360,-29.5475678447986
10361,-29.5509098341821
10362,-29.5542515010265
10363,-29.557592845394
10364,-29.5609338673469
10365,-29.5642745669472
10366,-29.5676149442574
10367,-29.5709549993394
10368,-29.5742947322556
10369,-29.577634143068
10370,-29.5809732318387
10371,-29.5843119986299
10372,-29.5876504435037
10373,-29.590988566522
10374,-29.5943263677471
10375,-29.5976638472409
10376,-29.6010010050654
10377,-29.6043378412826
10378,-29.6076743559546
10379,-29.6110105491432
10380,-29.6143464209104
10381,-29.6176819713182
10382,-29.6210172004285
10383,-29.6243521083031
10384,-29.6276866950039
10385,-29.6310209605928
10386,-29.6343549051317
10387,-29.6376885286822
10388,-29.6410218313064
10389,-29.6443548130658
10390,-29.6476874740224
10391,-29.6510198142378
10392,-29.6543518337737
10393,-29.657683532692
10394,-29.6610149110542
10395,-29.6643459689222
10396,-29.6676767063574
10397,-29.6710071234216
10398,-29.6743372201764
10399,-29.6776669966834
10400,-29.6809964530042
10401,-29.6843255892003
10402,-29.6876544053334
10403,-29.6909829014649
10404,-29.6943110776564
10405,-29.6976389339693
10406,-29.7009664704652
10407,-29.7042936872055
10408,-29.7076205842517
10409,-29.7109471616651
10410,-29.7142734195073
10411,-29.7175993578395
10412,-29.7209249767233
10413,-29.7242502762198
10414,-29.7275752563906
10415,-29.7308999172968
10416,-29.7342242589998
10417,-29.737548281561
10418,-29.7408719850414
10419,-29.7441953695025
10420,-29.7475184350055
10421,-29.7508411816115
10422,-29.7541636093818
10423,-29.7574857183775
10424,-29.7608075086598
10425,-29.7641289802899
10426,-29.7674501333289
10427,-29.7707709678379
10428,-29.7740914838779
10429,-29.7774116815102
10430,-29.7807315607957
10431,-29.7840511217954
10432,-29.7873703645704
10433,-29.7906892891818
10434,-29.7940078956904
10435,-29.7973261841573
10436,-29.8006441546434
10437,-29.8039618072097
10438,-29.807279141917
10439,-29.8105961588263
10440,-29.8139128579985
10441,-29.8172292394944
10442,-29.8205453033749
10443,-29.8238610497007
10444,-29.8271764785328
10445,-29.8304915899319
10446,-29.8338063839588
10447,-29.8371208606742
10448,-29.8404350201389
10449,-29.8437488624137
10450,-29.8470623875592
10451,-29.8503755956361
10452,-29.8536884867051
10453,-29.8570010608268
10454,-29.860313318062
10455,-29.8636252584712
10456,-29.866936882115
10457,-29.870248189054
10458,-29.8735591793488
10459,-29.8768698530599
10460,-29.8801802102479
10461,-29.8834902509732
10462,-29.8867999752965
10463,-29.8901093832781
10464,-29.8934184749786
10465,-29.8967272504583
10466,-29.9000357097777
10467,-29.9033438529973
10468,-29.9066516801774
10469,-29.9099591913784
10470,-29.9132663866607
10471,-29.9165732660846
10472,-29.9198798297104
10473,-29.9231860775984
10474,-29.926492009809
10475,-29.9297976264024
10476,-29.9331029274389
10477,-29.9364079129787
10478,-29.939712583082
10479,-29.9430169378091
10480,-29.9463209772201
10481,-29.9496247013752
10482,-29.9529281103346
10483,-29.9562312041583
10484,-29.9595339829066
10485,-29.9628364466395
10486,-29.9661385954171
10487,-29.9694404292995
10488,-29.9727419483467
10489,-29.9760431526188
10490,-29.9793440421757
10491,-29.9826446170775
10492,-29.9859448773842
10493,-29.9892448231557
10494,-29.992544454452
10495,-29.995843771333
10496,-29.9991427738586
10497,-30.0024414620887
10498,-30.0057398360832
10499,-30.009037895902
10500,-30.0123356416049
10501,-30.0156330732517
10502,-30.0189301909023
10503,-30.0222269946164
10504,-30.0255234844539
10505,-30.0288196604744
10506,-30.0321155227377
10507,-30.0354110713036
10508,-30.0387063062317
10509,-30.0420012275818
10510,-30.0452958354136
10511,-30.0485901297866
10512,-30.0518841107605
10513,-30.055177778395
10514,-30.0584711327496
10515,-30.061764173884
10516,-30.0650569018577
10517,-30.0683493167303
10518,-30.0716414185612
10519,-30.0749332074102
10520,-30.0782246833365
10521,-30.0815158463998
10522,-30.0848066966595
10523,-30.0880972341751
10524,-30.0913874590059
10525,-30.0946773712115
10526,-30.0979669708512
10527,-30.1012562579843
10528,-30.1045452326704
10529,-30.1078338949687
10530,-30.1111222449385
10531,-30.1144102826392
10532,-30.1176980081301
10533,-30.1209854214705
10534,-30.1242725227196
10535,-30.1275593119366
10536,-30.1308457891809
10537,-30.1341319545117
10538,-30.137417807988
10539,-30.1407033496692
10540,-30.1439885796144
10541,-30.1472734978828
10542,-30.1505581045334
10543,-30.1538423996253
10544,-30.1571263832178
10545,-30.1604100553699
10546,-30.1636934161406
10547,-30.1669764655889
10548,-30.170259203774
10549,-30.1735416307549
10550,-30.1768237465904
10551,-30.1801055513397
10552,-30.1833870450617
10553,-30.1866682278153
10554,-30.1899490996594
10555,-30.193229660653
10556,-30.196509910855
10557,-30.1997898503243
10558,-30.2030694791197
10559,-30.2063487973
10560,-30.2096278049242
10561,-30.2129065020509
10562,-30.2161848887391
10563,-30.2194629650475
10564,-30.2227407310348
10565,-30.2260181867599
10566,-30.2292953322813
10567,-30.232572167658
10568,-30.2358486929484
10569,-30.2391249082115
10570,-30.2424008135057
10571,-30.2456764088897
10572,-30.2489516944223
10573,-30.2522266701619
10574,-30.2555013361672
10575,-30.2587756924968
10576,-30.2620497392092
10577,-30.265323476363
10578,-30.2685969040167
10579,-30.2718700222288
10580,-30.2751428310579
10581,-30.2784153305624
10582,-30.2816875208007
10583,-30.2849594018314
10584,-30.2882309737128
10585,-30.2915022365034
10586,-30.2947731902616
10587,-30.2980438350457
10588,-30.3013141709141
10589,-30.3045841979253
10590,-30.3078539161374
10591,-30.3111233256088
10592,-30.3143924263978
10593,-30.3176612185627
10594,-30.3209297021618
10595,-30.3241978772534
10596,-30.3274657438955
10597,-30.3307333021465
10598,-30.3340005520646
10599,-30.337267493708
10600,-30.3405341271348
10601,-30.3438004524031
10602,-30.3470664695711
10603,-30.350332178697
10604,-30.3535975798388
10605,-30.3568626730546
10606,-30.3601274584025
10607,-30.3633919359405
10608,-30.3666561057267
10609,-30.3699199678191
10610,-30.3731835222756
10611,-30.3764467691544
10612,-30.3797097085133
10613,-30.3829723404103
10614,-30.3862346649033
10615,-30.3894966820503
10616,-30.3927583919092
10617,-30.3960197945379
10618,-30.3992808899941
10619,-30.4025416783359
10620,-30.405802159621
10621,-30.4090623339072
10622,-30.4123222012524
10623,-30.4155817617143
10624,-30.4188410153508
10625,-30.4220999622195
10626,-30.4253586023783
10627,-30.4286169358848
10628,-30.4318749627967
10629,-30.4351326831719
10630,-30.4383900970678
10631,-30.4416472045422
10632,-30.4449040056528
10633,-30.4481605004571
10634,-30.4514166890128
10635,-30.4546725713774
10636,-30.4579281476086
10637,-30.4611834177639
10638,-30.4644383819009
10639,-30.467693040077
10640,-30.4709473923498
10641,-30.4742014387769
10642,-30.4774551794156
10643,-30.4807086143234
10644,-30.4839617435579
10645,-30.4872145671763
10646,-30.4904670852363
10647,-30.493719297795
10648,-30.49697120491
10649,-30.5002228066386
10650,-30.5034741030381
10651,-30.5067250941659
10652,-30.5099757800793
10653,-30.5132261608357
10654,-30.5164762364922
10655,-30.5197260071062
10656,-30.5229754727349
10657,-30.5262246334356
10658,-30.5294734892654
10659,-30.5327220402817
10660,-30.5359702865415
10661,-30.5392182281021
10662,-30.5424658650206
10663,-30.5457131973542
10664,-30.5489602251599
10665,-30.552206948495
10666,-30.5554533674164
10667,-30.5586994819814
10668,-30.5619452922468
10669,-30.5651907982698
10670,-30.5684360001075
10671,-30.5716808978167
10672,-30.5749254914546
10673,-30.5781697810781
10674,-30.5814137667442
10675,-30.5846574485097
10676,-30.5879008264318
10677,-30.5911439005672
10678,-30.5943866709729
10679,-30.5976291377057
10680,-30.6008713008226
10681,-30.6041131603803
10682,-30.6073547164358
10683,-30.6105959690458
10684,-30.6138369182672
10685,-30.6170775641567
10686,-30.6203179067712
10687,-30.6235579461673
10688,-30.6267976824018
10689,-30.6300371155315
10690,-30.6332762456131
10691,-30.6365150727031
10692,-30.6397535968585
10693,-30.6429918181357
10694,-30.6462297365914
10695,-30.6494673522823
10696,-30.6527046652651
10697,-30.6559416755961
10698,-30.6591783833322
10699,-30.6624147885298
10700,-30.6656508912455
10701,-30.6688866915358
10702,-30.6721221894573
10703,-30.6753573850664
10704,-30.6785922784197
10705,-30.6818268695735
10706,-30.6850611585844
10707,-30.6882951455089
10708,-30.6915288304033
10709,-30.694762213324
10710,-30.6979952943274
10711,-30.70122807347
10712,-30.704460550808
10713,-30.7076927263979
10714,-30.7109246002959
10715,-30.7141561725584
10716,-30.7173874432417
10717,-30.720618412402
10718,-30.7238490800956
10719,-30.7270794463788
10720,-30.7303095113078
10721,-30.7335392749388
10722,-30.7367687373281
10723,-30.7399978985318
10724,-30.7432267586061
10725,-30.7464553176071
10726,-30.749683575591
10727,-30.7529115326139
10728,-30.756139188732
10729,-30.7593665440012
10730,-30.7625935984778
10731,-30.7658203522177
10732,-30.7690468052771
10733,-30.7722729577119
10734,-30.7754988095781
10735,-30.7787243609318
10736,-30.781949611829
10737,-30.7851745623256
10738,-30.7883992124775
10739,-30.7916235623407
10740,-30.7948476119712
10741,-30.7980713614248
10742,-30.8012948107574
10743,-30.8045179600249
10744,-30.8077408092832
10745,-30.8109633585881
10746,-30.8141856079954
10747,-30.817407557561
10748,-30.8206292073406
10749,-30.82385055739
10750,-30.827071607765
10751,-30.8302923585214
10752,-30.8335128097148
10753,-30.8367329614011
10754,-30.8399528136358
10755,-30.8431723664747
10756,-30.8463916199735
10757,-30.8496105741878
10758,-30.8528292291733
10759,-30.8560475849856
10760,-30.8592656416803
10761,-30.8624833993129
10762,-30.8657008579392
10763,-30.8689180176145
10764,-30.8721348783946
10765,-30.8753514403349
10766,-30.8785677034909
10767,-30.8817836679182
10768,-30.8849993336722
10769,-30.8882147008084
10770,-30.8914297693823
10771,-30.8946445394492
10772,-30.8978590110647
10773,-30.9010731842841
10774,-30.9042870591629
10775,-30.9075006357563
10776,-30.9107139141199
10777,-30.9139268943088
10778,-30.9171395763785
10779,-30.9203519603843
10780,-30.9235640463814
10781,-30.9267758344252
10782,-30.9299873245709
10783,-30.9331985168739
10784,-30.9364094113892
10785,-30.9396200081722
10786,-30.942830307278
10787,-30.9460403087619
10788,-30.9492500126791
10789,-30.9524594190846
10790,-30.9556685280337
10791,-30.9588773395814
10792,-30.962085853783
10793,-30.9652940706935
10794,-30.9685019903679
10795,-30.9717096128614
10796,-30.974916938229
10797,-30.9781239665258
10798,-30.9813306978067
10799,-30.9845371321269
10800,-30.9877432695412
10801,-30.9909491101047
10802,-30.9941546538724
10803,-30.9973599008991
10804,-31.0005648512398
10805,-31.0037695049495
10806,-31.006973862083
10807,-31.0101779226952
10808,-31.013381686841
10809,-31.0165851545753
10810,-31.0197883259529
10811,-31.0229912010286
10812,-31.0261937798573
10813,-31.0293960624937
10814,-31.0325980489926
10815,-31.0357997394088
10816,-31.039001133797
10817,-31.042202232212
10818,-31.0454030347085
10819,-31.0486035413412
10820,-31.0518037521649
10821,-31.055003667234
10822,-31.0582032866034
10823,-31.0614026103277
10824,-31.0646016384615
10825,-31.0678003710594
10826,-31.070998808176
10827,-31.0741969498659
10828,-31.0773947961837
10829,-31.0805923471839
10830,-31.0837896029211
10831,-31.0869865634498
10832,-31.0901832288245
10833,-31.0933795990997
10834,-31.0965756743298
10835,-31.0997714545694
10836,-31.1029669398729
10837,-31.1061621302947
10838,-31.1093570258893
10839,-31.112551626711
10840,-31.1157459328142
10841,-31.1189399442533
10842,-31.1221336610827
10843,-31.1253270833567
10844,-31.1285202111297
10845,-31.1317130444559
10846,-31.1349055833896
10847,-31.1380978279852
10848,-31.1412897782968
10849,-31.1444814343789
10850,-31.1476727962855
10851,-31.1508638640709
10852,-31.1540546377894
10853,-31.157245117495
10854,-31.1604353032421
10855,-31.1636251950847
10856,-31.1668147930771
10857,-31.1700040972733
10858,-31.1731931077274
10859,-31.1763818244936
10860,-31.179570247626
10861,-31.1827583771785
10862,-31.1859462132054
10863,-31.1891337557606
10864,-31.1923210048982
10865,-31.1955079606721
10866,-31.1986946231364
10867,-31.201880992345
10868,-31.205067068352
10869,-31.2082528512112
10870,-31.2114383409767
10871,-31.2146235377023
10872,-31.217808441442
10873,-31.2209930522496
10874,-31.224177370179
10875,-31.2273613952842
10876,-31.2305451276188
10877,-31.2337285672369
10878,-31.2369117141921
10879,-31.2400945685384
10880,-31.2432771303294
10881,-31.246459399619
10882,-31.249641376461
10883,-31.252823060909
10884,-31.2560044530169
10885,-31.2591855528382
10886,-31.2623663604268
10887,-31.2655468758364
10888,-31.2687270991205
10889,-31.2719070303328
10890,-31.275086669527
10891,-31.2782660167568
10892,-31.2814450720757
10893,-31.2846238355373
10894,-31.2878023071952
10895,-31.290980487103
10896,-31.2941583753143
10897,-31.2973359718825
10898,-31.3005132768612
10899,-31.303690290304
10900,-31.3068670122642
10901,-31.3100434427954
10902,-31.3132195819511
10903,-31.3163954297847
10904,-31.3195709863496
10905,-31.3227462516993
10906,-31.3259212258871
10907,-31.3290959089666
10908,-31.3322703009909
10909,-31.3354444020136
10910,-31.3386182120879
10911,-31.3417917312671
10912,-31.3449649596047
10913,-31.3481378971539
10914,-31.351310543968
10915,-31.3544829001003
10916,-31.357654965604
10917,-31.3608267405323
10918,-31.3639982249386
10919,-31.367169418876
10920,-31.3703403223977
10921,-31.373510935557
10922,-31.3766812584069
10923,-31.3798512910007
10924,-31.3830210333915
10925,-31.3861904856323
10926,-31.3893596477765
10927,-31.3925285198769
10928,-31.3956971019868
10929,-31.3988653941591
10930,-31.402033396447
10931,-31.4052011089035
10932,-31.4083685315816
10933,-31.4115356645343
10934,-31.4147025078146
10935,-31.4178690614755
10936,-31.42103532557
10937,-31.4242013001511
10938,-31.4273669852716
10939,-31.4305323809844
10940,-31.4336974873426
10941,-31.436862304399
10942,-31.4400268322065
10943,-31.4431910708179
10944,-31.4463550202861
10945,-31.449518680664
10946,-31.4526820520043
10947,-31.4558451343599
10948,-31.4590079277835
10949,-31.462170432328
10950,-31.4653326480461
10951,-31.4684945749906
10952,-31.4716562132142
10953,-31.4748175627696
10954,-31.4779786237095
10955,-31.4811393960866
10956,-31.4842998799537
10957,-31.4874600753633
10958,-31.4906199823681
10959,-31.4937796010208
10960,-31.4969389313739
10961,-31.5000979734802
10962,-31.5032567273921
10963,-31.5064151931622
10964,-31.5095733708432
10965,-31.5127312604875
10966,-31.5158888621478
10967,-31.5190461758764
10968,-31.522203201726
10969,-31.525359939749
10970,-31.5285163899979
10971,-31.5316725525252
10972,-31.5348284273832
10973,-31.5379840146246
10974,-31.5411393143015
10975,-31.5442943264666
10976,-31.5474490511721
10977,-31.5506034884704
10978,-31.553757638414
10979,-31.5569115010551
10980,-31.5600650764461
10981,-31.5632183646392
10982,-31.5663713656869
10983,-31.5695240796414
10984,-31.572676506555
10985,-31.5758286464799
10986,-31.5789804994684
10987,-31.5821320655728
10988,-31.5852833448451
10989,-31.5884343373378
10990,-31.5915850431028
10991,-31.5947354621925
10992,-31.597885594659
10993,-31.6010354405544
10994,-31.6041849999309
10995,-31.6073342728405
10996,-31.6104832593355
10997,-31.6136319594678
10998,-31.6167803732896
10999,-31.6199285008529
11000,-31.6230763422098
11001,-31.6262238974123
11002,-31.6293711665125
11003,-31.6325181495622
11004,-31.6356648466136
11005,-31.6388112577187
11006,-31.6419573829292
11007,-31.6451032222974
11008,-31.6482487758749
11009,-31.6513940437139
11010,-31.6545390258661
11011,-31.6576837223836
11012,-31.6608281333181
11013,-31.6639722587215
11014,-31.6671160986457
11015,-31.6702596531425
11016,-31.6734029222637
11017,-31.6765459060612
11018,-31.6796886045868
11019,-31.6828310178921
11020,-31.6859731460291
11021,-31.6891149890494
11022,-31.6922565470047
11023,-31.6953978199469
11024,-31.6985388079276
11025,-31.7016795109985
11026,-31.7048199292113
11027,-31.7079600626176
11028,-31.7110999112692
11029,-31.7142394752176
11030,-31.7173787545145
11031,-31.7205177492114
11032,-31.7236564593601
11033,-31.7267948850121
11034,-31.7299330262188
11035,-31.733070883032
11036,-31.7362084555031
11037,-31.7393457436837
11038,-31.7424827476253
11039,-31.7456194673793
11040,-31.7487559029973
11041,-31.7518920545308
11042,-31.7550279220311
11043,-31.7581635055498
11044,-31.7612988051382
11045,-31.7644338208479
11046,-31.7675685527301
11047,-31.7707030008363
11048,-31.7738371652178
11049,-31.776971045926
11050,-31.7801046430123
11051,-31.783237956528
11052,-31.7863709865244
11053,-31.7895037330528
11054,-31.7926361961645
11055,-31.7957683759107
11056,-31.7989002723428
11057,-31.802031885512
11058,-31.8051632154694
11059,-31.8082942622665
11060,-31.8114250259543
11061,-31.814555506584
11062,-31.8176857042068
11063,-31.8208156188739
11064,-31.8239452506364
11065,-31.8270745995456
11066,-31.8302036656524
11067,-31.833332449008
11068,-31.8364609496635
11069,-31.83958916767
11070,-31.8427171030785
11071,-31.8458447559402
11072,-31.848972126306
11073,-31.8520992142269
11074,-31.8552260197541
11075,-31.8583525429384
11076,-31.8614787838309
11077,-31.8646047424826
11078,-31.8677304189443
11079,-31.8708558132671
11080,-31.8739809255018
11081,-31.8771057556994
11082,-31.8802303039109
11083,-31.8833545701869
11084,-31.8864785545786
11085,-31.8896022571367
11086,-31.892725677912
11087,-31.8958488169554
11088,-31.8989716743177
11089,-31.9020942500498
11090,-31.9052165442023
11091,-31.9083385568262
11092,-31.9114602879721
11093,-31.9145817376908
11094,-31.917702906033
11095,-31.9208237930496
11096,-31.9239443987911
11097,-31.9270647233082
11098,-31.9301847666517
11099,-31.9333045288723
11100,-31.9364240100205
11101,-31.9395432101471
11102,-31.9426621293026
11103,-31.9457807675376
11104,-31.9488991249028
11105,-31.9520172014488
11106,-31.9551349972261
11107,-31.9582525122853
11108,-31.9613697466769
11109,-31.9644867004515
11110,-31.9676033736595
11111,-31.9707197663515
11112,-31.973835878578
11113,-31.9769517103895
11114,-31.9800672618363
11115,-31.983182532969
11116,-31.9862975238381
11117,-31.9894122344938
11118,-31.9925266649867
11119,-31.9956408153671
11120,-31.9987546856855
11121,-32.0018682759921
11122,-32.0049815863373
11123,-32.0080946167715
11124,-32.0112073673451
11125,-32.0143198381082
11126,-32.0174320291113
11127,-32.0205439404046
11128,-32.0236555720383
11129,-32.0267669240628
11130,-32.0298779965283
11131,-32.032988789485
11132,-32.0360993029832
11133,-32.0392095370729
11134,-32.0423194918046
11135,-32.0454291672282
11136,-32.0485385633941
11137,-32.0516476803522
11138,-32.0547565181529
11139,-32.0578650768461
11140,-32.060973356482
11141,-32.0640813571108
11142,-32.0671890787824
11143,-32.070296521547
11144,-32.0734036854547
11145,-32.0765105705553
11146,-32.0796171768991
11147,-32.082723504536
11148,-32.085829553516
11149,-32.0889353238891
11150,-32.0920408157053
11151,-32.0951460290145
11152,-32.0982509638667
11153,-32.1013556203119
11154,-32.1044599983999
11155,-32.1075640981807
11156,-32.1106679197041
11157,-32.11377146302
11158,-32.1168747281784
11159,-32.119977715229
11160,-32.1230804242218
11161,-32.1261828552065
11162,-32.1292850082329
11163,-32.1323868833509
11164,-32.1354884806102
11165,-32.1385898000606
11166,-32.141690841752
11167,-32.1447916057339
11168,-32.1478920920562
11169,-32.1509923007686
11170,-32.1540922319208
11171,-32.1571918855625
11172,-32.1602912617434
11173,-32.1633903605131
11174,-32.1664891819213
11175,-32.1695877260176
11176,-32.1726859928517
11177,-32.1757839824732
11178,-32.1788816949316
11179,-32.1819791302767
11180,-32.1850762885578
11181,-32.1881731698247
11182,-32.1912697741269
11183,-32.1943661015138
11184,-32.1974621520351
11185,-32.2005579257401
11186,-32.2036534226785
11187,-32.2067486428997
11188,-32.2098435864532
11189,-32.2129382533884
11190,-32.2160326437547
11191,-32.2191267576017
11192,-32.2222205949787
11193,-32.2253141559351
11194,-32.2284074405203
11195,-32.2315004487836
11196,-32.2345931807745
11197,-32.2376856365424
11198,-32.2407778161364
11199,-32.243869719606
11200,-32.2469613470005
11201,-32.2500526983691
11202,-32.2531437737612
11203,-32.256234573226
11204,-32.2593250968127
11205,-32.2624153445707
11206,-32.2655053165492
11207,-32.2685950127972
11208,-32.2716844333642
11209,-32.2747735782992
11210,-32.2778624476515
11211,-32.2809510414702
11212,-32.2840393598044
11213,-32.2871274027034
11214,-32.2902151702161
11215,-32.2933026623918
11216,-32.2963898792795
11217,-32.2994768209284
11218,-32.3025634873874
11219,-32.3056498787057
11220,-32.3087359949323
11221,-32.3118218361162
11222,-32.3149074023065
11223,-32.3179926935522
11224,-32.3210777099022
11225,-32.3241624514055
11226,-32.3272469181112
11227,-32.3303311100681
11228,-32.3334150273252
11229,-32.3364986699314
11230,-32.3395820379357
11231,-32.342665131387
11232,-32.345747950334
11233,-32.3488304948258
11234,-32.3519127649112
11235,-32.3549947606391
11236,-32.3580764820582
11237,-32.3611579292173
11238,-32.3642391021654
11239,-32.3673200009512
11240,-32.3704006256235
11241,-32.3734809762311
11242,-32.3765610528226
11243,-32.379640855447
11244,-32.3827203841528
11245,-32.3857996389889
11246,-32.3888786200039
11247,-32.3919573272465
11248,-32.3950357607654
11249,-32.3981139206093
11250,-32.4011918068269
11251,-32.4042694194667
11252,-32.4073467585774
11253,-32.4104238242076
11254,-32.413500616406
11255,-32.416577135221
11256,-32.4196533807014
11257,-32.4227293528956
11258,-32.4258050518522
11259,-32.4288804776198
11260,-32.4319556302468
11261,-32.4350305097818
11262,-32.4381051162733
11263,-32.4411794497698
11264,-32.4442535103197
11265,-32.4473272979716
11266,-32.4504008127737
11267,-32.4534740547747
11268,-32.4565470240229
11269,-32.4596197205667
11270,-32.4626921444546
11271,-32.4657642957348
11272,-32.4688361744559
11273,-32.471907780666
11274,-32.4749791144137
11275,-32.4780501757471
11276,-32.4811209647147
11277,-32.4841914813647
11278,-32.4872617257455
11279,-32.4903316979053
11280,-32.4934013978923
11281,-32.4964708257549
11282,-32.4995399815413
11283,-32.5026088652997
11284,-32.5056774770783
11285,-32.5087458169253
11286,-32.511813884889
11287,-32.5148816810175
11288,-32.5179492053589
11289,-32.5210164579615
11290,-32.5240834388733
11291,-32.5271501481425
11292,-32.5302165858172
11293,-32.5332827519455
11294,-32.5363486465755
11295,-32.5394142697553
11296,-32.5424796215329
11297,-32.5455447019564
11298,-32.5486095110738
11299,-32.5516740489332
11300,-32.5547383155825
11301,-32.5578023110698
11302,-32.560866035443
11303,-32.5639294887501
11304,-32.5669926710391
11305,-32.570055582358
11306,-32.5731182227546
11307,-32.5761805922769
11308,-32.5792426909728
11309,-32.5823045188902
11310,-32.585366076077
11311,-32.588427362581
11312,-32.5914883784502
11313,-32.5945491237323
11314,-32.5976095984752
11315,-32.6006698027267
11316,-32.6037297365347
11317,-32.6067893999468
11318,-32.609848793011
11319,-32.612907915775
11320,-32.6159667682865
11321,-32.6190253505932
11322,-32.622083662743
11323,-32.6251417047835
11324,-32.6281994767625
11325,-32.6312569787276
11326,-32.6343142107265
11327,-32.637371172807
11328,-32.6404278650165
11329,-32.6434842874029
11330,-32.6465404400137
11331,-32.6495963228965
11332,-32.652651936099
11333,-32.6557072796687
11334,-32.6587623536532
11335,-32.6618171581001
11336,-32.664871693057
11337,-32.6679259585714
11338,-32.6709799546908
11339,-32.6740336814628
11340,-32.6770871389348
11341,-32.6801403271543
11342,-32.6831932461689
11343,-32.686245896026
11344,-32.689298276773
11345,-32.6923503884574
11346,-32.6954022311266
11347,-32.6984538048281
11348,-32.7015051096092
11349,-32.7045561455174
11350,-32.7076069125999
11351,-32.7106574109043
11352,-32.7137076404778
11353,-32.7167576013678
11354,-32.7198072936216
11355,-32.7228567172866
11356,-32.72590587241
11357,-32.7289547590391
11358,-32.7320033772213
11359,-32.7350517270037
11360,-32.7380998084336
11361,-32.7411476215584
11362,-32.7441951664252
11363,-32.7472424430811
11364,-32.7502894515736
11365,-32.7533361919496
11366,-32.7563826642565
11367,-32.7594288685413
11368,-32.7624748048513
11369,-32.7655204732336
11370,-32.7685658737352
11371,-32.7716110064034
11372,-32.7746558712852
11373,-32.7777004684278
11374,-32.7807447978782
11375,-32.7837888596834
11376,-32.7868326538905
11377,-32.7898761805467
11378,-32.7929194396988
11379,-32.795962431394
11380,-32.7990051556793
11381,-32.8020476126015
11382,-32.8050898022077
11383,-32.808131724545
11384,-32.8111733796602
11385,-32.8142147676002
11386,-32.8172558884121
11387,-32.8202967421427
11388,-32.823337328839
11389,-32.8263776485477
11390,-32.829417701316
11391,-32.8324574871905
11392,-32.8354970062181
11393,-32.8385362584458
11394,-32.8415752439203
11395,-32.8446139626884
11396,-32.847652414797
11397,-32.8506906002929
11398,-32.8537285192228
11399,-32.8567661716335
11400,-32.8598035575718
11401,-32.8628406770844
11402,-32.8658775302181
11403,-32.8689141170195
11404,-32.8719504375354
11405,-32.8749864918126
11406,-32.8780222798976
11407,-32.8810578018371
11408,-32.8840930576779
11409,-32.8871280474665
11410,-32.8901627712496
11411,-32.8931972290739
11412,-32.8962314209859
11413,-32.8992653470322
11414,-32.9022990072594
11415,-32.9053324017141
11416,-32.9083655304429
11417,-32.9113983934923
11418,-32.9144309909089
11419,-32.9174633227391
11420,-32.9204953890295
11421,-32.9235271898266
11422,-32.9265587251769
11423,-32.9295899951269
11424,-32.932620999723
11425,-32.9356517390117
11426,-32.9386822130393
11427,-32.9417124218525
11428,-32.9447423654975
11429,-32.9477720440208
11430,-32.9508014574688
11431,-32.9538306058878
11432,-32.9568594893242
11433,-32.9598881078244
11434,-32.9629164614347
11435,-32.9659445502014
11436,-32.9689723741709
11437,-32.9719999333895
11438,-32.9750272279035
11439,-32.9780542577591
11440,-32.9810810230026
11441,-32.9841075236803
11442,-32.9871337598385
11443,-32.9901597315233
11444,-32.993185438781
11445,-32.9962108816578
11446,-32.9992360601998
11447,-33.0022609744534
11448,-33.0052856244646
11449,-33.0083100102796
11450,-33.0113341319446
11451,-33.0143579895057
11452,-33.0173815830091
11453,-33.0204049125007
11454,-33.0234279780268
11455,-33.0264507796335
11456,-33.0294733173667
11457,-33.0324955912727
11458,-33.0355176013973
11459,-33.0385393477868
11460,-33.041560830487
11461,-33.044582049544
11462,-33.0476030050039
11463,-33.0506236969126
11464,-33.0536441253161
11465,-33.0566642902603
11466,-33.0596841917913
11467,-33.0627038299549
11468,-33.0657232047972
11469,-33.0687423163639
11470,-33.0717611647011
11471,-33.0747797498546
11472,-33.0777980718703
11473,-33.0808161307941
11474,-33.0838339266718
11475,-33.0868514595494
11476,-33.0898687294725
11477,-33.0928857364871
11478,-33.095902480639
11479,-33.098918961974
11480,-33.1019351805378
11481,-33.1049511363762
11482,-33.1079668295351
11483,-33.1109822600601
11484,-33.1139974279969
11485,-33.1170123333915
11486,-33.1200269762893
11487,-33.1230413567362
11488,-33.1260554747778
11489,-33.1290693304599
11490,-33.132082923828
11491,-33.1350962549279
11492,-33.1381093238052
11493,-33.1411221305055
11494,-33.1441346750744
11495,-33.1471469575576
11496,-33.1501589780007
11497,-33.1531707364492
11498,-33.1561822329487
11499,-33.1591934675448
11500,-33.162204440283
11501,-33.1652151512089
11502,-33.1682256003679
11503,-33.1712357878057
11504,-33.1742457135677
11505,-33.1772553776994
11506,-33.1802647802463
11507,-33.1832739212538
11508,-33.1862828007675
11509,-33.1892914188327
11510,-33.1922997754948
11511,-33.1953078707994
11512,-33.1983157047917
11513,-33.2013232775173
11514,-33.2043305890215
11515,-33.2073376393496
11516,-33.210344428547
11517,-33.2133509566591
11518,-33.2163572237312
11519,-33.2193632298087
11520,-33.2223689749368
11521,-33.2253744591608
11522,-33.2283796825261
11523,-33.2313846450779
11524,-33.2343893468615
11525,-33.2373937879221
11526,-33.240397968305
11527,-33.2434018880554
11528,-33.2464055472185
11529,-33.2494089458396
11530,-33.2524120839638
11531,-33.2554149616363
11532,-33.2584175789023
11533,-33.261419935807
11534,-33.2644220323955
11535,-33.2674238687129
11536,-33.2704254448043
11537,-33.273426760715
11538,-33.2764278164899
11539,-33.2794286121741
11540,-33.2824291478129
11541,-33.2854294234511
11542,-33.2884294391339
11543,-33.2914291949063
11544,-33.2944286908133
11545,-33.2974279269
11546,-33.3004269032114
11547,-33.3034256197925
11548,-33.3064240766882
11549,-33.3094222739435
11550,-33.3124202116034
11551,-33.3154178897128
11552,-33.3184153083167
11553,-33.32141246746
11554,-33.3244093671876
11555,-33.3274060075444
11556,-33.3304023885754
11557,-33.3333985103253
11558,-33.3363943728391
11559,-33.3393899761615
11560,-33.3423853203376
11561,-33.345380405412
11562,-33.3483752314296
11563,-33.3513697984353
11564,-33.3543641064738
11565,-33.3573581555898
11566,-33.3603519458283
11567,-33.3633454772339
11568,-33.3663387498514
11569,-33.3693317637255
11570,-33.372324518901
11571,-33.3753170154226
11572,-33.378309253335
11573,-33.3813012326828
11574,-33.3842929535108
11575,-33.3872844158636
11576,-33.390275619786
11577,-33.3932665653224
11578,-33.3962572525177
11579,-33.3992476814163
11580,-33.402237852063
11581,-33.4052277645022
11582,-33.4082174187787
11583,-33.4112068149369
11584,-33.4141959530215
11585,-33.417184833077
11586,-33.4201734551479
11587,-33.4231618192789
11588,-33.4261499255143
11589,-33.4291377738987
11590,-33.4321253644766
11591,-33.4351126972925
11592,-33.4380997723909
11593,-33.4410865898162
11594,-33.4440731496129
11595,-33.4470594518254
11596,-33.4500454964981
11597,-33.4530312836755
11598,-33.456016813402
11599,-33.4590020857219
11600,-33.4619871006797
11601,-33.4649718583197
11602,-33.4679563586863
11603,-33.4709406018238
11604,-33.4739245877765
11605,-33.4769083165889
11606,-33.4798917883051
11607,-33.4828750029695
11608,-33.4858579606265
11609,-33.4888406613201
11610,-33.4918231050949
11611,-33.4948052919949
11612,-33.4977872220645
11613,-33.5007688953478
11614,-33.5037503118891
11615,-33.5067314717327
11616,-33.5097123749226
11617,-33.5126930215031
11618,-33.5156734115184
11619,-33.5186535450127
11620,-33.52163342203
11621,-33.5246130426145
11622,-33.5275924068104
11623,-33.5305715146618
11624,-33.5335503662128
11625,-33.5365289615074
11626,-33.5395073005898
11627,-33.5424853835041
11628,-33.5454632102943
11629,-33.5484407810044
11630,-33.5514180956785
11631,-33.5543951543607
11632,-33.5573719570949
11633,-33.5603485039251
11634,-33.5633247948954
11635,-33.5663008300496
11636,-33.5692766094319
11637,-33.5722521330862
11638,-33.5752274010563
11639,-33.5782024133863
11640,-33.5811771701201
11641,-33.5841516713015
11642,-33.5871259169746
11643,-33.5900999071831
11644,-33.593073641971
11645,-33.5960471213821
11646,-33.5990203454603
11647,-33.6019933142494
11648,-33.6049660277933
11649,-33.6079384861358
11650,-33.6109106893207
11651,-33.6138826373918
11652,-33.6168543303929
11653,-33.6198257683679
11654,-33.6227969513603
11655,-33.6257678794141
11656,-33.6287385525729
11657,-33.6317089708805
11658,-33.6346791343806
11659,-33.6376490431169
11660,-33.6406186971332
11661,-33.6435880964731
11662,-33.6465572411802
11663,-33.6495261312983
11664,-33.6524947668711
11665,-33.6554631479421
11666,-33.6584312745549
11667,-33.6613991467533
11668,-33.6643667645808
11669,-33.6673341280811
11670,-33.6703012372976
11671,-33.6732680922741
11672,-33.676234693054
11673,-33.6792010396809
11674,-33.6821671321983
11675,-33.6851329706499
11676,-33.688098555079
11677,-33.6910638855293
11678,-33.6940289620442
11679,-33.6969937846671
11680,-33.6999583534417
11681,-33.7029226684113
11682,-33.7058867296194
11683,-33.7088505371095
11684,-33.7118140909249
11685,-33.7147773911091
11686,-33.7177404377055
11687,-33.7207032307575
11688,-33.7236657703085
11689,-33.7266280564019
11690,-33.729590089081
11691,-33.7325518683892
11692,-33.7355133943698
11693,-33.7384746670662
11694,-33.7414356865217
11695,-33.7443964527795
11696,-33.7473569658831
11697,-33.7503172258756
11698,-33.7532772328004
11699,-33.7562369867006
11700,-33.7591964876197
11701,-33.7621557356008
11702,-33.7651147306871
11703,-33.7680734729218
11704,-33.7710319623483
11705,-33.7739901990096
11706,-33.776948182949
11707,-33.7799059142096
11708,-33.7828633928346
11709,-33.7858206188672
11710,-33.7887775923504
11711,-33.7917343133276
11712,-33.7946907818416
11713,-33.7976469979357
11714,-33.800602961653
11715,-33.8035586730365
11716,-33.8065141321294
11717,-33.8094693389746
11718,-33.8124242936153
11719,-33.8153789960945
11720,-33.8183334464552
11721,-33.8212876447405
11722,-33.8242415909933
11723,-33.8271952852567
11724,-33.8301487275736
11725,-33.833101917987
11726,-33.8360548565399
11727,-33.8390075432753
11728,-33.8419599782361
11729,-33.8449121614652
11730,-33.8478640930055
11731,-33.8508157729
11732,-33.8537672011915
11733,-33.856718377923
11734,-33.8596693031373
11735,-33.8626199768774
11736,-33.8655703991859
11737,-33.8685205701059
11738,-33.8714704896801
11739,-33.8744201579514
11740,-33.8773695749625
11741,-33.8803187407564
11742,-33.8832676553756
11743,-33.8862163188631
11744,-33.8891647312617
11745,-33.892112892614
11746,-33.8950608029628
11747,-33.8980084623509
11748,-33.900955870821
11749,-33.9039030284158
11750,-33.906849935178
11751,-33.9097965911502
11752,-33.9127429963753
11753,-33.9156891508958
11754,-33.9186350547544
11755,-33.9215807079938
11756,-33.9245261106566
11757,-33.9274712627854
11758,-33.9304161644228
11759,-33.9333608156115
11760,-33.936305216394
11761,-33.939249366813
11762,-33.942193266911
11763,-33.9451369167305
11764,-33.9480803163141
11765,-33.9510234657044
11766,-33.9539663649439
11767,-33.9569090140751
11768,-33.9598514131405
11769,-33.9627935621826
11770,-33.9657354612439
11771,-33.9686771103669
11772,-33.9716185095941
11773,-33.9745596589678
11774,-33.9775005585305
11775,-33.9804412083248
11776,-33.9833816083929
11777,-33.9863217587773
11778,-33.9892616595204
11779,-33.9922013106647
11780,-33.9951407122523
11781,-33.9980798643259
11782,-34.0010187669276
11783,-34.0039574200998
11784,-34.006895823885
11785,-34.0098339783253
11786,-34.0127718834631
11787,-34.0157095393408
11788,-34.0186469460006
11789,-34.0215841034848
11790,-34.0245210118356
11791,-34.0274576710953
11792,-34.0303940813063
11793,-34.0333302425106
11794,-34.0362661547506
11795,-34.0392018180684
11796,-34.0421372325063
11797,-34.0450723981064
11798,-34.048007314911
11799,-34.0509419829622
11800,-34.0538764023022
11801,-34.0568105729731
11802,-34.0597444950171
11803,-34.0626781684762
11804,-34.0656115933928
11805,-34.0685447698087
11806,-34.0714776977662
11807,-34.0744103773073
11808,-34.0773428084741
11809,-34.0802749913087
11810,-34.0832069258531
11811,-34.0861386121493
11812,-34.0890700502395
11813,-34.0920012401656
11814,-34.0949321819696
11815,-34.0978628756936
11816,-34.1007933213795
11817,-34.1037235190694
11818,-34.1066534688051
11819,-34.1095831706287
11820,-34.1125126245821
11821,-34.1154418307072
11822,-34.118370789046
11823,-34.1212994996403
11824,-34.1242279625322
11825,-34.1271561777635
11826,-34.130084145376
11827,-34.1330118654117
11828,-34.1359393379124
11829,-34.1388665629199
11830,-34.1417935404762
11831,-34.144720270623
11832,-34.1476467534022
11833,-34.1505729888556
11834,-34.1534989770249
11835,-34.156424717952
11836,-34.1593502116787
11837,-34.1622754582467
11838,-34.1652004576977
11839,-34.1681252100736
11840,-34.1710497154161
11841,-34.1739739737668
11842,-34.1768979851676
11843,-34.17982174966
11844,-34.1827452672859
11845,-34.1856685380868
11846,-34.1885915621045
11847,-34.1915143393807
11848,-34.1944368699569
11849,-34.1973591538749
11850,-34.2002811911762
11851,-34.2032029819025
11852,-34.2061245260954
11853,-34.2090458237964
11854,-34.2119668750473
11855,-34.2148876798895
11856,-34.2178082383646
11857,-34.2207285505142
11858,-34.2236486163799
11859,-34.2265684360031
11860,-34.2294880094254
11861,-34.2324073366883
11862,-34.2353264178333
11863,-34.238245252902
11864,-34.2411638419357
11865,-34.244082184976
11866,-34.2470002820644
11867,-34.2499181332422
11868,-34.252835738551
11869,-34.2557530980321
11870,-34.258670211727
11871,-34.2615870796772
11872,-34.2645037019239
11873,-34.2674200785086
11874,-34.2703362094726
11875,-34.2732520948574
11876,-34.2761677347043
11877,-34.2790831290547
11878,-34.2819982779498
11879,-34.284913181431
11880,-34.2878278395397
11881,-34.2907422523171
11882,-34.2936564198045
11883,-34.2965703420432
11884,-34.2994840190745
11885,-34.3023974509397
11886,-34.30531063768
11887,-34.3082235793367
11888,-34.3111362759509
11889,-34.3140487275639
11890,-34.316960934217
11891,-34.3198728959513
11892,-34.3227846128081
11893,-34.3256960848284
11894,-34.3286073120535
11895,-34.3315182945245
11896,-34.3344290322826
11897,-34.337339525369
11898,-34.3402497738247
11899,-34.3431597776909
11900,-34.3460695370086
11901,-34.3489790518191
11902,-34.3518883221633
11903,-34.3547973480824
11904,-34.3577061296173
11905,-34.3606146668093
11906,-34.3635229596993
11907,-34.3664310083283
11908,-34.3693388127375
11909,-34.3722463729677
11910,-34.37515368906
11911,-34.3780607610555
11912,-34.380967588995
11913,-34.3838741729196
11914,-34.3867805128702
11915,-34.3896866088878
11916,-34.3925924610133
11917,-34.3954980692877
11918,-34.3984034337519
11919,-34.4013085544467
11920,-34.4042134314132
11921,-34.4071180646921
11922,-34.4100224543244
11923,-34.412926600351
11924,-34.4158305028126
11925,-34.4187341617503
11926,-34.4216375772047
11927,-34.4245407492167
11928,-34.4274436778272
11929,-34.4303463630769
11930,-34.4332488050068
11931,-34.4361510036574
11932,-34.4390529590697
11933,-34.4419546712844
11934,-34.4448561403422
11935,-34.4477573662839
11936,-34.4506583491503
11937,-34.453559088982
11938,-34.4564595858199
11939,-34.4593598397045
11940,-34.4622598506766
11941,-34.4651596187769
11942,-34.4680591440461
11943,-34.4709584265247
11944,-34.4738574662536
11945,-34.4767562632733
11946,-34.4796548176244
11947,-34.4825531293476
11948,-34.4854511984836
11949,-34.4883490250728
11950,-34.4912466091559
11951,-34.4941439507736
11952,-34.4970410499663
11953,-34.4999379067746
11954,-34.5028345212391
11955,-34.5057308934004
11956,-34.5086270232988
11957,-34.5115229109751
11958,-34.5144185564697
11959,-34.5173139598231
11960,-34.5202091210758
11961,-34.5231040402683
11962,-34.525998717441
11963,-34.5288931526344
11964,-34.531787345889
11965,-34.5346812972453
11966,-34.5375750067435
11967,-34.5404684744243
11968,-34.5433617003279
11969,-34.5462546844948
11970,-34.5491474269653
11971,-34.55203992778
11972,-34.554932186979
11973,-34.5578242046029
11974,-34.5607159806918
11975,-34.5636075152863
11976,-34.5664988084266
11977,-34.569389860153
11978,-34.5722806705059
11979,-34.5751712395255
11980,-34.5780615672521
11981,-34.5809516537261
11982,-34.5838414989877
11983,-34.5867311030771
11984,-34.5896204660346
11985,-34.5925095879005
11986,-34.5953984687149
11987,-34.5982871085181
11988,-34.6011755073504
11989,-34.6040636652518
11990,-34.6069515822627
11991,-34.6098392584231
11992,-34.6127266937732
11993,-34.6156138883533
11994,-34.6185008422034
11995,-34.6213875553637
11996,-34.6242740278743
11997,-34.6271602597754
11998,-34.6300462511071
11999,-34.6329320019094
12000,-34.6358175122224
12001,-34.6387027820863
12002,-34.6415878115411
12003,-34.6444726006268
12004,-34.6473571493835
12005,-34.6502414578513
12006,-34.6531255260701
12007,-34.6560093540801
12008,-34.6588929419211
12009,-34.6617762896333
12010,-34.6646593972565
12011,-34.6675422648308
12012,-34.6704248923962
12013,-34.6733072799925
12014,-34.6761894276599
12015,-34.6790713354381
12016,-34.6819530033671
12017,-34.6848344314869
12018,-34.6877156198373
12019,-34.6905965684583
12020,-34.6934772773897
12021,-34.6963577466715
12022,-34.6992379763434
12023,-34.7021179664454
12024,-34.7049977170173
12025,-34.707877228099
12026,-34.7107564997302
12027,-34.7136355319508
12028,-34.7165143248007
12029,-34.7193928783195
12030,-34.7222711925471
12031,-34.7251492675233
12032,-34.7280271032879
12033,-34.7309046998805
12034,-34.7337820573411
12035,-34.7366591757092
12036,-34.7395360550247
12037,-34.7424126953272
12038,-34.7452890966565
12039,-34.7481652590522
12040,-34.7510411825541
12041,-34.7539168672019
12042,-34.7567923130351
12043,-34.7596675200936
12044,-34.7625424884168
12045,-34.7654172180446
12046,-34.7682917090164
12047,-34.771165961372
12048,-34.7740399751509
12049,-34.7769137503927
12050,-34.7797872871371
12051,-34.7826605854235
12052,-34.7855336452917
12053,-34.7884064667811
12054,-34.7912790499313
12055,-34.7941513947819
12056,-34.7970235013724
12057,-34.7998953697422
12058,-34.802766999931
12059,-34.8056383919782
12060,-34.8085095459233
12061,-34.8113804618058
12062,-34.8142511396652
12063,-34.817121579541
12064,-34.8199917814725
12065,-34.8228617454993
12066,-34.8257314716608
12067,-34.8286009599964
12068,-34.8314702105454
12069,-34.8343392233475
12070,-34.8372079984418
12071,-34.8400765358679
12072,-34.842944835665
12073,-34.8458128978726
12074,-34.84868072253
12075,-34.8515483096765
12076,-34.8544156593516
12077,-34.8572827715945
12078,-34.8601496464445
12079,-34.863016283941
12080,-34.8658826841232
12081,-34.8687488470304
12082,-34.871614772702
12083,-34.8744804611772
12084,-34.8773459124952
12085,-34.8802111266953
12086,-34.8830761038167
12087,-34.8859408438987
12088,-34.8888053469805
12089,-34.8916696131013
12090,-34.8945336423002
12091,-34.8973974346166
12092,-34.9002609900896
12093,-34.9031243087582
12094,-34.9059873906618
12095,-34.9088502358395
12096,-34.9117128443303
12097,-34.9145752161735
12098,-34.9174373514082
12099,-34.9202992500734
12100,-34.9231609122082
12101,-34.9260223378519
12102,-34.9288835270434
12103,-34.9317444798218
12104,-34.9346051962263
12105,-34.9374656762958
12106,-34.9403259200693
12107,-34.943185927586
12108,-34.9460456988849
12109,-34.9489052340049
12110,-34.9517645329852
12111,-34.9546235958646
12112,-34.9574824226821
12113,-34.9603410134769
12114,-34.9631993682877
12115,-34.9660574871536
12116,-34.9689153701135
12117,-34.9717730172064
12118,-34.9746304284712
12119,-34.9774876039468
12120,-34.9803445436721
12121,-34.983201247686
12122,-34.9860577160275
12123,-34.9889139487354
12124,-34.9917699458485
12125,-34.9946257074057
12126,-34.997481233446
12127,-35.0003365240081
12128,-35.0031915791308
12129,-35.006046398853
12130,-35.0089009832135
12131,-35.0117553322512
12132,-35.0146094460047
12133,-35.0174633245129
12134,-35.0203169678146
12135,-35.0231703759485
12136,-35.0260235489534
12137,-35.028876486868
12138,-35.0317291897311
12139,-35.0345816575814
12140,-35.0374338904576
12141,-35.0402858883985
12142,-35.0431376514427
12143,-35.0459891796289
12144,-35.0488404729958
12145,-35.051691531582
12146,-35.0545423554263
12147,-35.0573929445673
12148,-35.0602432990436
12149,-35.0630934188939
12150,-35.0659433041567
12151,-35.0687929548708
12152,-35.0716423710746
12153,-35.0744915528068
12154,-35.077340500106
12155,-35.0801892130108
12156,-35.0830376915597
12157,-35.0858859357912
12158,-35.088733945744
12159,-35.0915817214565
12160,-35.0944292629673
12161,-35.097276570315
12162,-35.1001236435379
12163,-35.1029704826747
12164,-35.1058170877637
12165,-35.1086634588436
12166,-35.1115095959527
12167,-35.1143554991295
12168,-35.1172011684125
12169,-35.1200466038401
12170,-35.1228918054508
12171,-35.1257367732829
12172,-35.1285815073749
12173,-35.1314260077652
12174,-35.1342702744922
12175,-35.1371143075942
12176,-35.1399581071097
12177,-35.142801673077
12178,-35.1456450055344
12179,-35.1484881045204
12180,-35.1513309700733
12181,-35.1541736022313
12182,-35.1570160010328
12183,-35.1598581665161
12184,-35.1627000987196
12185,-35.1655417976815
12186,-35.16838326344
12187,-35.1712244960335
12188,-35.1740654955002
12189,-35.1769062618784
12190,-35.1797467952064
12191,-35.1825870955223
12192,-35.1854271628643
12193,-35.1882669972708
12194,-35.1911065987798
12195,-35.1939459674297
12196,-35.1967851032585
12197,-35.1996240063046
12198,-35.2024626766059
12199,-35.2053011142008
12200,-35.2081393191272
12201,-35.2109772914235
12202,-35.2138150311277
12203,-35.2166525382779
12204,-35.2194898129123
12205,-35.222326855069
12206,-35.225163664786
12207,-35.2280002421014
12208,-35.2308365870533
12209,-35.2336726996798
12210,-35.236508580019
12211,-35.2393442281088
12212,-35.2421796439873
12213,-35.2450148276926
12214,-35.2478497792626
12215,-35.2506844987354
12216,-35.253518986149
12217,-35.2563532415414
12218,-35.2591872649505
12219,-35.2620210564143
12220,-35.2648546159708
12221,-35.2676879436579
12222,-35.2705210395136
12223,-35.2733539035759
12224,-35.2761865358826
12225,-35.2790189364716
12226,-35.2818511053809
12227,-35.2846830426484
12228,-35.2875147483119
12229,-35.2903462224093
12230,-35.2931774649786
12231,-35.2960084760575
12232,-35.2988392556839
12233,-35.3016698038957
12234,-35.3045001207307
12235,-35.3073302062266
12236,-35.3101600604214
12237,-35.3129896833529
12238,-35.3158190750588
12239,-35.3186482355768
12240,-35.3214771649449
12241,-35.3243058632008
12242,-35.3271343303821
12243,-35.3299625665267
12244,-35.3327905716724
12245,-35.3356183458568
12246,-35.3384458891176
12247,-35.3412732014926
12248,-35.3441002830195
12249,-35.346927133736
12250,-35.3497537536797
12251,-35.3525801428883
12252,-35.3554063013996
12253,-35.3582322292511
12254,-35.3610579264805
12255,-35.3638833931254
12256,-35.3667086292236
12257,-35.3695336348125
12258,-35.3723584099298
12259,-35.3751829546131
12260,-35.3780072689
12261,-35.3808313528281
12262,-35.383655206435
12263,-35.3864788297582
12264,-35.3893022228352
12265,-35.3921253857037
12266,-35.3949483184012
12267,-35.3977710209651
12268,-35.4005934934331
12269,-35.4034157358425
12270,-35.406237748231
12271,-35.409059530636
12272,-35.411881083095
12273,-35.4147024056454
12274,-35.4175234983248
12275,-35.4203443611706
12276,-35.4231649942202
12277,-35.4259853975111
12278,-35.4288055710807
12279,-35.4316255149664
12280,-35.4344452292056
12281,-35.4372647138357
12282,-35.4400839688942
12283,-35.4429029944183
12284,-35.4457217904456
12285,-35.4485403570132
12286,-35.4513586941587
12287,-35.4541768019193
12288,-35.4569946803323
12289,-35.4598123294352
12290,-35.4626297492652
12291,-35.4654469398596
12292,-35.4682639012557
12293,-35.4710806334908
12294,-35.4738971366023
12295,-35.4767134106273
12296,-35.4795294556031
12297,-35.482345271567
12298,-35.4851608585563
12299,-35.4879762166081
12300,-35.4907913457597
12301,-35.4936062460484
12302,-35.4964209175112
12303,-35.4992353601855
12304,-35.5020495741084
12305,-35.5048635593171
12306,-35.5076773158488
12307,-35.5104908437406
12308,-35.5133041430297
12309,-35.5161172137532
12310,-35.5189300559483
12311,-35.521742669652
12312,-35.5245550549016
12313,-35.5273672117342
12314,-35.5301791401867
12315,-35.5329908402963
12316,-35.5358023121002
12317,-35.5386135556353
12318,-35.5414245709388
12319,-35.5442353580476
12320,-35.5470459169989
12321,-35.5498562478297
12322,-35.5526663505769
12323,-35.5554762252777
12324,-35.558285871969
12325,-35.5610952906879
12326,-35.5639044814712
12327,-35.5667134443561
12328,-35.5695221793794
12329,-35.5723306865782
12330,-35.5751389659894
12331,-35.57794701765
12332,-35.5807548415968
12333,-35.5835624378668
12334,-35.586369806497
12335,-35.5891769475242
12336,-35.5919838609854
12337,-35.5947905469174
12338,-35.5975970053572
12339,-35.6004032363415
12340,-35.6032092399073
12341,-35.6060150160914
12342,-35.6088205649308
12343,-35.6116258864621
12344,-35.6144309807222
12345,-35.617235847748
12346,-35.6200404875763
12347,-35.6228449002439
12348,-35.6256490857876
12349,-35.6284530442441
12350,-35.6312567756502
12351,-35.6340602800428
12352,-35.6368635574585
12353,-35.6396666079341
12354,-35.6424694315064
12355,-35.6452720282121
12356,-35.6480743980879
12357,-35.6508765411705
12358,-35.6536784574966
12359,-35.656480147103
12360,-35.6592816100263
12361,-35.6620828463031
12362,-35.6648838559703
12363,-35.6676846390643
12364,-35.6704851956219
12365,-35.6732855256798
12366,-35.6760856292745
12367,-35.6788855064427
12368,-35.6816851572209
12369,-35.6844845816459
12370,-35.6872837797542
12371,-35.6900827515823
12372,-35.6928814971669
12373,-35.6956800165446
12374,-35.6984783097519
12375,-35.7012763768253
12376,-35.7040742178014
12377,-35.7068718327168
12378,-35.709669221608
12379,-35.7124663845114
12380,-35.7152633214636
12381,-35.7180600325012
12382,-35.7208565176605
12383,-35.7236527769781
12384,-35.7264488104904
12385,-35.729244618234
12386,-35.7320402002452
12387,-35.7348355565606
12388,-35.7376306872165
12389,-35.7404255922494
12390,-35.7432202716957
12391,-35.7460147255919
12392,-35.7488089539742
12393,-35.7516029568792
12394,-35.7543967343432
12395,-35.7571902864026
12396,-35.7599836130938
12397,-35.762776714453
12398,-35.7655695905168
12399,-35.7683622413213
12400,-35.771154666903
12401,-35.7739468672981
12402,-35.7767388425431
12403,-35.7795305926741
12404,-35.7823221177275
12405,-35.7851134177396
12406,-35.7879044927467
12407,-35.790695342785
12408,-35.7934859678908
12409,-35.7962763681003
12410,-35.7990665434498
12411,-35.8018564939756
12412,-35.8046462197138
12413,-35.8074357207008
12414,-35.8102249969726
12415,-35.8130140485655
12416,-35.8158028755157
12417,-35.8185914778593
12418,-35.8213798556326
12419,-35.8241680088717
12420,-35.8269559376128
12421,-35.8297436418921
12422,-35.8325311217455
12423,-35.8353183772094
12424,-35.8381054083198
12425,-35.8408922151128
12426,-35.8436787976246
12427,-35.8464651558912
12428,-35.8492512899488
12429,-35.8520371998333
12430,-35.8548228855809
12431,-35.8576083472277
12432,-35.8603935848096
12433,-35.8631785983628
12434,-35.8659633879233
12435,-35.868747953527
12436,-35.8715322952101
12437,-35.8743164130085
12438,-35.8771003069583
12439,-35.8798839770954
12440,-35.8826674234557
12441,-35.8854506460754
12442,-35.8882336449903
12443,-35.8910164202365
12444,-35.8937989718498
12445,-35.8965812998661
12446,-35.8993634043216
12447,-35.9021452852519
12448,-35.9049269426932
12449,-35.9077083766812
12450,-35.9104895872519
12451,-35.9132705744412
12452,-35.9160513382849
12453,-35.9188318788189
12454,-35.9216121960791
12455,-35.9243922901014
12456,-35.9271721609215
12457,-35.9299518085753
12458,-35.9327312330987
12459,-35.9355104345274
12460,-35.9382894128973
12461,-35.9410681682442
12462,-35.9438467006039
12463,-35.9466250100121
12464,-35.9494030965046
12465,-35.9521809601173
12466,-35.9549586008858
12467,-35.9577360188459
12468,-35.9605132140334
12469,-35.963290186484
12470,-35.9660669362334
12471,-35.9688434633173
12472,-35.9716197677714
12473,-35.9743958496315
12474,-35.9771717089332
12475,-35.9799473457122
12476,-35.9827227600042
12477,-35.9854979518449
12478,-35.9882729212698
12479,-35.9910476683147
12480,-35.9938221930152
12481,-35.996596495407
12482,-35.9993705755255
12483,-36.0021444334065
12484,-36.0049180690856
12485,-36.0076914825984
12486,-36.0104646739804
12487,-36.0132376432672
12488,-36.0160103904944
12489,-36.0187829156976
12490,-36.0215552189123
12491,-36.024327300174
12492,-36.0270991595183
12493,-36.0298707969808
12494,-36.0326422125969
12495,-36.0354134064022
12496,-36.0381843784321
12497,-36.0409551287222
12498,-36.0437256573079
12499,-36.0464959642247
12500,-36.0492660495081
12501,-36.0520359131935
12502,-36.0548055553164
12503,-36.0575749759123
12504,-36.0603441750165
12505,-36.0631131526646
12506,-36.0658819088918
12507,-36.0686504437337
12508,-36.0714187572256
12509,-36.0741868494029
12510,-36.076954720301
12511,-36.0797223699552
12512,-36.082489798401
12513,-36.0852570056737
12514,-36.0880239918087
12515,-36.0907907568413
12516,-36.0935573008067
12517,-36.0963236237404
12518,-36.0990897256777
12519,-36.1018556066538
12520,-36.1046212667041
12521,-36.1073867058639
12522,-36.1101519241684
12523,-36.1129169216529
12524,-36.1156816983527
12525,-36.118446254303
12526,-36.1212105895391
12527,-36.1239747040962
12528,-36.1267385980096
12529,-36.1295022713144
12530,-36.1322657240459
12531,-36.1350289562394
12532,-36.1377919679299
12533,-36.1405547591527
12534,-36.1433173299429
12535,-36.1460796803358
12536,-36.1488418103665
12537,-36.1516037200702
12538,-36.1543654094819
12539,-36.1571268786369
12540,-36.1598881275702
12541,-36.1626491563171
12542,-36.1654099649125
12543,-36.1681705533916
12544,-36.1709309217896
12545,-36.1736910701414
12546,-36.1764509984822
12547,-36.1792107068471
12548,-36.1819701952711
12549,-36.1847294637892
12550,-36.1874885124365
12551,-36.1902473412481
12552,-36.1930059502589
12553,-36.1957643395041
12554,-36.1985225090185
12555,-36.2012804588373
12556,-36.2040381889953
12557,-36.2067956995277
12558,-36.2095529904694
12559,-36.2123100618552
12560,-36.2150669137203
12561,-36.2178235460996
12562,-36.2205799590279
12563,-36.2233361525404
12564,-36.2260921266717
12565,-36.228847881457
12566,-36.2316034169311
12567,-36.2343587331289
12568,-36.2371138300853
12569,-36.2398687078352
12570,-36.2426233664135
12571,-36.245377805855
12572,-36.2481320261946
12573,-36.2508860274672
12574,-36.2536398097076
12575,-36.2563933729506
12576,-36.2591467172311
12577,-36.2618998425839
12578,-36.2646527490439
12579,-36.2674054366457
12580,-36.2701579054242
12581,-36.2729101554143
12582,-36.2756621866506
12583,-36.2784139991679
12584,-36.2811655930011
12585,-36.2839169681848
12586,-36.2866681247538
12587,-36.2894190627429
12588,-36.2921697821868
12589,-36.2949202831201
12590,-36.2976705655777
12591,-36.3004206295942
12592,-36.3031704752043
12593,-36.3059201024427
12594,-36.308669511344
12595,-36.3114187019431
12596,-36.3141676742744
12597,-36.3169164283727
12598,-36.3196649642727
12599,-36.3224132820089
12600,-36.325161381616
12601,-36.3279092631286
12602,-36.3306569265813
12603,-36.3334043720088
12604,-36.3361515994455
12605,-36.3388986089262
12606,-36.3416454004854
12607,-36.3443919741577
12608,-36.3471383299776
12609,-36.3498844679797
12610,-36.3526303881986
12611,-36.3553760906687
12612,-36.3581215754246
12613,-36.3608668425009
12614,-36.363611891932
12615,-36.3663567237525
12616,-36.3691013379968
12617,-36.3718457346995
12618,-36.374589913895
12619,-36.3773338756179
12620,-36.3800776199025
12621,-36.3828211467833
12622,-36.3855644562948
12623,-36.3883075484714
12624,-36.3910504233476
12625,-36.3937930809577
12626,-36.3965355213363
12627,-36.3992777445177
12628,-36.4020197505362
12629,-36.4047615394264
12630,-36.4075031112225
12631,-36.410244465959
12632,-36.4129856036703
12633,-36.4157265243906
12634,-36.4184672281543
12635,-36.4212077149959
12636,-36.4239479849495
12637,-36.4266880380496
12638,-36.4294278743305
12639,-36.4321674938264
12640,-36.4349068965718
12641,-36.4376460826007
12642,-36.4403850519477
12643,-36.4431238046469
12644,-36.4458623407325
12645,-36.448600660239
12646,-36.4513387632005
12647,-36.4540766496512
12648,-36.4568143196255
12649,-36.4595517731575
12650,-36.4622890102814
12651,-36.4650260310315
12652,-36.467762835442
12653,-36.4704994235471
12654,-36.4732357953809
12655,-36.4759719509777
12656,-36.4787078903716
12657,-36.4814436135968
12658,-36.4841791206874
12659,-36.4869144116776
12660,-36.4896494866015
12661,-36.4923843454932
12662,-36.495118988387
12663,-36.4978534153169
12664,-36.5005876263169
12665,-36.5033216214213
12666,-36.5060554006641
12667,-36.5087889640793
12668,-36.5115223117011
12669,-36.5142554435636
12670,-36.5169883597007
12671,-36.5197210601466
12672,-36.5224535449352
12673,-36.5251858141007
12674,-36.527917867677
12675,-36.5306497056982
12676,-36.5333813281982
12677,-36.5361127352111
12678,-36.5388439267709
12679,-36.5415749029116
12680,-36.5443056636671
12681,-36.5470362090714
12682,-36.5497665391584
12683,-36.5524966539622
12684,-36.5552265535167
12685,-36.5579562378558
12686,-36.5606857070135
12687,-36.5634149610236
12688,-36.5661439999201
12689,-36.5688728237369
12690,-36.5716014325078
12691,-36.5743298262669
12692,-36.5770580050479
12693,-36.5797859688847
12694,-36.5825137178113
12695,-36.5852412518614
12696,-36.587968571069
12697,-36.5906956754677
12698,-36.5934225650916
12699,-36.5961492399744
12700,-36.59887570015
12701,-36.601601945652
12702,-36.6043279765145
12703,-36.6070537927711
12704,-36.6097793944556
12705,-36.6125047816018
12706,-36.6152299542435
12707,-36.6179549124145
12708,-36.6206796561484
12709,-36.6234041854791
12710,-36.6261285004403
12711,-36.6288526010657
12712,-36.631576487389
12713,-36.634300159444
12714,-36.6370236172644
12715,-36.6397468608838
12716,-36.642469890336
12717,-36.6451927056546
12718,-36.6479153068734
12719,-36.6506376940259
12720,-36.6533598671458
12721,-36.6560818262668
12722,-36.6588035714226
12723,-36.6615251026468
12724,-36.6642464199729
12725,-36.6669675234347
12726,-36.6696884130657
12727,-36.6724090888995
12728,-36.6751295509697
12729,-36.67784979931
12730,-36.6805698339539
12731,-36.6832896549349
12732,-36.6860092622867
12733,-36.6887286560428
12734,-36.6914478362367
12735,-36.6941668029019
12736,-36.6968855560722
12737,-36.6996040957808
12738,-36.7023224220614
12739,-36.7050405349475
12740,-36.7077584344725
12741,-36.71047612067
12742,-36.7131935935734
12743,-36.7159108532163
12744,-36.718627899632
12745,-36.7213447328541
12746,-36.724061352916
12747,-36.7267777598512
12748,-36.7294939536931
12749,-36.732209934475
12750,-36.7349257022306
12751,-36.7376412569931
12752,-36.7403565987959
12753,-36.7430717276725
12754,-36.7457866436563
12755,-36.7485013467806
12756,-36.7512158370788
12757,-36.7539301145844
12758,-36.7566441793305
12759,-36.7593580313507
12760,-36.7620716706781
12761,-36.7647850973463
12762,-36.7674983113885
12763,-36.770211312838
12764,-36.7729241017281
12765,-36.7756366780921
12766,-36.7783490419634
12767,-36.7810611933753
12768,-36.7837731323609
12769,-36.7864848589536
12770,-36.7891963731867
12771,-36.7919076750933
12772,-36.7946187647068
12773,-36.7973296420604
12774,-36.8000403071874
12775,-36.8027507601209
12776,-36.8054610008942
12777,-36.8081710295404
12778,-36.8108808460929
12779,-36.8135904505847
12780,-36.8162998430492
12781,-36.8190090235193
12782,-36.8217179920284
12783,-36.8244267486096
12784,-36.827135293296
12785,-36.8298436261209
12786,-36.8325517471172
12787,-36.8352596563182
12788,-36.8379673537571
12789,-36.8406748394668
12790,-36.8433821134806
12791,-36.8460891758315
12792,-36.8487960265525
12793,-36.851502665677
12794,-36.8542090932378
12795,-36.856915309268
12796,-36.8596213138008
12797,-36.8623271068691
12798,-36.865032688506
12799,-36.8677380587447
12800,-36.870443217618
12801,-36.873148165159
12802,-36.8758529014008
12803,-36.8785574263763
12804,-36.8812617401185
12805,-36.8839658426605
12806,-36.8866697340352
12807,-36.8893734142757
12808,-36.8920768834148
12809,-36.8947801414855
12810,-36.8974831885208
12811,-36.9001860245537
12812,-36.902888649617
12813,-36.9055910637437
12814,-36.9082932669668
12815,-36.9109952593191
12816,-36.9136970408336
12817,-36.9163986115432
12818,-36.9190999714807
12819,-36.921801120679
12820,-36.9245020591711
12821,-36.9272027869897
12822,-36.9299033041678
12823,-36.9326036107382
12824,-36.9353037067337
12825,-36.9380035921873
12826,-36.9407032671316
12827,-36.9434027315996
12828,-36.9461019856241
12829,-36.9488010292379
12830,-36.9514998624737
12831,-36.9541984853643
12832,-36.9568968979427
12833,-36.9595951002414
12834,-36.9622930922934
12835,-36.9649908741313
12836,-36.967688445788
12837,-36.9703858072961
12838,-36.9730829586884
12839,-36.9757798999976
12840,-36.9784766312566
12841,-36.9811731524978
12842,-36.9838694637542
12843,-36.9865655650584
12844,-36.9892614564431
12845,-36.9919571379409
12846,-36.9946526095846
12847,-36.9973478714068
12848,-37.0000429234401
12849,-37.0027377657174
12850,-37.0054323982711
12851,-37.0081268211339
12852,-37.0108210343385
12853,-37.0135150379175
12854,-37.0162088319034
12855,-37.018902416329
12856,-37.0215957912268
12857,-37.0242889566295
12858,-37.0269819125695
12859,-37.0296746590795
12860,-37.032367196192
12861,-37.0350595239397
12862,-37.037751642355
12863,-37.0404435514706
12864,-37.0431352513189
12865,-37.0458267419325
12866,-37.0485180233439
12867,-37.0512090955857
12868,-37.0538999586903
12869,-37.0565906126903
12870,-37.0592810576181
12871,-37.0619712935063
12872,-37.0646613203873
12873,-37.0673511382936
12874,-37.0700407472576
12875,-37.0727301473119
12876,-37.0754193384889
12877,-37.0781083208209
12878,-37.0807970943405
12879,-37.0834856590801
12880,-37.0861740150721
12881,-37.0888621623489
12882,-37.0915501009429
12883,-37.0942378308865
12884,-37.0969253522121
12885,-37.0996126649522
12886,-37.1022997691389
12887,-37.1049866648048
12888,-37.1076733519822
12889,-37.1103598307035
12890,-37.1130461010009
12891,-37.1157321629069
12892,-37.1184180164537
12893,-37.1211036616737
12894,-37.1237890985991
12895,-37.1264743272624
12896,-37.1291593476958
12897,-37.1318441599316
12898,-37.134528764002
12899,-37.1372131599394
12900,-37.1398973477761
12901,-37.1425813275442
12902,-37.1452650992761
12903,-37.1479486630039
12904,-37.15063201876
12905,-37.1533151665766
12906,-37.1559981064858
12907,-37.1586808385199
12908,-37.1613633627112
12909,-37.1640456790918
12910,-37.1667277876939
12911,-37.1694096885496
12912,-37.1720913816913
12913,-37.174772867151
12914,-37.177454144961
12915,-37.1801352151533
12916,-37.1828160777601
12917,-37.1854967328136
12918,-37.1881771803459
12919,-37.1908574203892
12920,-37.1935374529755
12921,-37.1962172781369
12922,-37.1988968959057
12923,-37.2015763063138
12924,-37.2042555093933
12925,-37.2069345051764
12926,-37.2096132936951
12927,-37.2122918749815
12928,-37.2149702490677
12929,-37.2176484159856
12930,-37.2203263757674
12931,-37.2230041284451
12932,-37.2256816740506
12933,-37.2283590126162
12934,-37.2310361441736
12935,-37.2337130687551
12936,-37.2363897863925
12937,-37.2390662971178
12938,-37.2417426009631
12939,-37.2444186979603
12940,-37.2470945881415
12941,-37.2497702715384
12942,-37.2524457481832
12943,-37.2551210181078
12944,-37.2577960813441
12945,-37.260470937924
12946,-37.2631455878794
12947,-37.2658200312424
12948,-37.2684942680447
12949,-37.2711682983184
12950,-37.2738421220953
12951,-37.2765157394072
12952,-37.2791891502862
12953,-37.281862354764
12954,-37.2845353528725
12955,-37.2872081446435
12956,-37.2898807301091
12957,-37.2925531093009
12958,-37.2952252822508
12959,-37.2978972489906
12960,-37.3005690095523
12961,-37.3032405639675
12962,-37.3059119122681
12963,-37.3085830544859
12964,-37.3112539906528
12965,-37.3139247208004
12966,-37.3165952449605
12967,-37.319265563165
12968,-37.3219356754456
12969,-37.324605581834
12970,-37.3272752823621
12971,-37.3299447770615
12972,-37.3326140659639
12973,-37.3352831491012
12974,-37.3379520265051
12975,-37.3406206982071
12976,-37.3432891642391
12977,-37.3459574246328
12978,-37.3486254794198
12979,-37.3512933286319
12980,-37.3539609723006
12981,-37.3566284104577
12982,-37.3592956431349
12983,-37.3619626703637
12984,-37.3646294921759
12985,-37.3672961086031
12986,-37.3699625196768
12987,-37.3726287254288
12988,-37.3752947258907
12989,-37.377960521094
12990,-37.3806261110704
12991,-37.3832914958515
12992,-37.3859566754688
12993,-37.388621649954
12994,-37.3912864193385
12995,-37.3939509836541
12996,-37.3966153429322
12997,-37.3992794972044
12998,-37.4019434465022
12999,-37.4046071908572
13000,-37.4072707303009
13001,-37.4099340648648
13002,-37.4125971945805
13003,-37.4152601194794
13004,-37.4179228395931
13005,-37.4205853549531
13006,-37.4232476655908
13007,-37.4259097715377
13008,-37.4285716728252
13009,-37.431233369485
13010,-37.4338948615484
13011,-37.4365561490468
13012,-37.4392172320118
13013,-37.4418781104746
13014,-37.4445387844669
13015,-37.44719925402
13016,-37.4498595191653
13017,-37.4525195799341
13018,-37.4551794363581
13019,-37.4578390884684
13020,-37.4604985362965
13021,-37.4631577798738
13022,-37.4658168192317
13023,-37.4684756544015
13024,-37.4711342854145
13025,-37.4737927123022
13026,-37.4764509350958
13027,-37.4791089538267
13028,-37.4817667685263
13029,-37.4844243792258
13030,-37.4870817859565
13031,-37.4897389887498
13032,-37.492395987637
13033,-37.4950527826494
13034,-37.4977093738181
13035,-37.5003657611746
13036,-37.5030219447501
13037,-37.5056779245759
13038,-37.5083337006831
13039,-37.5109892731031
13040,-37.5136446418671
13041,-37.5162998070064
13042,-37.5189547685521
13043,-37.5216095265355
13044,-37.5242640809877
13045,-37.5269184319401
13046,-37.5295725794238
13047,-37.53222652347
13048,-37.5348802641098
13049,-37.5375338013745
13050,-37.5401871352952
13051,-37.5428402659031
13052,-37.5454931932293
13053,-37.548145917305
13054,-37.5507984381614
13055,-37.5534507558295
13056,-37.5561028703405
13057,-37.5587547817255
13058,-37.5614064900156
13059,-37.564057995242
13060,-37.5667092974356
13061,-37.5693603966277
13062,-37.5720112928493
13063,-37.5746619861315
13064,-37.5773124765053
13065,-37.5799627640018
13066,-37.5826128486521
13067,-37.5852627304872
13068,-37.5879124095381
13069,-37.5905618858359
13070,-37.5932111594117
13071,-37.5958602302964
13072,-37.598509098521
13073,-37.6011577641166
13074,-37.6038062271141
13075,-37.6064544875446
13076,-37.609102545439
13077,-37.6117504008283
13078,-37.6143980537434
13079,-37.6170455042155
13080,-37.6196927522753
13081,-37.6223397979538
13082,-37.624986641282
13083,-37.6276332822909
13084,-37.6302797210113
13085,-37.6329259574741
13086,-37.6355719917103
13087,-37.6382178237509
13088,-37.6408634536266
13089,-37.6435088813683
13090,-37.6461541070071
13091,-37.6487991305736
13092,-37.6514439520989
13093,-37.6540885716138
13094,-37.656732989149
13095,-37.6593772047356
13096,-37.6620212184043
13097,-37.6646650301859
13098,-37.6673086401113
13099,-37.6699520482113
13100,-37.6725952545168
13101,-37.6752382590585
13102,-37.6778810618672
13103,-37.6805236629737
13104,-37.6831660624088
13105,-37.6858082602033
13106,-37.688450256388
13107,-37.6910920509936
13108,-37.6937336440508
13109,-37.6963750355905
13110,-37.6990162256434
13111,-37.7016572142402
13112,-37.7042980014116
13113,-37.7069385871884
13114,-37.7095789716013
13115,-37.7122191546809
13116,-37.714859136458
13117,-37.7174989169634
13118,-37.7201384962276
13119,-37.7227778742813
13120,-37.7254170511553
13121,-37.7280560268802
13122,-37.7306948014866
13123,-37.7333333750052
13124,-37.7359717474667
13125,-37.7386099189016
13126,-37.7412478893407
13127,-37.7438856588145
13128,-37.7465232273537
13129,-37.7491605949888
13130,-37.7517977617506
13131,-37.7544347276695
13132,-37.7570714927761
13133,-37.7597080571011
13134,-37.762344420675
13135,-37.7649805835284
13136,-37.7676165456919
13137,-37.770252307196
13138,-37.7728878680712
13139,-37.7755232283481
13140,-37.7781583880572
13141,-37.7807933472291
13142,-37.7834281058942
13143,-37.7860626640831
13144,-37.7886970218264
13145,-37.7913311791544
13146,-37.7939651360977
13147,-37.7965988926867
13148,-37.799232448952
13149,-37.801865804924
13150,-37.8044989606332
13151,-37.8071319161101
13152,-37.809764671385
13153,-37.8123972264884
13154,-37.8150295814508
13155,-37.8176617363026
13156,-37.8202936910742
13157,-37.8229254457961
13158,-37.8255570004986
13159,-37.8281883552121
13160,-37.8308195099671
13161,-37.8334504647939
13162,-37.8360812197229
13163,-37.8387117747844
13164,-37.841342130009
13165,-37.8439722854268
13166,-37.8466022410683
13167,-37.8492319969638
13168,-37.8518615531436
13169,-37.8544909096381
13170,-37.8571200664776
13171,-37.8597490236925
13172,-37.8623777813129
13173,-37.8650063393693
13174,-37.867634697892
13175,-37.8702628569111
13176,-37.8728908164571
13177,-37.8755185765602
13178,-37.8781461372506
13179,-37.8807734985586
13180,-37.8834006605145
13181,-37.8860276231486
13182,-37.888654386491
13183,-37.891280950572
13184,-37.8939073154218
13185,-37.8965334810707
13186,-37.8991594475489
13187,-37.9017852148865
13188,-37.9044107831139
13189,-37.9070361522611
13190,-37.9096613223584
13191,-37.9122862934359
13192,-37.9149110655238
13193,-37.9175356386523
13194,-37.9201600128516
13195,-37.9227841881517
13196,-37.9254081645829
13197,-37.9280319421753
13198,-37.930655520959
13199,-37.9332789009642
13200,-37.9359020822209
13201,-37.9385250647592
13202,-37.9411478486094
13203,-37.9437704338014
13204,-37.9463928203654
13205,-37.9490150083315
13206,-37.9516369977297
13207,-37.9542587885901
13208,-37.9568803809428
13209,-37.9595017748178
13210,-37.9621229702451
13211,-37.9647439672549
13212,-37.9673647658772
13213,-37.9699853661419
13214,-37.9726057680792
13215,-37.975225971719
13216,-37.9778459770913
13217,-37.9804657842261
13218,-37.9830853931535
13219,-37.9857048039034
13220,-37.9883240165059
13221,-37.9909430309908
13222,-37.9935618473882
13223,-37.996180465728
13224,-37.9987988860401
13225,-38.0014171083546
13226,-38.0040351327013
13227,-38.0066529591103
13228,-38.0092705876113
13229,-38.0118880182345
13230,-38.0145052510095
13231,-38.0171222859665
13232,-38.0197391231352
13233,-38.0223557625456
13234,-38.0249722042275
13235,-38.0275884482108
13236,-38.0302044945255
13237,-38.0328203432014
13238,-38.0354359942682
13239,-38.038051447756
13240,-38.0406667036945
13241,-38.0432817621136
13242,-38.0458966230431
13243,-38.0485112865128
13244,-38.0511257525526
13245,-38.0537400211922
13246,-38.0563540924615
13247,-38.0589679663903
13248,-38.0615816430084
13249,-38.0641951223455
13250,-38.0668084044315
13251,-38.069421489296
13252,-38.0720343769689
13253,-38.07464706748
13254,-38.0772595608589
13255,-38.0798718571355
13256,-38.0824839563394
13257,-38.0850958585005
13258,-38.0877075636483
13259,-38.0903190718127
13260,-38.0929303830234
13261,-38.09554149731
13262,-38.0981524147023
13263,-38.1007631352299
13264,-38.1033736589226
13265,-38.10598398581
13266,-38.1085941159218
13267,-38.1112040492876
13268,-38.1138137859371
13269,-38.1164233259
13270,-38.1190326692059
13271,-38.1216418158845
13272,-38.1242507659653
13273,-38.126859519478
13274,-38.1294680764523
13275,-38.1320764369177
13276,-38.1346846009038
13277,-38.1372925684402
13278,-38.1399003395566
13279,-38.1425079142825
13280,-38.1451152926475
13281,-38.1477224746811
13282,-38.150329460413
13283,-38.1529362498726
13284,-38.1555428430896
13285,-38.1581492400934
13286,-38.1607554409137
13287,-38.1633614455799
13288,-38.1659672541216
13289,-38.1685728665683
13290,-38.1711782829495
13291,-38.1737835032947
13292,-38.1763885276333
13293,-38.178993355995
13294,-38.1815979884092
13295,-38.1842024249053
13296,-38.1868066655128
13297,-38.1894107102613
13298,-38.1920145591801
13299,-38.1946182122987
13300,-38.1972216696465
13301,-38.1998249312531
13302,-38.2024279971477
13303,-38.2050308673599
13304,-38.207633541919
13305,-38.2102360208546
13306,-38.2128383041959
13307,-38.2154403919723
13308,-38.2180422842134
13309,-38.2206439809484
13310,-38.2232454822067
13311,-38.2258467880177
13312,-38.2284478984108
13313,-38.2310488134153
13314,-38.2336495330606
13315,-38.236250057376
13316,-38.2388503863909
13317,-38.2414505201346
13318,-38.2440504586364
13319,-38.2466502019256
13320,-38.2492497500316
13321,-38.2518491029836
13322,-38.254448260811
13323,-38.257047223543
13324,-38.259645991209
13325,-38.2622445638382
13326,-38.2648429414599
13327,-38.2674411241033
13328,-38.2700391117977
13329,-38.2726369045724
13330,-38.2752345024566
13331,-38.2778319054796
13332,-38.2804291136706
13333,-38.2830261270587
13334,-38.2856229456733
13335,-38.2882195695435
13336,-38.2908159986986
13337,-38.2934122331677
13338,-38.2960082729801
13339,-38.2986041181649
13340,-38.3011997687513
13341,-38.3037952247685
13342,-38.3063904862457
13343,-38.308985553212
13344,-38.3115804256965
13345,-38.3141751037285
13346,-38.316769587337
13347,-38.3193638765512
13348,-38.3219579714003
13349,-38.3245518719132
13350,-38.3271455781193
13351,-38.3297390900475
13352,-38.332332407727
13353,-38.3349255311868
13354,-38.3375184604561
13355,-38.3401111955639
13356,-38.3427037365394
13357,-38.3452960834115
13358,-38.3478882362094
13359,-38.350480194962
13360,-38.3530719596985
13361,-38.3556635304479
13362,-38.3582549072393
13363,-38.3608460901016
13364,-38.3634370790639
13365,-38.3660278741552
13366,-38.3686184754045
13367,-38.3712088828408
13368,-38.3737990964931
13369,-38.3763891163904
13370,-38.3789789425617
13371,-38.381568575036
13372,-38.3841580138423
13373,-38.3867472590094
13374,-38.3893363105664
13375,-38.3919251685422
13376,-38.3945138329658
13377,-38.397102303866
13378,-38.3996905812719
13379,-38.4022786652124
13380,-38.4048665557163
13381,-38.4074542528127
13382,-38.4100417565303
13383,-38.4126290668981
13384,-38.415216183945
13385,-38.4178031077
13386,-38.4203898381917
13387,-38.4229763754492
13388,-38.4255627195013
13389,-38.4281488703769
13390,-38.4307348281047
13391,-38.4333205927138
13392,-38.4359061642328
13393,-38.4384915426907
13394,-38.4410767281163
13395,-38.4436617205384
13396,-38.4462465199858
13397,-38.4488311264873
13398,-38.4514155400717
13399,-38.4539997607679
13400,-38.4565837886045
13401,-38.4591676236105
13402,-38.4617512658145
13403,-38.4643347152454
13404,-38.4669179719319
13405,-38.4695010359028
13406,-38.4720839071867
13407,-38.4746665858126
13408,-38.477249071809
13409,-38.4798313652048
13410,-38.4824134660287
13411,-38.4849953743093
13412,-38.4875770900754
13413,-38.4901586133557
13414,-38.492739944179
13415,-38.4953210825738
13416,-38.4979020285689
13417,-38.500482782193
13418,-38.5030633434747
13419,-38.5056437124427
13420,-38.5082238891257
13421,-38.5108038735523
13422,-38.5133836657512
13423,-38.515963265751
13424,-38.5185426735803
13425,-38.5211218892679
13426,-38.5237009128422
13427,-38.526279744332
13428,-38.5288583837658
13429,-38.5314368311722
13430,-38.5340150865799
13431,-38.5365931500174
13432,-38.5391710215133
13433,-38.5417487010962
13434,-38.5443261887947
13435,-38.5469034846373
13436,-38.5494805886525
13437,-38.5520575008691
13438,-38.5546342213154
13439,-38.55721075002
13440,-38.5597870870115
13441,-38.5623632323184
13442,-38.5649391859692
13443,-38.5675149479925
13444,-38.5700905184166
13445,-38.5726658972702
13446,-38.5752410845818
13447,-38.5778160803797
13448,-38.5803908846926
13449,-38.5829654975489
13450,-38.585539918977
13451,-38.5881141490054
13452,-38.5906881876626
13453,-38.593262034977
13454,-38.5958356909771
13455,-38.5984091556913
13456,-38.600982429148
13457,-38.6035555113758
13458,-38.6061284024029
13459,-38.6087011022578
13460,-38.6112736109689
13461,-38.6138459285646
13462,-38.6164180550733
13463,-38.6189899905235
13464,-38.6215617349434
13465,-38.6241332883614
13466,-38.626704650806
13467,-38.6292758223054
13468,-38.6318468028881
13469,-38.6344175925824
13470,-38.6369881914166
13471,-38.639558599419
13472,-38.6421288166181
13473,-38.6446988430421
13474,-38.6472686787193
13475,-38.6498383236781
13476,-38.6524077779468
13477,-38.6549770415536
13478,-38.6575461145268
13479,-38.6601149968948
13480,-38.6626836886859
13481,-38.6652521899282
13482,-38.6678205006501
13483,-38.6703886208798
13484,-38.6729565506456
13485,-38.6755242899758
13486,-38.6780918388985
13487,-38.680659197442
13488,-38.6832263656346
13489,-38.6857933435044
13490,-38.6883601310797
13491,-38.6909267283887
13492,-38.6934931354596
13493,-38.6960593523206
13494,-38.6986253789999
13495,-38.7011912155257
13496,-38.7037568619262
13497,-38.7063223182294
13498,-38.7088875844637
13499,-38.7114526606572
13500,-38.7140175468379
13501,-38.7165822430341
13502,-38.719146749274
13503,-38.7217110655856
13504,-38.724275191997
13505,-38.7268391285365
13506,-38.7294028752321
13507,-38.7319664321119
13508,-38.734529799204
13509,-38.7370929765366
13510,-38.7396559641377
13511,-38.7422187620354
13512,-38.7447813702578
13513,-38.747343788833
13514,-38.749906017789
13515,-38.752468057154
13516,-38.7550299069558
13517,-38.7575915672227
13518,-38.7601530379826
13519,-38.7627143192636
13520,-38.7652754110937
13521,-38.767836313501
13522,-38.7703970265133
13523,-38.7729575501589
13524,-38.7755178844656
13525,-38.7780780294615
13526,-38.7806379851746
13527,-38.7831977516328
13528,-38.7857573288642
13529,-38.7883167168966
13530,-38.7908759157582
13531,-38.7934349254767
13532,-38.7959937460803
13533,-38.7985523775968
13534,-38.8011108200542
13535,-38.8036690734804
13536,-38.8062271379034
13537,-38.808785013351
13538,-38.8113426998513
13539,-38.813900197432
13540,-38.8164575061212
13541,-38.8190146259467
13542,-38.8215715569364
13543,-38.8241282991182
13544,-38.82668485252
13545,-38.8292412171696
13546,-38.831797393095
13547,-38.834353380324
13548,-38.8369091788844
13549,-38.8394647888041
13550,-38.8420202101109
13551,-38.8445754428327
13552,-38.8471304869974
13553,-38.8496853426326
13554,-38.8522400097664
13555,-38.8547944884264
13556,-38.8573487786404
13557,-38.8599028804364
13558,-38.8624567938421
13559,-38.8650105188852
13560,-38.8675640555935
13561,-38.8701174039949
13562,-38.8726705641171
13563,-38.8752235359879
13564,-38.8777763196349
13565,-38.8803289150861
13566,-38.882881322369
13567,-38.8854335415116
13568,-38.8879855725414
13569,-38.8905374154862
13570,-38.8930890703738
13571,-38.8956405372318
13572,-38.898191816088
13573,-38.9007429069701
13574,-38.9032938099057
13575,-38.9058445249227
13576,-38.9083950520485
13577,-38.910945391311
13578,-38.9134955427377
13579,-38.9160455063565
13580,-38.9185952821948
13581,-38.9211448702805
13582,-38.9236942706411
13583,-38.9262434833042
13584,-38.9287925082975
13585,-38.9313413456487
13586,-38.9338899953853
13587,-38.936438457535
13588,-38.9389867321254
13589,-38.9415348191841
13590,-38.9440827187387
13591,-38.9466304308167
13592,-38.9491779554459
13593,-38.9517252926537
13594,-38.9542724424677
13595,-38.9568194049155
13596,-38.9593661800247
13597,-38.9619127678228
13598,-38.9644591683374
13599,-38.967005381596
13600,-38.9695514076261
13601,-38.9720972464554
13602,-38.9746428981112
13603,-38.9771883626212
13604,-38.9797336400128
13605,-38.9822787303136
13606,-38.984823633551
13607,-38.9873683497526
13608,-38.9899128789458
13609,-38.9924572211582
13610,-38.9950013764172
13611,-38.9975453447502
13612,-39.0000891261848
13613,-39.0026327207484
13614,-39.0051761284684
13615,-39.0077193493724
13616,-39.0102623834877
13617,-39.0128052308418
13618,-39.0153478914621
13619,-39.017890365376
13620,-39.020432652611
13621,-39.0229747531944
13622,-39.0255166671538
13623,-39.0280583945163
13624,-39.0305999353096
13625,-39.0331412895609
13626,-39.0356824572976
13627,-39.0382234385472
13628,-39.0407642333369
13629,-39.0433048416942
13630,-39.0458452636463
13631,-39.0483854992207
13632,-39.0509255484447
13633,-39.0534654113456
13634,-39.0560050879508
13635,-39.0585445782876
13636,-39.0610838823833
13637,-39.0636230002652
13638,-39.0661619319607
13639,-39.068700677497
13640,-39.0712392369014
13641,-39.0737776102013
13642,-39.0763157974239
13643,-39.0788537985964
13644,-39.0813916137463
13645,-39.0839292429007
13646,-39.0864666860868
13647,-39.089003943332
13648,-39.0915410146635
13649,-39.0940779001086
13650,-39.0966145996944
13651,-39.0991511134483
13652,-39.1016874413974
13653,-39.1042235835689
13654,-39.1067595399901
13655,-39.1092953106882
13656,-39.1118308956903
13657,-39.1143662950237
13658,-39.1169015087156
13659,-39.1194365367931
13660,-39.1219713792835
13661,-39.1245060362138
13662,-39.1270405076113
13663,-39.1295747935031
13664,-39.1321088939164
13665,-39.1346428088782
13666,-39.1371765384159
13667,-39.1397100825564
13668,-39.142243441327
13669,-39.1447766147547
13670,-39.1473096028667
13671,-39.1498424056901
13672,-39.1523750232519
13673,-39.1549074555794
13674,-39.1574397026995
13675,-39.1599717646393
13676,-39.1625036414261
13677,-39.1650353330867
13678,-39.1675668396483
13679,-39.170098161138
13680,-39.1726292975828
13681,-39.1751602490098
13682,-39.177691015446
13683,-39.1802215969184
13684,-39.1827519934542
13685,-39.1852822050802
13686,-39.1878122318236
13687,-39.1903420737114
13688,-39.1928717307705
13689,-39.195401203028
13690,-39.1979304905109
13691,-39.2004595932461
13692,-39.2029885112607
13693,-39.2055172445816
13694,-39.2080457932359
13695,-39.2105741572504
13696,-39.2131023366521
13697,-39.2156303314681
13698,-39.2181581417252
13699,-39.2206857674504
13700,-39.2232132086706
13701,-39.2257404654128
13702,-39.2282675377039
13703,-39.2307944255709
13704,-39.2333211290406
13705,-39.2358476481399
13706,-39.2383739828958
13707,-39.2409001333351
13708,-39.2434260994848
13709,-39.2459518813717
13710,-39.2484774790227
13711,-39.2510028924647
13712,-39.2535281217246
13713,-39.2560531668292
13714,-39.2585780278053
13715,-39.2611027046799
13716,-39.2636271974798
13717,-39.2661515062318
13718,-39.2686756309627
13719,-39.2711995716995
13720,-39.2737233284688
13721,-39.2762469012975
13722,-39.2787702902125
13723,-39.2812934952405
13724,-39.2838165164083
13725,-39.2863393537427
13726,-39.2888620072706
13727,-39.2913844770187
13728,-39.2939067630137
13729,-39.2964288652824
13730,-39.2989507838517
13731,-39.3014725187482
13732,-39.3039940699987
13733,-39.30651543763
13734,-39.3090366216688
13735,-39.3115576221418
13736,-39.3140784390758
13737,-39.3165990724975
13738,-39.3191195224335
13739,-39.3216397889107
13740,-39.3241598719557
13741,-39.3266797715952
13742,-39.3291994878559
13743,-39.3317190207645
13744,-39.3342383703477
13745,-39.3367575366322
13746,-39.3392765196445
13747,-39.3417953194115
13748,-39.3443139359597
13749,-39.3468323693158
13750,-39.3493506195065
13751,-39.3518686865584
13752,-39.3543865704981
13753,-39.3569042713522
13754,-39.3594217891474
13755,-39.3619391239103
13756,-39.3644562756676
13757,-39.3669732444457
13758,-39.3694900302714
13759,-39.3720066331712
13760,-39.3745230531716
13761,-39.3770392902994
13762,-39.379555344581
13763,-39.3820712160431
13764,-39.3845869047121
13765,-39.3871024106148
13766,-39.3896177337775
13767,-39.3921328742269
13768,-39.3946478319895
13769,-39.3971626070918
13770,-39.3996771995604
13771,-39.4021916094218
13772,-39.4047058367026
13773,-39.4072198814291
13774,-39.409733743628
13775,-39.4122474233258
13776,-39.4147609205488
13777,-39.4172742353237
13778,-39.419787367677
13779,-39.422300317635
13780,-39.4248130852243
13781,-39.4273256704713
13782,-39.4298380734025
13783,-39.4323502940444
13784,-39.4348623324233
13785,-39.4373741885659
13786,-39.4398858624984
13787,-39.4423973542473
13788,-39.4449086638391
13789,-39.4474197913001
13790,-39.4499307366568
13791,-39.4524414999356
13792,-39.4549520811629
13793,-39.4574624803652
13794,-39.4599726975687
13795,-39.4624827327998
13796,-39.4649925860851
13797,-39.4675022574507
13798,-39.4700117469232
13799,-39.4725210545289
13800,-39.475030180294
13801,-39.4775391242451
13802,-39.4800478864084
13803,-39.4825564668102
13804,-39.485064865477
13805,-39.4875730824349
13806,-39.4900811177105
13807,-39.4925889713299
13808,-39.4950966433195
13809,-39.4976041337056
13810,-39.5001114425145
13811,-39.5026185697725
13812,-39.5051255155059
13813,-39.5076322797409
13814,-39.5101388625039
13815,-39.5126452638211
13816,-39.5151514837188
13817,-39.5176575222232
13818,-39.5201633793606
13819,-39.5226690551573
13820,-39.5251745496395
13821,-39.5276798628334
13822,-39.5301849947653
13823,-39.5326899454613
13824,-39.5351947149478
13825,-39.5376993032509
13826,-39.5402037103969
13827,-39.5427079364119
13828,-39.5452119813222
13829,-39.5477158451538
13830,-39.5502195279331
13831,-39.5527230296862
13832,-39.5552263504394
13833,-39.5577294902186
13834,-39.5602324490502
13835,-39.5627352269602
13836,-39.5652378239749
13837,-39.5677402401203
13838,-39.5702424754227
13839,-39.5727445299081
13840,-39.5752464036027
13841,-39.5777480965326
13842,-39.5802496087239
13843,-39.5827509402028
13844,-39.5852520909953
13845,-39.5877530611276
13846,-39.5902538506257
13847,-39.5927544595158
13848,-39.5952548878239
13849,-39.5977551355761
13850,-39.6002552027985
13851,-39.6027550895171
13852,-39.6052547957581
13853,-39.6077543215474
13854,-39.6102536669111
13855,-39.6127528318753
13856,-39.615251816466
13857,-39.6177506207092
13858,-39.620249244631
13859,-39.6227476882574
13860,-39.6252459516144
13861,-39.627744034728
13862,-39.6302419376243
13863,-39.6327396603292
13864,-39.6352372028687
13865,-39.6377345652688
13866,-39.6402317475555
13867,-39.6427287497548
13868,-39.6452255718926
13869,-39.6477222139949
13870,-39.6502186760877
13871,-39.652714958197
13872,-39.6552110603486
13873,-39.6577069825686
13874,-39.6602027248828
13875,-39.6626982873172
13876,-39.6651936698978
13877,-39.6676888726504
13878,-39.6701838956009
13879,-39.6726787387753
13880,-39.6751734021995
13881,-39.6776678858994
13882,-39.6801621899009
13883,-39.6826563142298
13884,-39.6851502589121
13885,-39.6876440239736
13886,-39.6901376094402
13887,-39.6926310153377
13888,-39.6951242416921
13889,-39.6976172885291
13890,-39.7001101558747
13891,-39.7026028437546
13892,-39.7050953521948
13893,-39.707587681221
13894,-39.710079830859
13895,-39.7125718011348
13896,-39.715063592074
13897,-39.7175552037026
13898,-39.7200466360462
13899,-39.7225378891308
13900,-39.7250289629822
13901,-39.727519857626
13902,-39.7300105730881
13903,-39.7325011093942
13904,-39.7349914665702
13905,-39.7374816446418
13906,-39.7399716436347
13907,-39.7424614635747
13908,-39.7449511044877
13909,-39.7474405663992
13910,-39.749929849335
13911,-39.7524189533209
13912,-39.7549078783827
13913,-39.7573966245459
13914,-39.7598851918364
13915,-39.7623735802799
13916,-39.764861789902
13917,-39.7673498207284
13918,-39.7698376727849
13919,-39.7723253460971
13920,-39.7748128406908
13921,-39.7773001565915
13922,-39.779787293825
13923,-39.7822742524169
13924,-39.784761032393
13925,-39.7872476337787
13926,-39.7897340565999
13927,-39.7922203008821
13928,-39.794706366651
13929,-39.7971922539322
13930,-39.7996779627514
13931,-39.802163493134
13932,-39.8046488451059
13933,-39.8071340186926
13934,-39.8096190139197
13935,-39.8121038308127
13936,-39.8145884693973
13937,-39.8170729296991
13938,-39.8195572117437
13939,-39.8220413155566
13940,-39.8245252411634
13941,-39.8270089885897
13942,-39.829492557861
13943,-39.831975949003
13944,-39.834459162041
13945,-39.8369421970008
13946,-39.8394250539077
13947,-39.8419077327875
13948,-39.8443902336655
13949,-39.8468725565673
13950,-39.8493547015185
13951,-39.8518366685445
13952,-39.8543184576708
13953,-39.856800068923
13954,-39.8592815023265
13955,-39.8617627579069
13956,-39.8642438356896
13957,-39.8667247357
13958,-39.8692054579638
13959,-39.8716860025063
13960,-39.8741663693529
13961,-39.8766465585293
13962,-39.8791265700607
13963,-39.8816064039727
13964,-39.8840860602907
13965,-39.8865655390401
13966,-39.8890448402463
13967,-39.8915239639349
13968,-39.8940029101311
13969,-39.8964816788605
13970,-39.8989602701484
13971,-39.9014386840202
13972,-39.9039169205013
13973,-39.9063949796172
13974,-39.9088728613931
13975,-39.9113505658545
13976,-39.9138280930268
13977,-39.9163054429353
13978,-39.9187826156054
13979,-39.9212596110624
13980,-39.9237364293318
13981,-39.9262130704387
13982,-39.9286895344087
13983,-39.931165821267
13984,-39.9336419310389
13985,-39.9361178637499
13986,-39.9385936194251
13987,-39.94106919809
13988,-39.9435445997698
13989,-39.9460198244898
13990,-39.9484948722754
13991,-39.9509697431517
13992,-39.9534444371443
13993,-39.9559189542781
13994,-39.9583932945787
13995,-39.9608674580712
13996,-39.963341444781
13997,-39.9658152547332
13998,-39.9682888879531
13999,-39.970762344466
14000,-39.9732356242972
14001,-39.9757087274718
14002,-39.9781816540151
14003,-39.9806544039523
14004,-39.9831269773087
14005,-39.9855993741094
14006,-39.9880715943798
14007,-39.9905436381449
14008,-39.99301550543
14009,-39.9954871962603
14010,-39.9979587106609
14011,-40.0004300486571
14012,-40.0029012102741
14013,-40.005372195537
14014,-40.0078430044709
14015,-40.0103136371011
14016,-40.0127840934528
14017,-40.0152543735509
14018,-40.0177244774208
14019,-40.0201944050875
14020,-40.0226641565762
14021,-40.0251337319121
14022,-40.0276031311201
14023,-40.0300723542256
14024,-40.0325414012535
14025,-40.035010272229
14026,-40.0374789671772
14027,-40.0399474861232
14028,-40.0424158290921
14029,-40.0448839961089
14030,-40.0473519871989
14031,-40.0498198023869
14032,-40.0522874416982
14033,-40.0547549051577
14034,-40.0572221927906
14035,-40.0596893046219
14036,-40.0621562406766
14037,-40.0646230009798
14038,-40.0670895855565
14039,-40.0695559944318
14040,-40.0720222276307
14041,-40.0744882851783
14042,-40.0769541670994
14043,-40.0794198734192
14044,-40.0818854041627
14045,-40.0843507593548
14046,-40.0868159390206
14047,-40.0892809431851
14048,-40.0917457718732
14049,-40.0942104251099
14050,-40.0966749029202
14051,-40.0991392053291
14052,-40.1016033323615
14053,-40.1040672840424
14054,-40.1065310603968
14055,-40.1089946614495
14056,-40.1114580872256
14057,-40.11392133775
14058,-40.1163844130476
14059,-40.1188473131433
14060,-40.1213100380621
14061,-40.1237725878289
14062,-40.1262349624686
14063,-40.1286971620061
14064,-40.1311591864663
14065,-40.1336210358741
14066,-40.1360827102544
14067,-40.138544209632
14068,-40.1410055340319
14069,-40.143466683479
14070,-40.1459276579981
14071,-40.148388457614
14072,-40.1508490823516
14073,-40.1533095322359
14074,-40.1557698072915
14075,-40.1582299075435
14076,-40.1606898330165
14077,-40.1631495837355
14078,-40.1656091597253
14079,-40.1680685610107
14080,-40.1705277876164
14081,-40.1729868395674
14082,-40.1754457168884
14083,-40.1779044196043
14084,-40.1803629477397
14085,-40.1828213013196
14086,-40.1852794803687
14087,-40.1877374849118
14088,-40.1901953149736
14089,-40.1926529705789
14090,-40.1951104517526
14091,-40.1975677585192
14092,-40.2000248909037
14093,-40.2024818489307
14094,-40.2049386326251
14095,-40.2073952420114
14096,-40.2098516771145
14097,-40.2123079379591
14098,-40.2147640245699
14099,-40.2172199369716
14100,-40.219675675189
14101,-40.2221312392467
14102,-40.2245866291695
14103,-40.227041844982
14104,-40.2294968867089
14105,-40.231951754375
14106,-40.2344064480048
14107,-40.2368609676232
14108,-40.2393153132546
14109,-40.2417694849239
14110,-40.2442234826556
14111,-40.2466773064745
14112,-40.2491309564051
14113,-40.2515844324721
14114,-40.2540377347002
14115,-40.2564908631139
14116,-40.258943817738
14117,-40.2613965985969
14118,-40.2638492057155
14119,-40.2663016391182
14120,-40.2687538988296
14121,-40.2712059848744
14122,-40.2736578972772
14123,-40.2761096360625
14124,-40.278561201255
14125,-40.2810125928792
14126,-40.2834638109597
14127,-40.285914855521
14128,-40.2883657265878
14129,-40.2908164241845
14130,-40.2932669483358
14131,-40.2957172990662
14132,-40.2981674764002
14133,-40.3006174803624
14134,-40.3030673109774
14135,-40.3055169682695
14136,-40.3079664522634
14137,-40.3104157629836
14138,-40.3128649004545
14139,-40.3153138647008
14140,-40.3177626557469
14141,-40.3202112736172
14142,-40.3226597183364
14143,-40.3251079899288
14144,-40.3275560884189
14145,-40.3300040138313
14146,-40.3324517661905
14147,-40.3348993455207
14148,-40.3373467518466
14149,-40.3397939851926
14150,-40.3422410455832
14151,-40.3446879330427
14152,-40.3471346475956
14153,-40.3495811892664
14154,-40.3520275580794
14155,-40.3544737540592
14156,-40.3569197772301
14157,-40.3593656276166
14158,-40.361811305243
14159,-40.3642568101337
14160,-40.3667021423132
14161,-40.3691473018059
14162,-40.3715922886361
14163,-40.3740371028282
14164,-40.3764817444066
14165,-40.3789262133956
14166,-40.3813705098198
14167,-40.3838146337033
14168,-40.3862585850705
14169,-40.3887023639459
14170,-40.3911459703537
14171,-40.3935894043183
14172,-40.3960326658641
14173,-40.3984757550153
14174,-40.4009186717963
14175,-40.4033614162315
14176,-40.405803988345
14177,-40.4082463881613
14178,-40.4106886157047
14179,-40.4131306709993
14180,-40.4155725540697
14181,-40.4180142649399
14182,-40.4204558036344
14183,-40.4228971701774
14184,-40.4253383645931
14185,-40.4277793869059
14186,-40.43022023714
14187,-40.4326609153196
14188,-40.4351014214691
14189,-40.4375417556127
14190,-40.4399819177745
14191,-40.4424219079789
14192,-40.4448617262501
14193,-40.4473013726123
14194,-40.4497408470898
14195,-40.4521801497067
14196,-40.4546192804873
14197,-40.4570582394557
14198,-40.4594970266362
14199,-40.4619356420531
14200,-40.4643740857303
14201,-40.4668123576923
14202,-40.4692504579631
14203,-40.4716883865669
14204,-40.4741261435279
14205,-40.4765637288703
14206,-40.4790011426182
14207,-40.4814383847957
14208,-40.4838754554271
14209,-40.4863123545365
14210,-40.488749082148
14211,-40.4911856382858
14212,-40.4936220229739
14213,-40.4960582362366
14214,-40.4984942780979
14215,-40.5009301485819
14216,-40.5033658477129
14217,-40.5058013755147
14218,-40.5082367320117
14219,-40.5106719172279
14220,-40.5131069311873
14221,-40.515541773914
14222,-40.5179764454322
14223,-40.5204109457658
14224,-40.5228452749391
14225,-40.5252794329759
14226,-40.5277134199005
14227,-40.5301472357369
14228,-40.532580880509
14229,-40.535014354241
14230,-40.5374476569569
14231,-40.5398807886807
14232,-40.5423137494364
14233,-40.5447465392482
14234,-40.5471791581399
14235,-40.5496116061357
14236,-40.5520438832594
14237,-40.5544759895352
14238,-40.5569079249871
14239,-40.559339689639
14240,-40.5617712835148
14241,-40.5642027066387
14242,-40.5666339590346
14243,-40.5690650407264
14244,-40.5714959517381
14245,-40.5739266920937
14246,-40.5763572618172
14247,-40.5787876609324
14248,-40.5812178894634
14249,-40.5836479474341
14250,-40.5860778348685
14251,-40.5885075517904
14252,-40.5909370982238
14253,-40.5933664741926
14254,-40.5957956797207
14255,-40.5982247148321
14256,-40.6006535795507
14257,-40.6030822739003
14258,-40.6055107979049
14259,-40.6079391515884
14260,-40.6103673349746
14261,-40.6127953480874
14262,-40.6152231909508
14263,-40.6176508635885
14264,-40.6200783660245
14265,-40.6225056982826
14266,-40.6249328603866
14267,-40.6273598523605
14268,-40.6297866742281
14269,-40.6322133260132
14270,-40.6346398077396
14271,-40.6370661194312
14272,-40.6394922611119
14273,-40.6419182328054
14274,-40.6443440345356
14275,-40.6467696663262
14276,-40.6491951282011
14277,-40.6516204201841
14278,-40.654045542299
14279,-40.6564704945696
14280,-40.6588952770197
14281,-40.661319889673
14282,-40.6637443325533
14283,-40.6661686056844
14284,-40.6685927090902
14285,-40.6710166427942
14286,-40.6734404068203
14287,-40.6758640011923
14288,-40.6782874259339
14289,-40.6807106810689
14290,-40.6831337666209
14291,-40.6855566826137
14292,-40.6879794290711
14293,-40.6904020060167
14294,-40.6928244134743
14295,-40.6952466514676
14296,-40.6976687200204
14297,-40.7000906191562
14298,-40.7025123488988
14299,-40.704933909272
14300,-40.7073553002993
14301,-40.7097765220045
14302,-40.7121975744113
14303,-40.7146184575433
14304,-40.7170391714242
14305,-40.7194597160777
14306,-40.7218800915274
14307,-40.7243002977969
14308,-40.72672033491
14309,-40.7291402028902
14310,-40.7315599017613
14311,-40.7339794315468
14312,-40.7363987922704
14313,-40.7388179839557
14314,-40.7412370066262
14315,-40.7436558603058
14316,-40.7460745450178
14317,-40.748493060786
14318,-40.750911407634
14319,-40.7533295855852
14320,-40.7557475946634
14321,-40.7581654348922
14322,-40.760583106295
14323,-40.7630006088955
14324,-40.7654179427172
14325,-40.7678351077837
14326,-40.7702521041186
14327,-40.7726689317454
14328,-40.7750855906877
14329,-40.7775020809689
14330,-40.7799184026128
14331,-40.7823345556427
14332,-40.7847505400823
14333,-40.787166355955
14334,-40.7895820032843
14335,-40.7919974820938
14336,-40.7944127924071
14337,-40.7968279342475
14338,-40.7992429076386
14339,-40.801657712604
14340,-40.804072349167
14341,-40.8064868173512
14342,-40.80890111718
14343,-40.811315248677
14344,-40.8137292118656
14345,-40.8161430067692
14346,-40.8185566334114
14347,-40.8209700918156
14348,-40.8233833820052
14349,-40.8257965040037
14350,-40.8282094578345
14351,-40.8306222435211
14352,-40.8330348610869
14353,-40.8354473105553
14354,-40.8378595919497
14355,-40.8402717052936
14356,-40.8426836506104
14357,-40.8450954279235
14358,-40.8475070372563
14359,-40.8499184786322
14360,-40.8523297520745
14361,-40.8547408576067
14362,-40.8571517952522
14363,-40.8595625650343
14364,-40.8619731669764
14365,-40.8643836011018
14366,-40.8667938674341
14367,-40.8692039659964
14368,-40.8716138968121
14369,-40.8740236599047
14370,-40.8764332552974
14371,-40.8788426830135
14372,-40.8812519430765
14373,-40.8836610355097
14374,-40.8860699603363
14375,-40.8884787175797
14376,-40.8908873072632
14377,-40.8932957294101
14378,-40.8957039840438
14379,-40.8981120711874
14380,-40.9005199908644
14381,-40.902927743098
14382,-40.9053353279115
14383,-40.9077427453282
14384,-40.9101499953713
14385,-40.9125570780642
14386,-40.91496399343
14387,-40.9173707414921
14388,-40.9197773222737
14389,-40.9221837357981
14390,-40.9245899820884
14391,-40.9269960611681
14392,-40.9294019730602
14393,-40.931807717788
14394,-40.9342132953748
14395,-40.9366187058437
14396,-40.9390239492181
14397,-40.941429025521
14398,-40.9438339347757
14399,-40.9462386770055
14400,-40.9486432522335
14401,-40.9510476604829
14402,-40.9534519017768
14403,-40.9558559761386
14404,-40.9582598835913
14405,-40.9606636241582
14406,-40.9630671978623
14407,-40.965470604727
14408,-40.9678738447752
14409,-40.9702769180303
14410,-40.9726798245152
14411,-40.9750825642533
14412,-40.9774851372675
14413,-40.9798875435812
14414,-40.9822897832173
14415,-40.984691856199
14416,-40.9870937625495
14417,-40.9894955022918
14418,-40.9918970754491
14419,-40.9942984820445
14420,-40.996699722101
14421,-40.9991007956418
14422,-41.00150170269
14423,-41.0039024432686
14424,-41.0063030174008
14425,-41.0087034251096
14426,-41.011103666418
14427,-41.0135037413492
14428,-41.0159036499263
14429,-41.0183033921722
14430,-41.02070296811
14431,-41.0231023777629
14432,-41.0255016211537
14433,-41.0279006983057
14434,-41.0302996092417
14435,-41.0326983539849
14436,-41.0350969325582
14437,-41.0374953449847
14438,-41.0398935912874
14439,-41.0422916714893
14440,-41.0446895856134
14441,-41.0470873336827
14442,-41.0494849157203
14443,-41.051882331749
14444,-41.0542795817919
14445,-41.0566766658721
14446,-41.0590735840123
14447,-41.0614703362357
14448,-41.0638669225652
14449,-41.0662633430237
14450,-41.0686595976343
14451,-41.0710556864198
14452,-41.0734516094032
14453,-41.0758473666075
14454,-41.0782429580556
14455,-41.0806383837705
14456,-41.083033643775
14457,-41.0854287380921
14458,-41.0878236667447
14459,-41.0902184297557
14460,-41.0926130271481
14461,-41.0950074589447
14462,-41.0974017251685
14463,-41.0997958258423
14464,-41.1021897609891
14465,-41.1045835306317
14466,-41.106977134793
14467,-41.1093705734958
14468,-41.1117638467632
14469,-41.1141569546178
14470,-41.1165498970827
14471,-41.1189426741806
14472,-41.1213352859344
14473,-41.1237277323669
14474,-41.1261200135011
14475,-41.1285121293597
14476,-41.1309040799655
14477,-41.1332958653415
14478,-41.1356874855104
14479,-41.138078940495
14480,-41.1404702303182
14481,-41.1428613550028
14482,-41.1452523145716
14483,-41.1476431090473
14484,-41.1500337384528
14485,-41.152424202811
14486,-41.1548145021444
14487,-41.1572046364761
14488,-41.1595946058286
14489,-41.1619844102249
14490,-41.1643740496876
14491,-41.1667635242395
14492,-41.1691528339035
14493,-41.1715419787022
14494,-41.1739309586584
14495,-41.1763197737948
14496,-41.1787084241342
14497,-41.1810969096994
14498,-41.183485230513
14499,-41.1858733865977
14500,-41.1882613779764
14501,-41.1906492046717
14502,-41.1930368667063
14503,-41.195424364103
14504,-41.1978116968844
14505,-41.2001988650732
14506,-41.2025858686922
14507,-41.204972707764
14508,-41.2073593823113
14509,-41.2097458923568
14510,-41.2121322379231
14511,-41.214518419033
14512,-41.2169044357091
14513,-41.2192902879741
14514,-41.2216759758505
14515,-41.2240614993612
14516,-41.2264468585286
14517,-41.2288320533755
14518,-41.2312170839245
14519,-41.2336019501982
14520,-41.2359866522193
14521,-41.2383711900104
14522,-41.240755563594
14523,-41.2431397729929
14524,-41.2455238182296
14525,-41.2479076993267
14526,-41.2502914163068
14527,-41.2526749691926
14528,-41.2550583580066
14529,-41.2574415827713
14530,-41.2598246435095
14531,-41.2622075402436
14532,-41.2645902729962
14533,-41.26697284179
14534,-41.2693552466474
14535,-41.271737487591
14536,-41.2741195646434
14537,-41.2765014778271
14538,-41.2788832271646
14539,-41.2812648126786
14540,-41.2836462343915
14541,-41.2860274923259
14542,-41.2884085865043
14543,-41.2907895169492
14544,-41.2931702836832
14545,-41.2955508867286
14546,-41.2979313261082
14547,-41.3003116018443
14548,-41.3026917139594
14549,-41.3050716624761
14550,-41.3074514474168
14551,-41.309831068804
14552,-41.3122105266603
14553,-41.314589821008
14554,-41.3169689518696
14555,-41.3193479192677
14556,-41.3217267232246
14557,-41.3241053637628
14558,-41.3264838409048
14559,-41.3288621546731
14560,-41.33124030509
14561,-41.333618292178
14562,-41.3359961159595
14563,-41.338373776457
14564,-41.3407512736929
14565,-41.3431286076896
14566,-41.3455057784696
14567,-41.3478827860551
14568,-41.3502596304687
14569,-41.3526363117327
14570,-41.3550128298696
14571,-41.3573891849017
14572,-41.3597653768514
14573,-41.362141405741
14574,-41.3645172715931
14575,-41.3668929744299
14576,-41.3692685142738
14577,-41.3716438911472
14578,-41.3740191050724
14579,-41.3763941560718
14580,-41.3787690441678
14581,-41.3811437693826
14582,-41.3835183317387
14583,-41.3858927312583
14584,-41.3882669679638
14585,-41.3906410418775
14586,-41.3930149530218
14587,-41.395388701419
14588,-41.3977622870913
14589,-41.4001357100611
14590,-41.4025089703507
14591,-41.4048820679823
14592,-41.4072550029784
14593,-41.4096277753611
14594,-41.4120003851528
14595,-41.4143728323757
14596,-41.4167451170521
14597,-41.4191172392044
14598,-41.4214891988546
14599,-41.4238609960252
14600,-41.4262326307384
14601,-41.4286041030164
14602,-41.4309754128815
14603,-41.4333465603559
14604,-41.4357175454618
14605,-41.4380883682216
14606,-41.4404590286574
14607,-41.4428295267914
14608,-41.4451998626459
14609,-41.4475700362431
14610,-41.4499400476052
14611,-41.4523098967545
14612,-41.454679583713
14613,-41.4570491085031
14614,-41.4594184711469
14615,-41.4617876716665
14616,-41.4641567100843
14617,-41.4665255864223
14618,-41.4688943007028
14619,-41.4712628529479
14620,-41.4736312431798
14621,-41.4759994714206
14622,-41.4783675376925
14623,-41.4807354420177
14624,-41.4831031844183
14625,-41.4854707649164
14626,-41.4878381835342
14627,-41.4902054402938
14628,-41.4925725352174
14629,-41.4949394683271
14630,-41.497306239645
14631,-41.4996728491932
14632,-41.5020392969938
14633,-41.5044055830689
14634,-41.5067717074407
14635,-41.5091376701313
14636,-41.5115034711627
14637,-41.513869110557
14638,-41.5162345883363
14639,-41.5185999045227
14640,-41.5209650591383
14641,-41.5233300522051
14642,-41.5256948837452
14643,-41.5280595537807
14644,-41.5304240623337
14645,-41.5327884094261
14646,-41.53515259508
14647,-41.5375166193175
14648,-41.5398804821607
14649,-41.5422441836315
14650,-41.5446077237519
14651,-41.5469711025441
14652,-41.54933432003
14653,-41.5516973762317
14654,-41.5540602711711
14655,-41.5564230048703
14656,-41.5587855773512
14657,-41.561147988636
14658,-41.5635102387465
14659,-41.5658723277048
14660,-41.5682342555328
14661,-41.5705960222525
14662,-41.572957627886
14663,-41.5753190724551
14664,-41.5776803559818
14665,-41.5800414784882
14666,-41.5824024399962
14667,-41.5847632405276
14668,-41.5871238801046
14669,-41.5894843587489
14670,-41.5918446764826
14671,-41.5942048333277
14672,-41.5965648293059
14673,-41.5989246644393
14674,-41.6012843387498
14675,-41.6036438522592
14676,-41.6060032049896
14677,-41.6083623969628
14678,-41.6107214282007
14679,-41.6130802987253
14680,-41.6154390085584
14681,-41.6177975577219
14682,-41.6201559462377
14683,-41.6225141741277
14684,-41.6248722414137
14685,-41.6272301481177
14686,-41.6295878942615
14687,-41.631945479867
14688,-41.634302904956
14689,-41.6366601695504
14690,-41.639017273672
14691,-41.6413742173427
14692,-41.6437310005844
14693,-41.6460876234188
14694,-41.6484440858678
14695,-41.6508003879533
14696,-41.653156529697
14697,-41.6555125111208
14698,-41.6578683322464
14699,-41.6602239930958
14700,-41.6625794936907
14701,-41.6649348340529
14702,-41.6672900142043
14703,-41.6696450341665
14704,-41.6719998939614
14705,-41.6743545936108
14706,-41.6767091331365
14707,-41.6790635125602
14708,-41.6814177319037
14709,-41.6837717911888
14710,-41.6861256904372
14711,-41.6884794296707
14712,-41.6908330089111
14713,-41.6931864281801
14714,-41.6955396874994
14715,-41.6978927868908
14716,-41.700245726376
14717,-41.7025985059767
14718,-41.7049511257148
14719,-41.7073035856118
14720,-41.7096558856896
14721,-41.7120080259698
14722,-41.7143600064741
14723,-41.7167118272243
14724,-41.7190634882421
14725,-41.721414989549
14726,-41.723766331167
14727,-41.7261175131175
14728,-41.7284685354223
14729,-41.7308193981032
14730,-41.7331701011817
14731,-41.7355206446795
14732,-41.7378710286183
14733,-41.7402212530198
14734,-41.7425713179055
14735,-41.7449212232973
14736,-41.7472709692166
14737,-41.7496205556852
14738,-41.7519699827247
14739,-41.7543192503568
14740,-41.756668358603
14741,-41.7590173074849
14742,-41.7613660970243
14743,-41.7637147272427
14744,-41.7660631981617
14745,-41.768411509803
14746,-41.7707596621881
14747,-41.7731076553386
14748,-41.7754554892762
14749,-41.7778031640224
14750,-41.7801506795989
14751,-41.7824980360271
14752,-41.7848452333287
14753,-41.7871922715252
14754,-41.7895391506383
14755,-41.7918858706895
14756,-41.7942324317002
14757,-41.7965788336922
14758,-41.7989250766869
14759,-41.8012711607059
14760,-41.8036170857708
14761,-41.805962851903
14762,-41.8083084591241
14763,-41.8106539074557
14764,-41.8129991969192
14765,-41.8153443275362
14766,-41.8176892993282
14767,-41.8200341123167
14768,-41.8223787665232
14769,-41.8247232619692
14770,-41.8270675986762
14771,-41.8294117766658
14772,-41.8317557959593
14773,-41.8340996565783
14774,-41.8364433585443
14775,-41.8387869018788
14776,-41.8411302866031
14777,-41.8434735127388
14778,-41.8458165803074
14779,-41.8481594893303
14780,-41.8505022398289
14781,-41.8528448318247
14782,-41.8551872653392
14783,-41.8575295403938
14784,-41.85987165701
14785,-41.8622136152091
14786,-41.8645554150126
14787,-41.8668970564419
14788,-41.8692385395184
14789,-41.8715798642636
14790,-41.8739210306989
14791,-41.8762620388457
14792,-41.8786028887253
14793,-41.8809435803592
14794,-41.8832841137688
14795,-41.8856244889754
14796,-41.8879647060005
14797,-41.8903047648654
14798,-41.8926446655915
14799,-41.8949844082002
14800,-41.8973239927128
14801,-41.8996634191507
14802,-41.9020026875353
14803,-41.9043417978879
14804,-41.9066807502299
14805,-41.9090195445826
14806,-41.9113581809673
14807,-41.9136966594055
14808,-41.9160349799184
14809,-41.9183731425273
14810,-41.9207111472536
14811,-41.9230489941187
14812,-41.9253866831437
14813,-41.9277242143501
14814,-41.9300615877591
14815,-41.9323988033921
14816,-41.9347358612703
14817,-41.937072761415
14818,-41.9394095038476
14819,-41.9417460885892
14820,-41.9440825156613
14821,-41.946418785085
14822,-41.9487548968817
14823,-41.9510908510726
14824,-41.953426647679
14825,-41.9557622867221
14826,-41.9580977682232
14827,-41.9604330922035
14828,-41.9627682586843
14829,-41.9651032676869
14830,-41.9674381192324
14831,-41.9697728133421
14832,-41.9721073500373
14833,-41.9744417293392
14834,-41.9767759512689
14835,-41.9791100158477
14836,-41.9814439230968
14837,-41.9837776730375
14838,-41.9861112656908
14839,-41.9884447010781
14840,-41.9907779792206
14841,-41.9931111001393
14842,-41.9954440638555
14843,-41.9977768703904
14844,-42.0001095197652
14845,-42.002442012001
14846,-42.004774347119
14847,-42.0071065251404
14848,-42.0094385460863
14849,-42.0117704099779
14850,-42.0141021168364
14851,-42.0164336666828
14852,-42.0187650595384
14853,-42.0210962954242
14854,-42.0234273743614
14855,-42.0257582963712
14856,-42.0280890614747
14857,-42.0304196696929
14858,-42.0327501210471
14859,-42.0350804155583
14860,-42.0374105532476
14861,-42.0397405341362
14862,-42.042070358245
14863,-42.0444000255954
14864,-42.0467295362083
14865,-42.0490588901047
14866,-42.0513880873059
14867,-42.0537171278329
14868,-42.0560460117068
14869,-42.0583747389486
14870,-42.0607033095793
14871,-42.0630317236202
14872,-42.0653599810921
14873,-42.0676880820163
14874,-42.0700160264137
14875,-42.0723438143053
14876,-42.0746714457123
14877,-42.0769989206556
14878,-42.0793262391563
14879,-42.0816534012355
14880,-42.083980406914
14881,-42.0863072562131
14882,-42.0886339491536
14883,-42.0909604857566
14884,-42.0932868660431
14885,-42.0956130900341
14886,-42.0979391577507
14887,-42.1002650692137
14888,-42.1025908244442
14889,-42.1049164234632
14890,-42.1072418662917
14891,-42.1095671529506
14892,-42.1118922834609
14893,-42.1142172578436
14894,-42.1165420761196
14895,-42.11886673831
14896,-42.1211912444356
14897,-42.1235155945175
14898,-42.1258397885765
14899,-42.1281638266337
14900,-42.1304877087099
14901,-42.1328114348261
14902,-42.1351350050032
14903,-42.1374584192621
14904,-42.1397816776239
14905,-42.1421047801093
14906,-42.1444277267394
14907,-42.146750517535
14908,-42.149073152517
14909,-42.1513956317063
14910,-42.1537179551239
14911,-42.1560401227906
14912,-42.1583621347273
14913,-42.1606839909549
14914,-42.1630056914943
14915,-42.1653272363664
14916,-42.167648625592
14917,-42.169969859192
14918,-42.1722909371872
14919,-42.1746118595986
14920,-42.176932626447
14921,-42.1792532377532
14922,-42.1815736935381
14923,-42.1838939938225
14924,-42.1862141386273
14925,-42.1885341279733
14926,-42.1908539618813
14927,-42.1931736403722
14928,-42.1954931634668
14929,-42.1978125311859
14930,-42.2001317435503
14931,-42.2024508005808
14932,-42.2047697022983
14933,-42.2070884487235
14934,-42.2094070398772
14935,-42.2117254757803
14936,-42.2140437564534
14937,-42.2163618819175
14938,-42.2186798521933
14939,-42.2209976673015
14940,-42.223315327263
14941,-42.2256328320984
14942,-42.2279501818287
14943,-42.2302673764744
14944,-42.2325844160565
14945,-42.2349013005956
14946,-42.2372180301124
14947,-42.2395346046278
14948,-42.2418510241625
14949,-42.2441672887371
14950,-42.2464833983725
14951,-42.2487993530894
14952,-42.2511151529084
14953,-42.2534307978503
14954,-42.2557462879359
14955,-42.2580616231857
14956,-42.2603768036206
14957,-42.2626918292613
14958,-42.2650067001284
14959,-42.2673214162426
14960,-42.2696359776246
14961,-42.2719503842951
14962,-42.2742646362748
14963,-42.2765787335843
14964,-42.2788926762444
14965,-42.2812064642757
14966,-42.2835200976989
14967,-42.2858335765345
14968,-42.2881469008034
14969,-42.2904600705261
14970,-42.2927730857233
14971,-42.2950859464156
14972,-42.2973986526237
14973,-42.2997112043682
14974,-42.3020236016697
14975,-42.3043358445488
14976,-42.3066479330263
14977,-42.3089598671227
14978,-42.3112716468585
14979,-42.3135832722546
14980,-42.3158947433313
14981,-42.3182060601094
14982,-42.3205172226094
14983,-42.322828230852
14984,-42.3251390848577
14985,-42.3274497846471
14986,-42.3297603302408
14987,-42.3320707216593
14988,-42.3343809589233
14989,-42.3366910420533
14990,-42.3390009710699
14991,-42.3413107459936
14992,-42.3436203668451
14993,-42.3459298336447
14994,-42.3482391464132
14995,-42.350548305171
14996,-42.3528573099388
14997,-42.3551661607369
14998,-42.357474857586
14999,-42.3597834005065
15000,-42.3620917895191
