"f","l_density"
20,-81.6985719480786
21,-80.009228078685
22,-78.3984873780801
23,-76.8593592800069
24,-75.3857462080675
25,-73.9722976707819
26,-72.6142929899891
27,-71.307546173452
28,-70.0483280959928
29,-68.8333023423135
30,-67.6594719307708
31,-66.5241347760902
32,-65.4248462253753
33,-64.3593873607724
34,-63.3257380353671
35,-62.3220538186961
36,-61.3466461907598
37,-60.3979654502805
38,-59.4745859027292
39,-58.5751929726813
40,-57.6985719480786
41,-56.8435981145412
42,-56.009228078685
43,-55.1944921125249
44,-54.3984873780801
45,-53.6203719134631
46,-52.8593592800069
47,-52.114713785112
48,-51.3857462080675
49,-50.6718099666103
50,-49.9722976707819
51,-49.2866380180594
52,-48.614292989989
53,-47.9547553158585
54,-47.307546173452
55,-46.6722131007834
56,-46.0483280959928
57,-45.4354858854214
58,-44.8333023423135
59,-44.2414130406911
60,-43.6594719307708
61,-43.087150123866
62,-42.5241347760902
63,-41.9701280613773
64,-41.4248462253753
65,-40.8880187126924
66,-40.3593873607724
67,-39.8387056543887
68,-39.3257380353671
69,-38.8202592626992
70,-38.3220538186961
71,-37.8309153572629
72,-37.3466461907598
73,-36.8690568122548
74,-36.3979654502805
75,-35.9331976534741
76,-35.4745859027292
77,-35.0219692486976
78,-34.5751929726813
79,-34.1341082691248
80,-33.6985719480786
81,-33.2684461561443
82,-32.8435981145413
83,-32.4238998730491
84,-32.009228078685
85,-31.5994637580704
86,-31.1944921125249
87,-30.7942023250058
88,-30.3984873780801
89,-30.0072438821817
90,-29.6203719134631
91,-29.2377748606065
92,-28.8593592800069
93,-28.4850347587825
94,-28.114713785112
95,-27.7483116254325
96,-27.3857462080675
97,-27.0269380128842
98,-26.6718099666103
99,-26.3202873434646
100,-25.9722976707819
101,-25.6277706393322
102,-25.2866380180594
103,-24.948833572978
104,-24.614292989989
105,-24.2829538013883
106,-23.9547553158585
107,-23.6296385517477
108,-23.307546173452
109,-22.988422430729
110,-22.6722131007834
111,-22.3588654329727
112,-22.0483280959928
113,-21.7405511274108
114,-21.4354858854215
115,-21.1330850027102
116,-20.8333023423135
117,-20.5360929553735
118,-20.2414130406911
119,-19.9492199059846
120,-19.6594719307708
121,-19.372128530785
122,-19.087150123866
123,-18.8044980972335
124,-18.5241347760902
125,-18.2460233934852
126,-17.9701280613773
127,-17.6964137428433
128,-17.4248462253753
129,-17.1553920952172
130,-16.8880187126924
131,-16.6226941884765
132,-16.3593873607724
133,-16.0980677733467
134,-15.8387056543887
135,-15.5812718961553
136,-15.3257380353671
137,-15.0720762343226
138,-14.8202592626992
139,-14.5702604800111
140,-14.3220538186961
141,-14.0756137678042
142,-13.8309153572629
143,-13.5879341426939
144,-13.3466461907598
145,-13.1070280650168
146,-12.8690568122548
147,-12.6327099493025
148,-12.3979654502805
149,-12.1648017342834
150,-11.9331976534741
151,-11.7031324815734
152,-11.4745859027292
153,-11.2475380007516
154,-11.0219692486976
155,-10.7978604987936
156,-10.5751929726813
157,-10.3539482519762
158,-10.1341082691248
159,-9.91565529855073
160,-9.69857194807856
161,-9.48284115062445
162,-9.26844615614426
163,-9.0553705238294
164,-8.84359811454125
165,-8.63311308347568
166,-8.42389987304907
167,-8.215943205998
168,-8.00922807868501
169,-7.80373975460283
170,-7.59946375807041
171,-7.39638586811371
172,-7.1944921125249
173,-6.99376876209386
174,-6.79420232500577
175,-6.59577954139937
176,-6.39848737808012
177,-6.20231302338332
178,-6.00724388218171
179,-5.8132675710331
180,-5.62037191346306
181,-5.42854493537833
182,-5.23777486060655
183,-5.04805010655824
184,-4.85935928000695
185,-4.67169117298376
186,-4.4850347587825
187,-4.29937918807198
188,-4.11471378511196
189,-3.93102804406951
190,-3.74831162543251
191,-3.56655435251729
192,-3.3857462080675
193,-3.20587733094133
194,-3.02693801288419
195,-2.8489186953846
196,-2.67180996661025
197,-2.49560255842223
198,-2.32028734346462
199,-2.14585533232768
200,-1.97229767078186
201,-1.79960563708097
202,-1.62777063933218
203,-1.45678421293103
204,-1.28663801805936
205,-1.11732383724455
206,-0.94883357297801
207,-0.78115924539145
208,-0.614292989989039
209,-0.448227055434074
210,-0.282953801388317
211,-0.118465696402815
212,0.0452446841415224
213,0.208184660044857
214,0.370361448252268
215,0.531782164771791
216,0.69245382654799
217,0.852383353292254
218,1.01157756927098
219,1.17004320505291
220,1.32778689921657
221,1.4848152000191
222,1.64113456702729
223,1.79675137271206
224,1.95167190400724
225,2.10590236383363
226,2.25944887258925
227,2.41231746960671
228,2.56451411457854
229,2.71604468895139
230,2.86691499728975
231,3.01713076861012
232,3.16669765768647
233,3.31562124632747
234,3.46390704462645
235,3.61156049218474
236,3.75858695930893
237,3.90499174818297
238,4.05078009401539
239,4.19595716616271
240,4.34052806922919
241,4.48449784414382
242,4.62787146921502
243,4.77065386116349
244,4.91284987613402
245,5.05446431068643
246,5.19550190276649
247,5.33596733265701
248,5.47586522390975
249,5.61520014425869
250,5.75397660651483
251,5.7931485694301
252,5.83216477860249
253,5.87102646772984
254,5.90973485590999
255,5.94829114787017
256,5.98669653419203
257,6.0249521915322
258,6.06305928283863
259,6.10101895756272
260,6.13883235186732
261,6.17650058883084
262,6.21402477864732
263,6.25140601882285
264,6.2886453943681
265,6.32574397798734
266,6.36270283026383
267,6.39952299984174
268,6.4362055236047
269,6.47275142685098
270,6.50916172346548
271,6.54543741608848
272,6.58157949628128
273,6.6175889446889
274,6.65346673119968
275,6.68921381510203
276,6.72483114523834
277,6.76031966015613
278,6.79568028825637
279,6.83091394793932
280,6.86602154774753
281,6.9010039865065
282,6.93586215346275
283,6.97059692841942
284,7.00520918186951
285,7.03969977512682
286,7.07406956045452
287,7.10831938119151
288,7.1424500718766
289,7.17646245837054
290,7.21035735797588
291,7.24413557955485
292,7.27779792364515
293,7.31134518257382
294,7.3447781405691
295,7.37809757387049
296,7.41130425083684
297,7.44439893205267
298,7.47738237043274
299,7.51025531132476
300,7.54301849261053
301,7.57567264480524
302,7.60821849115531
303,7.64065674773438
304,7.67298812353794
305,7.70521332057625
306,7.73733303396586
307,7.76934795201952
308,7.80125875633471
309,7.83306612188074
310,7.86477071708435
311,7.89637320391405
312,7.92787423796302
313,7.95927446853071
314,7.99057453870318
315,8.0217750854321
316,8.05287673961251
317,8.08388012615941
318,8.11478586408303
319,8.14559456656306
320,8.17630684102163
321,8.20692328919512
322,8.23744450720495
323,8.2678710856272
324,8.29820360956117
325,8.32844265869694
326,8.35858880738179
327,8.38864262468564
328,8.41860467446562
329,8.44847551542937
330,8.47825570119771
331,8.50794578036613
332,8.5375462965654
333,8.56705778852141
334,8.59648079011387
335,8.62581583043431
336,8.65506343384321
337,8.68422412002619
338,8.71329840404943
339,8.74228679641425
340,8.77118980311089
341,8.80000792567154
342,8.82874166122251
343,8.85739150253571
344,8.88595793807936
345,8.91444145206795
346,8.94284252451149
347,8.97116163126403
348,8.99939924407157
349,9.02755583061909
350,9.05563185457714
351,9.08362777564759
352,9.11154404960883
353,9.13938112836024
354,9.16713945996617
355,9.19481948869913
356,9.22242165508246
357,9.24994639593247
358,9.27739414439984
359,9.30476533001055
360,9.33206037870621
361,9.35927971288385
362,9.3864237514351
363,9.4134929097849
364,9.44048759992963
365,9.46740823047476
366,9.49425520667194
367,9.52102893045559
368,9.54772980047907
369,9.57435821215019
370,9.60091455766645
371,9.62739922604965
372,9.65381260318004
373,9.68015507183019
374,9.70642701169808
375,9.73262879944014
376,9.75876080870348
377,9.78482341015799
378,9.81081697152778
379,9.83674185762241
380,9.86259843036755
381,9.88838704883529
382,9.91410806927409
383,9.93976184513831
384,9.96534872711733
385,9.99086906316433
386,10.0163231985247
387,10.0417114757639
388,10.0670342347956
389,10.0922918129082
390,10.1174845447926
391,10.1426127625683
392,10.1676767958098
393,10.1926769715726
394,10.2176136144188
395,10.2424870464421
396,10.2672975872934
397,10.2920455542047
398,10.3167312620141
399,10.3413550231891
400,10.3659171478513
401,10.3904179437987
402,10.41485771653
403,10.4392367692665
404,10.4635554029751
405,10.4878139163908
406,10.5120126060382
407,10.5361517662536
408,10.5602316892066
409,10.5842526649208
410,10.6082149812952
411,10.632118924125
412,10.6559647771215
413,10.6797528219328
414,10.7034833381636
415,10.727156603395
416,10.7507728932037
417,10.7743324811817
418,10.7978356389547
419,10.8212826362017
420,10.8446737406728
421,10.868009218208
422,10.8912893327552
423,10.9145143463881
424,10.9376845193238
425,10.9608001099405
426,10.9838613747948
427,11.0068685686386
428,11.0298219444359
429,11.0527217533798
430,11.075568244909
431,11.0983616667236
432,11.1211022648019
433,11.1437902834158
434,11.1664259651467
435,11.1890095509012
436,11.2115412799264
437,11.234021389825
438,11.2564501165704
439,11.2788276945218
440,11.3011543564384
441,11.3234303334944
442,11.345655855293
443,11.3678311498809
444,11.3899564437621
445,11.4120319619121
446,11.4340579277911
447,11.456034563358
448,11.4779620890839
449,11.499840723965
450,11.5216706855358
451,11.5434521898824
452,11.565185451655
453,11.5868706840806
454,11.6085080989759
455,11.6300979067592
456,11.6516403164632
457,11.6731355357468
458,11.6945837709069
459,11.7159852268911
460,11.7373401073087
461,11.7586486144423
462,11.77991094926
463,11.801127311426
464,11.8222978993123
465,11.8434229100097
466,11.8645025393387
467,11.8855369818606
468,11.9065264308883
469,11.9274710784966
470,11.9483711155331
471,11.9692267316285
472,11.9900381152069
473,12.0108054534962
474,12.0315289325378
475,12.0522087371972
476,12.0728450511732
477,12.0934380570083
478,12.1139879360981
479,12.1344948687008
480,12.1549590339469
481,12.1753806098486
482,12.1957597733086
483,12.2160967001303
484,12.2363915650256
485,12.2566445416252
486,12.2768558024865
487,12.2970255191029
488,12.3171538619127
489,12.3372410003071
490,12.3572871026394
491,12.3772923362333
492,12.3972568673909
493,12.4171808614016
494,12.4370644825497
495,12.456907894123
496,12.4767112584208
497,12.4964747367614
498,12.5161984894907
499,12.5358826759893
500,12.5555274546809
501,12.5499309177935
502,12.5443455405086
503,12.5387712784097
504,12.5332080873451
505,12.5276559234256
506,12.5221147430225
507,12.5165845027655
508,12.5110651595407
509,12.5055566704885
510,12.5000589930018
511,12.4945720847238
512,12.4890959035459
513,12.4836304076065
514,12.478175555288
515,12.4727313052159
516,12.4672976162563
517,12.4618744475143
518,12.4564617583319
519,12.4510595082865
520,12.4456676571889
521,12.4402861650816
522,12.4349149922368
523,12.4295540991549
524,12.4242034465626
525,12.4188629954115
526,12.4135327068757
527,12.4082125423508
528,12.4029024634519
529,12.397602432012
530,12.3923124100803
531,12.3870323599207
532,12.3817622440099
533,12.3765020250362
534,12.3712516658977
535,12.3660111297007
536,12.360780379758
537,12.355559379588
538,12.3503480929122
539,12.3451464836545
540,12.3399545159395
541,12.3347721540907
542,12.3295993626293
543,12.3244361062728
544,12.3192823499333
545,12.3141380587164
546,12.3090031979195
547,12.3038777330305
548,12.2987616297264
549,12.293654853872
550,12.2885573715184
551,12.2834691489016
552,12.2783901524415
553,12.2733203487402
554,12.2682597045809
555,12.2632081869263
556,12.2581657629178
557,12.2531323998738
558,12.2481080652885
559,12.2430927268308
560,12.238086352343
561,12.2330889098393
562,12.2281003675052
563,12.2231206936954
564,12.2181498569333
565,12.2131878259098
566,12.2082345694815
567,12.2032900566701
568,12.1983542566612
569,12.1934271388028
570,12.1885086726044
571,12.1835988277359
572,12.1786975740264
573,12.1738048814632
574,12.1689207201903
575,12.1640450605079
576,12.159177872871
577,12.1543191278881
578,12.1494687963207
579,12.1446268490817
580,12.1397932572347
581,12.1349679919927
582,12.1301510247174
583,12.1253423269178
584,12.1205418702497
585,12.115749626514
586,12.1109655676563
587,12.1061896657656
588,12.1014218930736
589,12.0966622219533
590,12.0919106249186
591,12.0871670746227
592,12.0824315438578
593,12.0777040055537
594,12.072984432777
595,12.0682727987304
596,12.0635690767513
597,12.0588732403116
598,12.054185263016
599,12.0495051186017
600,12.0448327809374
601,12.0401682240222
602,12.0355114219849
603,12.0308623490831
604,12.0262209797025
605,12.0215872883559
606,12.0169612496821
607,12.0123428384457
608,12.0077320295358
609,12.0031287979653
610,11.9985331188699
611,11.9939449675078
612,11.9893643192584
613,11.9847911496217
614,11.9802254342175
615,11.9756671487847
616,11.9711162691805
617,11.9665727713793
618,11.9620366314725
619,11.9575078256673
620,11.9529863302864
621,11.9484721217666
622,11.9439651766586
623,11.9394654716263
624,11.9349729834455
625,11.9304876890038
626,11.9260095652998
627,11.9215385894419
628,11.9170747386481
629,11.9126179902452
630,11.908168321668
631,11.9037257104587
632,11.8992901342662
633,11.8948615708452
634,11.8904399980561
635,11.8860253938637
636,11.8816177363369
637,11.8772170036481
638,11.8728231740722
639,11.8684362259863
640,11.8640561378689
641,11.8596828882994
642,11.8553164559572
643,11.8509568196215
644,11.84660395817
645,11.8422578505793
646,11.8379184759232
647,11.8335858133729
648,11.8292598421961
649,11.8249405417561
650,11.8206278915119
651,11.816321871017
652,11.8120224599192
653,11.8077296379598
654,11.803443384973
655,11.7991636808856
656,11.7948905057162
657,11.7906238395748
658,11.7863636626619
659,11.7821099552684
660,11.7778626977749
661,11.773621870651
662,11.7693874544549
663,11.7651594298329
664,11.7609377775186
665,11.7567224783329
666,11.7525135131829
667,11.7483108630617
668,11.744114509048
669,11.7399244323051
670,11.735740614081
671,11.7315630357074
672,11.7273916785995
673,11.7232265242554
674,11.7190675542556
675,11.7149147502625
676,11.7107680940199
677,11.7066275673528
678,11.7024931521663
679,11.6983648304459
680,11.6942425842563
681,11.6901263957415
682,11.6860162471239
683,11.6819121207043
684,11.6778139988609
685,11.6737218640494
686,11.6696356988021
687,11.6655554857277
688,11.6614812075108
689,11.6574128469114
690,11.6533503867645
691,11.6492938099798
692,11.6452430995409
693,11.6411982385055
694,11.6371592100043
695,11.6331259972408
696,11.6290985834912
697,11.6250769521036
698,11.6210610864978
699,11.6170509701646
700,11.6130465866659
701,11.6090479196339
702,11.6050549527705
703,11.6010676698477
704,11.5970860547064
705,11.5931100912563
706,11.5891397634757
707,11.5851750554106
708,11.5812159511751
709,11.5772624349503
710,11.5733144909842
711,11.5693721035912
712,11.5654352571522
713,11.5615039361135
714,11.5575781249869
715,11.5536578083494
716,11.5497429708424
717,11.5458335971718
718,11.5419296721074
719,11.5380311804826
720,11.534138107194
721,11.530250437201
722,11.5263681555258
723,11.5224912472525
724,11.5186196975272
725,11.5147534915576
726,11.5108926146124
727,11.5070370520212
728,11.503186789174
729,11.4993418115211
730,11.4955021045727
731,11.4916676538982
732,11.4878384451265
733,11.4840144639451
734,11.4801956961004
735,11.4763821273966
736,11.472573743696
737,11.4687705309185
738,11.4649724750413
739,11.4611795620985
740,11.4573917781808
741,11.4536091094354
742,11.4498315420654
743,11.4460590623298
744,11.4422916565429
745,11.4385293110743
746,11.4347720123482
747,11.4310197468437
748,11.4272725010938
749,11.4235302616857
750,11.4197930152604
751,11.4160607485119
752,11.4123334481878
753,11.4086111010881
754,11.4048936940657
755,11.4011812140255
756,11.3974736479246
757,11.3937709827717
758,11.390073205627
759,11.386380303602
760,11.3826922638588
761,11.3790090736105
762,11.3753307201202
763,11.3716571907015
764,11.3679884727176
765,11.3643245535814
766,11.3606654207549
767,11.3570110617496
768,11.3533614641254
769,11.3497166154911
770,11.3460765035034
771,11.3424411158675
772,11.3388104403362
773,11.3351844647097
774,11.3315631768359
775,11.3279465646094
776,11.3243346159718
777,11.3207273189114
778,11.3171246614626
779,11.3135266317061
780,11.3099332177684
781,11.3063444078217
782,11.3027601900834
783,11.2991805528163
784,11.295605484328
785,11.2920349729711
786,11.2884690071422
787,11.2849075752825
788,11.2813506658772
789,11.2777982674552
790,11.2742503685891
791,11.2707069578949
792,11.2671680240315
793,11.2636335557009
794,11.260103541648
795,11.2565779706599
796,11.253056831566
797,11.2495401132381
798,11.2460278045894
799,11.2425198945752
800,11.2390163721919
801,11.2355172264773
802,11.2320224465101
803,11.2285320214102
804,11.2250459403376
805,11.221564192493
806,11.2180867671174
807,11.2146136534917
808,11.2111448409366
809,11.2076803188124
810,11.204220076519
811,11.2007641034954
812,11.1973123892197
813,11.1938649232088
814,11.1904216950183
815,11.1869826942422
816,11.1835479105128
817,11.1801173335007
818,11.1766909529141
819,11.1732687584991
820,11.1698507400392
821,11.1664368873555
822,11.163027190306
823,11.1596216387858
824,11.1562202227269
825,11.1528229320979
826,11.1494297569037
827,11.1460406871856
828,11.142655713021
829,11.1392748245233
830,11.1358980118416
831,11.1325252651604
832,11.1291565746999
833,11.1257919307154
834,11.1224313234974
835,11.119074743371
836,11.1157221806963
837,11.112373625868
838,11.1090290693151
839,11.1056885015008
840,11.1023519129225
841,11.0990192941114
842,11.0956906356326
843,11.0923659280847
844,11.0890451620997
845,11.0857283283429
846,11.0824154175129
847,11.0791064203409
848,11.0758013275914
849,11.072500130061
850,11.0692028185793
851,11.0659093840079
852,11.0626198172407
853,11.0593341092038
854,11.056052250855
855,11.0527742331839
856,11.0495000472117
857,11.046229683991
858,11.0429631346059
859,11.0397003901715
860,11.0364414418338
861,11.0331862807698
862,11.0299348981874
863,11.0266872853247
864,11.0234434334505
865,11.0202033338639
866,11.0169669778941
867,11.0137343569002
868,11.0105054622715
869,11.0072802854266
870,11.0040588178142
871,11.000841050912
872,10.9976269762274
873,10.9944165852969
874,10.9912098696859
875,10.9880068209889
876,10.9848074308292
877,10.9816116908587
878,10.978419592758
879,10.9752311282358
880,10.9720462890294
881,10.968865066904
882,10.9656874536531
883,10.9625134410979
884,10.9593430210873
885,10.9561761854981
886,10.9530129262345
887,10.9498532352279
888,10.9466971044373
889,10.9435445258487
890,10.9403954914752
891,10.9372499933565
892,10.9341080235596
893,10.9309695741777
894,10.9278346373308
895,10.9247032051654
896,10.921575269854
897,10.9184508235955
898,10.9153298586149
899,10.9122123671632
900,10.9090983415169
901,10.9059877739788
902,10.9028806568767
903,10.8997769825644
904,10.8966767434208
905,10.8935799318502
906,10.890486540282
907,10.8873965611708
908,10.8843099869959
909,10.8812268102616
910,10.878147023497
911,10.8750706192555
912,10.8719975901154
913,10.8689279286791
914,10.8658616275734
915,10.8627986794494
916,10.8597390769822
917,10.8566828128707
918,10.8536298798379
919,10.8505802706305
920,10.8475339780189
921,10.844490994797
922,10.8414513137822
923,10.8384149278152
924,10.83538182976
925,10.8323520125038
926,10.8293254689567
927,10.826302192052
928,10.8232821747457
929,10.8202654100165
930,10.8172518908659
931,10.814241610318
932,10.8112345614191
933,10.8082307372382
934,10.8052301308663
935,10.8022327354168
936,10.799238544025
937,10.7962475498483
938,10.7932597460661
939,10.7902751258793
940,10.7872936825108
941,10.7843154092049
942,10.7813402992276
943,10.7783683458663
944,10.7753995424296
945,10.7724338822476
946,10.7694713586713
947,10.7665119650729
948,10.7635556948457
949,10.7606025414037
950,10.7576524981818
951,10.7547055586356
952,10.7517617162414
953,10.7488209644959
954,10.7458832969164
955,10.7429487070406
956,10.7400171884263
957,10.7370887346517
958,10.734163339315
959,10.7312409960345
960,10.7283216984484
961,10.7254054402149
962,10.7224922150118
963,10.7195820165367
964,10.7166748385069
965,10.7137706746591
966,10.7108695187496
967,10.7079713645538
968,10.7050762058669
969,10.7021840365028
970,10.6992948502948
971,10.6964086410953
972,10.6935254027756
973,10.6906451292259
974,10.6877678143552
975,10.6848934520914
976,10.6820220363809
977,10.6791535611888
978,10.6762880204987
979,10.6734254083127
980,10.670565718651
981,10.6677089455525
982,10.6648550830741
983,10.6620041252908
984,10.6591560662958
985,10.6563109002002
986,10.6534686211331
987,10.6506292232414
988,10.6477927006898
989,10.6449590476608
990,10.6421282583544
991,10.6393003269882
992,10.6364752477974
993,10.6336530150344
994,10.6308336229692
995,10.628017065889
996,10.6252033380981
997,10.6223924339182
998,10.6195843476877
999,10.6167790737624
1000,10.6139766065148
1001,10.5999663366463
1002,10.5859700560661
1003,10.5719877368653
1004,10.5580193512186
1005,10.5440648713837
1006,10.5301242697011
1007,10.5161975185938
1008,10.5022845905667
1009,10.4883854582068
1010,10.4745000941823
1011,10.4606284712427
1012,10.4467705622183
1013,10.4329263400198
1014,10.4190957776383
1015,10.4052788481445
1016,10.3914755246889
1017,10.377685780501
1018,10.3639095888894
1019,10.3501469232413
1020,10.3363977570223
1021,10.3226620637757
1022,10.3089398171228
1023,10.2952309907621
1024,10.2815355584694
1025,10.2678534940972
1026,10.2541847715743
1027,10.2405293649059
1028,10.2268872481732
1029,10.2132583955327
1030,10.1996427812164
1031,10.1860403795313
1032,10.1724511648591
1033,10.158875111656
1034,10.1453121944522
1035,10.1317623878519
1036,10.1182256665329
1037,10.1047020052461
1038,10.0911913788156
1039,10.077693762138
1040,10.0642091301828
1041,10.0507374579911
1042,10.0372787206763
1043,10.0238328934232
1044,10.0103999514882
1045,9.99697987019837
1046,9.98357262495195
1047,9.97017819121751
1048,9.95679654453392
1049,9.94342766051003
1050,9.93007151482445
1051,9.91672808322524
1052,9.90339734152958
1053,9.89007926562367
1054,9.87677383146232
1055,9.86348101506881
1056,9.85020079253447
1057,9.83693314001862
1058,9.82367803374814
1059,9.81043545001734
1060,9.79720536518762
1061,9.78398775568726
1062,9.77078259801118
1063,9.75758986872063
1064,9.74440954444298
1065,9.73124160187152
1066,9.71808601776508
1067,9.70494276894796
1068,9.6918118323095
1069,9.678693184804
1070,9.66558680345036
1071,9.6524926653319
1072,9.63941074759611
1073,9.62634102745437
1074,9.61328348218179
1075,9.60023808911689
1076,9.58720482566142
1077,9.57418366928012
1078,9.56117459750043
1079,9.54817758791235
1080,9.53519261816813
1081,9.52221966598209
1082,9.50925870913032
1083,9.49630972545057
1084,9.48337269284188
1085,9.47044758926452
1086,9.45753439273957
1087,9.44463308134885
1088,9.43174363323465
1089,9.41886602659949
1090,9.4060002397059
1091,9.39314625087623
1092,9.38030403849238
1093,9.36747358099566
1094,9.35465485688648
1095,9.34184784472422
1096,9.32905252312694
1097,9.31626887077122
1098,9.30349686639193
1099,9.29073648878201
1100,9.27798771679224
1101,9.26525052933108
1102,9.25252490536446
1103,9.23981082391548
1104,9.22710826406432
1105,9.21441720494797
1106,9.20173762576
1107,9.18906950575046
1108,9.17641282422554
1109,9.16376756054749
1110,9.15113369413432
1111,9.13851120445968
1112,9.12590007105257
1113,9.11330027349725
1114,9.10071179143294
1115,9.0881346045537
1116,9.07556869260819
1117,9.06301403539945
1118,9.05047061278481
1119,9.03793840467555
1120,9.02541739103685
1121,9.01290755188747
1122,9.00040886729968
1123,8.98792131739896
1124,8.97544488236388
1125,8.9629795424259
1126,8.95052527786915
1127,8.93808206903029
1128,8.92564989629827
1129,8.91322874011419
1130,8.90081858097111
1131,8.88841939941386
1132,8.87603117603881
1133,8.86365389149376
1134,8.85128752647776
1135,8.83893206174082
1136,8.82658747808389
1137,8.81425375635854
1138,8.80193087746689
1139,8.78961882236131
1140,8.77731757204442
1141,8.76502710756873
1142,8.75274741003657
1143,8.74047846059992
1144,8.72822024046016
1145,8.71597273086797
1146,8.70373591312314
1147,8.69150976857438
1148,8.67929427861917
1149,8.66708942470358
1150,8.65489518832209
1151,8.64271155101746
1152,8.63053849438051
1153,8.61837600004999
1154,8.60622404971241
1155,8.59408262510186
1156,8.58195170799986
1157,8.56983128023518
1158,8.55772132368371
1159,8.54562182026822
1160,8.53353275195832
1161,8.52145410077017
1162,8.50938584876643
1163,8.49732797805602
1164,8.48528047079399
1165,8.47324330918138
1166,8.46121647546502
1167,8.44919995193742
1168,8.43719372093661
1169,8.42519776484588
1170,8.41321206609381
1171,8.40123660715398
1172,8.38927137054483
1173,8.37731633882953
1174,8.36537149461587
1175,8.35343682055603
1176,8.34151229934646
1177,8.32959791372776
1178,8.31769364648447
1179,8.30579948044497
1180,8.29391539848132
1181,8.28204138350911
1182,8.27017741848729
1183,8.25832348641806
1184,8.24647957034671
1185,8.23464565336144
1186,8.22282171859329
1187,8.21100774921593
1188,8.19920372844553
1189,8.18740963954065
1190,8.17562546580206
1191,8.16385119057259
1192,8.15208679723705
1193,8.14033226922202
1194,8.12858758999577
1195,8.11685274306804
1196,8.10512771199001
1197,8.09341248035405
1198,8.08170703179365
1199,8.0700113499833
1200,8.05832541863828
1201,8.04664922151458
1202,8.03498274240874
1203,8.02332596515776
1204,8.01167887363889
1205,8.00004145176955
1206,7.98841368350717
1207,7.9767955528491
1208,7.96518704383242
1209,7.95358814053387
1210,7.94199882706963
1211,7.93041908759531
1212,7.91884890630572
1213,7.90728826743475
1214,7.89573715525533
1215,7.8841955540792
1216,7.8726634482568
1217,7.86114082217721
1218,7.84962766026795
1219,7.83812394699488
1220,7.82662966686208
1221,7.81514480441173
1222,7.80366934422396
1223,7.79220327091672
1224,7.78074656914572
1225,7.76929922360424
1226,7.75786121902303
1227,7.74643254017018
1228,7.73501317185105
1229,7.72360309890806
1230,7.7122023062206
1231,7.700810778705
1232,7.68942850131423
1233,7.67805545903801
1234,7.66669163690244
1235,7.6553370199701
1236,7.64399159333981
1237,7.63265534214653
1238,7.62132825156126
1239,7.61001030679096
1240,7.59870149307832
1241,7.5874017957018
1242,7.57611119997539
1243,7.56482969124851
1244,7.553557254906
1245,7.54229387636787
1246,7.53103954108927
1247,7.51979423456036
1248,7.50855794230618
1249,7.49733064988658
1250,7.48611234289605
1251,7.47490300696363
1252,7.46370262775285
1253,7.45251119096157
1254,7.44132868232182
1255,7.43015508759983
1256,7.41899039259582
1257,7.40783458314387
1258,7.39668764511191
1259,7.38554956440153
1260,7.3744203269479
1261,7.36329991871968
1262,7.35218832571887
1263,7.34108553398077
1264,7.32999152957381
1265,7.31890629859949
1266,7.30782982719223
1267,7.29676210151933
1268,7.28570310778082
1269,7.27465283220932
1270,7.26361126107007
1271,7.25257838066066
1272,7.24155417731106
1273,7.23053863738346
1274,7.21953174727215
1275,7.20853349340349
1276,7.19754386223572
1277,7.18656284025893
1278,7.17559041399495
1279,7.1646265699972
1280,7.15367129485065
1281,7.14272457517171
1282,7.13178639760809
1283,7.12085674883875
1284,7.1099356155738
1285,7.09902298455437
1286,7.08811884255253
1287,7.07722317637122
1288,7.06633597284409
1289,7.0554572188355
1290,7.04458690124033
1291,7.03372500698391
1292,7.022871523022
1293,7.01202643634059
1294,7.00118973395588
1295,6.9903614029141
1296,6.97954143029157
1297,6.96872980319445
1298,6.95792650875873
1299,6.94713153415012
1300,6.93634486656396
1301,6.92556649322513
1302,6.91479640138796
1303,6.90403457833611
1304,6.89328101138254
1305,6.88253568786939
1306,6.87179859516783
1307,6.86106972067812
1308,6.85034905182934
1309,6.83963657607944
1310,6.82893228091511
1311,6.81823615385168
1312,6.80754818243299
1313,6.79686835423141
1314,6.78619665684766
1315,6.77553307791079
1316,6.76487760507804
1317,6.75423022603476
1318,6.7435909284944
1319,6.73295970019829
1320,6.72233652891567
1321,6.71172140244359
1322,6.70111430860676
1323,6.69051523525754
1324,6.67992417027578
1325,6.66934110156883
1326,6.6587660170714
1327,6.64819890474548
1328,6.63763975258025
1329,6.62708854859203
1330,6.61654528082419
1331,6.60600993734703
1332,6.59548250625777
1333,6.58496297568037
1334,6.57445133376558
1335,6.56394756869071
1336,6.55345166865969
1337,6.5429636219029
1338,6.53248341667713
1339,6.52201104126549
1340,6.51154648397731
1341,6.50108973314811
1342,6.49064077713948
1343,6.48019960433902
1344,6.46976620316028
1345,6.45934056204263
1346,6.44892266945122
1347,6.43851251387694
1348,6.42811008383627
1349,6.41771536787124
1350,6.40732835454934
1351,6.39694903246347
1352,6.38657739023188
1353,6.376213416498
1354,6.3658570999305
1355,6.35550842922309
1356,6.34516739309456
1357,6.33483398028859
1358,6.32450817957376
1359,6.31418997974348
1360,6.30387936961586
1361,6.29357633803367
1362,6.28328087386426
1363,6.27299296599951
1364,6.26271260335573
1365,6.25243977487359
1366,6.24217446951808
1367,6.23191667627837
1368,6.22166638416786
1369,6.21142358222396
1370,6.20118825950816
1371,6.19096040510582
1372,6.18074000812624
1373,6.1705270577025
1374,6.1603215429914
1375,6.15012345317344
1376,6.1399327774527
1377,6.12974950505678
1378,6.11957362523675
1379,6.10940512726707
1380,6.09924400044553
1381,6.08909023409317
1382,6.07894381755424
1383,6.06880474019609
1384,6.05867299140913
1385,6.04854856060675
1386,6.03843143722531
1387,6.02832161072395
1388,6.01821907058467
1389,6.00812380631216
1390,5.99803580743378
1391,5.98795506349949
1392,5.97788156408176
1393,5.96781529877555
1394,5.95775625719818
1395,5.9477044289894
1396,5.93765980381109
1397,5.92762237134747
1398,5.91759212130481
1399,5.90756904341154
1400,5.89755312741804
1401,5.88754436309671
1402,5.87754274024177
1403,5.86754824866934
1404,5.85756087821726
1405,5.8475806187451
1406,5.83760746013406
1407,5.82764139228694
1408,5.81768240512806
1409,5.80773048860317
1410,5.79778563267948
1411,5.78784782734546
1412,5.77791706261092
1413,5.76799332850688
1414,5.75807661508549
1415,5.74816691242002
1416,5.73826421060477
1417,5.72836849975503
1418,5.71847977000698
1419,5.70859801151772
1420,5.69872321446509
1421,5.68885536904771
1422,5.67899446548488
1423,5.66914049401651
1424,5.65929344490309
1425,5.64945330842563
1426,5.63962007488558
1427,5.6297937346048
1428,5.61997427792549
1429,5.6101616952101
1430,5.60035597684136
1431,5.59055711322212
1432,5.58076509477537
1433,5.57097991194414
1434,5.56120155519149
1435,5.55143001500038
1436,5.5416652818737
1437,5.53190734633414
1438,5.52215619892421
1439,5.51241183020611
1440,5.50267423076171
1441,5.49294339119252
1442,5.48321930211958
1443,5.47350195418345
1444,5.46379133804415
1445,5.45408744438107
1446,5.44439026389297
1447,5.43469978729792
1448,5.42501600533314
1449,5.41533890875515
1450,5.40566848833953
1451,5.39600473488093
1452,5.38634763919308
1453,5.37669719210863
1454,5.36705338447918
1455,5.3574162071752
1456,5.34778565108596
1457,5.33816170711952
1458,5.32854436620262
1459,5.31893361928072
1460,5.3093294573178
1461,5.29973187129651
1462,5.29014085221791
1463,5.2805563911016
1464,5.27097847898552
1465,5.26140710692603
1466,5.25184226599776
1467,5.24228394729359
1468,5.23273214192467
1469,5.22318684102024
1470,5.21364803572768
1471,5.20411571721241
1472,5.1945898766579
1473,5.18507050526557
1474,5.17555759425471
1475,5.16605113486254
1476,5.15655111834405
1477,5.14705753597201
1478,5.13757037903693
1479,5.12808963884697
1480,5.11861530672791
1481,5.10914737402314
1482,5.09968583209355
1483,5.0902306723175
1484,5.08078188609083
1485,5.07133946482674
1486,5.06190339995577
1487,5.05247368292574
1488,5.04305030520177
1489,5.03363325826611
1490,5.02422253361826
1491,5.01481812277472
1492,5.00542001726914
1493,4.99602820865213
1494,4.9866426884913
1495,4.97726344837122
1496,4.96789047989327
1497,4.9585237746757
1498,4.94916332435356
1499,4.93980912057867
1500,4.93046115501948
1501,4.92111941936117
1502,4.91178390530547
1503,4.90245460457076
1504,4.89313150889185
1505,4.88381461002009
1506,4.87450389972327
1507,4.86519936978554
1508,4.85590101200745
1509,4.84660881820577
1510,4.83732278021364
1511,4.82804288988033
1512,4.81876913907134
1513,4.80950151966829
1514,4.8002400235689
1515,4.79098464268692
1516,4.78173536895213
1517,4.77249219431025
1518,4.76325511072294
1519,4.75402411016772
1520,4.744799184638
1521,4.73558032614294
1522,4.72636752670746
1523,4.7171607783722
1524,4.70796007319351
1525,4.69876540324329
1526,4.68957676060911
1527,4.68039413739405
1528,4.67121752571673
1529,4.66204691771117
1530,4.65288230552692
1531,4.64372368132884
1532,4.63457103729716
1533,4.62542436562744
1534,4.61628365853046
1535,4.60714890823226
1536,4.5980201069741
1537,4.58889724701231
1538,4.5797803206184
1539,4.57066932007891
1540,4.56156423769545
1541,4.55246506578456
1542,4.54337179667781
1543,4.53428442272161
1544,4.5252029362773
1545,4.51612732972102
1546,4.50705759544373
1547,4.49799372585117
1548,4.48893571336376
1549,4.47988355041663
1550,4.47083722945954
1551,4.46179674295686
1552,4.45276208338757
1553,4.44373324324513
1554,4.43471021503754
1555,4.42569299128721
1556,4.41668156453101
1557,4.40767592732019
1558,4.39867607222033
1559,4.38968199181134
1560,4.3806936786874
1561,4.37171112545691
1562,4.36273432474249
1563,4.35376326918093
1564,4.34479795142312
1565,4.33583836413407
1566,4.32688449999281
1567,4.31793635169245
1568,4.30899391194005
1569,4.30005717345659
1570,4.29112612897703
1571,4.28220077125012
1572,4.27328109303856
1573,4.26436708711876
1574,4.25545874628096
1575,4.24655606332912
1576,4.23765903108087
1577,4.22876764236759
1578,4.21988189003423
1579,4.21100176693932
1580,4.20212726595503
1581,4.19325837996698
1582,4.18439510187433
1583,4.17553742458969
1584,4.16668534103911
1585,4.15783884416201
1586,4.14899792691121
1587,4.14016258225278
1588,4.13133280316617
1589,4.12250858264404
1590,4.11368991369227
1591,4.10487678932996
1592,4.09606920258936
1593,4.08726714651583
1594,4.07847061416784
1595,4.06967959861693
1596,4.06089409294763
1597,4.0521140902575
1598,4.04333958365706
1599,4.03457056626974
1600,4.02580703123186
1601,4.01704897169265
1602,4.00829638081415
1603,3.99954925177117
1604,3.99080757775135
1605,3.982071351955
1606,3.97334056759521
1607,3.96461521789767
1608,3.95589529610076
1609,3.94718079545544
1610,3.93847170922531
1611,3.92976803068643
1612,3.92106975312745
1613,3.91237686984947
1614,3.90368937416607
1615,3.89500725940322
1616,3.88633051889931
1617,3.87765914600508
1618,3.86899313408361
1619,3.8603324765103
1620,3.85167716667278
1621,3.84302719797094
1622,3.83438256381692
1623,3.82574325763496
1624,3.81710927286154
1625,3.80848060294517
1626,3.79985724134654
1627,3.79123918153834
1628,3.78262641700531
1629,3.77401894124421
1630,3.76541674776375
1631,3.75681983008459
1632,3.74822818173929
1633,3.73964179627235
1634,3.73106066724005
1635,3.72248478821055
1636,3.71391415276377
1637,3.70534875449145
1638,3.69678858699703
1639,3.68823364389566
1640,3.67968391881419
1641,3.67113940539113
1642,3.6626000972766
1643,3.65406598813232
1644,3.64553707163158
1645,3.63701334145924
1646,3.62849479131162
1647,3.61998141489658
1648,3.61147320593339
1649,3.60297015815279
1650,3.59447226529689
1651,3.58597952111919
1652,3.57749191938454
1653,3.56900945386911
1654,3.56053211836034
1655,3.55205990665698
1656,3.54359281256897
1657,3.53513082991748
1658,3.52667395253488
1659,3.51822217426466
1660,3.50977548896146
1661,3.50133389049103
1662,3.4928973727302
1663,3.48446592956681
1664,3.47603955489977
1665,3.46761824263898
1666,3.45920198670526
1667,3.45079078103043
1668,3.44238461955721
1669,3.43398349623922
1670,3.4255874050409
1671,3.41719633993758
1672,3.4088102949154
1673,3.40042926397126
1674,3.39205324111283
1675,3.38368222035852
1676,3.37531619573746
1677,3.36695516128945
1678,3.35859911106495
1679,3.35024803912506
1680,3.34190193954149
1681,3.33356080639652
1682,3.325224633783
1683,3.31689341580432
1684,3.30856714657435
1685,3.30024582021749
1686,3.29192943086852
1687,3.28361797267275
1688,3.27531143978582
1689,3.26700982637379
1690,3.25871312661309
1691,3.25042133469044
1692,3.24213444480291
1693,3.23385245115784
1694,3.22557534797285
1695,3.21730312947577
1696,3.20903578990465
1697,3.20077332350774
1698,3.19251572454345
1699,3.18426298728033
1700,3.17601510599707
1701,3.1677720749824
1702,3.15953388853517
1703,3.15130054096425
1704,3.14307202658853
1705,3.13484833973694
1706,3.12662947474833
1707,3.11841542597153
1708,3.11020618776529
1709,3.10200175449828
1710,3.09380212054907
1711,3.08560728030601
1712,3.07741722816739
1713,3.06923195854123
1714,3.06105146584537
1715,3.05287574450744
1716,3.0447047889648
1717,3.03653859366452
1718,3.02837715306335
1719,3.02022046162778
1720,3.01206851383392
1721,3.00392130416746
1722,2.99577882712382
1723,2.98764107720788
1724,2.97950804893418
1725,2.97137973682673
1726,2.96325613541913
1727,2.95513723925442
1728,2.94702304288516
1729,2.93891354087331
1730,2.93080872779034
1731,2.92270859821706
1732,2.9146131467437
1733,2.90652236796988
1734,2.8984362565045
1735,2.89035480696587
1736,2.88227801398155
1737,2.87420587218835
1738,2.86613837623243
1739,2.85807552076911
1740,2.85001730046297
1741,2.84196370998777
1742,2.83391474402644
1743,2.82587039727107
1744,2.81783066442292
1745,2.80979554019229
1746,2.80176501929864
1747,2.79373909647045
1748,2.78571776644525
1749,2.77770102396966
1750,2.76968886379926
1751,2.7616812806986
1752,2.75367826944125
1753,2.74567982480968
1754,2.73768594159531
1755,2.72969661459845
1756,2.72171183862835
1757,2.71373160850305
1758,2.70575591904947
1759,2.69778476510336
1760,2.68981814150926
1761,2.68185604312052
1762,2.67389846479924
1763,2.66594540141624
1764,2.65799684785111
1765,2.65005279899213
1766,2.64211324973625
1767,2.63417819498912
1768,2.62624762966498
1769,2.61832154868677
1770,2.61039994698596
1771,2.6024828195027
1772,2.59457016118562
1773,2.58666196699195
1774,2.57875823188742
1775,2.5708589508463
1776,2.56296411885135
1777,2.55507373089378
1778,2.54718778197327
1779,2.53930626709793
1780,2.5314291812843
1781,2.52355651955727
1782,2.51568827695017
1783,2.50782444850466
1784,2.49996502927072
1785,2.4921100143067
1786,2.4842593986792
1787,2.47641317746314
1788,2.4685713457417
1789,2.46073389860629
1790,2.45290083115657
1791,2.44507213850041
1792,2.43724781575386
1793,2.42942785804114
1794,2.42161226049465
1795,2.4138010182549
1796,2.40599412647053
1797,2.3981915802983
1798,2.39039337490301
1799,2.38259950545757
1800,2.37480996714292
1801,2.36702475514802
1802,2.35924386466986
1803,2.3514672909134
1804,2.34369502909159
1805,2.33592707442535
1806,2.32816342214353
1807,2.3204040674829
1808,2.31264900568814
1809,2.30489823201181
1810,2.29715174171436
1811,2.28940953006406
1812,2.28167159233706
1813,2.27393792381731
1814,2.26620851979654
1815,2.25848337557429
1816,2.25076248645784
1817,2.24304584776228
1818,2.23533345481036
1819,2.2276253029326
1820,2.21992138746717
1821,2.21222170375998
1822,2.20452624716456
1823,2.1968350130421
1824,2.18914799676145
1825,2.18146519369902
1826,2.17378659923885
1827,2.16611220877259
1828,2.15844201769941
1829,2.15077602142603
1830,2.14311421536673
1831,2.13545659494329
1832,2.12780315558499
1833,2.1201538927286
1834,2.11250880181834
1835,2.10486787830588
1836,2.09723111765037
1837,2.0895985153183
1838,2.08197006678363
1839,2.07434576752767
1840,2.06672561303912
1841,2.059109598814
1842,2.05149772035571
1843,2.04388997317493
1844,2.03628635278968
1845,2.02868685472526
1846,2.02109147451422
1847,2.01350020769641
1848,2.00591304981889
1849,1.99832999643595
1850,1.99075104310912
1851,1.98317618540709
1852,1.97560541890574
1853,1.96803873918813
1854,1.96047614184445
1855,1.95291762247204
1856,1.94536317667534
1857,1.93781280006591
1858,1.93026648826238
1859,1.92272423689049
1860,1.91518604158298
1861,1.90765189797968
1862,1.90012180172739
1863,1.89259574848003
1864,1.88507373389839
1865,1.87755575365033
1866,1.87004180341066
1867,1.86253187886107
1868,1.8550259756903
1869,1.84752408959393
1870,1.84002621627447
1871,1.83253235144134
1872,1.82504249081084
1873,1.81755663010609
1874,1.8100747650571
1875,1.8025968914007
1876,1.79512300488053
1877,1.78765310124705
1878,1.7801871762575
1879,1.77272522567591
1880,1.76526724527307
1881,1.75781323082646
1882,1.75036317812039
1883,1.74291708294584
1884,1.73547494110046
1885,1.72803674838865
1886,1.72060250062144
1887,1.71317219361656
1888,1.70574582319836
1889,1.69832338519781
1890,1.69090487545255
1891,1.68349028980678
1892,1.6760796241113
1893,1.66867287422352
1894,1.66127003600736
1895,1.65387110533334
1896,1.64647607807846
1897,1.63908495012632
1898,1.63169771736692
1899,1.62431437569689
1900,1.61693492101922
1901,1.60955934924341
1902,1.60218765628546
1903,1.59481983806774
1904,1.58745589051907
1905,1.58009580957471
1906,1.57273959117629
1907,1.56538723127181
1908,1.55803872581571
1909,1.55069407076871
1910,1.54335326209792
1911,1.5360162957768
1912,1.52868316778507
1913,1.52135387410881
1914,1.51402841074036
1915,1.50670677367837
1916,1.49938895892772
1917,1.4920749624996
1918,1.48476478041136
1919,1.47745840868665
1920,1.4701558433553
1921,1.46285708045335
1922,1.45556211602302
1923,1.44827094611273
1924,1.44098356677704
1925,1.43369997407666
1926,1.42642016407844
1927,1.41914413285538
1928,1.41187187648656
1929,1.40460339105717
1930,1.39733867265849
1931,1.39007771738788
1932,1.38282052134873
1933,1.37556708065053
1934,1.36831739140877
1935,1.36107144974497
1936,1.35382925178666
1937,1.34659079366737
1938,1.33935607152665
1939,1.33212508150997
1940,1.32489781976879
1941,1.31767428246052
1942,1.3104544657485
1943,1.303238365802
1944,1.29602597879621
1945,1.28881730091222
1946,1.28161232833699
1947,1.27441105726337
1948,1.26721348389009
1949,1.26001960442169
1950,1.25282941506861
1951,1.24564291204705
1952,1.23846009157911
1953,1.2312809498926
1954,1.22410548322119
1955,1.21693368780433
1956,1.20976555988718
1957,1.20260109572074
1958,1.1954402915617
1959,1.18828314367248
1960,1.18112964832126
1961,1.1739798017819
1962,1.16683360033398
1963,1.15969104026276
1964,1.15255211785915
1965,1.14541682941977
1966,1.13828517124686
1967,1.1311571396483
1968,1.12403273093763
1969,1.11691194143398
1970,1.10979476746209
1971,1.1026812053523
1972,1.09557125144055
1973,1.08846490206832
1974,1.08136215358268
1975,1.07426300233624
1976,1.06716744468713
1977,1.06007547699904
1978,1.05298709564116
1979,1.0459022969882
1980,1.03882107742033
1981,1.03174343332322
1982,1.02466936108805
1983,1.0175988571114
1984,1.01053191779535
1985,1.00346853954738
1986,0.996408718780422
1987,0.989352451912815
1988,0.982299735368308
1989,0.975250565576054
1990,0.968204938970572
1991,0.961162851991759
1992,0.954124301084889
1993,0.947089282700588
1994,0.940057793294812
1995,0.933029829328831
1996,0.926005387269285
1997,0.918984463588075
1998,0.911967054762407
1999,0.904953157274825
2000,0.897942767613067
2001,0.891478248844464
2002,0.885016959913003
2003,0.87855889759286
2004,0.872104058663098
2005,0.865652439907535
2006,0.859204038114832
2007,0.852758850078452
2008,0.846316872596645
2009,0.83987810247244
2010,0.833442536513658
2011,0.827010171532834
2012,0.820581004347318
2013,0.814155031779165
2014,0.807732250655192
2015,0.801312657806903
2016,0.794896250070565
2017,0.788483024287103
2018,0.782072977302185
2019,0.775666105966131
2020,0.769262407133958
2021,0.762861877665358
2022,0.756464514424685
2023,0.750070314280919
2024,0.743679274107699
2025,0.737291390783291
2026,0.730906661190602
2027,0.724525082217134
2028,0.71814665075501
2029,0.711771363700912
2030,0.705399217956163
2031,0.699030210426635
2032,0.692664338022787
2033,0.686301597659586
2034,0.67994198625663
2035,0.673585500737985
2036,0.66723213803229
2037,0.66088189507272
2038,0.654534768796943
2039,0.648190756147123
2040,0.641849854069946
2041,0.635512059516579
2042,0.629177369442672
2043,0.622845780808326
2044,0.616517290578138
2045,0.610191895721144
2046,0.60386959321081
2047,0.597550380025069
2048,0.59123425314624
2049,0.584921209561124
2050,0.57861124626087
2051,0.572304360241048
2052,0.566000548501648
2053,0.559699808047021
2054,0.553402135885889
2055,0.547107529031365
2056,0.540815984500895
2057,0.53452749931629
2058,0.528242070503708
2059,0.521959695093628
2060,0.515680370120883
2061,0.509404092624571
2062,0.503130859648145
2063,0.496860668239343
2064,0.490593515450186
2065,0.48432939833701
2066,0.478068313960378
2067,0.471810259385173
2068,0.46555523168049
2069,0.459303227919698
2070,0.453054245180418
2071,0.446808280544488
2072,0.440565331097979
2073,0.434325393931168
2074,0.428088466138561
2075,0.421854544818842
2076,0.415623627074936
2077,0.409395710013897
2078,0.403170790746991
2079,0.396948866389629
2080,0.390729934061412
2081,0.38451399088607
2082,0.378301033991498
2083,0.372091060509717
2084,0.365884067576879
2085,0.359680052333253
2086,0.353479011923227
2087,0.347280943495306
2088,0.341085844202077
2089,0.334893711200216
2090,0.328704541650488
2091,0.322518332717749
2092,0.316335081570877
2093,0.310154785382849
2094,0.303977441330687
2095,0.297803046595433
2096,0.291631598362208
2097,0.28546309382012
2098,0.279297530162289
2099,0.273134904585909
2100,0.266975214292138
2101,0.260818456486099
2102,0.254664628376965
2103,0.248513727177865
2104,0.242365750105911
2105,0.236220694382155
2106,0.230078557231636
2107,0.223939335883344
2108,0.217803027570199
2109,0.211669629529062
2110,0.205539139000749
2111,0.19941155322995
2112,0.193286869465318
2113,0.187165084959375
2114,0.181046196968566
2115,0.174930202753224
2116,0.168817099577552
2117,0.162706884709664
2118,0.156599555421508
2119,0.15049510898892
2120,0.144393542691589
2121,0.138294853813029
2122,0.132199039640625
2123,0.126106097465573
2124,0.120016024582917
2125,0.113928818291519
2126,0.107844475894034
2127,0.101762994696927
2128,0.0956843720104956
2129,0.0896086051487544
2130,0.0835356914295957
2131,0.0774656281746147
2132,0.0713984127092075
2133,0.0653340423625224
2134,0.0592725144674873
2135,0.0532138263607322
2136,0.0471579753826887
2137,0.0411049588774546
2138,0.035054774192929
2139,0.0290074186806706
2140,0.0229628896959753
2141,0.0169211845978552
2142,0.0108823007490031
2143,0.00484623551582786
2144,-0.00118701373159524
2145,-0.00721744961953164
2146,-0.0132450747705093
2147,-0.0192698918034537
2148,-0.0252919033335957
2149,-0.0313111119725491
2150,-0.0373275203282404
2151,-0.0433411310049934
2152,-0.0493519466034584
2153,-0.0553599697207332
2154,-0.0613652029502134
2155,-0.0673676488817421
2156,-0.0733673101015455
2157,-0.0793641891922192
2158,-0.085358288732813
2159,-0.0913496112987744
2160,-0.0973381594619482
2161,-0.103323935790677
2162,-0.109306942849649
2163,-0.115287183200067
2164,-0.121264659399529
2165,-0.127239374002137
2166,-0.133211329558421
2167,-0.139180528615384
2168,-0.145146973716514
2169,-0.151110667401774
2170,-0.157071612207623
2171,-0.163029810667005
2172,-0.168985265309345
2173,-0.174937978660623
2174,-0.180887953243293
2175,-0.18683519157635
2176,-0.192779696175307
2177,-0.198721469552197
2178,-0.204660514215625
2179,-0.210596832670696
2180,-0.216530427419116
2181,-0.222461300959125
2182,-0.228389455785511
2183,-0.234314894389662
2184,-0.240237619259538
2185,-0.246157632879651
2186,-0.252074937731145
2187,-0.257989536291731
2188,-0.263901431035741
2189,-0.269810624434115
2190,-0.275717118954383
2191,-0.2816209170607
2192,-0.287522021213896
2193,-0.293420433871361
2194,-0.299316157487183
2195,-0.305209194512052
2196,-0.311099547393354
2197,-0.316987218575093
2198,-0.322872210497948
2199,-0.32875452559928
2200,-0.334634166313116
2201,-0.340511135070166
2202,-0.346385434297815
2203,-0.352257066420165
2204,-0.358126033857992
2205,-0.363992339028812
2206,-0.36985598434682
2207,-0.375716972222939
2208,-0.381575305064835
2209,-0.387430985276858
2210,-0.393284015260136
2211,-0.399134397412539
2212,-0.404982134128645
2213,-0.410827227799814
2214,-0.416669680814167
2215,-0.422509495556568
2216,-0.428346674408687
2217,-0.434181219748943
2218,-0.440013133952547
2219,-0.445842419391475
2220,-0.451669078434549
2221,-0.457493113447327
2222,-0.463314526792225
2223,-0.469133320828433
2224,-0.474949497912
2225,-0.480763060395745
2226,-0.486574010629354
2227,-0.492382350959339
2228,-0.498188083729048
2229,-0.503991211278652
2230,-0.509791735945228
2231,-0.515589660062666
2232,-0.52138498596171
2233,-0.527177715970012
2234,-0.532967852412078
2235,-0.538755397609286
2236,-0.544540353879896
2237,-0.55032272353909
2238,-0.556102508898896
2239,-0.561879712268286
2240,-0.567654335953122
2241,-0.573426382256173
2242,-0.579195853477152
2243,-0.584962751912656
2244,-0.590727079856229
2245,-0.596488839598372
2246,-0.602248033426498
2247,-0.608004663624961
2248,-0.613758732475091
2249,-0.619510242255146
2250,-0.625259195240396
2251,-0.631005593702994
2252,-0.636749439912151
2253,-0.642490736133993
2254,-0.648229484631678
2255,-0.653965687665327
2256,-0.659699347492037
2257,-0.66543046636594
2258,-0.671159046538158
2259,-0.676885090256818
2260,-0.682608599767057
2261,-0.688329577311066
2262,-0.694048025128012
2263,-0.69976394545413
2264,-0.705477340522684
2265,-0.711188212563954
2266,-0.716896563805314
2267,-0.722602396471139
2268,-0.728305712782898
2269,-0.734006514959106
2270,-0.739704805215347
2271,-0.745400585764294
2272,-0.751093858815658
2273,-0.75678462657627
2274,-0.762472891250042
2275,-0.768158655037965
2276,-0.773841920138132
2277,-0.779522688745757
2278,-0.785200963053143
2279,-0.790876745249719
2280,-0.796550037522032
2281,-0.802220842053728
2282,-0.807889161025606
2283,-0.813554996615608
2284,-0.819218350998796
2285,-0.824879226347363
2286,-0.830537624830676
2287,-0.836193548615263
2288,-0.841846999864771
2289,-0.847497980740059
2290,-0.853146493399116
2291,-0.858792539997118
2292,-0.864436122686428
2293,-0.870077243616571
2294,-0.875715904934296
2295,-0.88135210878351
2296,-0.886985857305319
2297,-0.892617152638067
2298,-0.898245996917275
2299,-0.903872392275694
2300,-0.909496340843262
2301,-0.915117844747165
2302,-0.920736906111827
2303,-0.926353527058879
2304,-0.931967709707209
2305,-0.937579456172934
2306,-0.943188768569392
2307,-0.948795649007245
2308,-0.954400099594331
2309,-0.960002122435803
2310,-0.965601719634058
2311,-0.971198893288758
2312,-0.976793645496855
2313,-0.982385978352561
2314,-0.9879758939474
2315,-0.993563394370177
2316,-0.999148481706953
2317,-1.00473115804115
2318,-1.01031142545342
2319,-1.01588928602181
2320,-1.0214647418216
2321,-1.02703779492543
2322,-1.03260844740327
2323,-1.03817670132236
2324,-1.04374255874734
2325,-1.04930602174014
2326,-1.05486709236005
2327,-1.06042577266368
2328,-1.06598206470503
2329,-1.07153597053544
2330,-1.07708749220357
2331,-1.08263663175548
2332,-1.08818339123461
2333,-1.09372777268172
2334,-1.099269778135
2335,-1.10480940962999
2336,-1.11034666919962
2337,-1.11588155887424
2338,-1.12141408068153
2339,-1.12694423664663
2340,-1.13247202879205
2341,-1.13799745913772
2342,-1.14352052970098
2343,-1.14904124249659
2344,-1.15455959953671
2345,-1.16007560283097
2346,-1.16558925438638
2347,-1.1711005562074
2348,-1.17660951029596
2349,-1.18211611865139
2350,-1.18762038327046
2351,-1.19312230614746
2352,-1.19862188927407
2353,-1.20411913463944
2354,-1.20961404423021
2355,-1.21510662003046
2356,-1.22059686402179
2357,-1.2260847781832
2358,-1.23157036449125
2359,-1.23705362491993
2360,-1.24253456144076
2361,-1.24801317602272
2362,-1.25348947063232
2363,-1.25896344723355
2364,-1.2644351077879
2365,-1.26990445425442
2366,-1.27537148858962
2367,-1.28083621274755
2368,-1.28629862867979
2369,-1.29175873833545
2370,-1.29721654366116
2371,-1.30267204660109
2372,-1.30812524909695
2373,-1.313576153088
2374,-1.31902476051105
2375,-1.32447107330047
2376,-1.32991509338814
2377,-1.33535682270358
2378,-1.34079626317381
2379,-1.34623341672344
2380,-1.35166828527467
2381,-1.35710087074725
2382,-1.36253117505854
2383,-1.36795920012346
2384,-1.37338494785454
2385,-1.37880842016187
2386,-1.38422961895319
2387,-1.38964854613381
2388,-1.39506520360663
2389,-1.40047959327221
2390,-1.40589171702866
2391,-1.41130157677178
2392,-1.41670917439492
2393,-1.4221145117891
2394,-1.42751759084297
2395,-1.43291841344278
2396,-1.43831698147248
2397,-1.44371329681358
2398,-1.44910736134531
2399,-1.45449917694449
2400,-1.45988874548564
2401,-1.46527606884091
2402,-1.47066114888013
2403,-1.47604398747077
2404,-1.48142458647799
2405,-1.48680294776464
2406,-1.49217907319118
2407,-1.49755296461581
2408,-1.50292462389443
2409,-1.50829405288056
2410,-1.51366125342546
2411,-1.51902622737808
2412,-1.52438897658506
2413,-1.52974950289074
2414,-1.53510780813721
2415,-1.5404638941642
2416,-1.54581776280921
2417,-1.55116941590743
2418,-1.5565188552918
2419,-1.56186608279296
2420,-1.56721110023929
2421,-1.57255390945692
2422,-1.57789451226968
2423,-1.58323291049917
2424,-1.58856910596474
2425,-1.59390310048347
2426,-1.5992348958702
2427,-1.60456449393752
2428,-1.60989189649578
2429,-1.61521710535312
2430,-1.62054012231541
2431,-1.62586094918632
2432,-1.63117958776728
2433,-1.6364960398575
2434,-1.64181030725396
2435,-1.64712239175145
2436,-1.65243229514254
2437,-1.65774001921758
2438,-1.66304556576474
2439,-1.66834893656997
2440,-1.67365013341704
2441,-1.6789491580875
2442,-1.68424601236073
2443,-1.68954069801393
2444,-1.69483321682212
2445,-1.70012357055813
2446,-1.7054117609926
2447,-1.71069778989404
2448,-1.71598165902876
2449,-1.72126337016091
2450,-1.72654292505249
2451,-1.73182032546335
2452,-1.73709557315114
2453,-1.74236866987141
2454,-1.74763961737756
2455,-1.75290841742083
2456,-1.75817507175032
2457,-1.76343958211298
2458,-1.76870195025368
2459,-1.77396217791511
2460,-1.77922026683785
2461,-1.78447621876035
2462,-1.78973003541896
2463,-1.79498171854792
2464,-1.8002312698793
2465,-1.80547869114315
2466,-1.81072398406734
2467,-1.81596715037769
2468,-1.82120819179788
2469,-1.82644711004952
2470,-1.83168390685212
2471,-1.83691858392311
2472,-1.84215114297783
2473,-1.84738158572955
2474,-1.85260991388942
2475,-1.85783612916657
2476,-1.86306023326803
2477,-1.86828222789878
2478,-1.8735021147617
2479,-1.87871989555764
2480,-1.8839355719854
2481,-1.88914914574168
2482,-1.89436061852118
2483,-1.89956999201651
2484,-1.90477726791828
2485,-1.90998244791503
2486,-1.91518553369325
2487,-1.92038652693741
2488,-1.92558542932997
2489,-1.93078224255132
2490,-1.93597696827986
2491,-1.94116960819196
2492,-1.94636016396193
2493,-1.95154863726215
2494,-1.95673502976291
2495,-1.96191934313253
2496,-1.96710157903729
2497,-1.97228173914154
2498,-1.97745982510753
2499,-1.98263583859561
2500,-1.98780978126406
2501,-1.99298165476924
2502,-1.99815146076545
2503,-2.00331920090508
2504,-2.00848487683847
2505,-2.01364849021405
2506,-2.01881004267821
2507,-2.02396953587544
2508,-2.02912697144821
2509,-2.03428235103704
2510,-2.03943567628049
2511,-2.04458694881517
2512,-2.04973617027572
2513,-2.05488334229483
2514,-2.06002846650327
2515,-2.06517154452981
2516,-2.07031257800134
2517,-2.07545156854276
2518,-2.08058851777707
2519,-2.08572342732529
2520,-2.09085629880658
2521,-2.0959871338381
2522,-2.10111593403514
2523,-2.10624270101103
2524,-2.1113674363772
2525,-2.11649014174317
2526,-2.12161081871656
2527,-2.12672946890304
2528,-2.1318460939064
2529,-2.13696069532854
2530,-2.14207327476944
2531,-2.14718383382719
2532,-2.15229237409795
2533,-2.15739889717609
2534,-2.16250340465397
2535,-2.16760589812214
2536,-2.17270637916924
2537,-2.17780484938207
2538,-2.18290131034549
2539,-2.18799576364253
2540,-2.19308821085436
2541,-2.19817865356024
2542,-2.20326709333759
2543,-2.208353531762
2544,-2.21343797040713
2545,-2.21852041084484
2546,-2.22360085464513
2547,-2.22867930337613
2548,-2.23375575860415
2549,-2.23883022189362
2550,-2.24390269480718
2551,-2.24897317890559
2552,-2.25404167574779
2553,-2.25910818689086
2554,-2.26417271389013
2555,-2.269235258299
2556,-2.27429582166912
2557,-2.27935440555029
2558,-2.28441101149049
2559,-2.2894656410359
2560,-2.29451829573089
2561,-2.299568977118
2562,-2.30461768673797
2563,-2.30966442612974
2564,-2.31470919683047
2565,-2.31975200037548
2566,-2.32479283829832
2567,-2.32983171213075
2568,-2.33486862340273
2569,-2.33990357364243
2570,-2.34493656437625
2571,-2.3499675971288
2572,-2.3549966734229
2573,-2.36002379477961
2574,-2.36504896271823
2575,-2.37007217875627
2576,-2.37509344440945
2577,-2.38011276119177
2578,-2.38513013061545
2579,-2.39014555419094
2580,-2.39515903342694
2581,-2.40017056983041
2582,-2.40518016490655
2583,-2.41018782015878
2584,-2.41519353708883
2585,-2.42019731719665
2586,-2.42519916198046
2587,-2.43019907293672
2588,-2.43519705156021
2589,-2.44019309934393
2590,-2.44518721777916
2591,-2.45017940835547
2592,-2.45516967256066
2593,-2.46015801188088
2594,-2.4651444278005
2595,-2.47012892180221
2596,-2.47511149536695
2597,-2.48009214997397
2598,-2.48507088710085
2599,-2.49004770822339
2600,-2.49502261481572
2601,-2.4999956083503
2602,-2.50496669029786
2603,-2.50993586212741
2604,-2.51490312530633
2605,-2.51986848130026
2606,-2.52483193157317
2607,-2.52979347758734
2608,-2.53475312080338
2609,-2.5397108626802
2610,-2.54466670467505
2611,-2.54962064824351
2612,-2.55457269483947
2613,-2.55952284591515
2614,-2.56447110292111
2615,-2.56941746730626
2616,-2.57436194051783
2617,-2.57930452400139
2618,-2.58424521920086
2619,-2.5891840275585
2620,-2.59412095051492
2621,-2.59905598950911
2622,-2.60398914597835
2623,-2.60892042135833
2624,-2.61384981708309
2625,-2.61877733458501
2626,-2.62370297529483
2627,-2.6286267406417
2628,-2.63354863205308
2629,-2.63846865095486
2630,-2.64338679877124
2631,-2.64830307692483
2632,-2.65321748683665
2633,-2.65813002992605
2634,-2.66304070761077
2635,-2.66794952130694
2636,-2.6728564724291
2637,-2.67776156239017
2638,-2.68266479260145
2639,-2.68756616447263
2640,-2.69246567941183
2641,-2.69736333882552
2642,-2.70225914411864
2643,-2.70715309669448
2644,-2.71204519795475
2645,-2.71693544929958
2646,-2.72182385212751
2647,-2.7267104078355
2648,-2.73159511781891
2649,-2.73647798347152
2650,-2.74135900618555
2651,-2.74623818735164
2652,-2.75111552835885
2653,-2.75599103059466
2654,-2.76086469544499
2655,-2.76573652429421
2656,-2.77060651852511
2657,-2.77547467951891
2658,-2.78034100865528
2659,-2.78520550731234
2660,-2.79006817686665
2661,-2.79492901869321
2662,-2.79978803416549
2663,-2.80464522465537
2664,-2.80950059153325
2665,-2.81435413616794
2666,-2.8192058599267
2667,-2.8240557641753
2668,-2.82890385027792
2669,-2.83375011959727
2670,-2.83859457349446
2671,-2.8434372133291
2672,-2.84827804045929
2673,-2.85311705624159
2674,-2.85795426203104
2675,-2.86278965918116
2676,-2.86762324904393
2677,-2.87245503296987
2678,-2.87728501230792
2679,-2.88211318840556
2680,-2.88693956260875
2681,-2.89176413626191
2682,-2.89658691070799
2683,-2.90140788728845
2684,-2.90622706734322
2685,-2.91104445221073
2686,-2.91586004322797
2687,-2.92067384173033
2688,-2.92548584905182
2689,-2.93029606652492
2690,-2.9351044954806
2691,-2.93991113724837
2692,-2.94471599315626
2693,-2.94951906453081
2694,-2.95432035269708
2695,-2.95911985897867
2696,-2.9639175846977
2697,-2.96871353117481
2698,-2.97350769972919
2699,-2.97830009167853
2700,-2.9830907083391
2701,-2.98787955102567
2702,-2.99266662105157
2703,-2.99745191972868
2704,-3.00223544836739
2705,-3.00701720827668
2706,-3.01179720076403
2707,-3.01657542713551
2708,-3.02135188869575
2709,-3.02612658674789
2710,-3.03089952259366
2711,-3.03567069753333
2712,-3.04044011286577
2713,-3.04520776988836
2714,-3.04997366989708
2715,-3.05473781418649
2716,-3.05950020404966
2717,-3.0642608407783
2718,-3.06901972566266
2719,-3.07377685999157
2720,-3.07853224505244
2721,-3.08328588213126
2722,-3.08803777251261
2723,-3.09278791747962
2724,-3.09753631831406
2725,-3.10228297629626
2726,-3.10702789270513
2727,-3.11177106881821
2728,-3.11651250591158
2729,-3.12125220525996
2730,-3.12599016813667
2731,-3.1307263958136
2732,-3.13546088956126
2733,-3.14019365064879
2734,-3.14492468034388
2735,-3.14965397991288
2736,-3.15438155062074
2737,-3.159107393731
2738,-3.16383151050584
2739,-3.16855390220604
2740,-3.17327457009102
2741,-3.17799351541881
2742,-3.18271073944607
2743,-3.18742624342806
2744,-3.19214002861868
2745,-3.19685209627049
2746,-3.20156244763464
2747,-3.20627108396094
2748,-3.21097800649782
2749,-3.21568321649236
2750,-3.22038671519026
2751,-3.22508850383587
2752,-3.2297885836722
2753,-3.23448695594089
2754,-3.23918362188221
2755,-3.24387858273512
2756,-3.24857183973722
2757,-3.25326339412471
2758,-3.25795324713253
2759,-3.26264139999421
2760,-3.26732785394196
2761,-3.27201261020668
2762,-3.27669567001787
2763,-3.28137703460377
2764,-3.28605670519123
2765,-3.29073468300577
2766,-3.29541096927164
2767,-3.30008556521167
2768,-3.30475847204745
2769,-3.3094296909992
2770,-3.31409922328584
2771,-3.31876707012493
2772,-3.32343323273276
2773,-3.32809771232429
2774,-3.33276051011315
2775,-3.33742162731168
2776,-3.34208106513089
2777,-3.34673882478049
2778,-3.35139490746888
2779,-3.35604931440317
2780,-3.36070204678913
2781,-3.36535310583128
2782,-3.37000249273282
2783,-3.37465020869563
2784,-3.37929625492031
2785,-3.38394063260618
2786,-3.38858334295125
2787,-3.39322438715226
2788,-3.39786376640464
2789,-3.40250148190255
2790,-3.40713753483885
2791,-3.41177192640513
2792,-3.4164046577917
2793,-3.42103573018758
2794,-3.42566514478054
2795,-3.43029290275703
2796,-3.43491900530228
2797,-3.43954345360019
2798,-3.44416624883344
2799,-3.44878739218342
2800,-3.45340688483027
2801,-3.45802472795282
2802,-3.4626409227287
2803,-3.46725547033424
2804,-3.47186837194452
2805,-3.47647962873338
2806,-3.48108924187336
2807,-3.4856972125358
2808,-3.49030354189075
2809,-3.49490823110705
2810,-3.49951128135223
2811,-3.50411269379263
2812,-3.50871246959332
2813,-3.51331060991814
2814,-3.51790711592967
2815,-3.52250198878928
2816,-3.52709522965707
2817,-3.53168683969194
2818,-3.53627682005149
2819,-3.54086517189218
2820,-3.54545189636917
2821,-3.55003699463641
2822,-3.55462046784666
2823,-3.55920231715139
2824,-3.56378254370088
2825,-3.5683611486442
2826,-3.57293813312917
2827,-3.57751349830243
2828,-3.58208724530936
2829,-3.58665937529416
2830,-3.59122988939981
2831,-3.59579878876806
2832,-3.60036607453947
2833,-3.60493174785337
2834,-3.60949580984791
2835,-3.61405826166003
2836,-3.61861910442546
2837,-3.62317833927871
2838,-3.62773596735314
2839,-3.63229198978085
2840,-3.63684640769279
2841,-3.64139922221871
2842,-3.64595043448715
2843,-3.65050004562549
2844,-3.65504805675986
2845,-3.65959446901527
2846,-3.6641392835155
2847,-3.66868250138317
2848,-3.6732241237397
2849,-3.67776415170535
2850,-3.68230258639917
2851,-3.68683942893905
2852,-3.69137468044171
2853,-3.6959083420227
2854,-3.70044041479638
2855,-3.70497089987592
2856,-3.70949979837339
2857,-3.71402711139959
2858,-3.71855284006426
2859,-3.72307698547591
2860,-3.72759954874191
2861,-3.73212053096845
2862,-3.73663993326058
2863,-3.74115775672219
2864,-3.74567400245598
2865,-3.75018867156356
2866,-3.75470176514533
2867,-3.75921328430057
2868,-3.76372323012738
2869,-3.76823160372274
2870,-3.77273840618246
2871,-3.77724363860125
2872,-3.7817473020726
2873,-3.78624939768894
2874,-3.79074992654149
2875,-3.7952488897204
2876,-3.7997462883146
2877,-3.80424212341197
2878,-3.80873639609919
2879,-3.81322910746183
2880,-3.81772025858435
2881,-3.82220985055005
2882,-3.82669788444112
2883,-3.83118436133861
2884,-3.83566928232245
2885,-3.84015264847147
2886,-3.84463446086334
2887,-3.84911472057463
2888,-3.85359342868081
2889,-3.85807058625619
2890,-3.86254619437398
2891,-3.86702025410631
2892,-3.87149276652416
2893,-3.87596373269741
2894,-3.88043315369484
2895,-3.8849010305841
2896,-3.88936736443173
2897,-3.89383215630323
2898,-3.8982954072629
2899,-3.90275711837403
2900,-3.90721729069874
2901,-3.91167592529809
2902,-3.91613302323203
2903,-3.92058858555941
2904,-3.92504261333801
2905,-3.92949510762448
2906,-3.93394606947441
2907,-3.93839549994229
2908,-3.94284340008151
2909,-3.94728977094439
2910,-3.95173461358218
2911,-3.956177929045
2912,-3.96061971838192
2913,-3.96505998264092
2914,-3.96949872286893
2915,-3.97393594011174
2916,-3.97837163541413
2917,-3.98280580981974
2918,-3.98723846437122
2919,-3.99166960011008
2920,-3.99609921807676
2921,-4.00052731931068
2922,-4.00495390485015
2923,-4.00937897573245
2924,-4.01380253299374
2925,-4.01822457766919
2926,-4.02264511079283
2927,-4.0270641333977
2928,-4.03148164651574
2929,-4.03589765117785
2930,-4.04031214841386
2931,-4.04472513925256
2932,-4.04913662472167
2933,-4.05354660584788
2934,-4.05795508365683
2935,-4.06236205917309
2936,-4.0667675334202
2937,-4.07117150742064
2938,-4.07557398219586
2939,-4.07997495876625
2940,-4.08437443815119
2941,-4.08877242136899
2942,-4.09316890943695
2943,-4.09756390337127
2944,-4.10195740418722
2945,-4.10634941289891
2946,-4.11073993051954
2947,-4.11512895806118
2948,-4.11951649653492
2949,-4.12390254695082
2950,-4.1282871103179
2951,-4.13267018764414
2952,-4.13705177993655
2953,-4.14143188820105
2954,-4.14581051344258
2955,-4.15018765666505
2956,-4.15456331887133
2957,-4.15893750106332
2958,-4.16331020424185
2959,-4.16768142940678
2960,-4.17205117755694
2961,-4.17641944969011
2962,-4.18078624680312
2963,-4.18515156989176
2964,-4.18951541995082
2965,-4.19387779797408
2966,-4.1982387049543
2967,-4.20259814188327
2968,-4.20695610975174
2969,-4.21131260954949
2970,-4.21566764226527
2971,-4.22002120888687
2972,-4.22437331040104
2973,-4.22872394779358
2974,-4.23307312204923
2975,-4.23742083415181
2976,-4.2417670850841
2977,-4.24611187582791
2978,-4.25045520736405
2979,-4.25479708067236
2980,-4.25913749673168
2981,-4.26347645651984
2982,-4.26781396101374
2983,-4.27215001118925
2984,-4.27648460802128
2985,-4.28081775248377
2986,-4.28514944554966
2987,-4.28947968819092
2988,-4.29380848137856
2989,-4.29813582608259
2990,-4.30246172327205
2991,-4.30678617391503
2992,-4.31110917897862
2993,-4.31543073942897
2994,-4.31975085623123
2995,-4.32406953034962
2996,-4.32838676274734
2997,-4.33270255438671
2998,-4.337016906229
2999,-4.34132981923455
3000,-4.34564129436278
3001,-4.34995133257208
3002,-4.35425993481993
3003,-4.35856710206285
3004,-4.36287283525638
3005,-4.36717713535513
3006,-4.37148000331275
3007,-4.37578144008193
3008,-4.38008144661442
3009,-4.38438002386101
3010,-4.38867717277157
3011,-4.39297289429498
3012,-4.39726718937921
3013,-4.40156005897126
3014,-4.40585150401721
3015,-4.41014152546219
3016,-4.41443012425039
3017,-4.41871730132507
3018,-4.42300305762853
3019,-4.42728739410214
3020,-4.43157031168634
3021,-4.43585181132066
3022,-4.44013189394364
3023,-4.44441056049294
3024,-4.44868781190529
3025,-4.45296364911644
3026,-4.45723807306125
3027,-4.46151108467367
3028,-4.46578268488668
3029,-4.47005287463237
3030,-4.47432165484187
3031,-4.47858902644547
3032,-4.48285499037242
3033,-4.48711954755115
3034,-4.49138269890913
3035,-4.49564444537291
3036,-4.49990478786815
3037,-4.50416372731956
3038,-4.50842126465096
3039,-4.51267740078525
3040,-4.51693213664442
3041,-4.52118547314956
3042,-4.52543741122084
3043,-4.52968795177753
3044,-4.533937095738
3045,-4.53818484401968
3046,-4.54243119753913
3047,-4.54667615721201
3048,-4.55091972395306
3049,-4.55516189867614
3050,-4.55940268229417
3051,-4.56364207571922
3052,-4.56788007986245
3053,-4.57211669563409
3054,-4.57635192394354
3055,-4.58058576569927
3056,-4.58481822180881
3057,-4.58904929317891
3058,-4.59327898071531
3059,-4.59750728532298
3060,-4.6017342079059
3061,-4.60595974936721
3062,-4.61018391060918
3063,-4.61440669253317
3064,-4.61862809603966
3065,-4.62284812202827
3066,-4.6270667713977
3067,-4.6312840450458
3068,-4.63549994386955
3069,-4.63971446876504
3070,-4.64392762062745
3071,-4.64813940035115
3072,-4.65234980882959
3073,-4.65655884695538
3074,-4.66076651562023
3075,-4.66497281571498
3076,-4.66917774812963
3077,-4.67338131375329
3078,-4.6775835134742
3079,-4.68178434817973
3080,-4.68598381875645
3081,-4.69018192608995
3082,-4.69437867106506
3083,-4.6985740545657
3084,-4.70276807747495
3085,-4.70696074067501
3086,-4.71115204504724
3087,-4.71534199147214
3088,-4.71953058082934
3089,-4.72371781399763
3090,-4.72790369185497
3091,-4.73208821527842
3092,-4.7362713851442
3093,-4.7404532023277
3094,-4.74463366770347
3095,-4.74881278214517
3096,-4.75299054652566
3097,-4.75716696171691
3098,-4.76134202859007
3099,-4.76551574801546
3100,-4.76968812086253
3101,-4.7738591479999
3102,-4.77802883029536
3103,-4.78219716861583
3104,-4.78636416382744
3105,-4.79052981679543
3106,-4.79469412838424
3107,-4.79885709945746
3108,-4.80301873087787
3109,-4.80717902350739
3110,-4.8113379782071
3111,-4.81549559583729
3112,-4.81965187725739
3113,-4.823806823326
3114,-4.82796043490091
3115,-4.83211271283908
3116,-4.83626365799662
3117,-4.84041327122886
3118,-4.84456155339026
3119,-4.84870850533451
3120,-4.85285412791444
3121,-4.85699842198205
3122,-4.86114138838856
3123,-4.86528302798435
3124,-4.86942334161898
3125,-4.87356233014121
3126,-4.87769999439897
3127,-4.88183633523938
3128,-4.88597135350876
3129,-4.8901050500526
3130,-4.8942374257156
3131,-4.89836848134163
3132,-4.90249821777377
3133,-4.90662663585426
3134,-4.91075373642456
3135,-4.91487952032535
3136,-4.91900398839645
3137,-4.92312714147691
3138,-4.92724898040498
3139,-4.93136950601807
3140,-4.93548871915285
3141,-4.93960662064516
3142,-4.94372321133003
3143,-4.9478384920417
3144,-4.95195246361364
3145,-4.95606512687849
3146,-4.9601764826681
3147,-4.96428653181354
3148,-4.96839527514511
3149,-4.97250271349228
3150,-4.97660884768371
3151,-4.98071367854735
3152,-4.98481720691029
3153,-4.98891943359888
3154,-4.99302035943863
3155,-4.99711998525433
3156,-5.00121831186994
3157,-5.00531534010864
3158,-5.00941107079286
3159,-5.01350550474422
3160,-5.01759864278355
3161,-5.02169048573093
3162,-5.02578103440565
3163,-5.02987028962622
3164,-5.03395825221038
3165,-5.0380449229751
3166,-5.04213030273655
3167,-5.04621439231015
3168,-5.05029719251053
3169,-5.05437870415158
3170,-5.05845892804639
3171,-5.06253786500729
3172,-5.06661551584583
3173,-5.07069188137282
3174,-5.07476696239829
3175,-5.07884075973149
3176,-5.08291327418092
3177,-5.08698450655434
3178,-5.09105445765868
3179,-5.09512312830017
3180,-5.09919051928426
3181,-5.10325663141563
3182,-5.10732146549825
3183,-5.11138502233523
3184,-5.11544730272902
3185,-5.11950830748128
3186,-5.12356803739293
3187,-5.12762649326408
3188,-5.13168367589417
3189,-5.13573958608182
3190,-5.13979422462492
3191,-5.14384759232064
3192,-5.14789968996536
3193,-5.15195051835473
3194,-5.15600007828364
3195,-5.16004837054625
3196,-5.16409539593597
3197,-5.16814115524546
3198,-5.17218564926664
3199,-5.17622887879068
3200,-5.18027084460802
3201,-5.18431154750836
3202,-5.18835098828065
3203,-5.19238916771308
3204,-5.19642608659316
3205,-5.20046174570762
3206,-5.20449614584245
3207,-5.20852928778292
3208,-5.21256117231357
3209,-5.2165918002182
3210,-5.22062117227986
3211,-5.22464928928091
3212,-5.22867615200295
3213,-5.23270176122683
3214,-5.23672611773272
3215,-5.24074922230002
3216,-5.24477107570745
3217,-5.24879167873293
3218,-5.25281103215372
3219,-5.25682913674635
3220,-5.26084599328658
3221,-5.2648616025495
3222,-5.26887596530945
3223,-5.27288908234004
3224,-5.27690095441419
3225,-5.28091158230409
3226,-5.28492096678119
3227,-5.28892910861625
3228,-5.2929360085793
3229,-5.29694166743968
3230,-5.30094608596597
3231,-5.30494926492607
3232,-5.30895120508713
3233,-5.31295190721566
3234,-5.31695137207738
3235,-5.32094960043736
3236,-5.32494659305991
3237,-5.32894235070866
3238,-5.33293687414653
3239,-5.33693016413574
3240,-5.3409222214378
3241,-5.3449130468135
3242,-5.34890264102292
3243,-5.35289100482549
3244,-5.35687813897989
3245,-5.36086404424407
3246,-5.36484872137538
3247,-5.36883217113036
3248,-5.37281439426493
3249,-5.37679539153427
3250,-5.38077516369287
3251,-5.38475371149453
3252,-5.38873103569236
3253,-5.39270713703877
3254,-5.39668201628546
3255,-5.40065567418348
3256,-5.40462811148311
3257,-5.40859932893405
3258,-5.41256932728519
3259,-5.41653810728482
3260,-5.42050566968051
3261,-5.42447201521914
3262,-5.4284371446469
3263,-5.43240105870929
3264,-5.43636375815114
3265,-5.4403252437166
3266,-5.44428551614912
3267,-5.44824457619146
3268,-5.45220242458573
3269,-5.45615906207333
3270,-5.46011448939496
3271,-5.46406870729072
3272,-5.46802171649995
3273,-5.47197351776136
3274,-5.47592411181294
3275,-5.47987349939207
3276,-5.48382168123537
3277,-5.48776865807886
3278,-5.49171443065785
3279,-5.49565899970698
3280,-5.49960236596024
3281,-5.50354453015088
3282,-5.50748549301159
3283,-5.5114252552743
3284,-5.5153638176703
3285,-5.51930118093021
3286,-5.52323734578402
3287,-5.52717231296098
3288,-5.53110608318973
3289,-5.53503865719823
3290,-5.5389700357138
3291,-5.54290021946302
3292,-5.54682920917191
3293,-5.55075700556574
3294,-5.55468360936919
3295,-5.55860902130625
3296,-5.56253324210022
3297,-5.56645627247379
3298,-5.57037811314898
3299,-5.57429876484714
3300,-5.57821822828896
3301,-5.5821365041945
3302,-5.58605359328316
3303,-5.58996949627365
3304,-5.59388421388408
3305,-5.59779774683189
3306,-5.60171009583384
3307,-5.60562126160607
3308,-5.60953124486407
3309,-5.61344004632267
3310,-5.61734766669605
3311,-5.62125410669776
3312,-5.62515936704067
3313,-5.62906344843707
3314,-5.63296635159852
3315,-5.63686807723599
3316,-5.6407686260598
3317,-5.64466799877962
3318,-5.64856619610448
3319,-5.65246321874277
3320,-5.65635906740225
3321,-5.66025374279001
3322,-5.66414724561252
3323,-5.66803957657563
3324,-5.67193073638454
3325,-5.67582072574378
3326,-5.67970954535731
3327,-5.68359719592839
3328,-5.68748367815969
3329,-5.69136899275322
3330,-5.69525314041039
3331,-5.69913612183194
3332,-5.703017937718
3333,-5.70689858876807
3334,-5.71077807568101
3335,-5.71465639915507
3336,-5.71853355988785
3337,-5.72240955857632
3338,-5.72628439591686
3339,-5.73015807260521
3340,-5.73403058933643
3341,-5.73790194680504
3342,-5.74177214570488
3343,-5.7456411867292
3344,-5.7495090705706
3345,-5.75337579792108
3346,-5.75724136947199
3347,-5.76110578591412
3348,-5.76496904793756
3349,-5.76883115623185
3350,-5.77269211148587
3351,-5.77655191438792
3352,-5.78041056562566
3353,-5.78426806588612
3354,-5.78812441585575
3355,-5.79197961622035
3356,-5.79583366766515
3357,-5.79968657087474
3358,-5.80353832653309
3359,-5.80738893532357
3360,-5.81123839792897
3361,-5.81508671503141
3362,-5.81893388731243
3363,-5.822779915453
3364,-5.82662480013341
3365,-5.8304685420334
3366,-5.83431114183208
3367,-5.83815260020796
3368,-5.84199291783895
3369,-5.84583209540234
3370,-5.84967013357483
3371,-5.85350703303254
3372,-5.85734279445094
3373,-5.86117741850492
3374,-5.86501090586879
3375,-5.86884325721623
3376,-5.87267447322036
3377,-5.87650455455363
3378,-5.88033350188798
3379,-5.88416131589472
3380,-5.88798799724452
3381,-5.89181354660752
3382,-5.89563796465323
3383,-5.89946125205057
3384,-5.90328340946788
3385,-5.90710443757288
3386,-5.91092433703274
3387,-5.914743108514
3388,-5.91856075268262
3389,-5.922377270204
3390,-5.9261926617429
3391,-5.93000692796354
3392,-5.93382006952952
3393,-5.93763208710386
3394,-5.941442981349
3395,-5.9452527529268
3396,-5.94906140249851
3397,-5.95286893072485
3398,-5.95667533826588
3399,-5.96048062578114
3400,-5.96428479392957
3401,-5.96808784336952
3402,-5.97188977475874
3403,-5.97569058875445
3404,-5.97949028601325
3405,-5.98328886719119
3406,-5.98708633294373
3407,-5.99088268392572
3408,-5.9946779207915
3409,-5.99847204419478
3410,-6.00226505478871
3411,-6.00605695322589
3412,-6.00984774015829
3413,-6.01363741623737
3414,-6.01742598211398
3415,-6.02121343843841
3416,-6.02499978586036
3417,-6.02878502502899
3418,-6.03256915659288
3419,-6.03635218120003
3420,-6.04013409949787
3421,-6.04391491213328
3422,-6.04769461975257
3423,-6.05147322300146
3424,-6.05525072252512
3425,-6.05902711896816
3426,-6.06280241297463
3427,-6.066576605188
3428,-6.07034969625118
3429,-6.07412168680652
3430,-6.07789257749581
3431,-6.08166236896029
3432,-6.08543106184062
3433,-6.08919865677689
3434,-6.09296515440868
3435,-6.09673055537496
3436,-6.10049486031416
3437,-6.10425806986415
3438,-6.10802018466227
3439,-6.11178120534526
3440,-6.11554113254933
3441,-6.11929996691015
3442,-6.12305770906278
3443,-6.1268143596418
3444,-6.13056991928116
3445,-6.13432438861435
3446,-6.13807776827423
3447,-6.14183005889313
3448,-6.14558126110284
3449,-6.1493313755346
3450,-6.1530804028191
3451,-6.15682834358648
3452,-6.16057519846632
3453,-6.16432096808767
3454,-6.16806565307903
3455,-6.17180925406836
3456,-6.17555177168305
3457,-6.17929320654997
3458,-6.18303355929544
3459,-6.18677283054524
3460,-6.19051102092459
3461,-6.19424813105819
3462,-6.19798416157018
3463,-6.20171911308417
3464,-6.20545298622323
3465,-6.20918578160989
3466,-6.21291749986615
3467,-6.21664814161345
3468,-6.2203777074727
3469,-6.22410619806428
3470,-6.22783361400802
3471,-6.23155995592325
3472,-6.23528522442871
3473,-6.23900942014266
3474,-6.2427325436828
3475,-6.24645459566628
3476,-6.25017557670973
3477,-6.25389548742928
3478,-6.25761432844047
3479,-6.26133210035835
3480,-6.26504880379744
3481,-6.26876443937173
3482,-6.27247900769464
3483,-6.27619250937911
3484,-6.27990494503753
3485,-6.28361631528178
3486,-6.28732662072319
3487,-6.29103586197257
3488,-6.29474403964021
3489,-6.2984511543359
3490,-6.30215720666883
3491,-6.30586219724777
3492,-6.30956612668088
3493,-6.31326899557585
3494,-6.31697080453981
3495,-6.32067155417941
3496,-6.32437124510074
3497,-6.32806987790939
3498,-6.33176745321045
3499,-6.33546397160843
3500,-6.33915943370739
3501,-6.34285384011084
3502,-6.34654719142177
3503,-6.35023948824266
3504,-6.35393073117547
3505,-6.35762092082165
3506,-6.36131005778215
3507,-6.36499814265737
3508,-6.36868517604722
3509,-6.37237115855111
3510,-6.37605609076789
3511,-6.37973997329595
3512,-6.38342280673315
3513,-6.38710459167682
3514,-6.39078532872382
3515,-6.39446501847046
3516,-6.39814366151256
3517,-6.40182125844544
3518,-6.4054978098639
3519,-6.40917331636221
3520,-6.41284777853421
3521,-6.41652119697314
3522,-6.42019357227181
3523,-6.42386490502245
3524,-6.42753519581686
3525,-6.43120444524631
3526,-6.43487265390154
3527,-6.43853982237282
3528,-6.4422059512499
3529,-6.44587104112205
3530,-6.44953509257801
3531,-6.45319810620605
3532,-6.45686008259391
3533,-6.46052102232885
3534,-6.46418092599763
3535,-6.4678397941865
3536,-6.47149762748124
3537,-6.47515442646709
3538,-6.47881019172885
3539,-6.48246492385075
3540,-6.4861186234166
3541,-6.48977129100969
3542,-6.49342292721278
3543,-6.49707353260816
3544,-6.50072310777767
3545,-6.50437165330259
3546,-6.50801916976375
3547,-6.51166565774148
3548,-6.5153111178156
3549,-6.51895555056547
3550,-6.52259895656994
3551,-6.52624133640737
3552,-6.52988269065564
3553,-6.53352301989215
3554,-6.5371623246938
3555,-6.540800605637
3556,-6.54443786329769
3557,-6.54807409825129
3558,-6.5517093110728
3559,-6.55534350233664
3560,-6.55897667261684
3561,-6.56260882248689
3562,-6.56623995251983
3563,-6.56987006328817
3564,-6.57349915536399
3565,-6.57712722931886
3566,-6.58075428572387
3567,-6.58438032514965
3568,-6.58800534816633
3569,-6.59162935534356
3570,-6.59525234725051
3571,-6.59887432445591
3572,-6.60249528752795
3573,-6.60611523703439
3574,-6.60973417354249
3575,-6.61335209761905
3576,-6.61696900983038
3577,-6.62058491074233
3578,-6.62419980092024
3579,-6.62781368092904
3580,-6.63142655133313
3581,-6.63503841269645
3582,-6.63864926558249
3583,-6.64225911055422
3584,-6.64586794817422
3585,-6.64947577900451
3586,-6.65308260360669
3587,-6.6566884225419
3588,-6.66029323637076
3589,-6.66389704565347
3590,-6.66749985094973
3591,-6.67110165281881
3592,-6.67470245181946
3593,-6.67830224851002
3594,-6.68190104344832
3595,-6.68549883719174
3596,-6.6890956302972
3597,-6.69269142332114
3598,-6.69628621681957
3599,-6.699880011348
3600,-6.70347280746148
3601,-6.70706460571462
3602,-6.71065540666157
3603,-6.71424521085598
3604,-6.71783401885106
3605,-6.72142183119959
3606,-6.72500864845384
3607,-6.72859447116566
3608,-6.73217929988641
3609,-6.73576313516703
3610,-6.73934597755794
3611,-6.74292782760918
3612,-6.74650868587027
3613,-6.75008855289032
3614,-6.75366742921793
3615,-6.75724531540131
3616,-6.76082221198816
3617,-6.76439811952574
3618,-6.7679730385609
3619,-6.77154696963997
3620,-6.77511991330887
3621,-6.77869187011305
3622,-6.7822628405975
3623,-6.78583282530681
3624,-6.78940182478505
3625,-6.79296983957587
3626,-6.79653687022248
3627,-6.80010291726764
3628,-6.80366798125365
3629,-6.80723206272234
3630,-6.81079516221514
3631,-6.81435728027301
3632,-6.81791841743645
3633,-6.82147857424552
3634,-6.82503775123988
3635,-6.82859594895864
3636,-6.83215316794059
3637,-6.83570940872398
3638,-6.83926467184666
3639,-6.84281895784603
3640,-6.84637226725906
3641,-6.84992460062223
3642,-6.85347595847163
3643,-6.85702634134288
3644,-6.86057574977118
3645,-6.86412418429126
3646,-6.86767164543744
3647,-6.87121813374358
3648,-6.87476364974312
3649,-6.87830819396905
3650,-6.8818517669539
3651,-6.8853943692298
3652,-6.88893600132842
3653,-6.89247666378103
3654,-6.89601635711838
3655,-6.89955508187088
3656,-6.90309283856845
3657,-6.90662962774059
3658,-6.91016544991636
3659,-6.91370030562439
3660,-6.91723419539287
3661,-6.92076711974959
3662,-6.92429907922185
3663,-6.92783007433656
3664,-6.9313601056202
3665,-6.9348891735988
3666,-6.93841727879797
3667,-6.94194442174287
3668,-6.94547060295825
3669,-6.94899582296844
3670,-6.95252008229733
3671,-6.95604338146838
3672,-6.9595657210046
3673,-6.96308710142862
3674,-6.96660752326262
3675,-6.97012698702833
3676,-6.9736454932471
3677,-6.97716304243983
3678,-6.98067963512698
3679,-6.98419527182862
3680,-6.98770995306435
3681,-6.99122367935341
3682,-6.99473645121456
3683,-6.99824826916616
3684,-7.00175913372615
3685,-7.00526904541206
3686,-7.00877800474095
3687,-7.01228601222952
3688,-7.01579306839402
3689,-7.01929917375026
3690,-7.02280432881368
3691,-7.02630853409927
3692,-7.02981179012159
3693,-7.03331409739481
3694,-7.03681545643266
3695,-7.04031586774848
3696,-7.04381533185515
3697,-7.04731384926518
3698,-7.05081142049064
3699,-7.05430804604319
3700,-7.05780372643407
3701,-7.0612984621741
3702,-7.06479225377372
3703,-7.06828510174291
3704,-7.07177700659126
3705,-7.07526796882797
3706,-7.07875798896176
3707,-7.08224706750102
3708,-7.08573520495367
3709,-7.08922240182725
3710,-7.09270865862889
3711,-7.09619397586526
3712,-7.09967835404269
3713,-7.10316179366708
3714,-7.10664429524387
3715,-7.11012585927818
3716,-7.11360648627465
3717,-7.11708617673754
3718,-7.1205649311707
3719,-7.12404275007759
3720,-7.12751963396123
3721,-7.13099558332428
3722,-7.13447059866892
3723,-7.13794468049701
3724,-7.14141782930999
3725,-7.1448900456088
3726,-7.14836132989413
3727,-7.15183168266614
3728,-7.15530110442467
3729,-7.15876959566909
3730,-7.16223715689841
3731,-7.16570378861125
3732,-7.16916949130581
3733,-7.17263426547986
3734,-7.17609811163083
3735,-7.17956103025571
3736,-7.18302302185108
3737,-7.18648408691318
3738,-7.18994422593778
3739,-7.1934034394203
3740,-7.19686172785576
3741,-7.20031909173875
3742,-7.2037755315635
3743,-7.20723104782382
3744,-7.21068564101314
3745,-7.21413931162449
3746,-7.21759206015049
3747,-7.22104388708338
3748,-7.22449479291502
3749,-7.22794477813684
3750,-7.23139384323991
3751,-7.2348419887149
3752,-7.23828921505206
3753,-7.24173552274129
3754,-7.24518091227208
3755,-7.24862538413353
3756,-7.25206893881432
3757,-7.25551157680279
3758,-7.25895329858685
3759,-7.26239410465406
3760,-7.26583399549155
3761,-7.26927297158609
3762,-7.27271103342406
3763,-7.27614818149141
3764,-7.27958441627378
3765,-7.28301973825634
3766,-7.28645414792392
3767,-7.28988764576098
3768,-7.29332023225157
3769,-7.29675190787931
3770,-7.30018267312754
3771,-7.30361252847911
3772,-7.30704147441655
3773,-7.31046951142201
3774,-7.31389663997719
3775,-7.31732286056349
3776,-7.32074817366185
3777,-7.3241725797529
3778,-7.32759607931686
3779,-7.33101867283355
3780,-7.33444036078242
3781,-7.33786114364256
3782,-7.34128102189263
3783,-7.34469999601097
3784,-7.34811806647552
3785,-7.35153523376381
3786,-7.35495149835303
3787,-7.35836686072
3788,-7.3617813213411
3789,-7.3651948806924
3790,-7.36860753924956
3791,-7.37201929748788
3792,-7.37543015588225
3793,-7.37884011490723
3794,-7.38224917503697
3795,-7.38565733674529
3796,-7.38906460050556
3797,-7.39247096679084
3798,-7.39587643607381
3799,-7.39928100882673
3800,-7.40268468552155
3801,-7.40608746662981
3802,-7.40948935262268
3803,-7.41289034397096
3804,-7.41629044114509
3805,-7.41968964461513
3806,-7.42308795485077
3807,-7.42648537232133
3808,-7.42988189749577
3809,-7.43327753084264
3810,-7.43667227283021
3811,-7.44006612392626
3812,-7.4434590845983
3813,-7.44685115531344
3814,-7.45024233653842
3815,-7.45363262873958
3816,-7.45702203238297
3817,-7.46041054793422
3818,-7.46379817585858
3819,-7.46718491662098
3820,-7.47057077068595
3821,-7.47395573851768
3822,-7.47733982058
3823,-7.48072301733632
3824,-7.48410532924976
3825,-7.48748675678303
3826,-7.4908673003985
3827,-7.49424696055815
3828,-7.49762573772364
3829,-7.50100363235622
3830,-7.50438064491681
3831,-7.50775677586596
3832,-7.51113202566388
3833,-7.51450639477039
3834,-7.51787988364495
3835,-7.52125249274668
3836,-7.52462422253436
3837,-7.52799507346632
3838,-7.53136504600066
3839,-7.53473414059503
3840,-7.53810235770673
3841,-7.54146969779276
3842,-7.5448361613097
3843,-7.54820174871382
3844,-7.55156646046099
3845,-7.55493029700676
3846,-7.55829325880632
3847,-7.56165534631448
3848,-7.56501655998572
3849,-7.56837690027417
3850,-7.57173636763358
3851,-7.57509496251736
3852,-7.57845268537858
3853,-7.58180953666992
3854,-7.58516551684377
3855,-7.58852062635208
3856,-7.59187486564655
3857,-7.59522823517845
3858,-7.59858073539874
3859,-7.60193236675799
3860,-7.60528312970648
3861,-7.60863302469408
3862,-7.61198205217033
3863,-7.61533021258446
3864,-7.61867750638528
3865,-7.62202393402133
3866,-7.62536949594074
3867,-7.6287141925913
3868,-7.63205802442048
3869,-7.63540099187539
3870,-7.63874309540279
3871,-7.64208433544911
3872,-7.6454247124604
3873,-7.64876422688239
3874,-7.65210287916047
3875,-7.65544066973966
3876,-7.65877759906467
3877,-7.66211366757983
3878,-7.66544887572915
3879,-7.66878322395629
3880,-7.67211671270456
3881,-7.67544934241695
3882,-7.67878111353606
3883,-7.6821120265042
3884,-7.68544208176331
3885,-7.68877127975502
3886,-7.69209962092054
3887,-7.69542710570086
3888,-7.69875373453652
3889,-7.70207950786777
3890,-7.70540442613452
3891,-7.70872848977635
3892,-7.71205169923246
3893,-7.71537405494176
3894,-7.71869555734279
3895,-7.72201620687375
3896,-7.72533600397254
3897,-7.72865494907669
3898,-7.73197304262339
3899,-7.73529028504951
3900,-7.73860667679157
3901,-7.74192221828578
3902,-7.74523690996797
3903,-7.7485507522737
3904,-7.75186374563813
3905,-7.75517589049611
3906,-7.75848718728218
3907,-7.7617976364305
3908,-7.76510723837495
3909,-7.76841599354902
3910,-7.7717239023859
3911,-7.77503096531846
3912,-7.77833718277921
3913,-7.78164255520036
3914,-7.78494708301374
3915,-7.7882507666509
3916,-7.79155360654303
3917,-7.79485560312099
3918,-7.79815675681532
3919,-7.80145706805622
3920,-7.80475653727358
3921,-7.80805516489696
3922,-7.81135295135556
3923,-7.81464989707827
3924,-7.81794600249368
3925,-7.82124126802999
3926,-7.82453569411514
3927,-7.8278292811767
3928,-7.83112202964193
3929,-7.83441393993775
3930,-7.83770501249077
3931,-7.84099524772728
3932,-7.84428464607321
3933,-7.8475732079542
3934,-7.85086093379556
3935,-7.85414782402226
3936,-7.85743387905894
3937,-7.86071909932996
3938,-7.86400348525931
3939,-7.86728703727068
3940,-7.87056975578744
3941,-7.87385164123261
3942,-7.87713269402893
3943,-7.88041291459879
3944,-7.88369230336424
3945,-7.88697086074707
3946,-7.89024858716871
3947,-7.89352548305025
3948,-7.8968015488125
3949,-7.90007678487592
3950,-7.90335119166068
3951,-7.9066247695866
3952,-7.90989751907321
3953,-7.9131694405397
3954,-7.91644053440496
3955,-7.91971080108752
3956,-7.92298024100566
3957,-7.9262488545773
3958,-7.92951664222002
3959,-7.93278360435116
3960,-7.93604974138766
3961,-7.93931505374621
3962,-7.94257954184314
3963,-7.94584320609449
3964,-7.94910604691596
3965,-7.95236806472298
3966,-7.9556292599306
3967,-7.95888963295362
3968,-7.96214918420648
3969,-7.96540791410336
3970,-7.96866582305807
3971,-7.97192291148413
3972,-7.97517917979475
3973,-7.97843462840283
3974,-7.98168925772096
3975,-7.98494306816141
3976,-7.98819606013612
3977,-7.99144823405677
3978,-7.99469959033469
3979,-7.99795012938091
3980,-8.00119985160615
3981,-8.00444875742084
3982,-8.00769684723505
3983,-8.01094412145859
3984,-8.01419058050095
3985,-8.01743622477129
3986,-8.02068105467851
3987,-8.02392507063112
3988,-8.02716827303741
3989,-8.03041066230533
3990,-8.0336522388425
3991,-8.03689300305624
3992,-8.04013295535362
3993,-8.04337209614132
3994,-8.04661042582578
3995,-8.0498479448131
3996,-8.0530846535091
3997,-8.05632055231926
3998,-8.05955564164876
3999,-8.06278992190254
4000,-8.06602339348517
4001,-8.06922234512695
4002,-8.07242049733063
4003,-8.07561785049563
4004,-8.07881440502114
4005,-8.08201016130604
4006,-8.08520511974891
4007,-8.08839928074797
4008,-8.09159264470125
4009,-8.09478521200641
4010,-8.09797698306083
4011,-8.10116795826161
4012,-8.1043581380055
4013,-8.10754752268902
4014,-8.11073611270835
4015,-8.11392390845938
4016,-8.11711091033774
4017,-8.1202971187387
4018,-8.1234825340573
4019,-8.12666715668823
4020,-8.12985098702591
4021,-8.1330340254645
4022,-8.13621627239782
4023,-8.13939772821939
4024,-8.14257839332247
4025,-8.14575826810002
4026,-8.14893735294466
4027,-8.15211564824882
4028,-8.15529315440453
4029,-8.15846987180358
4030,-8.16164580083747
4031,-8.16482094189739
4032,-8.16799529537425
4033,-8.17116886165869
4034,-8.174341641141
4035,-8.17751363421123
4036,-8.18068484125915
4037,-8.18385526267419
4038,-8.18702489884554
4039,-8.19019375016205
4040,-8.19336181701233
4041,-8.19652909978469
4042,-8.19969559886713
4043,-8.20286131464737
4044,-8.20602624751286
4045,-8.20919039785073
4046,-8.21235376604788
4047,-8.21551635249084
4048,-8.21867815756595
4049,-8.22183918165918
4050,-8.22499942515625
4051,-8.2281588884426
4052,-8.23131757190338
4053,-8.23447547592345
4054,-8.23763260088737
4055,-8.24078894717945
4056,-8.24394451518369
4057,-8.24709930528382
4058,-8.25025331786328
4059,-8.25340655330523
4060,-8.25655901199252
4061,-8.25971069430777
4062,-8.26286160063327
4063,-8.26601173135104
4064,-8.26916108684284
4065,-8.27230966749014
4066,-8.27545747367411
4067,-8.27860450577563
4068,-8.28175076417534
4069,-8.28489624925358
4070,-8.28804096139039
4071,-8.29118490096556
4072,-8.2943280683586
4073,-8.29747046394869
4074,-8.30061208811478
4075,-8.30375294123557
4076,-8.3068930236894
4077,-8.31003233585437
4078,-8.31317087810834
4079,-8.31630865082881
4080,-8.31944565439309
4081,-8.32258188917815
4082,-8.3257173555607
4083,-8.32885205391717
4084,-8.33198598462376
4085,-8.33511914805632
4086,-8.33825154459048
4087,-8.34138317460154
4088,-8.34451403846458
4089,-8.34764413655438
4090,-8.35077346924546
4091,-8.35390203691203
4092,-8.35702983992806
4093,-8.36015687866722
4094,-8.36328315350293
4095,-8.36640866480835
4096,-8.36953341295629
4097,-8.3726573983194
4098,-8.37578062126995
4099,-8.37890308218
4100,-8.38202478142133
4101,-8.38514571936544
4102,-8.38826589638354
4103,-8.39138531284661
4104,-8.39450396912532
4105,-8.39762186559009
4106,-8.40073900261108
4107,-8.40385538055814
4108,-8.40697099980088
4109,-8.41008586070865
4110,-8.4131999636505
4111,-8.41631330899522
4112,-8.41942589711134
4113,-8.42253772836713
4114,-8.42564880313057
4115,-8.42875912176937
4116,-8.431868684651
4117,-8.43497749214263
4118,-8.43808554461118
4119,-8.44119284242331
4120,-8.44429938594539
4121,-8.44740517554354
4122,-8.45051021158361
4123,-8.45361449443119
4124,-8.45671802445158
4125,-8.45982080200984
4126,-8.46292282747076
4127,-8.46602410119886
4128,-8.46912462355839
4129,-8.47222439491335
4130,-8.47532341562746
4131,-8.47842168606418
4132,-8.4815192065867
4133,-8.48461597755799
4134,-8.48771199934069
4135,-8.49080727229721
4136,-8.49390179678971
4137,-8.49699557318006
4138,-8.5000886018299
4139,-8.50318088310055
4140,-8.50627241735315
4141,-8.50936320494851
4142,-8.5124532462472
4143,-8.51554254160954
4144,-8.51863109139559
4145,-8.52171889596514
4146,-8.52480595567769
4147,-8.52789227089255
4148,-8.53097784196871
4149,-8.53406266926492
4150,-8.53714675313967
4151,-8.54023009395121
4152,-8.54331269205749
4153,-8.54639454781625
4154,-8.54947566158492
4155,-8.55255603372072
4156,-8.55563566458056
4157,-8.55871455452117
4158,-8.56179270389894
4159,-8.56487011307004
4160,-8.56794678239039
4161,-8.57102271221565
4162,-8.57409790290121
4163,-8.5771723548022
4164,-8.58024606827354
4165,-8.58331904366982
4166,-8.58639128134546
4167,-8.58946278165455
4168,-8.59253354495095
4169,-8.59560357158829
4170,-8.59867286191992
4171,-8.60174141629893
4172,-8.60480923507819
4173,-8.60787631861027
4174,-8.61094266724752
4175,-8.61400828134204
4176,-8.61707316124566
4177,-8.62013730730995
4178,-8.62320071988624
4179,-8.62626339932562
4180,-8.62932534597891
4181,-8.63238656019669
4182,-8.63544704232925
4183,-8.63850679272671
4184,-8.64156581173885
4185,-8.64462409971525
4186,-8.64768165700524
4187,-8.65073848395788
4188,-8.65379458092198
4189,-8.65684994824613
4190,-8.65990458627861
4191,-8.66295849536753
4192,-8.66601167586069
4193,-8.66906412810567
4194,-8.67211585244976
4195,-8.67516684924009
4196,-8.67821711882343
4197,-8.6812666615464
4198,-8.68431547775531
4199,-8.68736356779624
4200,-8.69041093201504
4201,-8.69345757075729
4202,-8.69650348436833
4203,-8.69954867319326
4204,-8.70259313757692
4205,-8.70563687786392
4206,-8.70867989439862
4207,-8.71172218752513
4208,-8.71476375758729
4209,-8.71780460492877
4210,-8.7208447298929
4211,-8.72388413282285
4212,-8.72692281406148
4213,-8.72996077395144
4214,-8.73299801283513
4215,-8.73603453105471
4216,-8.73907032895208
4217,-8.74210540686893
4218,-8.74513976514666
4219,-8.74817340412646
4220,-8.75120632414927
4221,-8.7542385255558
4222,-8.75727000868649
4223,-8.76030077388157
4224,-8.76333082148098
4225,-8.76636015182447
4226,-8.76938876525156
4227,-8.77241666210145
4228,-8.77544384271317
4229,-8.77847030742547
4230,-8.78149605657691
4231,-8.78452109050574
4232,-8.78754540955005
4233,-8.79056901404761
4234,-8.79359190433598
4235,-8.79661408075252
4236,-8.79963554363431
4237,-8.80265629331819
4238,-8.8056763301408
4239,-8.80869565443847
4240,-8.81171426654738
4241,-8.81473216680342
4242,-8.81774935554221
4243,-8.82076583309922
4244,-8.82378159980963
4245,-8.82679665600838
4246,-8.82981100203017
4247,-8.83282463820949
4248,-8.83583756488059
4249,-8.83884978237746
4250,-8.84186129103387
4251,-8.84487209118336
4252,-8.84788218315922
4253,-8.85089156729451
4254,-8.85390024392207
4255,-8.85690821337449
4256,-8.8599154759841
4257,-8.86292203208307
4258,-8.86592788200326
4259,-8.86893302607633
4260,-8.8719374646337
4261,-8.87494119800657
4262,-8.8779442265259
4263,-8.8809465505224
4264,-8.88394817032655
4265,-8.88694908626864
4266,-8.88994929867867
4267,-8.89294880788644
4268,-8.89594761422151
4269,-8.89894571801322
4270,-8.90194311959066
4271,-8.9049398192827
4272,-8.90793581741797
4273,-8.91093111432489
4274,-8.91392571033162
4275,-8.91691960576611
4276,-8.91991280095607
4277,-8.922905296229
4278,-8.92589709191215
4279,-8.92888818833253
4280,-8.93187858581697
4281,-8.93486828469199
4282,-8.93785728528397
4283,-8.940845587919
4284,-8.94383319292296
4285,-8.94682010062152
4286,-8.94980631134009
4287,-8.95279182540387
4288,-8.95577664313784
4289,-8.95876076486673
4290,-8.96174419091508
4291,-8.96472692160714
4292,-8.96770895726699
4293,-8.97069029821847
4294,-8.9736709447852
4295,-8.97665089729054
4296,-8.97963015605766
4297,-8.98260872140948
4298,-8.98558659366874
4299,-8.98856377315789
4300,-8.99154026019918
4301,-8.99451605511465
4302,-8.99749115822613
4303,-9.00046556985518
4304,-9.00343929032316
4305,-9.00641231995121
4306,-9.00938465906022
4307,-9.01235630797092
4308,-9.01532726700373
4309,-9.0182975364789
4310,-9.02126711671647
4311,-9.02423600803622
4312,-9.02720421075772
4313,-9.03017172520033
4314,-9.03313855168315
4315,-9.03610469052512
4316,-9.03907014204491
4317,-9.04203490656097
4318,-9.04499898439157
4319,-9.04796237585469
4320,-9.05092508126817
4321,-9.05388710094958
4322,-9.05684843521627
4323,-9.05980908438536
4324,-9.0627690487738
4325,-9.06572832869828
4326,-9.06868692447527
4327,-9.07164483642104
4328,-9.0746020648516
4329,-9.07755861008282
4330,-9.08051447243027
4331,-9.08346965220932
4332,-9.08642414973517
4333,-9.08937796532275
4334,-9.09233109928679
4335,-9.0952835519418
4336,-9.09823532360206
4337,-9.10118641458168
4338,-9.10413682519448
4339,-9.10708655575414
4340,-9.11003560657404
4341,-9.11298397796743
4342,-9.11593167024726
4343,-9.11887868372636
4344,-9.12182501871723
4345,-9.12477067553226
4346,-9.12771565448355
4347,-9.13065995588303
4348,-9.13360358004238
4349,-9.13654652727309
4350,-9.13948879788644
4351,-9.14243039219346
4352,-9.14537131050501
4353,-9.14831155313169
4354,-9.15125112038395
4355,-9.15419001257194
4356,-9.15712823000566
4357,-9.16006577299488
4358,-9.16300264184916
4359,-9.16593883687785
4360,-9.16887435839005
4361,-9.17180920669472
4362,-9.17474338210052
4363,-9.17767688491597
4364,-9.18060971544934
4365,-9.18354187400872
4366,-9.18647336090193
4367,-9.18940417643663
4368,-9.19233432092026
4369,-9.19526379466005
4370,-9.198192597963
4371,-9.20112073113592
4372,-9.20404819448537
4373,-9.20697498831777
4374,-9.20990111293926
4375,-9.21282656865582
4376,-9.2157513557732
4377,-9.21867547459693
4378,-9.22159892543235
4379,-9.22452170858456
4380,-9.22744382435851
4381,-9.23036527305887
4382,-9.23328605499015
4383,-9.23620617045664
4384,-9.23912561976243
4385,-9.24204440321135
4386,-9.24496252110711
4387,-9.24787997375313
4388,-9.25079676145267
4389,-9.25371288450879
4390,-9.25662834322429
4391,-9.25954313790182
4392,-9.2624572688438
4393,-9.26537073635242
4394,-9.26828354072971
4395,-9.27119568227747
4396,-9.27410716129727
4397,-9.27701797809052
4398,-9.2799281329584
4399,-9.2828376262019
4400,-9.28574645812176
4401,-9.28865462901858
4402,-9.29156213919271
4403,-9.2944689889443
4404,-9.29737517857331
4405,-9.3002807083795
4406,-9.30318557866239
4407,-9.30608978972136
4408,-9.30899334185551
4409,-9.31189623536378
4410,-9.31479847054492
4411,-9.31770004769744
4412,-9.32060096711967
4413,-9.32350122910972
4414,-9.32640083396554
4415,-9.32929978198482
4416,-9.33219807346507
4417,-9.33509570870362
4418,-9.33799268799757
4419,-9.34088901164382
4420,-9.3437846799391
4421,-9.34667969317989
4422,-9.34957405166252
4423,-9.35246775568307
4424,-9.35536080553745
4425,-9.35825320152138
4426,-9.36114494393033
4427,-9.36403603305961
4428,-9.36692646920434
4429,-9.3698162526594
4430,-9.37270538371951
4431,-9.37559386267915
4432,-9.37848168983263
4433,-9.38136886547407
4434,-9.38425538989735
4435,-9.38714126339618
4436,-9.39002648626408
4437,-9.39291105879436
4438,-9.39579498128011
4439,-9.39867825401426
4440,-9.4015608772895
4441,-9.40444285139839
4442,-9.4073241766332
4443,-9.41020485328607
4444,-9.41308488164894
4445,-9.41596426201351
4446,-9.41884299467133
4447,-9.42172107991372
4448,-9.42459851803184
4449,-9.42747530931659
4450,-9.43035145405875
4451,-9.43322695254886
4452,-9.43610180507726
4453,-9.43897601193412
4454,-9.44184957340939
4455,-9.44472248979285
4456,-9.44759476137407
4457,-9.45046638844241
4458,-9.45333737128706
4459,-9.45620771019701
4460,-9.45907740546105
4461,-9.46194645736779
4462,-9.46481486620561
4463,-9.46768263226274
4464,-9.47054975582718
4465,-9.47341623718676
4466,-9.47628207662912
4467,-9.47914727444169
4468,-9.4820118309117
4469,-9.48487574632622
4470,-9.48773902097211
4471,-9.490601655136
4472,-9.49346364910441
4473,-9.49632500316359
4474,-9.49918571759962
4475,-9.50204579269845
4476,-9.50490522874573
4477,-9.507764026027
4478,-9.51062218482757
4479,-9.51347970543257
4480,-9.51633658812696
4481,-9.51919283319548
4482,-9.52204844092268
4483,-9.52490341159294
4484,-9.52775774549045
4485,-9.53061144289916
4486,-9.53346450410291
4487,-9.53631692938526
4488,-9.53916871902969
4489,-9.54201987331938
4490,-9.5448703925374
4491,-9.54772027696659
4492,-9.55056952688961
4493,-9.55341814258893
4494,-9.55626612434683
4495,-9.55911347244544
4496,-9.56196018716664
4497,-9.56480626879215
4498,-9.5676517176035
4499,-9.57049653388206
4500,-9.57334071790896
4501,-9.57618426996518
4502,-9.57902719033151
4503,-9.58186947928852
4504,-9.58471113711665
4505,-9.58755216409609
4506,-9.5903925605069
4507,-9.59323232662892
4508,-9.59607146274182
4509,-9.59890996912505
4510,-9.60174784605793
4511,-9.60458509381955
4512,-9.60742171268883
4513,-9.61025770294451
4514,-9.61309306486513
4515,-9.61592779872905
4516,-9.61876190481447
4517,-9.62159538339935
4518,-9.62442823476154
4519,-9.62726045917861
4520,-9.63009205692805
4521,-9.6329230282871
4522,-9.63575337353281
4523,-9.6385830929421
4524,-9.64141218679167
4525,-9.64424065535802
4526,-9.64706849891751
4527,-9.64989571774626
4528,-9.6527223121203
4529,-9.65554828231536
4530,-9.65837362860709
4531,-9.66119835127088
4532,-9.66402245058199
4533,-9.66684592681548
4534,-9.66966878024622
4535,-9.6724910111489
4536,-9.67531261979806
4537,-9.67813360646799
4538,-9.68095397143288
4539,-9.68377371496668
4540,-9.68659283734317
4541,-9.68941133883599
4542,-9.69222921971853
4543,-9.69504648026405
4544,-9.69786312074563
4545,-9.70067914143613
4546,-9.70349454260828
4547,-9.70630932453459
4548,-9.70912348748741
4549,-9.71193703173889
4550,-9.71474995756106
4551,-9.71756226522568
4552,-9.7203739550044
4553,-9.72318502716866
4554,-9.72599548198975
4555,-9.72880531973874
4556,-9.73161454068655
4557,-9.73442314510392
4558,-9.7372311332614
4559,-9.74003850542937
4560,-9.74284526187802
4561,-9.7456514028774
4562,-9.74845692869733
4563,-9.75126183960749
4564,-9.75406613587737
4565,-9.75686981777628
4566,-9.75967288557335
4567,-9.76247533953755
4568,-9.76527717993765
4569,-9.76807840704227
4570,-9.77087902111985
4571,-9.77367902243861
4572,-9.77647841126664
4573,-9.77927718787186
4574,-9.782075352522
4575,-9.78487290548458
4576,-9.78766984702699
4577,-9.79046617741643
4578,-9.79326189691994
4579,-9.79605700580434
4580,-9.79885150433632
4581,-9.80164539278238
4582,-9.80443867140885
4583,-9.80723134048188
4584,-9.81002340026745
4585,-9.81281485103136
4586,-9.81560569303922
4587,-9.81839592655651
4588,-9.82118555184852
4589,-9.82397456918032
4590,-9.82676297881688
4591,-9.82955078102295
4592,-9.83233797606312
4593,-9.83512456420182
4594,-9.83791054570327
4595,-9.84069592083155
4596,-9.84348068985056
4597,-9.84626485302402
4598,-9.84904841061552
4599,-9.85183136288838
4600,-9.85461371010585
4601,-9.85739545253098
4602,-9.8601765904266
4603,-9.86295712405543
4604,-9.86573705368
4605,-9.86851637956266
4606,-9.87129510196557
4607,-9.87407322115077
4608,-9.8768507373801
4609,-9.87962765091522
4610,-9.88240396201762
4611,-9.88517967094865
4612,-9.88795477796948
4613,-9.89072928334107
4614,-9.89350318732428
4615,-9.89627649017972
4616,-9.8990491921679
4617,-9.90182129354911
4618,-9.90459279458353
4619,-9.9073636955311
4620,-9.91013399665164
4621,-9.91290369820479
4622,-9.91567280045002
4623,-9.91844130364661
4624,-9.92120920805372
4625,-9.92397651393029
4626,-9.92674322153514
4627,-9.92950933112689
4628,-9.93227484296398
4629,-9.93503975730473
4630,-9.93780407440725
4631,-9.9405677945295
4632,-9.94333091792929
4633,-9.94609344486422
4634,-9.94885537559175
4635,-9.95161671036919
4636,-9.95437744945365
4637,-9.95713759310208
4638,-9.95989714157129
4639,-9.96265609511789
4640,-9.96541445399836
4641,-9.96817221846898
4642,-9.97092938878587
4643,-9.97368596520501
4644,-9.97644194798219
4645,-9.97919733737304
4646,-9.98195213363303
4647,-9.98470633701746
4648,-9.98745994778147
4649,-9.99021296618004
4650,-9.99296539246797
4651,-9.99571722689988
4652,-9.99846846973031
4653,-10.0012191212135
4654,-10.0039691816037
4655,-10.0067186511548
4656,-10.0094675301206
4657,-10.0122158187549
4658,-10.0149635173111
4659,-10.0177106260426
4660,-10.0204571452025
4661,-10.0232030750438
4662,-10.0259484158194
4663,-10.0286931677819
4664,-10.031437331184
4665,-10.0341809062779
4666,-10.0369238933158
4667,-10.0396662925497
4668,-10.0424081042316
4669,-10.0451493286132
4670,-10.047889965946
4671,-10.0506300164813
4672,-10.0533694804704
4673,-10.0561083581644
4674,-10.0588466498142
4675,-10.0615843556705
4676,-10.0643214759838
4677,-10.0670580110047
4678,-10.0697939609834
4679,-10.0725293261699
4680,-10.0752641068142
4681,-10.0779983031661
4682,-10.0807319154752
4683,-10.0834649439909
4684,-10.0861973889626
4685,-10.0889292506394
4686,-10.0916605292703
4687,-10.0943912251041
4688,-10.0971213383894
4689,-10.0998508693747
4690,-10.1025798183085
4691,-10.1053081854389
4692,-10.1080359710138
4693,-10.1107631752812
4694,-10.1134897984888
4695,-10.1162158408841
4696,-10.1189413027145
4697,-10.1216661842273
4698,-10.1243904856694
4699,-10.127114207288
4700,-10.1298373493296
4701,-10.132559912041
4702,-10.1352818956684
4703,-10.1380033004584
4704,-10.1407241266568
4705,-10.1434443745099
4706,-10.1461640442632
4707,-10.1488831361626
4708,-10.1516016504536
4709,-10.1543195873813
4710,-10.1570369471912
4711,-10.1597537301281
4712,-10.162469936437
4713,-10.1651855663626
4714,-10.1679006201495
4715,-10.170615098042
4716,-10.1733290002845
4717,-10.176042327121
4718,-10.1787550787954
4719,-10.1814672555517
4720,-10.1841788576333
4721,-10.1868898852838
4722,-10.1896003387465
4723,-10.1923102182646
4724,-10.1950195240811
4725,-10.1977282564388
4726,-10.2004364155805
4727,-10.2031440017488
4728,-10.2058510151859
4729,-10.2085574561342
4730,-10.2112633248358
4731,-10.2139686215325
4732,-10.2166733464663
4733,-10.2193774998786
4734,-10.2220810820111
4735,-10.224784093105
4736,-10.2274865334014
4737,-10.2301884031415
4738,-10.2328897025661
4739,-10.2355904319159
4740,-10.2382905914314
4741,-10.2409901813531
4742,-10.2436892019212
4743,-10.2463876533759
4744,-10.2490855359571
4745,-10.2517828499045
4746,-10.2544795954579
4747,-10.2571757728568
4748,-10.2598713823405
4749,-10.2625664241481
4750,-10.2652608985188
4751,-10.2679548056915
4752,-10.2706481459048
4753,-10.2733409193974
4754,-10.2760331264077
4755,-10.278724767174
4756,-10.2814158419345
4757,-10.2841063509272
4758,-10.2867962943898
4759,-10.2894856725601
4760,-10.2921744856757
4761,-10.2948627339738
4762,-10.2975504176919
4763,-10.3002375370669
4764,-10.3029240923358
4765,-10.3056100837353
4766,-10.3082955115023
4767,-10.3109803758731
4768,-10.313664677084
4769,-10.3163484153714
4770,-10.3190315909712
4771,-10.3217142041193
4772,-10.3243962550516
4773,-10.3270777440035
4774,-10.3297586712106
4775,-10.3324390369082
4776,-10.3351188413315
4777,-10.3377980847153
4778,-10.3404767672947
4779,-10.3431548893044
4780,-10.3458324509788
4781,-10.3485094525525
4782,-10.3511858942597
4783,-10.3538617763346
4784,-10.3565370990111
4785,-10.359211862523
4786,-10.3618860671042
4787,-10.364559712988
4788,-10.3672328004079
4789,-10.3699053295972
4790,-10.3725773007889
4791,-10.3752487142161
4792,-10.3779195701115
4793,-10.3805898687078
4794,-10.3832596102375
4795,-10.3859287949331
4796,-10.3885974230267
4797,-10.3912654947504
4798,-10.3939330103361
4799,-10.3965999700157
4800,-10.3992663740209
4801,-10.401932222583
4802,-10.4045975159336
4803,-10.4072622543037
4804,-10.4099264379245
4805,-10.412590067027
4806,-10.4152531418418
4807,-10.4179156625996
4808,-10.420577629531
4809,-10.4232390428662
4810,-10.4258999028355
4811,-10.428560209669
4812,-10.4312199635966
4813,-10.433879164848
4814,-10.4365378136529
4815,-10.4391959102408
4816,-10.441853454841
4817,-10.4445104476827
4818,-10.4471668889951
4819,-10.449822779007
4820,-10.4524781179472
4821,-10.4551329060443
4822,-10.4577871435269
4823,-10.4604408306233
4824,-10.4630939675616
4825,-10.4657465545701
4826,-10.4683985918765
4827,-10.4710500797087
4828,-10.4737010182943
4829,-10.4763514078609
4830,-10.4790012486357
4831,-10.4816505408461
4832,-10.484299284719
4833,-10.4869474804815
4834,-10.4895951283602
4835,-10.492242228582
4836,-10.4948887813732
4837,-10.4975347869603
4838,-10.5001802455695
4839,-10.5028251574268
4840,-10.5054695227584
4841,-10.5081133417898
4842,-10.510756614747
4843,-10.5133993418552
4844,-10.5160415233401
4845,-10.5186831594267
4846,-10.5213242503403
4847,-10.5239647963058
4848,-10.5266047975481
4849,-10.5292442542917
4850,-10.5318831667614
4851,-10.5345215351815
4852,-10.5371593597763
4853,-10.53979664077
4854,-10.5424333783865
4855,-10.5450695728497
4856,-10.5477052243833
4857,-10.550340333211
4858,-10.5529748995561
4859,-10.5556089236421
4860,-10.558242405692
4861,-10.5608753459289
4862,-10.5635077445757
4863,-10.5661396018552
4864,-10.56877091799
4865,-10.5714016932025
4866,-10.5740319277152
4867,-10.5766616217502
4868,-10.5792907755296
4869,-10.5819193892754
4870,-10.5845474632094
4871,-10.5871749975531
4872,-10.5898019925282
4873,-10.5924284483561
4874,-10.595054365258
4875,-10.597679743455
4876,-10.6003045831681
4877,-10.6029288846181
4878,-10.6055526480259
4879,-10.6081758736118
4880,-10.6107985615965
4881,-10.6134207122002
4882,-10.616042325643
4883,-10.618663402145
4884,-10.6212839419261
4885,-10.6239039452061
4886,-10.6265234122046
4887,-10.629142343141
4888,-10.6317607382348
4889,-10.6343785977052
4890,-10.6369959217713
4891,-10.639612710652
4892,-10.6422289645661
4893,-10.6448446837324
4894,-10.6474598683693
4895,-10.6500745186953
4896,-10.6526886349288
4897,-10.6553022172878
4898,-10.6579152659904
4899,-10.6605277812544
4900,-10.6631397632976
4901,-10.6657512123377
4902,-10.668362128592
4903,-10.6709725122781
4904,-10.673582363613
4905,-10.6761916828139
4906,-10.6788004700976
4907,-10.6814087256812
4908,-10.6840164497812
4909,-10.6866236426142
4910,-10.6892303043965
4911,-10.6918364353446
4912,-10.6944420356746
4913,-10.6970471056024
4914,-10.6996516453441
4915,-10.7022556551153
4916,-10.7048591351316
4917,-10.7074620856087
4918,-10.7100645067618
4919,-10.7126663988062
4920,-10.715267761957
4921,-10.7178685964292
4922,-10.7204689024377
4923,-10.723068680197
4924,-10.7256679299219
4925,-10.7282666518267
4926,-10.7308648461258
4927,-10.7334625130334
4928,-10.7360596527636
4929,-10.7386562655302
4930,-10.7412523515471
4931,-10.7438479110279
4932,-10.7464429441862
4933,-10.7490374512354
4934,-10.7516314323888
4935,-10.7542248878595
4936,-10.7568178178605
4937,-10.7594102226048
4938,-10.7620021023051
4939,-10.764593457174
4940,-10.767184287424
4941,-10.7697745932676
4942,-10.7723643749169
4943,-10.7749536325841
4944,-10.7775423664811
4945,-10.7801305768199
4946,-10.7827182638121
4947,-10.7853054276693
4948,-10.7878920686031
4949,-10.7904781868248
4950,-10.7930637825456
4951,-10.7956488559765
4952,-10.7982334073286
4953,-10.8008174368127
4954,-10.8034009446394
4955,-10.8059839310194
4956,-10.8085663961632
4957,-10.811148340281
4958,-10.813729763583
4959,-10.8163106662793
4960,-10.8188910485799
4961,-10.8214709106945
4962,-10.8240502528329
4963,-10.8266290752047
4964,-10.8292073780191
4965,-10.8317851614857
4966,-10.8343624258135
4967,-10.8369391712115
4968,-10.8395153978889
4969,-10.8420911060542
4970,-10.8446662959163
4971,-10.8472409676836
4972,-10.8498151215646
4973,-10.8523887577677
4974,-10.8549618765009
4975,-10.8575344779723
4976,-10.8601065623898
4977,-10.8626781299613
4978,-10.8652491808943
4979,-10.8678197153966
4980,-10.8703897336754
4981,-10.8729592359381
4982,-10.8755282223918
4983,-10.8780966932437
4984,-10.8806646487006
4985,-10.8832320889693
4986,-10.8857990142564
4987,-10.8883654247687
4988,-10.8909313207124
4989,-10.8934967022939
4990,-10.8960615697193
4991,-10.8986259231947
4992,-10.9011897629261
4993,-10.9037530891192
4994,-10.9063159019798
4995,-10.9088782017133
4996,-10.9114399885253
4997,-10.9140012626209
4998,-10.9165620242056
4999,-10.9191222734841
5000,-10.9216820106617
5001,-10.9242412359429
5002,-10.9267999495327
5003,-10.9293581516354
5004,-10.9319158424556
5005,-10.9344730221977
5006,-10.9370296910657
5007,-10.9395858492638
5008,-10.942141496996
5009,-10.9446966344661
5010,-10.9472512618778
5011,-10.9498053794347
5012,-10.9523589873402
5013,-10.9549120857979
5014,-10.9574646750107
5015,-10.960016755182
5016,-10.9625683265146
5017,-10.9651193892115
5018,-10.9676699434753
5019,-10.9702199895087
5020,-10.9727695275142
5021,-10.9753185576942
5022,-10.977867080251
5023,-10.9804150953866
5024,-10.9829626033031
5025,-10.9855096042024
5026,-10.9880560982863
5027,-10.9906020857564
5028,-10.9931475668143
5029,-10.9956925416614
5030,-10.998237010499
5031,-11.0007809735282
5032,-11.0033244309501
5033,-11.0058673829657
5034,-11.0084098297758
5035,-11.010951771581
5036,-11.013493208582
5037,-11.0160341409792
5038,-11.0185745689729
5039,-11.0211144927634
5040,-11.0236539125508
5041,-11.026192828535
5042,-11.0287312409159
5043,-11.0312691498932
5044,-11.0338065556667
5045,-11.0363434584357
5046,-11.0388798583996
5047,-11.0414157557579
5048,-11.0439511507095
5049,-11.0464860434535
5050,-11.0490204341888
5051,-11.0515543231143
5052,-11.0540877104286
5053,-11.0566205963303
5054,-11.0591529810178
5055,-11.0616848646894
5056,-11.0642162475433
5057,-11.0667471297777
5058,-11.0692775115904
5059,-11.0718073931795
5060,-11.0743367747425
5061,-11.0768656564771
5062,-11.0793940385808
5063,-11.081921921251
5064,-11.084449304685
5065,-11.0869761890799
5066,-11.0895025746327
5067,-11.0920284615404
5068,-11.0945538499998
5069,-11.0970787402076
5070,-11.0996031323602
5071,-11.1021270266542
5072,-11.104650423286
5073,-11.1071733224516
5074,-11.1096957243473
5075,-11.112217629169
5076,-11.1147390371126
5077,-11.1172599483739
5078,-11.1197803631484
5079,-11.1223002816318
5080,-11.1248197040194
5081,-11.1273386305065
5082,-11.1298570612882
5083,-11.1323749965598
5084,-11.1348924365161
5085,-11.1374093813519
5086,-11.1399258312619
5087,-11.1424417864408
5088,-11.1449572470831
5089,-11.1474722133831
5090,-11.1499866855351
5091,-11.1525006637332
5092,-11.1550141481715
5093,-11.1575271390439
5094,-11.1600396365441
5095,-11.1625516408659
5096,-11.1650631522029
5097,-11.1675741707484
5098,-11.1700846966959
5099,-11.1725947302386
5100,-11.1751042715696
5101,-11.1776133208819
5102,-11.1801218783684
5103,-11.1826299442219
5104,-11.185137518635
5105,-11.1876446018003
5106,-11.1901511939102
5107,-11.1926572951571
5108,-11.1951629057332
5109,-11.1976680258305
5110,-11.2001726556411
5111,-11.2026767953568
5112,-11.2051804451694
5113,-11.2076836052706
5114,-11.2101862758518
5115,-11.2126884571046
5116,-11.2151901492201
5117,-11.2176913523897
5118,-11.2201920668044
5119,-11.2226922926551
5120,-11.2251920301328
5121,-11.2276912794282
5122,-11.2301900407319
5123,-11.2326883142345
5124,-11.2351861001264
5125,-11.2376833985978
5126,-11.2401802098391
5127,-11.2426765340402
5128,-11.2451723713911
5129,-11.2476677220818
5130,-11.2501625863018
5131,-11.252656964241
5132,-11.2551508560888
5133,-11.2576442620346
5134,-11.2601371822677
5135,-11.2626296169774
5136,-11.2651215663527
5137,-11.2676130305826
5138,-11.2701040098559
5139,-11.2725945043615
5140,-11.2750845142879
5141,-11.2775740398236
5142,-11.2800630811572
5143,-11.282551638477
5144,-11.285039711971
5145,-11.2875273018275
5146,-11.2900144082344
5147,-11.2925010313796
5148,-11.2949871714508
5149,-11.2974728286357
5150,-11.2999580031219
5151,-11.3024426950968
5152,-11.3049269047477
5153,-11.3074106322618
5154,-11.3098938778263
5155,-11.3123766416281
5156,-11.3148589238542
5157,-11.3173407246912
5158,-11.319822044326
5159,-11.3223028829451
5160,-11.3247832407349
5161,-11.3272631178818
5162,-11.329742514572
5163,-11.3322214309916
5164,-11.3346998673267
5165,-11.3371778237632
5166,-11.3396553004869
5167,-11.3421322976835
5168,-11.3446088155387
5169,-11.3470848542378
5170,-11.3495604139662
5171,-11.3520354949093
5172,-11.3545100972522
5173,-11.3569842211799
5174,-11.3594578668775
5175,-11.3619310345297
5176,-11.3644037243212
5177,-11.3668759364368
5178,-11.3693476710608
5179,-11.3718189283778
5180,-11.3742897085721
5181,-11.3767600118278
5182,-11.379229838329
5183,-11.3816991882598
5184,-11.3841680618039
5185,-11.3866364591452
5186,-11.3891043804674
5187,-11.3915718259539
5188,-11.3940387957883
5189,-11.3965052901539
5190,-11.398971309234
5191,-11.4014368532116
5192,-11.4039019222699
5193,-11.4063665165917
5194,-11.4088306363598
5195,-11.4112942817571
5196,-11.413757452966
5197,-11.4162201501691
5198,-11.4186823735487
5199,-11.4211441232873
5200,-11.4236053995669
5201,-11.4260662025696
5202,-11.4285265324775
5203,-11.4309863894724
5204,-11.433445773736
5205,-11.43590468545
5206,-11.4383631247961
5207,-11.4408210919555
5208,-11.4432785871098
5209,-11.44573561044
5210,-11.4481921621275
5211,-11.4506482423531
5212,-11.4531038512979
5213,-11.4555589891426
5214,-11.458013656068
5215,-11.4604678522547
5216,-11.4629215778832
5217,-11.465374833134
5218,-11.4678276181873
5219,-11.4702799332233
5220,-11.4727317784222
5221,-11.4751831539639
5222,-11.4776340600283
5223,-11.4800844967953
5224,-11.4825344644444
5225,-11.4849839631554
5226,-11.4874329931077
5227,-11.4898815544805
5228,-11.4923296474534
5229,-11.4947772722053
5230,-11.4972244289154
5231,-11.4996711177626
5232,-11.5021173389258
5233,-11.5045630925837
5234,-11.5070083789151
5235,-11.5094531980985
5236,-11.5118975503123
5237,-11.5143414357348
5238,-11.5167848545444
5239,-11.5192278069192
5240,-11.5216702930372
5241,-11.5241123130764
5242,-11.5265538672145
5243,-11.5289949556294
5244,-11.5314355784987
5245,-11.5338757359999
5246,-11.5363154283105
5247,-11.5387546556078
5248,-11.541193418069
5249,-11.5436317158712
5250,-11.5460695491916
5251,-11.5485069182069
5252,-11.5509438230941
5253,-11.5533802640298
5254,-11.5558162411908
5255,-11.5582517547534
5256,-11.5606868048942
5257,-11.5631213917895
5258,-11.5655555156155
5259,-11.5679891765482
5260,-11.5704223747638
5261,-11.5728551104381
5262,-11.5752873837471
5263,-11.5777191948663
5264,-11.5801505439714
5265,-11.582581431238
5266,-11.5850118568414
5267,-11.587441820957
5268,-11.58987132376
5269,-11.5923003654255
5270,-11.5947289461286
5271,-11.5971570660441
5272,-11.5995847253469
5273,-11.6020119242117
5274,-11.6044386628132
5275,-11.6068649413258
5276,-11.609290759924
5277,-11.611716118782
5278,-11.6141410180742
5279,-11.6165654579747
5280,-11.6189894386575
5281,-11.6214129602965
5282,-11.6238360230655
5283,-11.6262586271383
5284,-11.6286807726885
5285,-11.6311024598897
5286,-11.6335236889152
5287,-11.6359444599385
5288,-11.6383647731327
5289,-11.6407846286711
5290,-11.6432040267265
5291,-11.6456229674721
5292,-11.6480414510806
5293,-11.6504594777248
5294,-11.6528770475774
5295,-11.6552941608108
5296,-11.6577108175976
5297,-11.6601270181101
5298,-11.6625427625205
5299,-11.6649580510011
5300,-11.6673728837239
5301,-11.6697872608608
5302,-11.6722011825838
5303,-11.6746146490646
5304,-11.6770276604748
5305,-11.6794402169861
5306,-11.68185231877
5307,-11.6842639659978
5308,-11.6866751588408
5309,-11.6890858974702
5310,-11.6914961820571
5311,-11.6939060127725
5312,-11.6963153897873
5313,-11.6987243132723
5314,-11.7011327833983
5315,-11.7035408003357
5316,-11.7059483642552
5317,-11.7083554753272
5318,-11.7107621337219
5319,-11.7131683396097
5320,-11.7155740931606
5321,-11.7179793945447
5322,-11.7203842439319
5323,-11.7227886414921
5324,-11.725192587395
5325,-11.7275960818102
5326,-11.7299991249074
5327,-11.7324017168559
5328,-11.7348038578252
5329,-11.7372055479846
5330,-11.7396067875031
5331,-11.7420075765498
5332,-11.7444079152939
5333,-11.7468078039041
5334,-11.7492072425492
5335,-11.751606231398
5336,-11.754004770619
5337,-11.7564028603808
5338,-11.7588005008518
5339,-11.7611976922003
5340,-11.7635944345945
5341,-11.7659907282025
5342,-11.7683865731925
5343,-11.7707819697322
5344,-11.7731769179897
5345,-11.7755714181326
5346,-11.7779654703286
5347,-11.7803590747452
5348,-11.78275223155
5349,-11.7851449409103
5350,-11.7875372029935
5351,-11.7899290179666
5352,-11.7923203859968
5353,-11.7947113072511
5354,-11.7971017818964
5355,-11.7994918100995
5356,-11.8018813920271
5357,-11.804270527846
5358,-11.8066592177225
5359,-11.8090474618232
5360,-11.8114352603144
5361,-11.8138226133623
5362,-11.8162095211331
5363,-11.818595983793
5364,-11.8209820015078
5365,-11.8233675744435
5366,-11.8257527027658
5367,-11.8281373866405
5368,-11.8305216262331
5369,-11.8329054217092
5370,-11.8352887732342
5371,-11.8376716809734
5372,-11.840054145092
5373,-11.8424361657553
5374,-11.8448177431282
5375,-11.8471988773757
5376,-11.8495795686627
5377,-11.8519598171539
5378,-11.8543396230142
5379,-11.8567189864079
5380,-11.8590979074997
5381,-11.8614763864539
5382,-11.8638544234349
5383,-11.8662320186069
5384,-11.868609172134
5385,-11.8709858841802
5386,-11.8733621549096
5387,-11.875737984486
5388,-11.8781133730731
5389,-11.8804883208347
5390,-11.8828628279342
5391,-11.8852368945353
5392,-11.8876105208013
5393,-11.8899837068955
5394,-11.8923564529812
5395,-11.8947287592214
5396,-11.8971006257793
5397,-11.8994720528177
5398,-11.9018430404996
5399,-11.9042135889877
5400,-11.9065836984447
5401,-11.9089533690331
5402,-11.9113226009156
5403,-11.9136913942544
5404,-11.9160597492119
5405,-11.9184276659503
5406,-11.9207951446318
5407,-11.9231621854184
5408,-11.9255287884721
5409,-11.9278949539548
5410,-11.9302606820281
5411,-11.9326259728539
5412,-11.9349908265937
5413,-11.9373552434089
5414,-11.9397192234612
5415,-11.9420827669117
5416,-11.9444458739217
5417,-11.9468085446524
5418,-11.9491707792648
5419,-11.9515325779199
5420,-11.9538939407786
5421,-11.9562548680017
5422,-11.9586153597498
5423,-11.9609754161837
5424,-11.9633350374638
5425,-11.9656942237505
5426,-11.9680529752043
5427,-11.9704112919854
5428,-11.972769174254
5429,-11.9751266221701
5430,-11.9774836358937
5431,-11.9798402155848
5432,-11.9821963614032
5433,-11.9845520735086
5434,-11.9869073520606
5435,-11.9892621972189
5436,-11.9916166091428
5437,-11.9939705879918
5438,-11.9963241339251
5439,-11.998677247102
5440,-12.0010299276815
5441,-12.0033821758228
5442,-12.0057339916846
5443,-12.008085375426
5444,-12.0104363272056
5445,-12.0127868471822
5446,-12.0151369355142
5447,-12.0174865923603
5448,-12.0198358178789
5449,-12.0221846122282
5450,-12.0245329755666
5451,-12.0268809080521
5452,-12.0292284098428
5453,-12.0315754810968
5454,-12.0339221219719
5455,-12.0362683326258
5456,-12.0386141132165
5457,-12.0409594639014
5458,-12.0433043848381
5459,-12.0456488761841
5460,-12.0479929380968
5461,-12.0503365707334
5462,-12.0526797742511
5463,-12.0550225488071
5464,-12.0573648945584
5465,-12.0597068116619
5466,-12.0620483002745
5467,-12.0643893605529
5468,-12.0667299926539
5469,-12.069070196734
5470,-12.0714099729497
5471,-12.0737493214575
5472,-12.0760882424137
5473,-12.0784267359746
5474,-12.0807648022964
5475,-12.083102441535
5476,-12.0854396538466
5477,-12.087776439387
5478,-12.090112798312
5479,-12.0924487307774
5480,-12.0947842369389
5481,-12.097119316952
5482,-12.0994539709723
5483,-12.101788199155
5484,-12.1041220016556
5485,-12.1064553786292
5486,-12.108788330231
5487,-12.1111208566161
5488,-12.1134529579394
5489,-12.1157846343559
5490,-12.1181158860203
5491,-12.1204467130874
5492,-12.1227771157117
5493,-12.125107094048
5494,-12.1274366482505
5495,-12.1297657784738
5496,-12.132094484872
5497,-12.1344227675995
5498,-12.1367506268104
5499,-12.1390780626586
5500,-12.1414050752983
5501,-12.1437316648831
5502,-12.1460578315671
5503,-12.1483835755038
5504,-12.1507088968468
5505,-12.1530337957498
5506,-12.1553582723662
5507,-12.1576823268494
5508,-12.1600059593526
5509,-12.1623291700291
5510,-12.164651959032
5511,-12.1669743265144
5512,-12.1692962726291
5513,-12.1716177975292
5514,-12.1739389013673
5515,-12.1762595842962
5516,-12.1785798464685
5517,-12.1808996880368
5518,-12.1832191091535
5519,-12.185538109971
5520,-12.1878566906416
5521,-12.1901748513175
5522,-12.1924925921508
5523,-12.1948099132937
5524,-12.197126814898
5525,-12.1994432971156
5526,-12.2017593600984
5527,-12.204075003998
5528,-12.2063902289661
5529,-12.2087050351543
5530,-12.211019422714
5531,-12.2133333917966
5532,-12.2156469425533
5533,-12.2179600751356
5534,-12.2202727896944
5535,-12.2225850863808
5536,-12.2248969653459
5537,-12.2272084267405
5538,-12.2295194707154
5539,-12.2318300974214
5540,-12.2341403070091
5541,-12.2364500996291
5542,-12.2387594754319
5543,-12.2410684345679
5544,-12.2433769771874
5545,-12.2456851034406
5546,-12.2479928134778
5547,-12.2503001074489
5548,-12.2526069855041
5549,-12.2549134477932
5550,-12.257219494466
5551,-12.2595251256724
5552,-12.261830341562
5553,-12.2641351422843
5554,-12.266439527989
5555,-12.2687434988254
5556,-12.271047054943
5557,-12.2733501964909
5558,-12.2756529236183
5559,-12.2779552364745
5560,-12.2802571352083
5561,-12.2825586199689
5562,-12.2848596909049
5563,-12.2871603481653
5564,-12.2894605918987
5565,-12.2917604222538
5566,-12.2940598393791
5567,-12.296358843423
5568,-12.2986574345341
5569,-12.3009556128605
5570,-12.3032533785506
5571,-12.3055507317524
5572,-12.307847672614
5573,-12.3101442012835
5574,-12.3124403179088
5575,-12.3147360226376
5576,-12.3170313156177
5577,-12.3193261969968
5578,-12.3216206669225
5579,-12.3239147255423
5580,-12.3262083730037
5581,-12.3285016094539
5582,-12.3307944350404
5583,-12.3330868499101
5584,-12.3353788542104
5585,-12.3376704480882
5586,-12.3399616316905
5587,-12.3422524051641
5588,-12.344542768656
5589,-12.3468327223127
5590,-12.3491222662809
5591,-12.3514114007073
5592,-12.3537001257382
5593,-12.3559884415201
5594,-12.3582763481994
5595,-12.3605638459222
5596,-12.3628509348348
5597,-12.3651376150833
5598,-12.3674238868136
5599,-12.3697097501717
5600,-12.3719952053035
5601,-12.3742802523547
5602,-12.3765648914711
5603,-12.3788491227982
5604,-12.3811329464817
5605,-12.3834163626669
5606,-12.3856993714994
5607,-12.3879819731244
5608,-12.390264167687
5609,-12.3925459553326
5610,-12.3948273362062
5611,-12.3971083104527
5612,-12.3993888782172
5613,-12.4016690396444
5614,-12.4039487948791
5615,-12.4062281440661
5616,-12.4085070873499
5617,-12.4107856248751
5618,-12.4130637567861
5619,-12.4153414832274
5620,-12.4176188043431
5621,-12.4198957202777
5622,-12.4221722311752
5623,-12.4244483371796
5624,-12.4267240384351
5625,-12.4289993350855
5626,-12.4312742272746
5627,-12.4335487151463
5628,-12.4358227988442
5629,-12.438096478512
5630,-12.4403697542932
5631,-12.4426426263312
5632,-12.4449150947694
5633,-12.4471871597512
5634,-12.4494588214198
5635,-12.4517300799183
5636,-12.4540009353899
5637,-12.4562713879775
5638,-12.458541437824
5639,-12.4608110850724
5640,-12.4630803298653
5641,-12.4653491723456
5642,-12.4676176126558
5643,-12.4698856509384
5644,-12.472153287336
5645,-12.474420521991
5646,-12.4766873550456
5647,-12.4789537866421
5648,-12.4812198169227
5649,-12.4834854460295
5650,-12.4857506741046
5651,-12.4880155012897
5652,-12.4902799277269
5653,-12.4925439535579
5654,-12.4948075789245
5655,-12.4970708039682
5656,-12.4993336288306
5657,-12.5015960536534
5658,-12.5038580785777
5659,-12.5061197037451
5660,-12.5083809292968
5661,-12.5106417553739
5662,-12.5129021821177
5663,-12.515162209669
5664,-12.517421838169
5665,-12.5196810677585
5666,-12.5219398985783
5667,-12.5241983307692
5668,-12.5264563644718
5669,-12.5287139998267
5670,-12.5309712369746
5671,-12.5332280760557
5672,-12.5354845172105
5673,-12.5377405605793
5674,-12.5399962063023
5675,-12.5422514545197
5676,-12.5445063053715
5677,-12.5467607589978
5678,-12.5490148155384
5679,-12.5512684751333
5680,-12.5535217379221
5681,-12.5557746040447
5682,-12.5580270736407
5683,-12.5602791468496
5684,-12.5625308238108
5685,-12.5647821046639
5686,-12.5670329895481
5687,-12.5692834786028
5688,-12.5715335719671
5689,-12.5737832697801
5690,-12.5760325721809
5691,-12.5782814793084
5692,-12.5805299913016
5693,-12.5827781082993
5694,-12.5850258304402
5695,-12.5872731578631
5696,-12.5895200907064
5697,-12.5917666291088
5698,-12.5940127732087
5699,-12.5962585231445
5700,-12.5985038790545
5701,-12.600748841077
5702,-12.6029934093501
5703,-12.605237584012
5704,-12.6074813652006
5705,-12.6097247530539
5706,-12.6119677477098
5707,-12.614210349306
5708,-12.6164525579804
5709,-12.6186943738706
5710,-12.6209357971142
5711,-12.6231768278486
5712,-12.6254174662114
5713,-12.6276577123399
5714,-12.6298975663714
5715,-12.6321370284432
5716,-12.6343760986923
5717,-12.6366147772559
5718,-12.6388530642711
5719,-12.6410909598746
5720,-12.6433284642035
5721,-12.6455655773945
5722,-12.6478022995843
5723,-12.6500386309095
5724,-12.6522745715069
5725,-12.6545101215128
5726,-12.6567452810638
5727,-12.6589800502961
5728,-12.6612144293461
5729,-12.66344841835
5730,-12.6656820174439
5731,-12.6679152267641
5732,-12.6701480464463
5733,-12.6723804766266
5734,-12.6746125174409
5735,-12.676844169025
5736,-12.6790754315146
5737,-12.6813063050452
5738,-12.6835367897527
5739,-12.6857668857723
5740,-12.6879965932396
5741,-12.69022591229
5742,-12.6924548430588
5743,-12.6946833856811
5744,-12.6969115402922
5745,-12.6991393070271
5746,-12.7013666860208
5747,-12.7035936774084
5748,-12.7058202813246
5749,-12.7080464979044
5750,-12.7102723272824
5751,-12.7124977695932
5752,-12.7147228249716
5753,-12.7169474935519
5754,-12.7191717754688
5755,-12.7213956708565
5756,-12.7236191798494
5757,-12.7258423025817
5758,-12.7280650391876
5759,-12.7302873898012
5760,-12.7325093545566
5761,-12.7347309335877
5762,-12.7369521270284
5763,-12.7391729350125
5764,-12.7413933576738
5765,-12.743613395146
5766,-12.7458330475627
5767,-12.7480523150574
5768,-12.7502711977637
5769,-12.7524896958149
5770,-12.7547078093444
5771,-12.7569255384854
5772,-12.7591428833712
5773,-12.7613598441349
5774,-12.7635764209096
5775,-12.7657926138281
5776,-12.7680084230236
5777,-12.7702238486288
5778,-12.7724388907765
5779,-12.7746535495994
5780,-12.7768678252302
5781,-12.7790817178015
5782,-12.7812952274458
5783,-12.7835083542954
5784,-12.7857210984829
5785,-12.7879334601405
5786,-12.7901454394004
5787,-12.7923570363948
5788,-12.7945682512559
5789,-12.7967790841155
5790,-12.7989895351058
5791,-12.8011996043586
5792,-12.8034092920057
5793,-12.8056185981788
5794,-12.8078275230098
5795,-12.8100360666301
5796,-12.8122442291714
5797,-12.8144520107652
5798,-12.8166594115428
5799,-12.8188664316356
5800,-12.8210730711749
5801,-12.8232793302919
5802,-12.8254852091177
5803,-12.8276907077834
5804,-12.8298958264201
5805,-12.8321005651587
5806,-12.83430492413
5807,-12.8365089034649
5808,-12.8387125032941
5809,-12.8409157237482
5810,-12.843118564958
5811,-12.8453210270538
5812,-12.8475231101663
5813,-12.8497248144257
5814,-12.8519261399625
5815,-12.8541270869068
5816,-12.856327655389
5817,-12.858527845539
5818,-12.8607276574871
5819,-12.8629270913631
5820,-12.8651261472971
5821,-12.8673248254189
5822,-12.8695231258583
5823,-12.871721048745
5824,-12.8739185942087
5825,-12.876115762379
5826,-12.8783125533854
5827,-12.8805089673574
5828,-12.8827050044243
5829,-12.8849006647156
5830,-12.8870959483605
5831,-12.8892908554881
5832,-12.8914853862277
5833,-12.8936795407082
5834,-12.8958733190587
5835,-12.8980667214082
5836,-12.9002597478854
5837,-12.9024523986191
5838,-12.9046446737382
5839,-12.9068365733713
5840,-12.9090280976469
5841,-12.9112192466937
5842,-12.9134100206401
5843,-12.9156004196144
5844,-12.9177904437451
5845,-12.9199800931603
5846,-12.9221693679884
5847,-12.9243582683575
5848,-12.9265467943955
5849,-12.9287349462306
5850,-12.9309227239907
5851,-12.9331101278036
5852,-12.9352971577972
5853,-12.9374838140992
5854,-12.9396700968373
5855,-12.9418560061391
5856,-12.9440415421322
5857,-12.946226704944
5858,-12.948411494702
5859,-12.9505959115336
5860,-12.9527799555659
5861,-12.9549636269262
5862,-12.9571469257418
5863,-12.9593298521397
5864,-12.9615124062468
5865,-12.9636945881903
5866,-12.9658763980969
5867,-12.9680578360936
5868,-12.970238902307
5869,-12.9724195968639
5870,-12.974599919891
5871,-12.9767798715148
5872,-12.9789594518617
5873,-12.9811386610584
5874,-12.9833174992311
5875,-12.9854959665061
5876,-12.9876740630098
5877,-12.9898517888682
5878,-12.9920291442076
5879,-12.994206129154
5880,-12.9963827438334
5881,-12.9985589883716
5882,-13.0007348628946
5883,-13.0029103675282
5884,-13.0050855023982
5885,-13.0072602676301
5886,-13.0094346633496
5887,-13.0116086896822
5888,-13.0137823467535
5889,-13.0159556346888
5890,-13.0181285536135
5891,-13.0203011036529
5892,-13.0224732849323
5893,-13.0246450975766
5894,-13.0268165417112
5895,-13.028987617461
5896,-13.031158324951
5897,-13.033328664306
5898,-13.035498635651
5899,-13.0376682391107
5900,-13.0398374748098
5901,-13.042006342873
5902,-13.0441748434249
5903,-13.04634297659
5904,-13.0485107424928
5905,-13.0506781412576
5906,-13.0528451730088
5907,-13.0550118378708
5908,-13.0571781359676
5909,-13.0593440674234
5910,-13.0615096323624
5911,-13.0636748309085
5912,-13.0658396631858
5913,-13.068004129318
5914,-13.0701682294291
5915,-13.0723319636428
5916,-13.0744953320828
5917,-13.0766583348728
5918,-13.0788209721363
5919,-13.0809832439968
5920,-13.0831451505779
5921,-13.085306692003
5922,-13.0874678683952
5923,-13.089628679878
5924,-13.0917891265745
5925,-13.0939492086079
5926,-13.0961089261012
5927,-13.0982682791775
5928,-13.1004272679598
5929,-13.1025858925708
5930,-13.1047441531336
5931,-13.1069020497707
5932,-13.109059582605
5933,-13.1112167517591
5934,-13.1133735573556
5935,-13.115529999517
5936,-13.1176860783657
5937,-13.1198417940242
5938,-13.1219971466148
5939,-13.1241521362597
5940,-13.1263067630813
5941,-13.1284610272016
5942,-13.1306149287427
5943,-13.1327684678267
5944,-13.1349216445755
5945,-13.137074459111
5946,-13.1392269115552
5947,-13.1413790020297
5948,-13.1435307306562
5949,-13.1456820975565
5950,-13.1478331028522
5951,-13.1499837466647
5952,-13.1521340291156
5953,-13.1542839503263
5954,-13.1564335104181
5955,-13.1585827095123
5956,-13.1607315477301
5957,-13.1628800251928
5958,-13.1650281420214
5959,-13.167175898337
5960,-13.1693232942605
5961,-13.171470329913
5962,-13.1736170054152
5963,-13.1757633208879
5964,-13.177909276452
5965,-13.1800548722281
5966,-13.1822001083368
5967,-13.1843449848986
5968,-13.1864895020342
5969,-13.1886336598638
5970,-13.190777458508
5971,-13.1929208980869
5972,-13.195063978721
5973,-13.1972067005303
5974,-13.1993490636351
5975,-13.2014910681553
5976,-13.2036327142111
5977,-13.2057740019224
5978,-13.207914931409
5979,-13.2100555027908
5980,-13.2121957161876
5981,-13.2143355717191
5982,-13.216475069505
5983,-13.2186142096648
5984,-13.2207529923181
5985,-13.2228914175844
5986,-13.2250294855831
5987,-13.2271671964335
5988,-13.229304550255
5989,-13.2314415471668
5990,-13.233578187288
5991,-13.2357144707378
5992,-13.2378503976353
5993,-13.2399859680994
5994,-13.242121182249
5995,-13.2442560402032
5996,-13.2463905420806
5997,-13.248524688
5998,-13.2506584780802
5999,-13.2527919124398
6000,-13.2549249911974
6001,-13.2570577144714
6002,-13.2591900823805
6003,-13.2613220950428
6004,-13.263453752577
6005,-13.265585055101
6006,-13.2677160027334
6007,-13.2698465955921
6008,-13.2719768337953
6009,-13.2741067174611
6010,-13.2762362467075
6011,-13.2783654216523
6012,-13.2804942424135
6013,-13.2826227091088
6014,-13.2847508218561
6015,-13.2868785807731
6016,-13.2890059859773
6017,-13.2911330375863
6018,-13.2932597357177
6019,-13.295386080489
6020,-13.2975120720175
6021,-13.2996377104206
6022,-13.3017629958155
6023,-13.3038879283196
6024,-13.30601250805
6025,-13.3081367351237
6026,-13.3102606096579
6027,-13.3123841317695
6028,-13.3145073015755
6029,-13.3166301191928
6030,-13.3187525847381
6031,-13.3208746983283
6032,-13.3229964600801
6033,-13.32511787011
6034,-13.3272389285348
6035,-13.3293596354708
6036,-13.3314799910347
6037,-13.3335999953428
6038,-13.3357196485114
6039,-13.3378389506569
6040,-13.3399579018955
6041,-13.3420765023434
6042,-13.3441947521168
6043,-13.3463126513316
6044,-13.3484302001039
6045,-13.3505473985497
6046,-13.3526642467848
6047,-13.3547807449252
6048,-13.3568968930865
6049,-13.3590126913845
6050,-13.3611281399349
6051,-13.3632432388532
6052,-13.3653579882551
6053,-13.367472388256
6054,-13.3695864389714
6055,-13.3717001405166
6056,-13.373813493007
6057,-13.3759264965578
6058,-13.3780391512842
6059,-13.3801514573014
6060,-13.3822634147246
6061,-13.3843750236686
6062,-13.3864862842486
6063,-13.3885971965793
6064,-13.3907077607758
6065,-13.3928179769528
6066,-13.3949278452251
6067,-13.3970373657073
6068,-13.3991465385141
6069,-13.4012553637601
6070,-13.4033638415598
6071,-13.4054719720277
6072,-13.4075797552782
6073,-13.4096871914256
6074,-13.4117942805843
6075,-13.4139010228685
6076,-13.4160074183923
6077,-13.41811346727
6078,-13.4202191696156
6079,-13.4223245255431
6080,-13.4244295351665
6081,-13.4265341985996
6082,-13.4286385159564
6083,-13.4307424873506
6084,-13.4328461128959
6085,-13.4349493927061
6086,-13.4370523268948
6087,-13.4391549155755
6088,-13.4412571588618
6089,-13.443359056867
6090,-13.4454606097047
6091,-13.4475618174882
6092,-13.4496626803307
6093,-13.4517631983455
6094,-13.4538633716457
6095,-13.4559632003446
6096,-13.4580626845551
6097,-13.4601618243902
6098,-13.462260619963
6099,-13.4643590713863
6100,-13.466457178773
6101,-13.4685549422358
6102,-13.4706523618876
6103,-13.4727494378409
6104,-13.4748461702084
6105,-13.4769425591026
6106,-13.4790386046361
6107,-13.4811343069214
6108,-13.4832296660708
6109,-13.4853246821967
6110,-13.4874193554113
6111,-13.489513685827
6112,-13.4916076735559
6113,-13.49370131871
6114,-13.4957946214016
6115,-13.4978875817426
6116,-13.4999801998449
6117,-13.5020724758206
6118,-13.5041644097813
6119,-13.506256001839
6120,-13.5083472521053
6121,-13.510438160692
6122,-13.5125287277107
6123,-13.5146189532729
6124,-13.5167088374902
6125,-13.5187983804741
6126,-13.520887582336
6127,-13.5229764431872
6128,-13.525064963139
6129,-13.5271531423027
6130,-13.5292409807895
6131,-13.5313284787105
6132,-13.5334156361768
6133,-13.5355024532995
6134,-13.5375889301895
6135,-13.5396750669577
6136,-13.541760863715
6137,-13.5438463205723
6138,-13.5459314376403
6139,-13.5480162150296
6140,-13.5501006528511
6141,-13.5521847512152
6142,-13.5542685102324
6143,-13.5563519300134
6144,-13.5584350106685
6145,-13.5605177523081
6146,-13.5626001550426
6147,-13.5646822189822
6148,-13.5667639442371
6149,-13.5688453309175
6150,-13.5709263791336
6151,-13.5730070889953
6152,-13.5750874606127
6153,-13.5771674940958
6154,-13.5792471895544
6155,-13.5813265470984
6156,-13.5834055668375
6157,-13.5854842488816
6158,-13.5875625933404
6159,-13.5896406003233
6160,-13.5917182699401
6161,-13.5937956023002
6162,-13.5958725975131
6163,-13.5979492556883
6164,-13.600025576935
6165,-13.6021015613627
6166,-13.6041772090806
6167,-13.6062525201978
6168,-13.6083274948236
6169,-13.610402133067
6170,-13.612476435037
6171,-13.6145504008428
6172,-13.6166240305932
6173,-13.618697324397
6174,-13.6207702823632
6175,-13.6228429046005
6176,-13.6249151912177
6177,-13.6269871423234
6178,-13.6290587580262
6179,-13.6311300384348
6180,-13.6332009836576
6181,-13.6352715938031
6182,-13.6373418689797
6183,-13.6394118092958
6184,-13.6414814148597
6185,-13.6435506857796
6186,-13.6456196221638
6187,-13.6476882241204
6188,-13.6497564917574
6189,-13.651824425183
6190,-13.6538920245051
6191,-13.6559592898317
6192,-13.6580262212706
6193,-13.6600928189297
6194,-13.6621590829169
6195,-13.6642250133397
6196,-13.6662906103059
6197,-13.6683558739231
6198,-13.6704208042989
6199,-13.6724854015409
6200,-13.6745496657564
6201,-13.6766135970529
6202,-13.6786771955378
6203,-13.6807404613184
6204,-13.6828033945019
6205,-13.6848659951956
6206,-13.6869282635067
6207,-13.6889901995421
6208,-13.6910518034091
6209,-13.6931130752145
6210,-13.6951740150654
6211,-13.6972346230686
6212,-13.699294899331
6213,-13.7013548439594
6214,-13.7034144570606
6215,-13.7054737387412
6216,-13.7075326891078
6217,-13.7095913082672
6218,-13.7116495963257
6219,-13.7137075533899
6220,-13.7157651795663
6221,-13.7178224749612
6222,-13.7198794396809
6223,-13.7219360738318
6224,-13.7239923775201
6225,-13.7260483508519
6226,-13.7281039939334
6227,-13.7301593068707
6228,-13.7322142897697
6229,-13.7342689427365
6230,-13.7363232658771
6231,-13.7383772592971
6232,-13.7404309231026
6233,-13.7424842573993
6234,-13.7445372622928
6235,-13.7465899378889
6236,-13.7486422842931
6237,-13.7506943016112
6238,-13.7527459899484
6239,-13.7547973494105
6240,-13.7568483801026
6241,-13.7588990821303
6242,-13.7609494555988
6243,-13.7629995006134
6244,-13.7650492172794
6245,-13.7670986057018
6246,-13.7691476659858
6247,-13.7711963982364
6248,-13.7732448025587
6249,-13.7752928790577
6250,-13.7773406278382
6251,-13.7793880490051
6252,-13.7814351426632
6253,-13.7834819089173
6254,-13.785528347872
6255,-13.7875744596321
6256,-13.7896202443022
6257,-13.7916657019868
6258,-13.7937108327904
6259,-13.7957556368175
6260,-13.7978001141725
6261,-13.7998442649597
6262,-13.8018880892836
6263,-13.8039315872482
6264,-13.8059747589579
6265,-13.8080176045168
6266,-13.8100601240289
6267,-13.8121023175985
6268,-13.8141441853294
6269,-13.8161857273256
6270,-13.8182269436911
6271,-13.8202678345297
6272,-13.8223083999453
6273,-13.8243486400415
6274,-13.8263885549221
6275,-13.8284281446907
6276,-13.8304674094511
6277,-13.8325063493066
6278,-13.834544964361
6279,-13.8365832547175
6280,-13.8386212204796
6281,-13.8406588617508
6282,-13.8426961786342
6283,-13.8447331712332
6284,-13.846769839651
6285,-13.8488061839908
6286,-13.8508422043557
6287,-13.8528779008487
6288,-13.8549132735729
6289,-13.8569483226312
6290,-13.8589830481267
6291,-13.861017450162
6292,-13.8630515288401
6293,-13.8650852842637
6294,-13.8671187165357
6295,-13.8691518257585
6296,-13.8711846120349
6297,-13.8732170754675
6298,-13.8752492161588
6299,-13.8772810342112
6300,-13.8793125297273
6301,-13.8813437028093
6302,-13.8833745535596
6303,-13.8854050820806
6304,-13.8874352884743
6305,-13.8894651728432
6306,-13.8914947352891
6307,-13.8935239759144
6308,-13.895552894821
6309,-13.8975814921108
6310,-13.899609767886
6311,-13.9016377222482
6312,-13.9036653552995
6313,-13.9056926671416
6314,-13.9077196578762
6315,-13.9097463276051
6316,-13.9117726764299
6317,-13.9137987044523
6318,-13.9158244117737
6319,-13.9178497984957
6320,-13.9198748647198
6321,-13.9218996105474
6322,-13.9239240360798
6323,-13.9259481414183
6324,-13.9279719266643
6325,-13.929995391919
6326,-13.9320185372834
6327,-13.9340413628589
6328,-13.9360638687464
6329,-13.9380860550469
6330,-13.9401079218615
6331,-13.9421294692911
6332,-13.9441506974365
6333,-13.9461716063987
6334,-13.9481921962784
6335,-13.9502124671763
6336,-13.9522324191932
6337,-13.9542520524297
6338,-13.9562713669864
6339,-13.9582903629638
6340,-13.9603090404625
6341,-13.9623273995829
6342,-13.9643454404254
6343,-13.9663631630904
6344,-13.9683805676782
6345,-13.9703976542891
6346,-13.9724144230233
6347,-13.974430873981
6348,-13.9764470072623
6349,-13.9784628229672
6350,-13.9804783211959
6351,-13.9824935020482
6352,-13.9845083656242
6353,-13.9865229120237
6354,-13.9885371413465
6355,-13.9905510536925
6356,-13.9925646491615
6357,-13.994577927853
6358,-13.9965908898668
6359,-13.9986035353025
6360,-14.0006158642596
6361,-14.0026278768377
6362,-14.0046395731361
6363,-14.0066509532544
6364,-14.0086620172919
6365,-14.010672765348
6366,-14.0126831975219
6367,-14.0146933139128
6368,-14.0167031146199
6369,-14.0187125997424
6370,-14.0207217693794
6371,-14.0227306236298
6372,-14.0247391625928
6373,-14.0267473863673
6374,-14.0287552950521
6375,-14.0307628887461
6376,-14.0327701675482
6377,-14.034777131557
6378,-14.0367837808715
6379,-14.03879011559
6380,-14.0407961358115
6381,-14.0428018416343
6382,-14.0448072331571
6383,-14.0468123104783
6384,-14.0488170736963
6385,-14.0508215229097
6386,-14.0528256582166
6387,-14.0548294797155
6388,-14.0568329875045
6389,-14.058836181682
6390,-14.0608390623459
6391,-14.0628416295946
6392,-14.064843883526
6393,-14.0668458242381
6394,-14.068847451829
6395,-14.0708487663966
6396,-14.0728497680388
6397,-14.0748504568534
6398,-14.0768508329381
6399,-14.0788508963909
6400,-14.0808506473093
6401,-14.0828500857911
6402,-14.0848492119337
6403,-14.0868480258349
6404,-14.0888465275922
6405,-14.0908447173029
6406,-14.0928425950646
6407,-14.0948401609745
6408,-14.0968374151302
6409,-14.0988343576288
6410,-14.1008309885676
6411,-14.1028273080438
6412,-14.1048233161546
6413,-14.1068190129971
6414,-14.1088143986683
6415,-14.1108094732653
6416,-14.112804236885
6417,-14.1147986896244
6418,-14.1167928315803
6419,-14.1187866628497
6420,-14.1207801835292
6421,-14.1227733937156
6422,-14.1247662935058
6423,-14.1267588829962
6424,-14.1287511622835
6425,-14.1307431314644
6426,-14.1327347906352
6427,-14.1347261398925
6428,-14.1367171793328
6429,-14.1387079090523
6430,-14.1406983291475
6431,-14.1426884397147
6432,-14.1446782408501
6433,-14.1466677326498
6434,-14.1486569152102
6435,-14.1506457886273
6436,-14.1526343529971
6437,-14.1546226084158
6438,-14.1566105549792
6439,-14.1585981927834
6440,-14.1605855219242
6441,-14.1625725424974
6442,-14.164559254599
6443,-14.1665456583245
6444,-14.1685317537699
6445,-14.1705175410307
6446,-14.1725030202025
6447,-14.174488191381
6448,-14.1764730546616
6449,-14.1784576101399
6450,-14.1804418579114
6451,-14.1824257980714
6452,-14.1844094307153
6453,-14.1863927559384
6454,-14.1883757738359
6455,-14.1903584845032
6456,-14.1923408880354
6457,-14.1943229845276
6458,-14.1963047740749
6459,-14.1982862567724
6460,-14.2002674327152
6461,-14.202248301998
6462,-14.204228864716
6463,-14.2062091209638
6464,-14.2081890708365
6465,-14.2101687144287
6466,-14.2121480518352
6467,-14.2141270831508
6468,-14.2161058084699
6469,-14.2180842278874
6470,-14.2200623414977
6471,-14.2220401493954
6472,-14.2240176516749
6473,-14.2259948484307
6474,-14.2279717397571
6475,-14.2299483257486
6476,-14.2319246064994
6477,-14.2339005821038
6478,-14.235876252656
6479,-14.2378516182501
6480,-14.2398266789804
6481,-14.2418014349409
6482,-14.2437758862255
6483,-14.2457500329285
6484,-14.2477238751436
6485,-14.2496974129648
6486,-14.251670646486
6487,-14.253643575801
6488,-14.2556162010036
6489,-14.2575885221875
6490,-14.2595605394464
6491,-14.261532252874
6492,-14.2635036625638
6493,-14.2654747686095
6494,-14.2674455711046
6495,-14.2694160701425
6496,-14.2713862658167
6497,-14.2733561582205
6498,-14.2753257474474
6499,-14.2772950335906
6500,-14.2792640167434
6501,-14.281232696999
6502,-14.2832010744506
6503,-14.2851691491913
6504,-14.2871369213143
6505,-14.2891043909125
6506,-14.291071558079
6507,-14.2930384229067
6508,-14.2950049854886
6509,-14.2969712459175
6510,-14.2989372042863
6511,-14.3009028606877
6512,-14.3028682152145
6513,-14.3048332679595
6514,-14.3067980190152
6515,-14.3087624684744
6516,-14.3107266164295
6517,-14.3126904629731
6518,-14.3146540081977
6519,-14.3166172521958
6520,-14.3185801950597
6521,-14.3205428368819
6522,-14.3225051777546
6523,-14.3244672177701
6524,-14.3264289570208
6525,-14.3283903955987
6526,-14.330351533596
6527,-14.3323123711048
6528,-14.3342729082172
6529,-14.3362331450253
6530,-14.338193081621
6531,-14.3401527180962
6532,-14.3421120545428
6533,-14.3440710910528
6534,-14.3460298277179
6535,-14.3479882646299
6536,-14.3499464018805
6537,-14.3519042395614
6538,-14.3538617777643
6539,-14.3558190165807
6540,-14.3577759561023
6541,-14.3597325964205
6542,-14.3616889376268
6543,-14.3636449798127
6544,-14.3656007230696
6545,-14.3675561674888
6546,-14.3695113131616
6547,-14.3714661601793
6548,-14.373420708633
6549,-14.3753749586142
6550,-14.3773289102137
6551,-14.3792825635228
6552,-14.3812359186325
6553,-14.3831889756338
6554,-14.3851417346177
6555,-14.3870941956752
6556,-14.3890463588971
6557,-14.3909982243743
6558,-14.3929497921976
6559,-14.3949010624577
6560,-14.3968520352455
6561,-14.3988027106515
6562,-14.4007530887664
6563,-14.4027031696809
6564,-14.4046529534854
6565,-14.4066024402706
6566,-14.4085516301268
6567,-14.4105005231446
6568,-14.4124491194142
6569,-14.4143974190262
6570,-14.4163454220707
6571,-14.4182931286381
6572,-14.4202405388186
6573,-14.4221876527024
6574,-14.4241344703796
6575,-14.4260809919403
6576,-14.4280272174746
6577,-14.4299731470726
6578,-14.4319187808242
6579,-14.4338641188193
6580,-14.4358091611479
6581,-14.4377539078998
6582,-14.4396983591649
6583,-14.4416425150329
6584,-14.4435863755935
6585,-14.4455299409365
6586,-14.4474732111515
6587,-14.4494161863282
6588,-14.451358866556
6589,-14.4533012519246
6590,-14.4552433425234
6591,-14.4571851384419
6592,-14.4591266397695
6593,-14.4610678465956
6594,-14.4630087590095
6595,-14.4649493771005
6596,-14.4668897009578
6597,-14.4688297306706
6598,-14.4707694663282
6599,-14.4727089080196
6600,-14.474648055834
6601,-14.4765869098603
6602,-14.4785254701876
6603,-14.4804637369049
6604,-14.4824017101011
6605,-14.484339389865
6606,-14.4862767762855
6607,-14.4882138694515
6608,-14.4901506694516
6609,-14.4920871763746
6610,-14.4940233903092
6611,-14.4959593113441
6612,-14.4978949395677
6613,-14.4998302750688
6614,-14.5017653179358
6615,-14.5037000682571
6616,-14.5056345261214
6617,-14.5075686916168
6618,-14.5095025648319
6619,-14.5114361458549
6620,-14.5133694347741
6621,-14.5153024316778
6622,-14.5172351366541
6623,-14.5191675497912
6624,-14.5210996711773
6625,-14.5230315009004
6626,-14.5249630390486
6627,-14.5268942857098
6628,-14.528825240972
6629,-14.5307559049233
6630,-14.5326862776513
6631,-14.5346163592441
6632,-14.5365461497893
6633,-14.5384756493748
6634,-14.5404048580882
6635,-14.5423337760173
6636,-14.5442624032497
6637,-14.546190739873
6638,-14.5481187859748
6639,-14.5500465416425
6640,-14.5519740069638
6641,-14.553901182026
6642,-14.5558280669166
6643,-14.5577546617228
6644,-14.5596809665321
6645,-14.5616069814317
6646,-14.5635327065089
6647,-14.5654581418509
6648,-14.5673832875449
6649,-14.5693081436779
6650,-14.5712327103371
6651,-14.5731569876096
6652,-14.5750809755823
6653,-14.5770046743422
6654,-14.5789280839763
6655,-14.5808512045715
6656,-14.5827740362145
6657,-14.5846965789923
6658,-14.5866188329916
6659,-14.5885407982992
6660,-14.5904624750017
6661,-14.5923838631859
6662,-14.5943049629382
6663,-14.5962257743454
6664,-14.598146297494
6665,-14.6000665324704
6666,-14.6019864793612
6667,-14.6039061382527
6668,-14.6058255092314
6669,-14.6077445923836
6670,-14.6096633877956
6671,-14.6115818955536
6672,-14.6135001157441
6673,-14.615418048453
6674,-14.6173356937666
6675,-14.619253051771
6676,-14.6211701225522
6677,-14.6230869061964
6678,-14.6250034027895
6679,-14.6269196124174
6680,-14.6288355351662
6681,-14.6307511711216
6682,-14.6326665203696
6683,-14.6345815829959
6684,-14.6364963590863
6685,-14.6384108487265
6686,-14.6403250520023
6687,-14.6422389689993
6688,-14.6441525998031
6689,-14.6460659444992
6690,-14.6479790031733
6691,-14.6498917759108
6692,-14.6518042627971
6693,-14.6537164639178
6694,-14.6556283793582
6695,-14.6575400092036
6696,-14.6594513535394
6697,-14.6613624124508
6698,-14.663273186023
6699,-14.6651836743413
6700,-14.6670938774909
6701,-14.6690037955567
6702,-14.6709134286239
6703,-14.6728227767776
6704,-14.6747318401028
6705,-14.6766406186843
6706,-14.6785491126072
6707,-14.6804573219564
6708,-14.6823652468166
6709,-14.6842728872728
6710,-14.6861802434096
6711,-14.6880873153119
6712,-14.6899941030642
6713,-14.6919006067514
6714,-14.693806826458
6715,-14.6957127622685
6716,-14.6976184142676
6717,-14.6995237825398
6718,-14.7014288671695
6719,-14.7033336682412
6720,-14.7052381858392
6721,-14.707142420048
6722,-14.7090463709518
6723,-14.7109500386349
6724,-14.7128534231816
6725,-14.7147565246762
6726,-14.7166593432027
6727,-14.7185618788453
6728,-14.7204641316881
6729,-14.7223661018151
6730,-14.7242677893105
6731,-14.7261691942581
6732,-14.7280703167419
6733,-14.7299711568459
6734,-14.7318717146538
6735,-14.7337719902496
6736,-14.7356719837171
6737,-14.7375716951399
6738,-14.7394711246018
6739,-14.7413702721866
6740,-14.7432691379778
6741,-14.7451677220591
6742,-14.747066024514
6743,-14.7489640454261
6744,-14.7508617848789
6745,-14.7527592429558
6746,-14.7546564197403
6747,-14.7565533153157
6748,-14.7584499297655
6749,-14.7603462631729
6750,-14.7622423156212
6751,-14.7641380871936
6752,-14.7660335779734
6753,-14.7679287880437
6754,-14.7698237174877
6755,-14.7717183663884
6756,-14.7736127348289
6757,-14.7755068228922
6758,-14.7774006306613
6759,-14.7792941582191
6760,-14.7811874056486
6761,-14.7830803730326
6762,-14.784973060454
6763,-14.7868654679956
6764,-14.78875759574
6765,-14.7906494437701
6766,-14.7925410121686
6767,-14.794432301018
6768,-14.7963233104011
6769,-14.7982140404003
6770,-14.8001044910982
6771,-14.8019946625773
6772,-14.8038845549202
6773,-14.8057741682092
6774,-14.8076635025267
6775,-14.8095525579551
6776,-14.8114413345767
6777,-14.8133298324737
6778,-14.8152180517286
6779,-14.8171059924234
6780,-14.8189936546403
6781,-14.8208810384615
6782,-14.822768143969
6783,-14.824654971245
6784,-14.8265415203715
6785,-14.8284277914305
6786,-14.8303137845039
6787,-14.8321994996736
6788,-14.8340849370216
6789,-14.8359700966297
6790,-14.8378549785797
6791,-14.8397395829534
6792,-14.8416239098325
6793,-14.8435079592988
6794,-14.8453917314338
6795,-14.8472752263193
6796,-14.8491584440368
6797,-14.851041384668
6798,-14.8529240482942
6799,-14.8548064349971
6800,-14.856688544858
6801,-14.8585703779584
6802,-14.8604519343797
6803,-14.8623332142032
6804,-14.8642142175103
6805,-14.8660949443821
6806,-14.8679753949
6807,-14.8698555691451
6808,-14.8717354671986
6809,-14.8736150891417
6810,-14.8754944350554
6811,-14.8773735050208
6812,-14.8792522991189
6813,-14.8811308174308
6814,-14.8830090600372
6815,-14.8848870270193
6816,-14.8867647184578
6817,-14.8886421344337
6818,-14.8905192750276
6819,-14.8923961403205
6820,-14.894272730393
6821,-14.8961490453258
6822,-14.8980250851996
6823,-14.8999008500951
6824,-14.9017763400928
6825,-14.9036515552733
6826,-14.9055264957171
6827,-14.9074011615047
6828,-14.9092755527166
6829,-14.9111496694332
6830,-14.9130235117349
6831,-14.914897079702
6832,-14.9167703734148
6833,-14.9186433929537
6834,-14.9205161383988
6835,-14.9223886098304
6836,-14.9242608073286
6837,-14.9261327309736
6838,-14.9280043808455
6839,-14.9298757570244
6840,-14.9317468595902
6841,-14.9336176886231
6842,-14.9354882442029
6843,-14.9373585264096
6844,-14.939228535323
6845,-14.9410982710231
6846,-14.9429677335896
6847,-14.9448369231024
6848,-14.9467058396411
6849,-14.9485744832856
6850,-14.9504428541154
6851,-14.9523109522103
6852,-14.9541787776499
6853,-14.9560463305137
6854,-14.9579136108812
6855,-14.9597806188321
6856,-14.9616473544457
6857,-14.9635138178015
6858,-14.9653800089789
6859,-14.9672459280573
6860,-14.9691115751159
6861,-14.9709769502342
6862,-14.9728420534914
6863,-14.9747068849667
6864,-14.9765714447392
6865,-14.9784357328882
6866,-14.9802997494929
6867,-14.9821634946322
6868,-14.9840269683852
6869,-14.985890170831
6870,-14.9877531020486
6871,-14.9896157621168
6872,-14.9914781511147
6873,-14.9933402691211
6874,-14.9952021162148
6875,-14.9970636924748
6876,-14.9989249979797
6877,-15.0007860328083
6878,-15.0026467970393
6879,-15.0045072907514
6880,-15.0063675140233
6881,-15.0082274669336
6882,-15.0100871495607
6883,-15.0119465619834
6884,-15.01380570428
6885,-15.0156645765291
6886,-15.0175231788091
6887,-15.0193815111984
6888,-15.0212395737754
6889,-15.0230973666183
6890,-15.0249548898056
6891,-15.0268121434155
6892,-15.0286691275262
6893,-15.0305258422159
6894,-15.0323822875628
6895,-15.034238463645
6896,-15.0360943705406
6897,-15.0379500083277
6898,-15.0398053770843
6899,-15.0416604768885
6900,-15.0435153078181
6901,-15.0453698699511
6902,-15.0472241633654
6903,-15.0490781881388
6904,-15.0509319443493
6905,-15.0527854320745
6906,-15.0546386513922
6907,-15.0564916023802
6908,-15.0583442851162
6909,-15.0601966996778
6910,-15.0620488461426
6911,-15.0639007245883
6912,-15.0657523350923
6913,-15.0676036777323
6914,-15.0694547525856
6915,-15.0713055597299
6916,-15.0731560992423
6917,-15.0750063712005
6918,-15.0768563756817
6919,-15.0787061127632
6920,-15.0805555825224
6921,-15.0824047850365
6922,-15.0842537203827
6923,-15.0861023886382
6924,-15.0879507898801
6925,-15.0897989241856
6926,-15.0916467916318
6927,-15.0934943922957
6928,-15.0953417262544
6929,-15.0971887935848
6930,-15.0990355943639
6931,-15.1008821286685
6932,-15.1027283965757
6933,-15.1045743981622
6934,-15.1064201335049
6935,-15.1082656026806
6936,-15.1101108057659
6937,-15.1119557428377
6938,-15.1138004139727
6939,-15.1156448192474
6940,-15.1174889587385
6941,-15.1193328325226
6942,-15.1211764406762
6943,-15.1230197832759
6944,-15.1248628603982
6945,-15.1267056721195
6946,-15.1285482185162
6947,-15.1303904996648
6948,-15.1322325156415
6949,-15.1340742665228
6950,-15.1359157523848
6951,-15.137756973304
6952,-15.1395979293564
6953,-15.1414386206183
6954,-15.1432790471659
6955,-15.1451192090752
6956,-15.1469591064224
6957,-15.1487987392835
6958,-15.1506381077346
6959,-15.1524772118516
6960,-15.1543160517106
6961,-15.1561546273874
6962,-15.1579929389579
6963,-15.1598309864981
6964,-15.1616687700837
6965,-15.1635062897905
6966,-15.1653435456944
6967,-15.167180537871
6968,-15.1690172663961
6969,-15.1708537313453
6970,-15.1726899327942
6971,-15.1745258708185
6972,-15.1763615454937
6973,-15.1781969568954
6974,-15.1800321050991
6975,-15.1818669901802
6976,-15.1837016122142
6977,-15.1855359712765
6978,-15.1873700674425
6979,-15.1892039007875
6980,-15.1910374713869
6981,-15.1928707793159
6982,-15.1947038246497
6983,-15.1965366074637
6984,-15.1983691278329
6985,-15.2002013858325
6986,-15.2020333815376
6987,-15.2038651150233
6988,-15.2056965863648
6989,-15.2075277956369
6990,-15.2093587429147
6991,-15.2111894282731
6992,-15.2130198517871
6993,-15.2148500135316
6994,-15.2166799135814
6995,-15.2185095520113
6996,-15.2203389288962
6997,-15.2221680443108
6998,-15.2239968983298
6999,-15.225825491028
7000,-15.22765382248
7001,-15.2294818927604
7002,-15.2313097019439
7003,-15.233137250105
7004,-15.2349645373182
7005,-15.2367915636582
7006,-15.2386183291993
7007,-15.240444834016
7008,-15.2422710781826
7009,-15.2440970617737
7010,-15.2459227848635
7011,-15.2477482475264
7012,-15.2495734498366
7013,-15.2513983918684
7014,-15.2532230736961
7015,-15.2550474953937
7016,-15.2568716570355
7017,-15.2586955586956
7018,-15.2605192004481
7019,-15.262342582367
7020,-15.2641657045264
7021,-15.2659885670003
7022,-15.2678111698627
7023,-15.2696335131874
7024,-15.2714555970484
7025,-15.2732774215196
7026,-15.2750989866749
7027,-15.2769202925879
7028,-15.2787413393325
7029,-15.2805621269825
7030,-15.2823826556116
7031,-15.2842029252934
7032,-15.2860229361016
7033,-15.2878426881098
7034,-15.2896621813917
7035,-15.2914814160207
7036,-15.2933003920705
7037,-15.2951191096144
7038,-15.296937568726
7039,-15.2987557694787
7040,-15.3005737119459
7041,-15.302391396201
7042,-15.3042088223173
7043,-15.3060259903681
7044,-15.3078429004267
7045,-15.3096595525664
7046,-15.3114759468603
7047,-15.3132920833817
7048,-15.3151079622036
7049,-15.3169235833993
7050,-15.3187389470418
7051,-15.3205540532042
7052,-15.3223689019595
7053,-15.3241834933807
7054,-15.3259978275407
7055,-15.3278119045125
7056,-15.3296257243691
7057,-15.3314392871832
7058,-15.3332525930277
7059,-15.3350656419755
7060,-15.3368784340992
7061,-15.3386909694718
7062,-15.3405032481658
7063,-15.342315270254
7064,-15.344127035809
7065,-15.3459385449034
7066,-15.3477497976099
7067,-15.349560794001
7068,-15.3513715341493
7069,-15.3531820181271
7070,-15.3549922460071
7071,-15.3568022178617
7072,-15.3586119337632
7073,-15.3604213937841
7074,-15.3622305979967
7075,-15.3640395464733
7076,-15.3658482392862
7077,-15.3676566765077
7078,-15.3694648582099
7079,-15.3712727844651
7080,-15.3730804553455
7081,-15.3748878709232
7082,-15.3766950312702
7083,-15.3785019364587
7084,-15.3803085865608
7085,-15.3821149816483
7086,-15.3839211217933
7087,-15.3857270070678
7088,-15.3875326375437
7089,-15.3893380132928
7090,-15.391143134387
7091,-15.3929480008982
7092,-15.3947526128981
7093,-15.3965569704586
7094,-15.3983610736513
7095,-15.400164922548
7096,-15.4019685172203
7097,-15.40377185774
7098,-15.4055749441785
7099,-15.4073777766075
7100,-15.4091803550986
7101,-15.4109826797233
7102,-15.4127847505531
7103,-15.4145865676594
7104,-15.4163881311137
7105,-15.4181894409873
7106,-15.4199904973518
7107,-15.4217913002783
7108,-15.4235918498383
7109,-15.425392146103
7110,-15.4271921891436
7111,-15.4289919790314
7112,-15.4307915158377
7113,-15.4325907996334
7114,-15.4343898304899
7115,-15.4361886084782
7116,-15.4379871336693
7117,-15.4397854061343
7118,-15.4415834259443
7119,-15.4433811931701
7120,-15.4451787078829
7121,-15.4469759701534
7122,-15.4487729800527
7123,-15.4505697376515
7124,-15.4523662430207
7125,-15.454162496231
7126,-15.4559584973534
7127,-15.4577542464585
7128,-15.459549743617
7129,-15.4613449888997
7130,-15.4631399823771
7131,-15.4649347241199
7132,-15.4667292141988
7133,-15.4685234526842
7134,-15.4703174396468
7135,-15.4721111751569
7136,-15.4739046592852
7137,-15.475697892102
7138,-15.4774908736778
7139,-15.479283604083
7140,-15.4810760833879
7141,-15.4828683116628
7142,-15.4846602889781
7143,-15.4864520154041
7144,-15.4882434910109
7145,-15.4900347158688
7146,-15.491825690048
7147,-15.4936164136186
7148,-15.4954068866507
7149,-15.4971971092145
7150,-15.49898708138
7151,-15.5007768032172
7152,-15.5025662747962
7153,-15.504355496187
7154,-15.5061444674594
7155,-15.5079331886834
7156,-15.5097216599289
7157,-15.5115098812658
7158,-15.5132978527638
7159,-15.5150855744928
7160,-15.5168730465226
7161,-15.5186602689229
7162,-15.5204472417633
7163,-15.5222339651137
7164,-15.5240204390437
7165,-15.5258066636228
7166,-15.5275926389207
7167,-15.529378365007
7168,-15.5311638419511
7169,-15.5329490698226
7170,-15.5347340486911
7171,-15.5365187786258
7172,-15.5383032596963
7173,-15.540087491972
7174,-15.5418714755221
7175,-15.5436552104161
7176,-15.5454386967233
7177,-15.5472219345129
7178,-15.5490049238542
7179,-15.5507876648164
7180,-15.5525701574687
7181,-15.5543524018802
7182,-15.5561343981201
7183,-15.5579161462576
7184,-15.5596976463615
7185,-15.5614788985012
7186,-15.5632599027454
7187,-15.5650406591633
7188,-15.5668211678237
7189,-15.5686014287957
7190,-15.5703814421481
7191,-15.5721612079498
7192,-15.5739407262696
7193,-15.5757199971764
7194,-15.5774990207389
7195,-15.5792777970259
7196,-15.5810563261062
7197,-15.5828346080483
7198,-15.5846126429211
7199,-15.5863904307932
7200,-15.5881679717331
7201,-15.5899452658095
7202,-15.5917223130909
7203,-15.5934991136458
7204,-15.5952756675428
7205,-15.5970519748503
7206,-15.5988280356368
7207,-15.6006038499706
7208,-15.6023794179202
7209,-15.604154739554
7210,-15.6059298149402
7211,-15.6077046441472
7212,-15.6094792272432
7213,-15.6112535642965
7214,-15.6130276553753
7215,-15.6148015005477
7216,-15.6165750998821
7217,-15.6183484534464
7218,-15.6201215613088
7219,-15.6218944235373
7220,-15.6236670402001
7221,-15.6254394113651
7222,-15.6272115371003
7223,-15.6289834174737
7224,-15.6307550525532
7225,-15.6325264424067
7226,-15.6342975871021
7227,-15.6360684867073
7228,-15.6378391412901
7229,-15.6396095509182
7230,-15.6413797156594
7231,-15.6431496355815
7232,-15.6449193107522
7233,-15.6466887412391
7234,-15.64845792711
7235,-15.6502268684324
7236,-15.6519955652739
7237,-15.6537640177021
7238,-15.6555322257845
7239,-15.6573001895887
7240,-15.6590679091822
7241,-15.6608353846323
7242,-15.6626026160066
7243,-15.6643696033723
7244,-15.666136346797
7245,-15.667902846348
7246,-15.6696691020924
7247,-15.6714351140978
7248,-15.6732008824312
7249,-15.67496640716
7250,-15.6767316883514
7251,-15.6784967260725
7252,-15.6802615203904
7253,-15.6820260713724
7254,-15.6837903790854
7255,-15.6855544435966
7256,-15.6873182649731
7257,-15.6890818432817
7258,-15.6908451785895
7259,-15.6926082709635
7260,-15.6943711204706
7261,-15.6961337271776
7262,-15.6978960911516
7263,-15.6996582124592
7264,-15.7014200911673
7265,-15.7031817273428
7266,-15.7049431210523
7267,-15.7067042723626
7268,-15.7084651813405
7269,-15.7102258480525
7270,-15.7119862725654
7271,-15.7137464549458
7272,-15.7155063952603
7273,-15.7172660935754
7274,-15.7190255499577
7275,-15.7207847644736
7276,-15.7225437371898
7277,-15.7243024681726
7278,-15.7260609574885
7279,-15.7278192052039
7280,-15.7295772113852
7281,-15.7313349760987
7282,-15.7330924994107
7283,-15.7348497813876
7284,-15.7366068220955
7285,-15.7383636216008
7286,-15.7401201799697
7287,-15.7418764972684
7288,-15.7436325735629
7289,-15.7453884089195
7290,-15.7471440034042
7291,-15.7488993570832
7292,-15.7506544700224
7293,-15.7524093422879
7294,-15.7541639739458
7295,-15.7559183650619
7296,-15.7576725157022
7297,-15.7594264259326
7298,-15.7611800958191
7299,-15.7629335254274
7300,-15.7646867148234
7301,-15.766439664073
7302,-15.7681923732418
7303,-15.7699448423957
7304,-15.7716970716004
7305,-15.7734490609216
7306,-15.7752008104249
7307,-15.776952320176
7308,-15.7787035902405
7309,-15.780454620684
7310,-15.782205411572
7311,-15.7839559629702
7312,-15.785706274944
7313,-15.7874563475589
7314,-15.7892061808803
7315,-15.7909557749737
7316,-15.7927051299045
7317,-15.7944542457381
7318,-15.7962031225398
7319,-15.7979517603749
7320,-15.7997001593087
7321,-15.8014483194066
7322,-15.8031962407337
7323,-15.8049439233552
7324,-15.8066913673364
7325,-15.8084385727424
7326,-15.8101855396383
7327,-15.8119322680893
7328,-15.8136787581605
7329,-15.8154250099168
7330,-15.8171710234233
7331,-15.8189167987451
7332,-15.8206623359471
7333,-15.8224076350942
7334,-15.8241526962514
7335,-15.8258975194835
7336,-15.8276421048555
7337,-15.8293864524322
7338,-15.8311305622783
7339,-15.8328744344588
7340,-15.8346180690382
7341,-15.8363614660815
7342,-15.8381046256533
7343,-15.8398475478182
7344,-15.841590232641
7345,-15.8433326801863
7346,-15.8450748905186
7347,-15.8468168637026
7348,-15.8485585998028
7349,-15.8503000988837
7350,-15.8520413610098
7351,-15.8537823862457
7352,-15.8555231746557
7353,-15.8572637263043
7354,-15.8590040412558
7355,-15.8607441195747
7356,-15.8624839613252
7357,-15.8642235665717
7358,-15.8659629353785
7359,-15.8677020678099
7360,-15.86944096393
7361,-15.8711796238031
7362,-15.8729180474934
7363,-15.874656235065
7364,-15.8763941865821
7365,-15.8781319021087
7366,-15.8798693817091
7367,-15.8816066254471
7368,-15.8833436333868
7369,-15.8850804055923
7370,-15.8868169421275
7371,-15.8885532430563
7372,-15.8902893084427
7373,-15.8920251383506
7374,-15.8937607328439
7375,-15.8954960919863
7376,-15.8972312158418
7377,-15.898966104474
7378,-15.9007007579469
7379,-15.9024351763241
7380,-15.9041693596693
7381,-15.9059033080462
7382,-15.9076370215185
7383,-15.9093705001499
7384,-15.9111037440039
7385,-15.9128367531441
7386,-15.9145695276341
7387,-15.9163020675374
7388,-15.9180343729176
7389,-15.919766443838
7390,-15.9214982803623
7391,-15.9232298825537
7392,-15.9249612504758
7393,-15.9266923841918
7394,-15.9284232837652
7395,-15.9301539492593
7396,-15.9318843807373
7397,-15.9336145782626
7398,-15.9353445418984
7399,-15.937074271708
7400,-15.9388037677544
7401,-15.940533030101
7402,-15.9422620588109
7403,-15.9439908539471
7404,-15.9457194155728
7405,-15.947447743751
7406,-15.9491758385449
7407,-15.9509037000173
7408,-15.9526313282314
7409,-15.9543587232501
7410,-15.9560858851363
7411,-15.9578128139529
7412,-15.9595395097629
7413,-15.9612659726291
7414,-15.9629922026144
7415,-15.9647181997815
7416,-15.9664439641933
7417,-15.9681694959126
7418,-15.969894795002
7419,-15.9716198615243
7420,-15.9733446955422
7421,-15.9750692971183
7422,-15.9767936663154
7423,-15.9785178031959
7424,-15.9802417078225
7425,-15.9819653802578
7426,-15.9836888205643
7427,-15.9854120288044
7428,-15.9871350050408
7429,-15.9888577493358
7430,-15.990580261752
7431,-15.9923025423516
7432,-15.9940245911972
7433,-15.995746408351
7434,-15.9974679938754
7435,-15.9991893478327
7436,-16.0009104702852
7437,-16.0026313612952
7438,-16.0043520209249
7439,-16.0060724492364
7440,-16.0077926462921
7441,-16.009512612154
7442,-16.0112323468843
7443,-16.0129518505452
7444,-16.0146711231986
7445,-16.0163901649066
7446,-16.0181089757314
7447,-16.0198275557348
7448,-16.0215459049789
7449,-16.0232640235257
7450,-16.024981911437
7451,-16.0266995687749
7452,-16.0284169956011
7453,-16.0301341919776
7454,-16.0318511579661
7455,-16.0335678936285
7456,-16.0352843990266
7457,-16.0370006742222
7458,-16.0387167192769
7459,-16.0404325342525
7460,-16.0421481192107
7461,-16.0438634742131
7462,-16.0455785993214
7463,-16.0472934945971
7464,-16.049008160102
7465,-16.0507225958975
7466,-16.0524368020452
7467,-16.0541507786066
7468,-16.0558645256431
7469,-16.0575780432163
7470,-16.0592913313876
7471,-16.0610043902184
7472,-16.0627172197701
7473,-16.0644298201041
7474,-16.0661421912816
7475,-16.0678543333641
7476,-16.0695662464128
7477,-16.0712779304889
7478,-16.0729893856538
7479,-16.0747006119687
7480,-16.0764116094946
7481,-16.0781223782929
7482,-16.0798329184246
7483,-16.0815432299509
7484,-16.0832533129328
7485,-16.0849631674315
7486,-16.086672793508
7487,-16.0883821912233
7488,-16.0900913606383
7489,-16.0918003018142
7490,-16.0935090148118
7491,-16.095217499692
7492,-16.0969257565158
7493,-16.098633785344
7494,-16.1003415862375
7495,-16.1020491592571
7496,-16.1037565044636
7497,-16.1054636219178
7498,-16.1071705116804
7499,-16.1088771738122
7500,-16.1105836083739
7501,-16.1122898154261
7502,-16.1139957950296
7503,-16.1157015472449
7504,-16.1174070721327
7505,-16.1191123697535
7506,-16.1208174401679
7507,-16.1225222834364
7508,-16.1242268996196
7509,-16.1259312887779
7510,-16.1276354509718
7511,-16.1293393862618
7512,-16.1310430947082
7513,-16.1327465763715
7514,-16.134449831312
7515,-16.13615285959
7516,-16.1378556612659
7517,-16.1395582364
7518,-16.1412605850525
7519,-16.1429627072837
7520,-16.1446646031538
7521,-16.146366272723
7522,-16.1480677160515
7523,-16.1497689331994
7524,-16.1514699242268
7525,-16.153170689194
7526,-16.1548712281609
7527,-16.1565715411875
7528,-16.158271628334
7529,-16.1599714896603
7530,-16.1616711252265
7531,-16.1633705350924
7532,-16.165069719318
7533,-16.1667686779632
7534,-16.1684674110879
7535,-16.170165918752
7536,-16.1718642010153
7537,-16.1735622579377
7538,-16.1752600895788
7539,-16.1769576959985
7540,-16.1786550772566
7541,-16.1803522334127
7542,-16.1820491645266
7543,-16.1837458706578
7544,-16.1854423518662
7545,-16.1871386082112
7546,-16.1888346397525
7547,-16.1905304465497
7548,-16.1922260286624
7549,-16.19392138615
7550,-16.195616519072
7551,-16.197311427488
7552,-16.1990061114574
7553,-16.2007005710397
7554,-16.2023948062942
7555,-16.2040888172804
7556,-16.2057826040576
7557,-16.2074761666851
7558,-16.2091695052224
7559,-16.2108626197286
7560,-16.212555510263
7561,-16.2142481768849
7562,-16.2159406196535
7563,-16.2176328386281
7564,-16.2193248338677
7565,-16.2210166054316
7566,-16.2227081533789
7567,-16.2243994777686
7568,-16.2260905786599
7569,-16.2277814561119
7570,-16.2294721101835
7571,-16.2311625409337
7572,-16.2328527484217
7573,-16.2345427327063
7574,-16.2362324938464
7575,-16.2379220319011
7576,-16.2396113469291
7577,-16.2413004389894
7578,-16.2429893081408
7579,-16.2446779544422
7580,-16.2463663779523
7581,-16.24805457873
7582,-16.2497425568339
7583,-16.2514303123228
7584,-16.2531178452555
7585,-16.2548051556906
7586,-16.2564922436868
7587,-16.2581791093027
7588,-16.2598657525969
7589,-16.261552173628
7590,-16.2632383724547
7591,-16.2649243491354
7592,-16.2666101037287
7593,-16.268295636293
7594,-16.2699809468869
7595,-16.2716660355689
7596,-16.2733509023972
7597,-16.2750355474304
7598,-16.2767199707269
7599,-16.2784041723449
7600,-16.280088152343
7601,-16.2817719107792
7602,-16.283455447712
7603,-16.2851387631997
7604,-16.2868218573004
7605,-16.2885047300724
7606,-16.2901873815739
7607,-16.2918698118631
7608,-16.2935520209982
7609,-16.2952340090372
7610,-16.2969157760383
7611,-16.2985973220595
7612,-16.300278647159
7613,-16.3019597513948
7614,-16.3036406348249
7615,-16.3053212975072
7616,-16.3070017394998
7617,-16.3086819608606
7618,-16.3103619616476
7619,-16.3120417419186
7620,-16.3137213017316
7621,-16.3154006411443
7622,-16.3170797602147
7623,-16.3187586590005
7624,-16.3204373375595
7625,-16.3221157959495
7626,-16.3237940342283
7627,-16.3254720524535
7628,-16.3271498506829
7629,-16.3288274289741
7630,-16.3305047873849
7631,-16.3321819259727
7632,-16.3338588447953
7633,-16.3355355439102
7634,-16.3372120233751
7635,-16.3388882832473
7636,-16.3405643235845
7637,-16.3422401444442
7638,-16.3439157458837
7639,-16.3455911279606
7640,-16.3472662907324
7641,-16.3489412342563
7642,-16.3506159585898
7643,-16.3522904637903
7644,-16.3539647499151
7645,-16.3556388170215
7646,-16.3573126651667
7647,-16.3589862944081
7648,-16.360659704803
7649,-16.3623328964085
7650,-16.3640058692818
7651,-16.3656786234802
7652,-16.3673511590607
7653,-16.3690234760806
7654,-16.3706955745969
7655,-16.3723674546668
7656,-16.3740391163472
7657,-16.3757105596953
7658,-16.377381784768
7659,-16.3790527916224
7660,-16.3807235803155
7661,-16.3823941509042
7662,-16.3840645034454
7663,-16.3857346379961
7664,-16.3874045546131
7665,-16.3890742533533
7666,-16.3907437342736
7667,-16.3924129974308
7668,-16.3940820428816
7669,-16.395750870683
7670,-16.3974194808915
7671,-16.399087873564
7672,-16.4007560487572
7673,-16.4024240065278
7674,-16.4040917469323
7675,-16.4057592700276
7676,-16.4074265758701
7677,-16.4090936645166
7678,-16.4107605360235
7679,-16.4124271904475
7680,-16.414093627845
7681,-16.4157598482727
7682,-16.4174258517869
7683,-16.4190916384441
7684,-16.4207572083009
7685,-16.4224225614136
7686,-16.4240876978386
7687,-16.4257526176323
7688,-16.4274173208511
7689,-16.4290818075513
7690,-16.4307460777892
7691,-16.4324101316211
7692,-16.4340739691033
7693,-16.4357375902921
7694,-16.4374009952436
7695,-16.4390641840141
7696,-16.4407271566597
7697,-16.4423899132366
7698,-16.444052453801
7699,-16.445714778409
7700,-16.4473768871166
7701,-16.4490387799799
7702,-16.4507004570551
7703,-16.4523619183981
7704,-16.4540231640649
7705,-16.4556841941115
7706,-16.457345008594
7707,-16.4590056075681
7708,-16.4606659910899
7709,-16.4623261592153
7710,-16.4639861120001
7711,-16.4656458495001
7712,-16.4673053717713
7713,-16.4689646788695
7714,-16.4706237708503
7715,-16.4722826477697
7716,-16.4739413096833
7717,-16.4755997566468
7718,-16.477257988716
7719,-16.4789160059466
7720,-16.4805738083942
7721,-16.4822313961145
7722,-16.483888769163
7723,-16.4855459275954
7724,-16.4872028714673
7725,-16.4888596008341
7726,-16.4905161157515
7727,-16.4921724162749
7728,-16.4938285024599
7729,-16.4954843743618
7730,-16.4971400320362
7731,-16.4987954755385
7732,-16.500450704924
7733,-16.5021057202482
7734,-16.5037605215664
7735,-16.5054151089339
7736,-16.5070694824061
7737,-16.5087236420383
7738,-16.5103775878857
7739,-16.5120313200035
7740,-16.5136848384471
7741,-16.5153381432716
7742,-16.5169912345323
7743,-16.5186441122842
7744,-16.5202967765825
7745,-16.5219492274824
7746,-16.5236014650389
7747,-16.5252534893072
7748,-16.5269053003423
7749,-16.5285568981992
7750,-16.5302082829329
7751,-16.5318594545985
7752,-16.5335104132509
7753,-16.5351611589451
7754,-16.5368116917359
7755,-16.5384620116784
7756,-16.5401121188274
7757,-16.5417620132378
7758,-16.5434116949644
7759,-16.5450611640621
7760,-16.5467104205856
7761,-16.5483594645897
7762,-16.5500082961292
7763,-16.5516569152589
7764,-16.5533053220334
7765,-16.5549535165075
7766,-16.5566014987358
7767,-16.5582492687731
7768,-16.5598968266738
7769,-16.5615441724927
7770,-16.5631913062843
7771,-16.5648382281033
7772,-16.5664849380041
7773,-16.5681314360412
7774,-16.5697777222693
7775,-16.5714237967428
7776,-16.5730696595161
7777,-16.5747153106438
7778,-16.5763607501801
7779,-16.5780059781796
7780,-16.5796509946966
7781,-16.5812957997855
7782,-16.5829403935006
7783,-16.5845847758962
7784,-16.5862289470266
7785,-16.5878729069462
7786,-16.5895166557092
7787,-16.5911601933697
7788,-16.5928035199821
7789,-16.5944466356005
7790,-16.5960895402791
7791,-16.5977322340721
7792,-16.5993747170335
7793,-16.6010169892175
7794,-16.6026590506782
7795,-16.6043009014697
7796,-16.6059425416459
7797,-16.607583971261
7798,-16.6092251903689
7799,-16.6108661990236
7800,-16.6125069972791
7801,-16.6141475851894
7802,-16.6157879628083
7803,-16.6174281301897
7804,-16.6190680873876
7805,-16.6207078344559
7806,-16.6223473714482
7807,-16.6239866984185
7808,-16.6256258154206
7809,-16.6272647225083
7810,-16.6289034197352
7811,-16.6305419071552
7812,-16.632180184822
7813,-16.6338182527892
7814,-16.6354561111105
7815,-16.6370937598397
7816,-16.6387311990302
7817,-16.6403684287358
7818,-16.6420054490101
7819,-16.6436422599065
7820,-16.6452788614787
7821,-16.6469152537802
7822,-16.6485514368645
7823,-16.6501874107851
7824,-16.6518231755954
7825,-16.653458731349
7826,-16.6550940780992
7827,-16.6567292158995
7828,-16.6583641448032
7829,-16.6599988648637
7830,-16.6616333761344
7831,-16.6632676786685
7832,-16.6649017725195
7833,-16.6665356577405
7834,-16.6681693343849
7835,-16.6698028025059
7836,-16.6714360621567
7837,-16.6730691133905
7838,-16.6747019562605
7839,-16.6763345908199
7840,-16.6779670171218
7841,-16.6795992352193
7842,-16.6812312451656
7843,-16.6828630470137
7844,-16.6844946408167
7845,-16.6861260266276
7846,-16.6877572044994
7847,-16.6893881744853
7848,-16.691018936638
7849,-16.6926494910106
7850,-16.6942798376561
7851,-16.6959099766274
7852,-16.6975399079772
7853,-16.6991696317587
7854,-16.7007991480245
7855,-16.7024284568276
7856,-16.7040575582207
7857,-16.7056864522567
7858,-16.7073151389883
7859,-16.7089436184683
7860,-16.7105718907494
7861,-16.7121999558844
7862,-16.713827813926
7863,-16.7154554649267
7864,-16.7170829089394
7865,-16.7187101460166
7866,-16.7203371762109
7867,-16.721963999575
7868,-16.7235906161614
7869,-16.7252170260227
7870,-16.7268432292114
7871,-16.7284692257801
7872,-16.7300950157812
7873,-16.7317205992672
7874,-16.7333459762906
7875,-16.7349711469038
7876,-16.7365961111592
7877,-16.7382208691092
7878,-16.7398454208063
7879,-16.7414697663027
7880,-16.7430939056508
7881,-16.744717838903
7882,-16.7463415661115
7883,-16.7479650873285
7884,-16.7495884026064
7885,-16.7512115119975
7886,-16.7528344155538
7887,-16.7544571133277
7888,-16.7560796053712
7889,-16.7577018917366
7890,-16.759323972476
7891,-16.7609458476415
7892,-16.7625675172853
7893,-16.7641889814593
7894,-16.7658102402157
7895,-16.7674312936064
7896,-16.7690521416836
7897,-16.7706727844993
7898,-16.7722932221053
7899,-16.7739134545536
7900,-16.7755334818963
7901,-16.7771533041852
7902,-16.7787729214722
7903,-16.7803923338093
7904,-16.7820115412482
7905,-16.7836305438408
7906,-16.785249341639
7907,-16.7868679346945
7908,-16.7884863230591
7909,-16.7901045067847
7910,-16.7917224859229
7911,-16.7933402605254
7912,-16.794957830644
7913,-16.7965751963304
7914,-16.7981923576362
7915,-16.799809314613
7916,-16.8014260673126
7917,-16.8030426157865
7918,-16.8046589600862
7919,-16.8062751002635
7920,-16.8078910363697
7921,-16.8095067684565
7922,-16.8111222965753
7923,-16.8127376207777
7924,-16.8143527411151
7925,-16.815967657639
7926,-16.8175823704007
7927,-16.8191968794518
7928,-16.8208111848436
7929,-16.8224252866274
7930,-16.8240391848547
7931,-16.8256528795768
7932,-16.8272663708449
7933,-16.8288796587105
7934,-16.8304927432247
7935,-16.8321056244388
7936,-16.833718302404
7937,-16.8353307771717
7938,-16.8369430487929
7939,-16.8385551173188
7940,-16.8401669828007
7941,-16.8417786452896
7942,-16.8433901048367
7943,-16.8450013614931
7944,-16.8466124153098
7945,-16.848223266338
7946,-16.8498339146286
7947,-16.8514443602328
7948,-16.8530546032014
7949,-16.8546646435855
7950,-16.8562744814361
7951,-16.8578841168041
7952,-16.8594935497404
7953,-16.861102780296
7954,-16.8627118085217
7955,-16.8643206344685
7956,-16.865929258187
7957,-16.8675376797283
7958,-16.8691458991431
7959,-16.8707539164822
7960,-16.8723617317964
7961,-16.8739693451364
7962,-16.875576756553
7963,-16.8771839660969
7964,-16.8787909738188
7965,-16.8803977797693
7966,-16.8820043839992
7967,-16.8836107865591
7968,-16.8852169874995
7969,-16.8868229868712
7970,-16.8884287847247
7971,-16.8900343811105
7972,-16.8916397760792
7973,-16.8932449696814
7974,-16.8948499619675
7975,-16.896454752988
7976,-16.8980593427934
7977,-16.8996637314342
7978,-16.9012679189607
7979,-16.9028719054235
7980,-16.9044756908728
7981,-16.9060792753592
7982,-16.9076826589328
7983,-16.9092858416441
7984,-16.9108888235434
7985,-16.912491604681
7986,-16.9140941851072
7987,-16.9156965648722
7988,-16.9172987440262
7989,-16.9189007226196
7990,-16.9205025007025
7991,-16.922104078325
7992,-16.9237054555374
7993,-16.9253066323899
7994,-16.9269076089325
7995,-16.9285083852153
7996,-16.9301089612885
7997,-16.931709337202
7998,-16.9333095130061
7999,-16.9349094887507
8000,-16.9365092644858
8001,-16.9408370791257
8002,-16.9451643528902
8003,-16.9494910859144
8004,-16.9538172783335
8005,-16.9581429302826
8006,-16.9624680418967
8007,-16.9667926133107
8008,-16.9711166446596
8009,-16.9754401360782
8010,-16.9797630877015
8011,-16.9840854996641
8012,-16.9884073721007
8013,-16.9927287051461
8014,-16.9970494989349
8015,-17.0013697536016
8016,-17.0056894692807
8017,-17.0100086461068
8018,-17.0143272842142
8019,-17.0186453837374
8020,-17.0229629448105
8021,-17.027279967568
8022,-17.031596452144
8023,-17.0359123986726
8024,-17.0402278072881
8025,-17.0445426781244
8026,-17.0488570113156
8027,-17.0531708069957
8028,-17.0574840652985
8029,-17.061796786358
8030,-17.066108970308
8031,-17.0704206172821
8032,-17.0747317274143
8033,-17.079042300838
8034,-17.0833523376869
8035,-17.0876618380947
8036,-17.0919708021947
8037,-17.0962792301206
8038,-17.1005871220056
8039,-17.1048944779832
8040,-17.1092012981867
8041,-17.1135075827494
8042,-17.1178133318044
8043,-17.1221185454849
8044,-17.1264232239242
8045,-17.1307273672551
8046,-17.1350309756109
8047,-17.1393340491243
8048,-17.1436365879284
8049,-17.147938592156
8050,-17.1522400619399
8051,-17.156540997413
8052,-17.1608413987079
8053,-17.1651412659573
8054,-17.1694405992938
8055,-17.1737393988501
8056,-17.1780376647586
8057,-17.1823353971518
8058,-17.1866325961621
8059,-17.1909292619219
8060,-17.1952253945636
8061,-17.1995209942195
8062,-17.2038160610216
8063,-17.2081105951024
8064,-17.2124045965937
8065,-17.2166980656279
8066,-17.2209910023368
8067,-17.2252834068524
8068,-17.2295752793068
8069,-17.2338666198318
8070,-17.2381574285592
8071,-17.2424477056208
8072,-17.2467374511483
8073,-17.2510266652735
8074,-17.255315348128
8075,-17.2596034998433
8076,-17.2638911205511
8077,-17.2681782103828
8078,-17.2724647694698
8079,-17.2767507979436
8080,-17.2810362959355
8081,-17.2853212635768
8082,-17.2896057009988
8083,-17.2938896083326
8084,-17.2981729857094
8085,-17.3024558332603
8086,-17.3067381511164
8087,-17.3110199394087
8088,-17.3153011982681
8089,-17.3195819278255
8090,-17.3238621282119
8091,-17.328141799558
8092,-17.3324209419945
8093,-17.3366995556523
8094,-17.3409776406619
8095,-17.345255197154
8096,-17.3495322252592
8097,-17.3538087251079
8098,-17.3580846968307
8099,-17.362360140558
8100,-17.3666350564201
8101,-17.3709094445474
8102,-17.3751833050702
8103,-17.3794566381187
8104,-17.383729443823
8105,-17.3880017223134
8106,-17.3922734737199
8107,-17.3965446981725
8108,-17.4008153958013
8109,-17.4050855667362
8110,-17.409355211107
8111,-17.4136243290436
8112,-17.4178929206759
8113,-17.4221609861335
8114,-17.4264285255463
8115,-17.4306955390437
8116,-17.4349620267555
8117,-17.4392279888113
8118,-17.4434934253404
8119,-17.4477583364724
8120,-17.4520227223367
8121,-17.4562865830626
8122,-17.4605499187795
8123,-17.4648127296167
8124,-17.4690750157034
8125,-17.4733367771687
8126,-17.4775980141418
8127,-17.4818587267518
8128,-17.4861189151277
8129,-17.4903785793985
8130,-17.4946377196931
8131,-17.4988963361404
8132,-17.5031544288693
8133,-17.5074119980086
8134,-17.5116690436869
8135,-17.5159255660331
8136,-17.5201815651757
8137,-17.5244370412434
8138,-17.5286919943648
8139,-17.5329464246683
8140,-17.5372003322824
8141,-17.5414537173355
8142,-17.545706579956
8143,-17.5499589202722
8144,-17.5542107384124
8145,-17.5584620345048
8146,-17.5627128086777
8147,-17.5669630610591
8148,-17.571212791777
8149,-17.5754620009597
8150,-17.579710688735
8151,-17.5839588552309
8152,-17.5882065005753
8153,-17.592453624896
8154,-17.5967002283209
8155,-17.6009463109776
8156,-17.605191872994
8157,-17.6094369144977
8158,-17.6136814356163
8159,-17.6179254364773
8160,-17.6221689172083
8161,-17.6264118779368
8162,-17.6306543187901
8163,-17.6348962398958
8164,-17.639137641381
8165,-17.6433785233731
8166,-17.6476188859994
8167,-17.6518587293869
8168,-17.656098053663
8169,-17.6603368589546
8170,-17.6645751453888
8171,-17.6688129130927
8172,-17.6730501621932
8173,-17.6772868928172
8174,-17.6815231050915
8175,-17.6857587991431
8176,-17.6899939750986
8177,-17.6942286330849
8178,-17.6984627732285
8179,-17.7026963956562
8180,-17.7069295004944
8181,-17.7111620878698
8182,-17.7153941579088
8183,-17.719625710738
8184,-17.7238567464836
8185,-17.7280872652721
8186,-17.7323172672298
8187,-17.7365467524829
8188,-17.7407757211576
8189,-17.7450041733801
8190,-17.7492321092766
8191,-17.7534595289732
8192,-17.7576864325957
8193,-17.7619128202704
8194,-17.766138692123
8195,-17.7703640482794
8196,-17.7745888888657
8197,-17.7788132140074
8198,-17.7830370238304
8199,-17.7872603184604
8200,-17.7914830980231
8201,-17.7957053626441
8202,-17.7999271124489
8203,-17.8041483475631
8204,-17.8083690681122
8205,-17.8125892742215
8206,-17.8168089660166
8207,-17.8210281436226
8208,-17.825246807165
8209,-17.829464956769
8210,-17.8336825925597
8211,-17.8378997146624
8212,-17.8421163232022
8213,-17.846332418304
8214,-17.8505480000931
8215,-17.8547630686942
8216,-17.8589776242324
8217,-17.8631916668326
8218,-17.8674051966195
8219,-17.871618213718
8220,-17.8758307182528
8221,-17.8800427103487
8222,-17.8842541901302
8223,-17.8884651577221
8224,-17.8926756132488
8225,-17.8968855568349
8226,-17.9010949886049
8227,-17.9053039086832
8228,-17.9095123171941
8229,-17.9137202142621
8230,-17.9179276000114
8231,-17.9221344745663
8232,-17.926340838051
8233,-17.9305466905896
8234,-17.9347520323062
8235,-17.9389568633249
8236,-17.9431611837698
8237,-17.9473649937648
8238,-17.9515682934339
8239,-17.9557710829009
8240,-17.9599733622897
8241,-17.964175131724
8242,-17.9683763913277
8243,-17.9725771412244
8244,-17.9767773815379
8245,-17.9809771123916
8246,-17.9851763339093
8247,-17.9893750462144
8248,-17.9935732494303
8249,-17.9977709436806
8250,-18.0019681290887
8251,-18.0061648057778
8252,-18.0103609738714
8253,-18.0145566334925
8254,-18.0187517847646
8255,-18.0229464278106
8256,-18.0271405627538
8257,-18.0313341897173
8258,-18.035527308824
8259,-18.039719920197
8260,-18.0439120239591
8261,-18.0481036202334
8262,-18.0522947091426
8263,-18.0564852908096
8264,-18.0606753653572
8265,-18.064864932908
8266,-18.0690539935847
8267,-18.07324254751
8268,-18.0774305948065
8269,-18.0816181355966
8270,-18.085805170003
8271,-18.0899916981481
8272,-18.0941777201542
8273,-18.0983632361437
8274,-18.102548246239
8275,-18.1067327505624
8276,-18.110916749236
8277,-18.115100242382
8278,-18.1192832301227
8279,-18.1234657125801
8280,-18.1276476898762
8281,-18.1318291621332
8282,-18.1360101294728
8283,-18.1401905920171
8284,-18.144370549888
8285,-18.1485500032073
8286,-18.1527289520967
8287,-18.1569073966781
8288,-18.161085337073
8289,-18.1652627734033
8290,-18.1694397057904
8291,-18.1736161343561
8292,-18.1777920592217
8293,-18.1819674805088
8294,-18.1861423983388
8295,-18.1903168128331
8296,-18.1944907241131
8297,-18.1986641323001
8298,-18.2028370375153
8299,-18.20700943988
8300,-18.2111813395153
8301,-18.2153527365424
8302,-18.2195236310823
8303,-18.2236940232561
8304,-18.2278639131849
8305,-18.2320333009895
8306,-18.2362021867908
8307,-18.2403705707098
8308,-18.2445384528673
8309,-18.248705833384
8310,-18.2528727123807
8311,-18.2570390899781
8312,-18.2612049662968
8313,-18.2653703414575
8314,-18.2695352155807
8315,-18.2736995887869
8316,-18.2778634611966
8317,-18.2820268329303
8318,-18.2861897041083
8319,-18.290352074851
8320,-18.2945139452786
8321,-18.2986753155116
8322,-18.3028361856699
8323,-18.306996555874
8324,-18.3111564262438
8325,-18.3153157968994
8326,-18.319474667961
8327,-18.3236330395484
8328,-18.3277909117817
8329,-18.3319482847808
8330,-18.3361051586656
8331,-18.3402615335558
8332,-18.3444174095713
8333,-18.3485727868317
8334,-18.3527276654569
8335,-18.3568820455664
8336,-18.3610359272799
8337,-18.365189310717
8338,-18.3693421959971
8339,-18.3734945832397
8340,-18.3776464725644
8341,-18.3817978640904
8342,-18.3859487579372
8343,-18.390099154224
8344,-18.3942490530701
8345,-18.3983984545948
8346,-18.4025473589172
8347,-18.4066957661565
8348,-18.4108436764318
8349,-18.4149910898621
8350,-18.4191380065664
8351,-18.4232844266637
8352,-18.427430350273
8353,-18.431575777513
8354,-18.4357207085028
8355,-18.4398651433609
8356,-18.4440090822063
8357,-18.4481525251576
8358,-18.4522954723336
8359,-18.4564379238527
8360,-18.4605798798336
8361,-18.4647213403949
8362,-18.468862305655
8363,-18.4730027757325
8364,-18.4771427507456
8365,-18.4812822308129
8366,-18.4854212160526
8367,-18.489559706583
8368,-18.4936977025223
8369,-18.4978352039888
8370,-18.5019722111007
8371,-18.506108723976
8372,-18.5102447427328
8373,-18.5143802674891
8374,-18.518515298363
8375,-18.5226498354724
8376,-18.5267838789351
8377,-18.5309174288692
8378,-18.5350504853923
8379,-18.5391830486223
8380,-18.5433151186769
8381,-18.5474466956738
8382,-18.5515777797306
8383,-18.555708370965
8384,-18.5598384694945
8385,-18.5639680754367
8386,-18.5680971889091
8387,-18.572225810029
8388,-18.576353938914
8389,-18.5804815756812
8390,-18.5846087204482
8391,-18.5887353733321
8392,-18.5928615344502
8393,-18.5969872039196
8394,-18.6011123818576
8395,-18.6052370683812
8396,-18.6093612636074
8397,-18.6134849676534
8398,-18.6176081806361
8399,-18.6217309026725
8400,-18.6258531338794
8401,-18.6299748743737
8402,-18.6340961242721
8403,-18.6382168836916
8404,-18.6423371527488
8405,-18.6464569315604
8406,-18.6505762202431
8407,-18.6546950189135
8408,-18.658813327688
8409,-18.6629311466833
8410,-18.6670484760159
8411,-18.6711653158021
8412,-18.6752816661584
8413,-18.6793975272012
8414,-18.6835128990467
8415,-18.6876277818112
8416,-18.691742175611
8417,-18.6958560805622
8418,-18.6999694967811
8419,-18.7040824243836
8420,-18.7081948634859
8421,-18.7123068142041
8422,-18.716418276654
8423,-18.7205292509516
8424,-18.7246397372129
8425,-18.7287497355537
8426,-18.7328592460898
8427,-18.736968268937
8428,-18.7410768042111
8429,-18.7451848520276
8430,-18.7492924125024
8431,-18.753399485751
8432,-18.7575060718889
8433,-18.7616121710317
8434,-18.7657177832949
8435,-18.769822908794
8436,-18.7739275476443
8437,-18.7780316999613
8438,-18.7821353658602
8439,-18.7862385454563
8440,-18.7903412388649
8441,-18.7944434462012
8442,-18.7985451675803
8443,-18.8026464031173
8444,-18.8067471529275
8445,-18.8108474171257
8446,-18.814947195827
8447,-18.8190464891463
8448,-18.8231452971986
8449,-18.8272436200987
8450,-18.8313414579615
8451,-18.8354388109018
8452,-18.8395356790343
8453,-18.8436320624737
8454,-18.8477279613348
8455,-18.851823375732
8456,-18.8559183057801
8457,-18.8600127515936
8458,-18.864106713287
8459,-18.8682001909747
8460,-18.8722931847712
8461,-18.8763856947909
8462,-18.8804777211481
8463,-18.8845692639572
8464,-18.8886603233324
8465,-18.8927508993878
8466,-18.8968409922378
8467,-18.9009306019965
8468,-18.9050197287779
8469,-18.9091083726961
8470,-18.9131965338652
8471,-18.9172842123991
8472,-18.9213714084118
8473,-18.9254581220172
8474,-18.9295443533291
8475,-18.9336301024614
8476,-18.9377153695278
8477,-18.9418001546421
8478,-18.945884457918
8479,-18.9499682794692
8480,-18.9540516194092
8481,-18.9581344778517
8482,-18.9622168549102
8483,-18.9662987506981
8484,-18.9703801653291
8485,-18.9744610989163
8486,-18.9785415515734
8487,-18.9826215234135
8488,-18.9867010145501
8489,-18.9907800250963
8490,-18.9948585551654
8491,-18.9989366048705
8492,-19.0030141743248
8493,-19.0070912636414
8494,-19.0111678729334
8495,-19.0152440023137
8496,-19.0193196518954
8497,-19.0233948217914
8498,-19.0274695121146
8499,-19.0315437229778
8500,-19.035617454494
8501,-19.0396907067757
8502,-19.0437634799359
8503,-19.0478357740872
8504,-19.0519075893422
8505,-19.0559789258137
8506,-19.0600497836141
8507,-19.064120162856
8508,-19.0681900636519
8509,-19.0722594861143
8510,-19.0763284303555
8511,-19.0803968964881
8512,-19.0844648846243
8513,-19.0885323948764
8514,-19.0925994273567
8515,-19.0966659821774
8516,-19.1007320594508
8517,-19.1047976592889
8518,-19.1088627818038
8519,-19.1129274271077
8520,-19.1169915953125
8521,-19.1210552865303
8522,-19.125118500873
8523,-19.1291812384525
8524,-19.1332434993806
8525,-19.1373052837693
8526,-19.1413665917302
8527,-19.1454274233752
8528,-19.149487778816
8529,-19.1535476581641
8530,-19.1576070615314
8531,-19.1616659890293
8532,-19.1657244407694
8533,-19.1697824168633
8534,-19.1738399174224
8535,-19.1778969425581
8536,-19.1819534923819
8537,-19.1860095670051
8538,-19.1900651665391
8539,-19.194120291095
8540,-19.1981749407842
8541,-19.2022291157179
8542,-19.2062828160071
8543,-19.2103360417632
8544,-19.214388793097
8545,-19.2184410701198
8546,-19.2224928729424
8547,-19.2265442016759
8548,-19.2305950564312
8549,-19.2346454373192
8550,-19.2386953444507
8551,-19.2427447779365
8552,-19.2467937378875
8553,-19.2508422244143
8554,-19.2548902376277
8555,-19.2589377776383
8556,-19.2629848445568
8557,-19.2670314384937
8558,-19.2710775595595
8559,-19.2751232078647
8560,-19.27916838352
8561,-19.2832130866355
8562,-19.2872573173218
8563,-19.2913010756892
8564,-19.295344361848
8565,-19.2993871759084
8566,-19.3034295179807
8567,-19.3074713881752
8568,-19.3115127866019
8569,-19.3155537133709
8570,-19.3195941685924
8571,-19.3236341523764
8572,-19.3276736648329
8573,-19.3317127060718
8574,-19.3357512762031
8575,-19.3397893753366
8576,-19.3438270035823
8577,-19.3478641610498
8578,-19.3519008478491
8579,-19.3559370640898
8580,-19.3599728098815
8581,-19.3640080853341
8582,-19.368042890557
8583,-19.3720772256599
8584,-19.3761110907523
8585,-19.3801444859437
8586,-19.3841774113435
8587,-19.3882098670613
8588,-19.3922418532063
8589,-19.396273369888
8590,-19.4003044172156
8591,-19.4043349952984
8592,-19.4083651042456
8593,-19.4123947441665
8594,-19.4164239151703
8595,-19.4204526173659
8596,-19.4244808508625
8597,-19.4285086157692
8598,-19.432535912195
8599,-19.4365627402487
8600,-19.4405891000395
8601,-19.4446149916761
8602,-19.4486404152673
8603,-19.4526653709221
8604,-19.4566898587492
8605,-19.4607138788573
8606,-19.4647374313552
8607,-19.4687605163514
8608,-19.4727831339547
8609,-19.4768052842736
8610,-19.4808269674167
8611,-19.4848481834924
8612,-19.4888689326093
8613,-19.4928892148758
8614,-19.4969090304003
8615,-19.5009283792912
8616,-19.5049472616567
8617,-19.5089656776052
8618,-19.5129836272449
8619,-19.517001110684
8620,-19.5210181280308
8621,-19.5250346793933
8622,-19.5290507648796
8623,-19.5330663845977
8624,-19.5370815386559
8625,-19.5410962271619
8626,-19.5451104502237
8627,-19.5491242079494
8628,-19.5531375004466
8629,-19.5571503278234
8630,-19.5611626901874
8631,-19.5651745876464
8632,-19.5691860203081
8633,-19.5731969882803
8634,-19.5772074916706
8635,-19.5812175305866
8636,-19.5852271051359
8637,-19.5892362154259
8638,-19.5932448615643
8639,-19.5972530436584
8640,-19.6012607618157
8641,-19.6052680161435
8642,-19.6092748067493
8643,-19.6132811337404
8644,-19.6172869972239
8645,-19.6212923973072
8646,-19.6252973340974
8647,-19.6293018077018
8648,-19.6333058182273
8649,-19.6373093657812
8650,-19.6413124504705
8651,-19.6453150724022
8652,-19.6493172316832
8653,-19.6533189284206
8654,-19.6573201627211
8655,-19.6613209346918
8656,-19.6653212444393
8657,-19.6693210920705
8658,-19.6733204776922
8659,-19.6773194014111
8660,-19.6813178633338
8661,-19.685315863567
8662,-19.6893134022174
8663,-19.6933104793914
8664,-19.6973070951956
8665,-19.7013032497365
8666,-19.7052989431206
8667,-19.7092941754543
8668,-19.7132889468439
8669,-19.7172832573959
8670,-19.7212771072165
8671,-19.725270496412
8672,-19.7292634250887
8673,-19.7332558933527
8674,-19.7372479013102
8675,-19.7412394490674
8676,-19.7452305367303
8677,-19.749221164405
8678,-19.7532113321976
8679,-19.7572010402139
8680,-19.7611902885599
8681,-19.7651790773416
8682,-19.7691674066649
8683,-19.7731552766355
8684,-19.7771426873592
8685,-19.7811296389419
8686,-19.7851161314892
8687,-19.7891021651068
8688,-19.7930877399004
8689,-19.7970728559756
8690,-19.801057513438
8691,-19.8050417123932
8692,-19.8090254529465
8693,-19.8130087352036
8694,-19.8169915592698
8695,-19.8209739252505
8696,-19.8249558332512
8697,-19.828937283377
8698,-19.8329182757334
8699,-19.8368988104255
8700,-19.8408788875586
8701,-19.8448585072379
8702,-19.8488376695684
8703,-19.8528163746554
8704,-19.8567946226039
8705,-19.8607724135189
8706,-19.8647497475053
8707,-19.8687266246683
8708,-19.8727030451127
8709,-19.8766790089434
8710,-19.8806545162652
8711,-19.884629567183
8712,-19.8886041618015
8713,-19.8925783002255
8714,-19.8965519825598
8715,-19.9005252089089
8716,-19.9044979793775
8717,-19.9084702940702
8718,-19.9124421530917
8719,-19.9164135565463
8720,-19.9203845045387
8721,-19.9243549971732
8722,-19.9283250345543
8723,-19.9322946167864
8724,-19.9362637439737
8725,-19.9402324162208
8726,-19.9442006336317
8727,-19.9481683963108
8728,-19.9521357043623
8729,-19.9561025578903
8730,-19.960068956999
8731,-19.9640349017924
8732,-19.9680003923747
8733,-19.9719654288499
8734,-19.9759300113219
8735,-19.9798941398947
8736,-19.9838578146722
8737,-19.9878210357583
8738,-19.991783803257
8739,-19.9957461172718
8740,-19.9997079779068
8741,-20.0036693852655
8742,-20.0076303394518
8743,-20.0115908405692
8744,-20.0155508887214
8745,-20.0195104840121
8746,-20.0234696265447
8747,-20.0274283164228
8748,-20.03138655375
8749,-20.0353443386296
8750,-20.039301671165
8751,-20.0432585514597
8752,-20.0472149796171
8753,-20.0511709557404
8754,-20.0551264799329
8755,-20.0590815522978
8756,-20.0630361729384
8757,-20.0669903419579
8758,-20.0709440594594
8759,-20.0748973255459
8760,-20.0788501403206
8761,-20.0828025038865
8762,-20.0867544163465
8763,-20.0907058778038
8764,-20.0946568883611
8765,-20.0986074481213
8766,-20.1025575571874
8767,-20.1065072156622
8768,-20.1104564236484
8769,-20.1144051812487
8770,-20.118353488566
8771,-20.1223013457029
8772,-20.126248752762
8773,-20.1301957098459
8774,-20.1341422170573
8775,-20.1380882744986
8776,-20.1420338822724
8777,-20.1459790404811
8778,-20.1499237492272
8779,-20.153868008613
8780,-20.157811818741
8781,-20.1617551797135
8782,-20.1656980916327
8783,-20.169640554601
8784,-20.1735825687205
8785,-20.1775241340935
8786,-20.181465250822
8787,-20.1854059190083
8788,-20.1893461387544
8789,-20.1932859101623
8790,-20.1972252333341
8791,-20.2011641083718
8792,-20.2051025353773
8793,-20.2090405144525
8794,-20.2129780456993
8795,-20.2169151292195
8796,-20.220851765115
8797,-20.2247879534875
8798,-20.2287236944387
8799,-20.2326589880704
8800,-20.2365938344843
8801,-20.2405282337819
8802,-20.2444621860648
8803,-20.2483956914347
8804,-20.2523287499931
8805,-20.2562613618414
8806,-20.2601935270812
8807,-20.2641252458138
8808,-20.2680565181406
8809,-20.271987344163
8810,-20.2759177239824
8811,-20.2798476576999
8812,-20.2837771454169
8813,-20.2877061872346
8814,-20.2916347832542
8815,-20.2955629335768
8816,-20.2994906383035
8817,-20.3034178975355
8818,-20.3073447113737
8819,-20.3112710799192
8820,-20.3151970032729
8821,-20.3191224815359
8822,-20.3230475148089
8823,-20.326972103193
8824,-20.3308962467889
8825,-20.3348199456974
8826,-20.3387432000194
8827,-20.3426660098555
8828,-20.3465883753065
8829,-20.350510296473
8830,-20.3544317734556
8831,-20.358352806355
8832,-20.3622733952718
8833,-20.3661935403064
8834,-20.3701132415594
8835,-20.3740324991312
8836,-20.3779513131223
8837,-20.3818696836331
8838,-20.3857876107639
8839,-20.389705094615
8840,-20.3936221352868
8841,-20.3975387328795
8842,-20.4014548874933
8843,-20.4053705992285
8844,-20.4092858681852
8845,-20.4132006944634
8846,-20.4171150781634
8847,-20.4210290193852
8848,-20.4249425182287
8849,-20.428855574794
8850,-20.4327681891811
8851,-20.4366803614898
8852,-20.44059209182
8853,-20.4445033802717
8854,-20.4484142269445
8855,-20.4523246319384
8856,-20.456234595353
8857,-20.4601441172881
8858,-20.4640531978433
8859,-20.4679618371184
8860,-20.4718700352129
8861,-20.4757777922264
8862,-20.4796851082584
8863,-20.4835919834086
8864,-20.4874984177763
8865,-20.491404411461
8866,-20.4953099645621
8867,-20.499215077179
8868,-20.5031197494111
8869,-20.5070239813577
8870,-20.510927773118
8871,-20.5148311247913
8872,-20.5187340364768
8873,-20.5226365082737
8874,-20.5265385402811
8875,-20.5304401325982
8876,-20.534341285324
8877,-20.5382419985576
8878,-20.542142272398
8879,-20.5460421069441
8880,-20.549941502295
8881,-20.5538404585495
8882,-20.5577389758064
8883,-20.5616370541648
8884,-20.5655346937233
8885,-20.5694318945807
8886,-20.5733286568358
8887,-20.5772249805873
8888,-20.5811208659339
8889,-20.5850163129743
8890,-20.5889113218069
8891,-20.5928058925305
8892,-20.5967000252435
8893,-20.6005937200445
8894,-20.6044869770319
8895,-20.6083797963043
8896,-20.6122721779599
8897,-20.6161641220972
8898,-20.6200556288146
8899,-20.6239466982103
8900,-20.6278373303827
8901,-20.6317275254299
8902,-20.6356172834502
8903,-20.6395066045418
8904,-20.6433954888028
8905,-20.6472839363313
8906,-20.6511719472254
8907,-20.6550595215832
8908,-20.6589466595027
8909,-20.6628333610818
8910,-20.6667196264186
8911,-20.6706054556108
8912,-20.6744908487565
8913,-20.6783758059534
8914,-20.6822603272994
8915,-20.6861444128923
8916,-20.6900280628298
8917,-20.6939112772096
8918,-20.6977940561294
8919,-20.7016763996869
8920,-20.7055583079797
8921,-20.7094397811054
8922,-20.7133208191615
8923,-20.7172014222456
8924,-20.7210815904551
8925,-20.7249613238875
8926,-20.7288406226403
8927,-20.7327194868107
8928,-20.7365979164962
8929,-20.7404759117942
8930,-20.7443534728018
8931,-20.7482305996163
8932,-20.7521072923351
8933,-20.7559835510552
8934,-20.7598593758739
8935,-20.7637347668882
8936,-20.7676097241953
8937,-20.7714842478922
8938,-20.775358338076
8939,-20.7792319948436
8940,-20.7831052182921
8941,-20.7869780085183
8942,-20.7908503656191
8943,-20.7947222896915
8944,-20.7985937808323
8945,-20.8024648391382
8946,-20.8063354647061
8947,-20.8102056576326
8948,-20.8140754180146
8949,-20.8179447459486
8950,-20.8218136415313
8951,-20.8256821048593
8952,-20.8295501360292
8953,-20.8334177351375
8954,-20.8372849022808
8955,-20.8411516375555
8956,-20.8450179410581
8957,-20.8488838128849
8958,-20.8527492531325
8959,-20.856614261897
8960,-20.8604788392749
8961,-20.8643429853625
8962,-20.8682067002559
8963,-20.8720699840514
8964,-20.8759328368452
8965,-20.8797952587334
8966,-20.8836572498122
8967,-20.8875188101777
8968,-20.891379939926
8969,-20.895240639153
8970,-20.8991009079547
8971,-20.9029607464272
8972,-20.9068201546663
8973,-20.9106791327679
8974,-20.914537680828
8975,-20.9183957989424
8976,-20.9222534872068
8977,-20.926110745717
8978,-20.9299675745688
8979,-20.9338239738579
8980,-20.93767994368
8981,-20.9415354841306
8982,-20.9453905953055
8983,-20.9492452773002
8984,-20.9530995302102
8985,-20.956953354131
8986,-20.9608067491583
8987,-20.9646597153873
8988,-20.9685122529135
8989,-20.9723643618324
8990,-20.9762160422392
8991,-20.9800672942293
8992,-20.983918117898
8993,-20.9877685133405
8994,-20.9916184806521
8995,-20.995468019928
8996,-20.9993171312633
8997,-21.0031658147532
8998,-21.0070140704928
8999,-21.0108618985772
9000,-21.0147092991013
9001,-21.0185562721603
9002,-21.022402817849
9003,-21.0262489362624
9004,-21.0300946274955
9005,-21.0339398916431
9006,-21.0377847288
9007,-21.0416291390611
9008,-21.0454731225212
9009,-21.0493166792751
9010,-21.0531598094174
9011,-21.0570025130428
9012,-21.060844790246
9013,-21.0646866411217
9014,-21.0685280657643
9015,-21.0723690642686
9016,-21.076209636729
9017,-21.0800497832401
9018,-21.0838895038962
9019,-21.0877287987919
9020,-21.0915676680216
9021,-21.0954061116796
9022,-21.0992441298602
9023,-21.1030817226579
9024,-21.1069188901668
9025,-21.1107556324812
9026,-21.1145919496954
9027,-21.1184278419036
9028,-21.1222633091998
9029,-21.1260983516783
9030,-21.129932969433
9031,-21.1337671625582
9032,-21.1376009311478
9033,-21.1414342752957
9034,-21.1452671950961
9035,-21.1490996906428
9036,-21.1529317620298
9037,-21.1567634093508
9038,-21.1605946326998
9039,-21.1644254321706
9040,-21.1682558078569
9041,-21.1720857598526
9042,-21.1759152882513
9043,-21.1797443931466
9044,-21.1835730746324
9045,-21.1874013328022
9046,-21.1912291677496
9047,-21.1950565795682
9048,-21.1988835683514
9049,-21.2027101341929
9050,-21.2065362771861
9051,-21.2103619974243
9052,-21.2141872950011
9053,-21.2180121700099
9054,-21.2218366225439
9055,-21.2256606526965
9056,-21.2294842605609
9057,-21.2333074462305
9058,-21.2371302097984
9059,-21.2409525513579
9060,-21.2447744710021
9061,-21.2485959688241
9062,-21.2524170449171
9063,-21.2562376993741
9064,-21.2600579322881
9065,-21.2638777437522
9066,-21.2676971338594
9067,-21.2715161027025
9068,-21.2753346503746
9069,-21.2791527769685
9070,-21.282970482577
9071,-21.286787767293
9072,-21.2906046312092
9073,-21.2944210744185
9074,-21.2982370970136
9075,-21.3020526990871
9076,-21.3058678807318
9077,-21.3096826420403
9078,-21.3134969831052
9079,-21.317310904019
9080,-21.3211244048744
9081,-21.3249374857638
9082,-21.3287501467798
9083,-21.3325623880147
9084,-21.336374209561
9085,-21.3401856115112
9086,-21.3439965939576
9087,-21.3478071569924
9088,-21.3516173007081
9089,-21.3554270251969
9090,-21.359236330551
9091,-21.3630452168627
9092,-21.3668536842241
9093,-21.3706617327274
9094,-21.3744693624647
9095,-21.3782765735281
9096,-21.3820833660097
9097,-21.3858897400015
9098,-21.3896956955954
9099,-21.3935012328836
9100,-21.3973063519578
9101,-21.4011110529101
9102,-21.4049153358323
9103,-21.4087192008162
9104,-21.4125226479537
9105,-21.4163256773365
9106,-21.4201282890565
9107,-21.4239304832053
9108,-21.4277322598747
9109,-21.4315336191562
9110,-21.4353345611416
9111,-21.4391350859225
9112,-21.4429351935904
9113,-21.4467348842369
9114,-21.4505341579535
9115,-21.4543330148317
9116,-21.4581314549629
9117,-21.4619294784385
9118,-21.4657270853501
9119,-21.4695242757889
9120,-21.4733210498462
9121,-21.4771174076135
9122,-21.4809133491818
9123,-21.4847088746426
9124,-21.488503984087
9125,-21.4922986776062
9126,-21.4960929552914
9127,-21.4998868172337
9128,-21.5036802635241
9129,-21.5074732942538
9130,-21.5112659095138
9131,-21.515058109395
9132,-21.5188498939886
9133,-21.5226412633853
9134,-21.5264322176762
9135,-21.5302227569522
9136,-21.534012881304
9137,-21.5378025908225
9138,-21.5415918855985
9139,-21.5453807657228
9140,-21.5491692312861
9141,-21.5529572823791
9142,-21.5567449190926
9143,-21.5605321415171
9144,-21.5643189497432
9145,-21.5681053438616
9146,-21.5718913239629
9147,-21.5756768901374
9148,-21.5794620424759
9149,-21.5832467810686
9150,-21.5870311060061
9151,-21.5908150173788
9152,-21.5945985152771
9153,-21.5983815997912
9154,-21.6021642710116
9155,-21.6059465290285
9156,-21.6097283739322
9157,-21.6135098058129
9158,-21.6172908247609
9159,-21.6210714308662
9160,-21.6248516242191
9161,-21.6286314049096
9162,-21.6324107730279
9163,-21.636189728664
9164,-21.6399682719079
9165,-21.6437464028497
9166,-21.6475241215792
9167,-21.6513014281865
9168,-21.6550783227614
9169,-21.6588548053939
9170,-21.6626308761737
9171,-21.6664065351908
9172,-21.6701817825348
9173,-21.6739566182955
9174,-21.6777310425628
9175,-21.6815050554262
9176,-21.6852786569755
9177,-21.6890518473003
9178,-21.6928246264903
9179,-21.6965969946349
9180,-21.7003689518238
9181,-21.7041404981465
9182,-21.7079116336925
9183,-21.7116823585513
9184,-21.7154526728122
9185,-21.7192225765648
9186,-21.7229920698984
9187,-21.7267611529023
9188,-21.7305298256659
9189,-21.7342980882785
9190,-21.7380659408293
9191,-21.7418333834075
9192,-21.7456004161025
9193,-21.7493670390032
9194,-21.753133252199
9195,-21.7568990557789
9196,-21.760664449832
9197,-21.7644294344474
9198,-21.7681940097141
9199,-21.7719581757211
9200,-21.7757219325574
9201,-21.779485280312
9202,-21.7832482190736
9203,-21.7870107489313
9204,-21.7907728699739
9205,-21.7945345822902
9206,-21.798295885969
9207,-21.8020567810991
9208,-21.8058172677693
9209,-21.8095773460682
9210,-21.8133370160845
9211,-21.8170962779069
9212,-21.820855131624
9213,-21.8246135773245
9214,-21.8283716150968
9215,-21.8321292450295
9216,-21.8358864672112
9217,-21.8396432817303
9218,-21.8433996886753
9219,-21.8471556881346
9220,-21.8509112801965
9221,-21.8546664649496
9222,-21.858421242482
9223,-21.8621756128821
9224,-21.8659295762383
9225,-21.8696831326386
9226,-21.8734362821715
9227,-21.877189024925
9228,-21.8809413609873
9229,-21.8846932904466
9230,-21.888444813391
9231,-21.8921959299086
9232,-21.8959466400873
9233,-21.8996969440153
9234,-21.9034468417805
9235,-21.9071963334709
9236,-21.9109454191745
9237,-21.9146940989791
9238,-21.9184423729726
9239,-21.9221902412429
9240,-21.9259377038778
9241,-21.9296847609651
9242,-21.9334314125926
9243,-21.9371776588479
9244,-21.9409234998189
9245,-21.9446689355931
9246,-21.9484139662583
9247,-21.9521585919021
9248,-21.955902812612
9249,-21.9596466284757
9250,-21.9633900395806
9251,-21.9671330460143
9252,-21.9708756478643
9253,-21.974617845218
9254,-21.9783596381628
9255,-21.9821010267862
9256,-21.9858420111755
9257,-21.989582591418
9258,-21.9933227676011
9259,-21.9970625398121
9260,-22.0008019081381
9261,-22.0045408726665
9262,-22.0082794334844
9263,-22.012017590679
9264,-22.0157553443374
9265,-22.0194926945468
9266,-22.0232296413942
9267,-22.0269661849668
9268,-22.0307023253515
9269,-22.0344380626353
9270,-22.0381733969052
9271,-22.0419083282481
9272,-22.0456428567511
9273,-22.0493769825008
9274,-22.0531107055843
9275,-22.0568440260884
9276,-22.0605769440998
9277,-22.0643094597054
9278,-22.0680415729918
9279,-22.0717732840458
9280,-22.0755045929542
9281,-22.0792354998035
9282,-22.0829660046803
9283,-22.0866961076714
9284,-22.0904258088633
9285,-22.0941551083425
9286,-22.0978840061956
9287,-22.1016125025091
9288,-22.1053405973693
9289,-22.1090682908629
9290,-22.1127955830761
9291,-22.1165224740954
9292,-22.1202489640071
9293,-22.1239750528976
9294,-22.1277007408531
9295,-22.13142602796
9296,-22.1351509143044
9297,-22.1388753999727
9298,-22.1425994850509
9299,-22.1463231696252
9300,-22.1500464537819
9301,-22.1537693376069
9302,-22.1574918211864
9303,-22.1612139046064
9304,-22.164935587953
9305,-22.1686568713121
9306,-22.1723777547697
9307,-22.1760982384117
9308,-22.1798183223241
9309,-22.1835380065927
9310,-22.1872572913035
9311,-22.1909761765421
9312,-22.1946946623945
9313,-22.1984127489465
9314,-22.2021304362836
9315,-22.2058477244917
9316,-22.2095646136565
9317,-22.2132811038636
9318,-22.2169971951987
9319,-22.2207128877474
9320,-22.2244281815952
9321,-22.2281430768277
9322,-22.2318575735304
9323,-22.2355716717889
9324,-22.2392853716885
9325,-22.2429986733148
9326,-22.2467115767532
9327,-22.250424082089
9328,-22.2541361894076
9329,-22.2578478987944
9330,-22.2615592103346
9331,-22.2652701241136
9332,-22.2689806402165
9333,-22.2726907587286
9334,-22.2764004797352
9335,-22.2801098033213
9336,-22.2838187295721
9337,-22.2875272585727
9338,-22.2912353904083
9339,-22.2949431251638
9340,-22.2986504629243
9341,-22.3023574037748
9342,-22.3060639478004
9343,-22.3097700950858
9344,-22.3134758457161
9345,-22.3171811997762
9346,-22.3208861573509
9347,-22.3245907185251
9348,-22.3282948833835
9349,-22.3319986520111
9350,-22.3357020244924
9351,-22.3394050009123
9352,-22.3431075813555
9353,-22.3468097659066
9354,-22.3505115546503
9355,-22.3542129476712
9356,-22.357913945054
9357,-22.3616145468831
9358,-22.3653147532432
9359,-22.3690145642187
9360,-22.3727139798941
9361,-22.376413000354
9362,-22.3801116256826
9363,-22.3838098559645
9364,-22.387507691284
9365,-22.3912051317255
9366,-22.3949021773733
9367,-22.3985988283117
9368,-22.4022950846249
9369,-22.4059909463972
9370,-22.4096864137129
9371,-22.4133814866561
9372,-22.417076165311
9373,-22.4207704497617
9374,-22.4244643400923
9375,-22.428157836387
9376,-22.4318509387297
9377,-22.4355436472045
9378,-22.4392359618954
9379,-22.4429278828864
9380,-22.4466194102615
9381,-22.4503105441045
9382,-22.4540012844993
9383,-22.4576916315298
9384,-22.4613815852799
9385,-22.4650711458334
9386,-22.468760313274
9387,-22.4724490876856
9388,-22.4761374691518
9389,-22.4798254577564
9390,-22.483513053583
9391,-22.4872002567153
9392,-22.490887067237
9393,-22.4945734852316
9394,-22.4982595107826
9395,-22.5019451439738
9396,-22.5056303848885
9397,-22.5093152336102
9398,-22.5129996902225
9399,-22.5166837548088
9400,-22.5203674274524
9401,-22.5240507082368
9402,-22.5277335972454
9403,-22.5314160945614
9404,-22.5350982002682
9405,-22.5387799144491
9406,-22.5424612371873
9407,-22.546142168566
9408,-22.5498227086685
9409,-22.5535028575779
9410,-22.5571826153773
9411,-22.5608619821499
9412,-22.5645409579789
9413,-22.5682195429471
9414,-22.5718977371378
9415,-22.5755755406339
9416,-22.5792529535184
9417,-22.5829299758742
9418,-22.5866066077844
9419,-22.5902828493318
9420,-22.5939587005992
9421,-22.5976341616696
9422,-22.6013092326258
9423,-22.6049839135506
9424,-22.6086582045268
9425,-22.6123321056371
9426,-22.6160056169642
9427,-22.6196787385909
9428,-22.6233514705998
9429,-22.6270238130735
9430,-22.6306957660947
9431,-22.6343673297461
9432,-22.63803850411
9433,-22.6417092892692
9434,-22.6453796853061
9435,-22.6490496923031
9436,-22.6527193103428
9437,-22.6563885395076
9438,-22.66005737988
9439,-22.6637258315422
9440,-22.6673938945766
9441,-22.6710615690657
9442,-22.6747288550916
9443,-22.6783957527366
9444,-22.6820622620832
9445,-22.6857283832133
9446,-22.6893941162093
9447,-22.6930594611533
9448,-22.6967244181275
9449,-22.700388987214
9450,-22.7040531684949
9451,-22.7077169620522
9452,-22.7113803679681
9453,-22.7150433863244
9454,-22.7187060172033
9455,-22.7223682606867
9456,-22.7260301168565
9457,-22.7296915857947
9458,-22.733352667583
9459,-22.7370133623035
9460,-22.7406736700379
9461,-22.7443335908681
9462,-22.7479931248757
9463,-22.7516522721427
9464,-22.7553110327507
9465,-22.7589694067814
9466,-22.7626273943165
9467,-22.7662849954376
9468,-22.7699422102265
9469,-22.7735990387646
9470,-22.7772554811337
9471,-22.7809115374151
9472,-22.7845672076905
9473,-22.7882224920414
9474,-22.7918773905492
9475,-22.7955319032953
9476,-22.7991860303613
9477,-22.8028397718284
9478,-22.8064931277782
9479,-22.8101460982918
9480,-22.8137986834506
9481,-22.817450883336
9482,-22.8211026980292
9483,-22.8247541276114
9484,-22.8284051721639
9485,-22.8320558317678
9486,-22.8357061065044
9487,-22.8393559964547
9488,-22.8430055016998
9489,-22.8466546223209
9490,-22.8503033583991
9491,-22.8539517100152
9492,-22.8575996772505
9493,-22.8612472601858
9494,-22.8648944589021
9495,-22.8685412734804
9496,-22.8721877040015
9497,-22.8758337505464
9498,-22.8794794131958
9499,-22.8831246920307
9500,-22.8867695871319
9501,-22.89041409858
9502,-22.894058226456
9503,-22.8977019708404
9504,-22.9013453318141
9505,-22.9049883094577
9506,-22.9086309038518
9507,-22.9122731150771
9508,-22.9159149432142
9509,-22.9195563883436
9510,-22.9231974505459
9511,-22.9268381299017
9512,-22.9304784264915
9513,-22.9341183403956
9514,-22.9377578716946
9515,-22.941397020469
9516,-22.945035786799
9517,-22.948674170765
9518,-22.9523121724475
9519,-22.9559497919268
9520,-22.9595870292831
9521,-22.9632238845967
9522,-22.9668603579478
9523,-22.9704964494168
9524,-22.9741321590837
9525,-22.9777674870289
9526,-22.9814024333323
9527,-22.9850369980741
9528,-22.9886711813345
9529,-22.9923049831934
9530,-22.995938403731
9531,-22.9995714430273
9532,-23.0032041011622
9533,-23.0068363782158
9534,-23.0104682742679
9535,-23.0140997893986
9536,-23.0177309236876
9537,-23.0213616772149
9538,-23.0249920500603
9539,-23.0286220423036
9540,-23.0322516540247
9541,-23.0358808853033
9542,-23.039509736219
9543,-23.0431382068518
9544,-23.0467662972812
9545,-23.0503940075869
9546,-23.0540213378486
9547,-23.0576482881459
9548,-23.0612748585584
9549,-23.0649010491656
9550,-23.0685268600471
9551,-23.0721522912824
9552,-23.075777342951
9553,-23.0794020151325
9554,-23.0830263079061
9555,-23.0866502213514
9556,-23.0902737555477
9557,-23.0938969105744
9558,-23.0975196865109
9559,-23.1011420834365
9560,-23.1047641014304
9561,-23.108385740572
9562,-23.1120070009404
9563,-23.115627882615
9564,-23.1192483856748
9565,-23.1228685101991
9566,-23.1264882562671
9567,-23.1301076239577
9568,-23.1337266133503
9569,-23.1373452245237
9570,-23.140963457557
9571,-23.1445813125294
9572,-23.1481987895197
9573,-23.151815888607
9574,-23.1554326098701
9575,-23.1590489533881
9576,-23.1626649192398
9577,-23.166280507504
9578,-23.1698957182598
9579,-23.1735105515857
9580,-23.1771250075608
9581,-23.1807390862636
9582,-23.1843527877731
9583,-23.1879661121678
9584,-23.1915790595266
9585,-23.195191629928
9586,-23.1988038234508
9587,-23.2024156401736
9588,-23.2060270801749
9589,-23.2096381435334
9590,-23.2132488303276
9591,-23.216859140636
9592,-23.2204690745371
9593,-23.2240786321094
9594,-23.2276878134314
9595,-23.2312966185816
9596,-23.2349050476382
9597,-23.2385131006797
9598,-23.2421207777844
9599,-23.2457280790307
9600,-23.2493350044969
9601,-23.2529415542612
9602,-23.256547728402
9603,-23.2601535269974
9604,-23.2637589501257
9605,-23.2673639978651
9606,-23.2709686702936
9607,-23.2745729674896
9608,-23.278176889531
9609,-23.2817804364959
9610,-23.2853836084624
9611,-23.2889864055086
9612,-23.2925888277125
9613,-23.2961908751521
9614,-23.2997925479052
9615,-23.30339384605
9616,-23.3069947696642
9617,-23.3105953188258
9618,-23.3141954936126
9619,-23.3177952941026
9620,-23.3213947203734
9621,-23.324993772503
9622,-23.3285924505691
9623,-23.3321907546493
9624,-23.3357886848216
9625,-23.3393862411635
9626,-23.3429834237527
9627,-23.3465802326669
9628,-23.3501766679837
9629,-23.3537727297807
9630,-23.3573684181355
9631,-23.3609637331256
9632,-23.3645586748286
9633,-23.368153243322
9634,-23.3717474386832
9635,-23.3753412609897
9636,-23.378934710319
9637,-23.3825277867485
9638,-23.3861204903555
9639,-23.3897128212174
9640,-23.3933047794115
9641,-23.3968963650152
9642,-23.4004875781057
9643,-23.4040784187604
9644,-23.4076688870564
9645,-23.4112589830709
9646,-23.4148487068812
9647,-23.4184380585645
9648,-23.4220270381978
9649,-23.4256156458583
9650,-23.4292038816231
9651,-23.4327917455692
9652,-23.4363792377738
9653,-23.4399663583138
9654,-23.4435531072662
9655,-23.447139484708
9656,-23.4507254907162
9657,-23.4543111253678
9658,-23.4578963887395
9659,-23.4614812809083
9660,-23.465065801951
9661,-23.4686499519445
9662,-23.4722337309656
9663,-23.475817139091
9664,-23.4794001763976
9665,-23.4829828429621
9666,-23.4865651388611
9667,-23.4901470641715
9668,-23.4937286189697
9669,-23.4973098033326
9670,-23.5008906173366
9671,-23.5044710610585
9672,-23.5080511345747
9673,-23.5116308379618
9674,-23.5152101712964
9675,-23.518789134655
9676,-23.5223677281139
9677,-23.5259459517498
9678,-23.5295238056389
9679,-23.5331012898578
9680,-23.5366784044827
9681,-23.5402551495901
9682,-23.5438315252563
9683,-23.5474075315575
9684,-23.5509831685702
9685,-23.5545584363705
9686,-23.5581333350347
9687,-23.561707864639
9688,-23.5652820252596
9689,-23.5688558169727
9690,-23.5724292398544
9691,-23.5760022939808
9692,-23.579574979428
9693,-23.5831472962722
9694,-23.5867192445893
9695,-23.5902908244554
9696,-23.5938620359466
9697,-23.5974328791386
9698,-23.6010033541077
9699,-23.6045734609295
9700,-23.6081431996802
9701,-23.6117125704355
9702,-23.6152815732714
9703,-23.6188502082636
9704,-23.622418475488
9705,-23.6259863750204
9706,-23.6295539069365
9707,-23.6331210713121
9708,-23.6366878682229
9709,-23.6402542977447
9710,-23.643820359953
9711,-23.6473860549236
9712,-23.6509513827321
9713,-23.654516343454
9714,-23.6580809371651
9715,-23.6616451639407
9716,-23.6652090238565
9717,-23.668772516988
9718,-23.6723356434106
9719,-23.6758984031998
9720,-23.6794607964312
9721,-23.68302282318
9722,-23.6865844835217
9723,-23.6901457775317
9724,-23.6937067052852
9725,-23.6972672668577
9726,-23.7008274623245
9727,-23.7043872917607
9728,-23.7079467552418
9729,-23.7115058528428
9730,-23.7150645846391
9731,-23.7186229507058
9732,-23.722180951118
9733,-23.725738585951
9734,-23.7292958552798
9735,-23.7328527591795
9736,-23.7364092977252
9737,-23.739965470992
9738,-23.7435212790548
9739,-23.7470767219887
9740,-23.7506317998686
9741,-23.7541865127696
9742,-23.7577408607665
9743,-23.7612948439342
9744,-23.7648484623477
9745,-23.7684017160818
9746,-23.7719546052113
9747,-23.7755071298111
9748,-23.7790592899559
9749,-23.7826110857206
9750,-23.7861625171798
9751,-23.7897135844083
9752,-23.7932642874808
9753,-23.796814626472
9754,-23.8003646014566
9755,-23.8039142125091
9756,-23.8074634597041
9757,-23.8110123431164
9758,-23.8145608628204
9759,-23.8181090188906
9760,-23.8216568114017
9761,-23.825204240428
9762,-23.8287513060441
9763,-23.8322980083245
9764,-23.8358443473434
9765,-23.8393903231754
9766,-23.8429359358949
9767,-23.8464811855761
9768,-23.8500260722934
9769,-23.8535705961212
9770,-23.8571147571337
9771,-23.8606585554052
9772,-23.8642019910099
9773,-23.8677450640221
9774,-23.8712877745159
9775,-23.8748301225656
9776,-23.8783721082452
9777,-23.881913731629
9778,-23.885454992791
9779,-23.8889958918053
9780,-23.892536428746
9781,-23.8960766036871
9782,-23.8996164167027
9783,-23.9031558678666
9784,-23.906694957253
9785,-23.9102336849357
9786,-23.9137720509887
9787,-23.9173100554859
9788,-23.9208476985011
9789,-23.9243849801082
9790,-23.9279219003811
9791,-23.9314584593936
9792,-23.9349946572194
9793,-23.9385304939323
9794,-23.9420659696061
9795,-23.9456010843145
9796,-23.9491358381312
9797,-23.9526702311299
9798,-23.9562042633842
9799,-23.9597379349677
9800,-23.9632712459541
9801,-23.966804196417
9802,-23.9703367864299
9803,-23.9738690160663
9804,-23.9774008853999
9805,-23.980932394504
9806,-23.9844635434522
9807,-23.9879943323179
9808,-23.9915247611745
9809,-23.9950548300955
9810,-23.9985845391542
9811,-24.002113888424
9812,-24.0056428779782
9813,-24.0091715078902
9814,-24.0126997782332
9815,-24.0162276890805
9816,-24.0197552405055
9817,-24.0232824325812
9818,-24.0268092653809
9819,-24.0303357389778
9820,-24.0338618534451
9821,-24.0373876088558
9822,-24.0409130052832
9823,-24.0444380428002
9824,-24.04796272148
9825,-24.0514870413957
9826,-24.0550110026202
9827,-24.0585346052265
9828,-24.0620578492877
9829,-24.0655807348767
9830,-24.0691032620664
9831,-24.0726254309297
9832,-24.0761472415396
9833,-24.0796686939689
9834,-24.0831897882905
9835,-24.0867105245772
9836,-24.0902309029017
9837,-24.0937509233369
9838,-24.0972705859556
9839,-24.1007898908305
9840,-24.1043088380342
9841,-24.1078274276395
9842,-24.1113456597191
9843,-24.1148635343456
9844,-24.1183810515916
9845,-24.1218982115297
9846,-24.1254150142326
9847,-24.1289314597727
9848,-24.1324475482227
9849,-24.135963279655
9850,-24.1394786541422
9851,-24.1429936717566
9852,-24.1465083325708
9853,-24.1500226366572
9854,-24.1535365840881
9855,-24.1570501749361
9856,-24.1605634092734
9857,-24.1640762871723
9858,-24.1675888087053
9859,-24.1711009739445
9860,-24.1746127829623
9861,-24.1781242358309
9862,-24.1816353326226
9863,-24.1851460734095
9864,-24.1886564582639
9865,-24.1921664872578
9866,-24.1956761604635
9867,-24.1991854779531
9868,-24.2026944397987
9869,-24.2062030460723
9870,-24.209711296846
9871,-24.2132191921918
9872,-24.2167267321818
9873,-24.2202339168879
9874,-24.2237407463821
9875,-24.2272472207363
9876,-24.2307533400225
9877,-24.2342591043126
9878,-24.2377645136784
9879,-24.2412695681918
9880,-24.2447742679247
9881,-24.2482786129488
9882,-24.251782603336
9883,-24.255286239158
9884,-24.2587895204866
9885,-24.2622924473934
9886,-24.2657950199503
9887,-24.2692972382288
9888,-24.2727991023007
9889,-24.2763006122376
9890,-24.2798017681111
9891,-24.2833025699928
9892,-24.2868030179542
9893,-24.290303112067
9894,-24.2938028524027
9895,-24.2973022390327
9896,-24.3008012720286
9897,-24.3042999514618
9898,-24.3077982774038
9899,-24.311296249926
9900,-24.3147938690998
9901,-24.3182911349965
9902,-24.3217880476876
9903,-24.3252846072443
9904,-24.3287808137381
9905,-24.3322766672401
9906,-24.3357721678217
9907,-24.339267315554
9908,-24.3427621105084
9909,-24.3462565527561
9910,-24.3497506423681
9911,-24.3532443794158
9912,-24.3567377639702
9913,-24.3602307961024
9914,-24.3637234758836
9915,-24.3672158033848
9916,-24.3707077786771
9917,-24.3741994018315
9918,-24.377690672919
9919,-24.3811815920107
9920,-24.3846721591774
9921,-24.3881623744902
9922,-24.39165223802
9923,-24.3951417498377
9924,-24.3986309100141
9925,-24.4021197186201
9926,-24.4056081757266
9927,-24.4090962814044
9928,-24.4125840357243
9929,-24.416071438757
9930,-24.4195584905734
9931,-24.4230451912441
9932,-24.4265315408399
9933,-24.4300175394315
9934,-24.4335031870894
9935,-24.4369884838845
9936,-24.4404734298873
9937,-24.4439580251684
9938,-24.4474422697984
9939,-24.4509261638478
9940,-24.4544097073873
9941,-24.4578929004873
9942,-24.4613757432183
9943,-24.4648582356509
9944,-24.4683403778554
9945,-24.4718221699023
9946,-24.475303611862
9947,-24.478784703805
9948,-24.4822654458015
9949,-24.485745837922
9950,-24.4892258802367
9951,-24.492705572816
9952,-24.4961849157302
9953,-24.4996639090495
9954,-24.5031425528442
9955,-24.5066208471845
9956,-24.5100987921406
9957,-24.5135763877827
9958,-24.5170536341809
9959,-24.5205305314054
9960,-24.5240070795264
9961,-24.5274832786138
9962,-24.5309591287378
9963,-24.5344346299685
9964,-24.5379097823758
9965,-24.5413845860298
9966,-24.5448590410005
9967,-24.5483331473578
9968,-24.5518069051718
9969,-24.5552803145122
9970,-24.5587533754491
9971,-24.5622260880523
9972,-24.5656984523917
9973,-24.5691704685372
9974,-24.5726421365585
9975,-24.5761134565254
9976,-24.5795844285078
9977,-24.5830550525754
9978,-24.5865253287979
9979,-24.5899952572451
9980,-24.5934648379867
9981,-24.5969340710923
9982,-24.6004029566315
9983,-24.6038714946741
9984,-24.6073396852897
9985,-24.6108075285478
9986,-24.614275024518
9987,-24.6177421732698
9988,-24.6212089748728
9989,-24.6246754293966
9990,-24.6281415369105
9991,-24.631607297484
9992,-24.6350727111867
9993,-24.6385377780879
9994,-24.642002498257
9995,-24.6454668717635
9996,-24.6489308986766
9997,-24.6523945790658
9998,-24.6558579130003
9999,-24.6593209005494
10000,-24.6627835417825
10001,-24.6662458367688
10002,-24.6697077855775
10003,-24.6731693882778
10004,-24.676630644939
10005,-24.6800915556302
10006,-24.6835521204206
10007,-24.6870123393793
10008,-24.6904722125754
10009,-24.693931740078
10010,-24.6973909219563
10011,-24.7008497582791
10012,-24.7043082491157
10013,-24.7077663945349
10014,-24.7112241946058
10015,-24.7146816493974
10016,-24.7181387589786
10017,-24.7215955234183
10018,-24.7250519427854
10019,-24.7285080171488
10020,-24.7319637465774
10021,-24.7354191311401
10022,-24.7388741709056
10023,-24.7423288659428
10024,-24.7457832163204
10025,-24.7492372221072
10026,-24.752690883372
10027,-24.7561442001834
10028,-24.7595971726103
10029,-24.7630498007212
10030,-24.7665020845848
10031,-24.7699540242697
10032,-24.7734056198447
10033,-24.7768568713782
10034,-24.7803077789389
10035,-24.7837583425952
10036,-24.7872085624159
10037,-24.7906584384693
10038,-24.7941079708239
10039,-24.7975571595484
10040,-24.801006004711
10041,-24.8044545063802
10042,-24.8079026646245
10043,-24.8113504795122
10044,-24.8147979511117
10045,-24.8182450794914
10046,-24.8216918647196
10047,-24.8251383068647
10048,-24.8285844059948
10049,-24.8320301621783
10050,-24.8354755754834
10051,-24.8389206459784
10052,-24.8423653737315
10053,-24.8458097588108
10054,-24.8492538012845
10055,-24.8526975012209
10056,-24.8561408586879
10057,-24.8595838737538
10058,-24.8630265464866
10059,-24.8664688769543
10060,-24.8699108652251
10061,-24.8733525113669
10062,-24.8767938154478
10063,-24.8802347775357
10064,-24.8836753976987
10065,-24.8871156760046
10066,-24.8905556125214
10067,-24.893995207317
10068,-24.8974344604592
10069,-24.9008733720161
10070,-24.9043119420553
10071,-24.9077501706447
10072,-24.9111880578521
10073,-24.9146256037454
10074,-24.9180628083922
10075,-24.9214996718603
10076,-24.9249361942175
10077,-24.9283723755314
10078,-24.9318082158698
10079,-24.9352437153002
10080,-24.9386788738904
10081,-24.942113691708
10082,-24.9455481688205
10083,-24.9489823052955
10084,-24.9524161012007
10085,-24.9558495566035
10086,-24.9592826715715
10087,-24.9627154461722
10088,-24.966147880473
10089,-24.9695799745415
10090,-24.973011728445
10091,-24.976443142251
10092,-24.9798742160269
10093,-24.9833049498401
10094,-24.986735343758
10095,-24.9901653978478
10096,-24.9935951121769
10097,-24.9970244868126
10098,-25.0004535218223
10099,-25.003882217273
10100,-25.0073105732322
10101,-25.010738589767
10102,-25.0141662669446
10103,-25.0175936048322
10104,-25.021020603497
10105,-25.0244472630061
10106,-25.0278735834266
10107,-25.0312995648257
10108,-25.0347252072703
10109,-25.0381505108277
10110,-25.0415754755648
10111,-25.0450001015486
10112,-25.0484243888462
10113,-25.0518483375245
10114,-25.0552719476506
10115,-25.0586952192912
10116,-25.0621181525135
10117,-25.0655407473842
10118,-25.0689630039702
10119,-25.0723849223385
10120,-25.0758065025559
10121,-25.0792277446891
10122,-25.0826486488051
10123,-25.0860692149705
10124,-25.0894894432522
10125,-25.0929093337168
10126,-25.0963288864312
10127,-25.099748101462
10128,-25.1031669788759
10129,-25.1065855187396
10130,-25.1100037211197
10131,-25.1134215860829
10132,-25.1168391136958
10133,-25.1202563040248
10134,-25.1236731571367
10135,-25.127089673098
10136,-25.1305058519752
10137,-25.1339216938347
10138,-25.1373371987432
10139,-25.140752366767
10140,-25.1441671979726
10141,-25.1475816924265
10142,-25.150995850195
10143,-25.1544096713445
10144,-25.1578231559415
10145,-25.1612363040522
10146,-25.1646491157431
10147,-25.1680615910803
10148,-25.1714737301303
10149,-25.1748855329592
10150,-25.1782969996334
10151,-25.181708130219
10152,-25.1851189247823
10153,-25.1885293833895
10154,-25.1919395061067
10155,-25.1953492930001
10156,-25.1987587441359
10157,-25.2021678595801
10158,-25.2055766393989
10159,-25.2089850836583
10160,-25.2123931924244
10161,-25.2158009657632
10162,-25.2192084037408
10163,-25.2226155064232
10164,-25.2260222738762
10165,-25.229428706166
10166,-25.2328348033584
10167,-25.2362405655193
10168,-25.2396459927147
10169,-25.2430510850105
10170,-25.2464558424724
10171,-25.2498602651664
10172,-25.2532643531583
10173,-25.2566681065138
10174,-25.2600715252988
10175,-25.2634746095791
10176,-25.2668773594203
10177,-25.2702797748882
10178,-25.2736818560485
10179,-25.2770836029669
10180,-25.2804850157091
10181,-25.2838860943407
10182,-25.2872868389274
10183,-25.2906872495347
10184,-25.2940873262283
10185,-25.2974870690737
10186,-25.3008864781365
10187,-25.3042855534823
10188,-25.3076842951764
10189,-25.3110827032845
10190,-25.314480777872
10191,-25.3178785190043
10192,-25.3212759267469
10193,-25.3246730011653
10194,-25.3280697423248
10195,-25.3314661502907
10196,-25.3348622251286
10197,-25.3382579669036
10198,-25.3416533756812
10199,-25.3450484515265
10200,-25.348443194505
10201,-25.3518376046819
10202,-25.3552316821224
10203,-25.3586254268917
10204,-25.3620188390551
10205,-25.3654119186777
10206,-25.3688046658247
10207,-25.3721970805613
10208,-25.3755891629526
10209,-25.3789809130637
10210,-25.3823723309597
10211,-25.3857634167056
10212,-25.3891541703666
10213,-25.3925445920076
10214,-25.3959346816937
10215,-25.3993244394899
10216,-25.4027138654611
10217,-25.4061029596723
10218,-25.4094917221885
10219,-25.4128801530745
10220,-25.4162682523953
10221,-25.4196560202158
10222,-25.4230434566008
10223,-25.4264305616151
10224,-25.4298173353236
10225,-25.4332037777911
10226,-25.4365898890824
10227,-25.4399756692622
10228,-25.4433611183953
10229,-25.4467462365464
10230,-25.4501310237803
10231,-25.4535154801616
10232,-25.456899605755
10233,-25.4602834006252
10234,-25.4636668648367
10235,-25.4670499984543
10236,-25.4704328015424
10237,-25.4738152741658
10238,-25.4771974163889
10239,-25.4805792282763
10240,-25.4839607098924
10241,-25.4873418613019
10242,-25.4907226825692
10243,-25.4941031737587
10244,-25.497483334935
10245,-25.5008631661623
10246,-25.5042426675053
10247,-25.5076218390281
10248,-25.5110006807952
10249,-25.514379192871
10250,-25.5177573753198
10251,-25.5211352282059
10252,-25.5245127515936
10253,-25.5278899455471
10254,-25.5312668101308
10255,-25.5346433454089
10256,-25.5380195514455
10257,-25.5413954283049
10258,-25.5447709760514
10259,-25.5481461947489
10260,-25.5515210844617
10261,-25.554895645254
10262,-25.5582698771897
10263,-25.5616437803331
10264,-25.5650173547481
10265,-25.5683906004989
10266,-25.5717635176494
10267,-25.5751361062637
10268,-25.5785083664058
10269,-25.5818802981396
10270,-25.5852519015291
10271,-25.5886231766383
10272,-25.591994123531
10273,-25.5953647422712
10274,-25.5987350329227
10275,-25.6021049955495
10276,-25.6054746302153
10277,-25.608843936984
10278,-25.6122129159195
10279,-25.6155815670853
10280,-25.6189498905455
10281,-25.6223178863637
10282,-25.6256855546036
10283,-25.6290528953289
10284,-25.6324199086035
10285,-25.6357865944908
10286,-25.6391529530547
10287,-25.6425189843587
10288,-25.6458846884665
10289,-25.6492500654416
10290,-25.6526151153477
10291,-25.6559798382483
10292,-25.6593442342069
10293,-25.6627083032872
10294,-25.6660720455526
10295,-25.6694354610665
10296,-25.6727985498926
10297,-25.6761613120942
10298,-25.6795237477347
10299,-25.6828858568776
10300,-25.6862476395864
10301,-25.6896090959243
10302,-25.6929702259547
10303,-25.696331029741
10304,-25.6996915073465
10305,-25.7030516588346
10306,-25.7064114842684
10307,-25.7097709837114
10308,-25.7131301572266
10309,-25.7164890048774
10310,-25.719847526727
10311,-25.7232057228386
10312,-25.7265635932754
10313,-25.7299211381004
10314,-25.7332783573769
10315,-25.7366352511681
10316,-25.7399918195369
10317,-25.7433480625465
10318,-25.7467039802599
10319,-25.7500595727402
10320,-25.7534148400505
10321,-25.7567697822538
10322,-25.7601243994129
10323,-25.763478691591
10324,-25.766832658851
10325,-25.7701863012558
10326,-25.7735396188684
10327,-25.7768926117516
10328,-25.7802452799683
10329,-25.7835976235815
10330,-25.7869496426539
10331,-25.7903013372483
10332,-25.7936527074277
10333,-25.7970037532548
10334,-25.8003544747924
10335,-25.8037048721032
10336,-25.8070549452499
10337,-25.8104046942954
10338,-25.8137541193022
10339,-25.8171032203332
10340,-25.8204519974509
10341,-25.8238004507179
10342,-25.8271485801971
10343,-25.8304963859508
10344,-25.8338438680418
10345,-25.8371910265327
10346,-25.8405378614859
10347,-25.843884372964
10348,-25.8472305610295
10349,-25.850576425745
10350,-25.8539219671729
10351,-25.8572671853758
10352,-25.8606120804159
10353,-25.8639566523559
10354,-25.867300901258
10355,-25.8706448271847
10356,-25.8739884301984
10357,-25.8773317103614
10358,-25.8806746677361
10359,-25.8840173023848
10360,-25.8873596143697
10361,-25.8907016037533
10362,-25.8940432705977
10363,-25.8973846149652
10364,-25.900725636918
10365,-25.9040663365184
10366,-25.9074067138285
10367,-25.9107467689106
10368,-25.9140865018267
10369,-25.9174259126391
10370,-25.9207650014098
10371,-25.9241037682011
10372,-25.9274422130748
10373,-25.9307803360932
10374,-25.9341181373182
10375,-25.937455616812
10376,-25.9407927746365
10377,-25.9441296108538
10378,-25.9474661255257
10379,-25.9508023187143
10380,-25.9541381904816
10381,-25.9574737408894
10382,-25.9608089699996
10383,-25.9641438778742
10384,-25.9674784645751
10385,-25.970812730164
10386,-25.9741466747028
10387,-25.9774802982534
10388,-25.9808136008775
10389,-25.984146582637
10390,-25.9874792435935
10391,-25.9908115838089
10392,-25.9941436033449
10393,-25.9974753022631
10394,-26.0008066806254
10395,-26.0041377384933
10396,-26.0074684759285
10397,-26.0107988929928
10398,-26.0141289897476
10399,-26.0174587662545
10400,-26.0207882225753
10401,-26.0241173587715
10402,-26.0274461749045
10403,-26.030774671036
10404,-26.0341028472275
10405,-26.0374307035405
10406,-26.0407582400364
10407,-26.0440854567767
10408,-26.0474123538228
10409,-26.0507389312363
10410,-26.0540651890784
10411,-26.0573911274107
10412,-26.0607167462944
10413,-26.064042045791
10414,-26.0673670259617
10415,-26.0706916868679
10416,-26.074016028571
10417,-26.0773400511321
10418,-26.0806637546126
10419,-26.0839871390737
10420,-26.0873102045766
10421,-26.0906329511826
10422,-26.0939553789529
10423,-26.0972774879486
10424,-26.100599278231
10425,-26.1039207498611
10426,-26.1072419029
10427,-26.110562737409
10428,-26.1138832534491
10429,-26.1172034510813
10430,-26.1205233303668
10431,-26.1238428913666
10432,-26.1271621341416
10433,-26.1304810587529
10434,-26.1337996652616
10435,-26.1371179537285
10436,-26.1404359242146
10437,-26.1437535767808
10438,-26.1470709114882
10439,-26.1503879283975
10440,-26.1537046275697
10441,-26.1570210090655
10442,-26.160337072946
10443,-26.1636528192719
10444,-26.1669682481039
10445,-26.170283359503
10446,-26.1735981535299
10447,-26.1769126302453
10448,-26.1802267897101
10449,-26.1835406319848
10450,-26.1868541571303
10451,-26.1901673652072
10452,-26.1934802562762
10453,-26.196792830398
10454,-26.2001050876332
10455,-26.2034170280423
10456,-26.2067286516861
10457,-26.2100399586251
10458,-26.2133509489199
10459,-26.216661622631
10460,-26.219971979819
10461,-26.2232820205444
10462,-26.2265917448676
10463,-26.2299011528493
10464,-26.2332102445497
10465,-26.2365190200294
10466,-26.2398274793489
10467,-26.2431356225685
10468,-26.2464434497486
10469,-26.2497509609496
10470,-26.2530581562318
10471,-26.2563650356557
10472,-26.2596715992815
10473,-26.2629778471696
10474,-26.2662837793802
10475,-26.2695893959736
10476,-26.27289469701
10477,-26.2761996825498
10478,-26.2795043526532
10479,-26.2828087073802
10480,-26.2861127467912
10481,-26.2894164709463
10482,-26.2927198799057
10483,-26.2960229737295
10484,-26.2993257524777
10485,-26.3026282162106
10486,-26.3059303649883
10487,-26.3092321988706
10488,-26.3125337179178
10489,-26.3158349221899
10490,-26.3191358117469
10491,-26.3224363866487
10492,-26.3257366469554
10493,-26.3290365927269
10494,-26.3323362240231
10495,-26.3356355409041
10496,-26.3389345434297
10497,-26.3422332316599
10498,-26.3455316056544
10499,-26.3488296654732
10500,-26.3521274111761
10501,-26.3554248428229
10502,-26.3587219604735
10503,-26.3620187641876
10504,-26.365315254025
10505,-26.3686114300455
10506,-26.3719072923089
10507,-26.3752028408747
10508,-26.3784980758029
10509,-26.381792997153
10510,-26.3850876049847
10511,-26.3883818993577
10512,-26.3916758803316
10513,-26.3949695479661
10514,-26.3982629023208
10515,-26.4015559434551
10516,-26.4048486714288
10517,-26.4081410863014
10518,-26.4114331881324
10519,-26.4147249769813
10520,-26.4180164529077
10521,-26.421307615971
10522,-26.4245984662307
10523,-26.4278890037462
10524,-26.4311792285771
10525,-26.4344691407826
10526,-26.4377587404223
10527,-26.4410480275555
10528,-26.4443370022415
10529,-26.4476256645398
10530,-26.4509140145096
10531,-26.4542020522103
10532,-26.4574897777012
10533,-26.4607771910416
10534,-26.4640642922907
10535,-26.4673510815078
10536,-26.4706375587521
10537,-26.4739237240828
10538,-26.4772095775592
10539,-26.4804951192404
10540,-26.4837803491856
10541,-26.4870652674539
10542,-26.4903498741045
10543,-26.4936341691965
10544,-26.496918152789
10545,-26.500201824941
10546,-26.5034851857117
10547,-26.5067682351601
10548,-26.5100509733452
10549,-26.513333400326
10550,-26.5166155161616
10551,-26.5198973209108
10552,-26.5231788146328
10553,-26.5264599973864
10554,-26.5297408692305
10555,-26.5330214302242
10556,-26.5363016804262
10557,-26.5395816198954
10558,-26.5428612486908
10559,-26.5461405668712
10560,-26.5494195744953
10561,-26.5526982716221
10562,-26.5559766583103
10563,-26.5592547346186
10564,-26.562532500606
10565,-26.565809956331
10566,-26.5690871018525
10567,-26.5723639372291
10568,-26.5756404625196
10569,-26.5789166777826
10570,-26.5821925830768
10571,-26.5854681784609
10572,-26.5887434639934
10573,-26.592018439733
10574,-26.5952931057383
10575,-26.5985674620679
10576,-26.6018415087803
10577,-26.6051152459341
10578,-26.6083886735878
10579,-26.6116617918
10580,-26.614934600629
10581,-26.6182071001335
10582,-26.6214792903719
10583,-26.6247511714025
10584,-26.628022743284
10585,-26.6312940060746
10586,-26.6345649598327
10587,-26.6378356046169
10588,-26.6411059404853
10589,-26.6443759674964
10590,-26.6476456857085
10591,-26.6509150951799
10592,-26.654184195969
10593,-26.6574529881339
10594,-26.660721471733
10595,-26.6639896468245
10596,-26.6672575134667
10597,-26.6705250717177
10598,-26.6737923216358
10599,-26.6770592632791
10600,-26.6803258967059
10601,-26.6835922219742
10602,-26.6868582391423
10603,-26.6901239482682
10604,-26.6933893494099
10605,-26.6966544426257
10606,-26.6999192279736
10607,-26.7031837055116
10608,-26.7064478752978
10609,-26.7097117373902
10610,-26.7129752918468
10611,-26.7162385387255
10612,-26.7195014780844
10613,-26.7227641099814
10614,-26.7260264344745
10615,-26.7292884516215
10616,-26.7325501614804
10617,-26.735811564109
10618,-26.7390726595653
10619,-26.742333447907
10620,-26.7455939291921
10621,-26.7488541034783
10622,-26.7521139708235
10623,-26.7553735312855
10624,-26.7586327849219
10625,-26.7618917317907
10626,-26.7651503719494
10627,-26.7684087054559
10628,-26.7716667323679
10629,-26.774924452743
10630,-26.7781818666389
10631,-26.7814389741134
10632,-26.7846957752239
10633,-26.7879522700282
10634,-26.7912084585839
10635,-26.7944643409486
10636,-26.7977199171798
10637,-26.8009751873351
10638,-26.804230151472
10639,-26.8074848096481
10640,-26.810739161921
10641,-26.813993208348
10642,-26.8172469489867
10643,-26.8205003838946
10644,-26.823753513129
10645,-26.8270063367475
10646,-26.8302588548074
10647,-26.8335110673662
10648,-26.8367629744811
10649,-26.8400145762097
10650,-26.8432658726092
10651,-26.8465168637371
10652,-26.8497675496505
10653,-26.8530179304068
10654,-26.8562680060633
10655,-26.8595177766773
10656,-26.862767242306
10657,-26.8660164030067
10658,-26.8692652588366
10659,-26.8725138098528
10660,-26.8757620561126
10661,-26.8790099976732
10662,-26.8822576345918
10663,-26.8855049669253
10664,-26.8887519947311
10665,-26.8919987180661
10666,-26.8952451369876
10667,-26.8984912515525
10668,-26.901737061818
10669,-26.904982567841
10670,-26.9082277696786
10671,-26.9114726673879
10672,-26.9147172610258
10673,-26.9179615506493
10674,-26.9212055363153
10675,-26.9244492180809
10676,-26.9276925960029
10677,-26.9309356701383
10678,-26.934178440544
10679,-26.9374209072769
10680,-26.9406630703937
10681,-26.9439049299515
10682,-26.947146486007
10683,-26.950387738617
10684,-26.9536286878384
10685,-26.9568693337279
10686,-26.9601096763423
10687,-26.9633497157384
10688,-26.966589451973
10689,-26.9698288851027
10690,-26.9730680151842
10691,-26.9763068422743
10692,-26.9795453664296
10693,-26.9827835877068
10694,-26.9860215061626
10695,-26.9892591218535
10696,-26.9924964348362
10697,-26.9957334451673
10698,-26.9989701529034
10699,-27.002206558101
10700,-27.0054426608166
10701,-27.008678461107
10702,-27.0119139590284
10703,-27.0151491546375
10704,-27.0183840479908
10705,-27.0216186391447
10706,-27.0248529281556
10707,-27.02808691508
10708,-27.0313205999744
10709,-27.0345539828951
10710,-27.0377870638986
10711,-27.0410198430411
10712,-27.0442523203792
10713,-27.0474844959691
10714,-27.0507163698671
10715,-27.0539479421296
10716,-27.0571792128128
10717,-27.0604101819731
10718,-27.0636408496668
10719,-27.06687121595
10720,-27.070101280879
10721,-27.07333104451
10722,-27.0765605068993
10723,-27.0797896681029
10724,-27.0830185281772
10725,-27.0862470871782
10726,-27.0894753451621
10727,-27.0927033021851
10728,-27.0959309583031
10729,-27.0991583135724
10730,-27.102385368049
10731,-27.1056121217889
10732,-27.1088385748482
10733,-27.112064727283
10734,-27.1152905791493
10735,-27.118516130503
10736,-27.1217413814001
10737,-27.1249663318967
10738,-27.1281909820486
10739,-27.1314153319119
10740,-27.1346393815423
10741,-27.1378631309959
10742,-27.1410865803286
10743,-27.1443097295961
10744,-27.1475325788543
10745,-27.1507551281592
10746,-27.1539773775665
10747,-27.1571993271321
10748,-27.1604209769117
10749,-27.1636423269612
10750,-27.1668633773362
10751,-27.1700841280925
10752,-27.173304579286
10753,-27.1765247309722
10754,-27.179744583207
10755,-27.1829641360459
10756,-27.1861833895447
10757,-27.189402343759
10758,-27.1926209987445
10759,-27.1958393545567
10760,-27.1990574112514
10761,-27.2022751688841
10762,-27.2054926275103
10763,-27.2087097871857
10764,-27.2119266479657
10765,-27.215143209906
10766,-27.2183594730621
10767,-27.2215754374893
10768,-27.2247911032433
10769,-27.2280064703795
10770,-27.2312215389534
10771,-27.2344363090204
10772,-27.2376507806359
10773,-27.2408649538553
10774,-27.244078828734
10775,-27.2472924053275
10776,-27.250505683691
10777,-27.25371866388
10778,-27.2569313459497
10779,-27.2601437299554
10780,-27.2633558159526
10781,-27.2665676039964
10782,-27.2697790941421
10783,-27.272990286445
10784,-27.2762011809603
10785,-27.2794117777433
10786,-27.2826220768492
10787,-27.2858320783331
10788,-27.2890417822502
10789,-27.2922511886558
10790,-27.2954602976048
10791,-27.2986691091526
10792,-27.3018776233542
10793,-27.3050858402646
10794,-27.3082937599391
10795,-27.3115013824326
10796,-27.3147087078002
10797,-27.3179157360969
10798,-27.3211224673779
10799,-27.324328901698
10800,-27.3275350391124
10801,-27.3307408796759
10802,-27.3339464234435
10803,-27.3371516704702
10804,-27.3403566208109
10805,-27.3435612745206
10806,-27.3467656316541
10807,-27.3499696922663
10808,-27.3531734564122
10809,-27.3563769241464
10810,-27.359580095524
10811,-27.3627829705997
10812,-27.3659855494284
10813,-27.3691878320648
10814,-27.3723898185637
10815,-27.3755915089799
10816,-27.3787929033682
10817,-27.3819940017832
10818,-27.3851948042797
10819,-27.3883953109124
10820,-27.391595521736
10821,-27.3947954368052
10822,-27.3979950561746
10823,-27.4011943798988
10824,-27.4043934080326
10825,-27.4075921406305
10826,-27.4107905777471
10827,-27.4139887194371
10828,-27.4171865657549
10829,-27.4203841167551
10830,-27.4235813724923
10831,-27.426778333021
10832,-27.4299749983957
10833,-27.4331713686708
10834,-27.436367443901
10835,-27.4395632241406
10836,-27.4427587094441
10837,-27.4459538998659
10838,-27.4491487954604
10839,-27.4523433962821
10840,-27.4555377023853
10841,-27.4587317138245
10842,-27.4619254306539
10843,-27.4651188529279
10844,-27.4683119807008
10845,-27.471504814027
10846,-27.4746973529607
10847,-27.4778895975563
10848,-27.481081547868
10849,-27.48427320395
10850,-27.4874645658566
10851,-27.4906556336421
10852,-27.4938464073605
10853,-27.4970368870662
10854,-27.5002270728133
10855,-27.5034169646559
10856,-27.5066065626482
10857,-27.5097958668444
10858,-27.5129848772985
10859,-27.5161735940647
10860,-27.5193620171971
10861,-27.5225501467497
10862,-27.5257379827766
10863,-27.5289255253317
10864,-27.5321127744693
10865,-27.5352997302432
10866,-27.5384863927075
10867,-27.5416727619162
10868,-27.5448588379231
10869,-27.5480446207824
10870,-27.5512301105478
10871,-27.5544153072735
10872,-27.5576002110131
10873,-27.5607848218207
10874,-27.5639691397502
10875,-27.5671531648553
10876,-27.57033689719
10877,-27.573520336808
10878,-27.5767034837633
10879,-27.5798863381095
10880,-27.5830688999006
10881,-27.5862511691902
10882,-27.5894331460321
10883,-27.5926148304802
10884,-27.595796222588
10885,-27.5989773224094
10886,-27.602158129998
10887,-27.6053386454075
10888,-27.6085188686916
10889,-27.611698799904
10890,-27.6148784390982
10891,-27.6180577863279
10892,-27.6212368416468
10893,-27.6244156051085
10894,-27.6275940767664
10895,-27.6307722566742
10896,-27.6339501448854
10897,-27.6371277414537
10898,-27.6403050464324
10899,-27.6434820598751
10900,-27.6466587818354
10901,-27.6498352123666
10902,-27.6530113515223
10903,-27.6561871993558
10904,-27.6593627559208
10905,-27.6625380212704
10906,-27.6657129954583
10907,-27.6688876785377
10908,-27.672062070562
10909,-27.6752361715847
10910,-27.678409981659
10911,-27.6815835008383
10912,-27.6847567291759
10913,-27.6879296667251
10914,-27.6911023135392
10915,-27.6942746696714
10916,-27.6974467351751
10917,-27.7006185101035
10918,-27.7037899945098
10919,-27.7069611884472
10920,-27.7101320919689
10921,-27.7133027051281
10922,-27.7164730279781
10923,-27.7196430605718
10924,-27.7228128029626
10925,-27.7259822552035
10926,-27.7291514173476
10927,-27.732320289448
10928,-27.7354888715579
10929,-27.7386571637303
10930,-27.7418251660181
10931,-27.7449928784746
10932,-27.7481603011527
10933,-27.7513274341054
10934,-27.7544942773857
10935,-27.7576608310467
10936,-27.7608270951412
10937,-27.7639930697222
10938,-27.7671587548427
10939,-27.7703241505556
10940,-27.7734892569138
10941,-27.7766540739702
10942,-27.7798186017776
10943,-27.7829828403891
10944,-27.7861467898573
10945,-27.7893104502351
10946,-27.7924738215754
10947,-27.795636903931
10948,-27.7987996973547
10949,-27.8019622018992
10950,-27.8051244176173
10951,-27.8082863445618
10952,-27.8114479827853
10953,-27.8146093323407
10954,-27.8177703932806
10955,-27.8209311656578
10956,-27.8240916495248
10957,-27.8272518449344
10958,-27.8304117519392
10959,-27.8335713705919
10960,-27.8367307009451
10961,-27.8398897430513
10962,-27.8430484969632
10963,-27.8462069627334
10964,-27.8493651404143
10965,-27.8525230300587
10966,-27.8556806317189
10967,-27.8588379454476
10968,-27.8619949712972
10969,-27.8651517093202
10970,-27.8683081595691
10971,-27.8714643220963
10972,-27.8746201969544
10973,-27.8777757841957
10974,-27.8809310838727
10975,-27.8840860960377
10976,-27.8872408207432
10977,-27.8903952580416
10978,-27.8935494079851
10979,-27.8967032706262
10980,-27.8998568460172
10981,-27.9030101342104
10982,-27.9061631352581
10983,-27.9093158492126
10984,-27.9124682761261
10985,-27.9156204160511
10986,-27.9187722690396
10987,-27.9219238351439
10988,-27.9250751144163
10989,-27.9282261069089
10990,-27.931376812674
10991,-27.9345272317637
10992,-27.9376773642301
10993,-27.9408272101255
10994,-27.943976769502
10995,-27.9471260424117
10996,-27.9502750289066
10997,-27.9534237290389
10998,-27.9565721428607
10999,-27.9597202704241
11000,-27.962868111781
11001,-27.9660156669835
11002,-27.9691629360836
11003,-27.9723099191334
11004,-27.9754566161848
11005,-27.9786030272898
11006,-27.9817491525004
11007,-27.9848949918685
11008,-27.9880405454461
11009,-27.991185813285
11010,-27.9943307954373
11011,-27.9974754919547
11012,-28.0006199028892
11013,-28.0037640282926
11014,-28.0069078682168
11015,-28.0100514227136
11016,-28.0131946918349
11017,-28.0163376756324
11018,-28.0194803741579
11019,-28.0226227874633
11020,-28.0257649156002
11021,-28.0289067586205
11022,-28.0320483165759
11023,-28.035189589518
11024,-28.0383305774987
11025,-28.0414712805696
11026,-28.0446116987824
11027,-28.0477518321887
11028,-28.0508916808403
11029,-28.0540312447887
11030,-28.0571705240856
11031,-28.0603095187826
11032,-28.0634482289313
11033,-28.0665866545832
11034,-28.06972479579
11035,-28.0728626526032
11036,-28.0760002250743
11037,-28.0791375132549
11038,-28.0822745171964
11039,-28.0854112369505
11040,-28.0885476725685
11041,-28.0916838241019
11042,-28.0948196916023
11043,-28.0979552751209
11044,-28.1010905747094
11045,-28.104225590419
11046,-28.1073603223012
11047,-28.1104947704074
11048,-28.113628934789
11049,-28.1167628154972
11050,-28.1198964125835
11051,-28.1230297260992
11052,-28.1261627560955
11053,-28.1292955026239
11054,-28.1324279657356
11055,-28.1355601454818
11056,-28.1386920419139
11057,-28.1418236550831
11058,-28.1449549850406
11059,-28.1480860318376
11060,-28.1512167955254
11061,-28.1543472761551
11062,-28.1574774737779
11063,-28.1606073884451
11064,-28.1637370202076
11065,-28.1668663691167
11066,-28.1699954352235
11067,-28.1731242185791
11068,-28.1762527192346
11069,-28.1793809372411
11070,-28.1825088726497
11071,-28.1856365255113
11072,-28.1887638958771
11073,-28.1918909837981
11074,-28.1950177893252
11075,-28.1981443125096
11076,-28.2012705534021
11077,-28.2043965120537
11078,-28.2075221885154
11079,-28.2106475828382
11080,-28.2137726950729
11081,-28.2168975252706
11082,-28.220022073482
11083,-28.2231463397581
11084,-28.2262703241497
11085,-28.2293940267078
11086,-28.2325174474831
11087,-28.2356405865265
11088,-28.2387634438889
11089,-28.2418860196209
11090,-28.2450083137735
11091,-28.2481303263973
11092,-28.2512520575432
11093,-28.2543735072619
11094,-28.2574946756042
11095,-28.2606155626207
11096,-28.2637361683622
11097,-28.2668564928794
11098,-28.2699765362229
11099,-28.2730962984434
11100,-28.2762157795917
11101,-28.2793349797182
11102,-28.2824538988737
11103,-28.2855725371088
11104,-28.288690894474
11105,-28.29180897102
11106,-28.2949267667973
11107,-28.2980442818564
11108,-28.301161516248
11109,-28.3042784700226
11110,-28.3073951432306
11111,-28.3105115359227
11112,-28.3136276481492
11113,-28.3167434799606
11114,-28.3198590314075
11115,-28.3229743025402
11116,-28.3260892934092
11117,-28.329204004065
11118,-28.3323184345579
11119,-28.3354325849383
11120,-28.3385464552566
11121,-28.3416600455632
11122,-28.3447733559085
11123,-28.3478863863427
11124,-28.3509991369162
11125,-28.3541116076794
11126,-28.3572237986824
11127,-28.3603357099757
11128,-28.3634473416095
11129,-28.366558693634
11130,-28.3696697660995
11131,-28.3727805590562
11132,-28.3758910725543
11133,-28.3790013066441
11134,-28.3821112613757
11135,-28.3852209367994
11136,-28.3883303329652
11137,-28.3914394499234
11138,-28.394548287724
11139,-28.3976568464172
11140,-28.4007651260532
11141,-28.4038731266819
11142,-28.4069808483536
11143,-28.4100882911182
11144,-28.4131954550258
11145,-28.4163023401265
11146,-28.4194089464703
11147,-28.4225152741071
11148,-28.4256213230871
11149,-28.4287270934603
11150,-28.4318325852764
11151,-28.4349377985857
11152,-28.4380427334379
11153,-28.441147389883
11154,-28.444251767971
11155,-28.4473558677518
11156,-28.4504596892752
11157,-28.4535632325912
11158,-28.4566664977496
11159,-28.4597694848002
11160,-28.4628721937929
11161,-28.4659746247776
11162,-28.469076777804
11163,-28.472178652922
11164,-28.4752802501813
11165,-28.4783815696318
11166,-28.4814826113231
11167,-28.4845833753051
11168,-28.4876838616274
11169,-28.4907840703398
11170,-28.493884001492
11171,-28.4969836551337
11172,-28.5000830313145
11173,-28.5031821300842
11174,-28.5062809514924
11175,-28.5093794955888
11176,-28.5124777624228
11177,-28.5155757520443
11178,-28.5186734645028
11179,-28.5217708998478
11180,-28.524868058129
11181,-28.5279649393959
11182,-28.531061543698
11183,-28.534157871085
11184,-28.5372539216062
11185,-28.5403496953113
11186,-28.5434451922497
11187,-28.5465404124709
11188,-28.5496353560243
11189,-28.5527300229595
11190,-28.5558244133259
11191,-28.5589185271728
11192,-28.5620123645498
11193,-28.5651059255062
11194,-28.5681992100914
11195,-28.5712922183548
11196,-28.5743849503457
11197,-28.5774774061135
11198,-28.5805695857076
11199,-28.5836614891772
11200,-28.5867531165716
11201,-28.5898444679403
11202,-28.5929355433323
11203,-28.5960263427971
11204,-28.5991168663839
11205,-28.6022071141419
11206,-28.6052970861203
11207,-28.6083867823684
11208,-28.6114762029354
11209,-28.6145653478704
11210,-28.6176542172227
11211,-28.6207428110413
11212,-28.6238311293756
11213,-28.6269191722745
11214,-28.6300069397873
11215,-28.633094431963
11216,-28.6361816488507
11217,-28.6392685904995
11218,-28.6423552569586
11219,-28.6454416482769
11220,-28.6485277645035
11221,-28.6516136056874
11222,-28.6546991718777
11223,-28.6577844631233
11224,-28.6608694794733
11225,-28.6639542209766
11226,-28.6670386876823
11227,-28.6701228796392
11228,-28.6732067968963
11229,-28.6762904395026
11230,-28.6793738075069
11231,-28.6824569009581
11232,-28.6855397199052
11233,-28.688622264397
11234,-28.6917045344824
11235,-28.6947865302102
11236,-28.6978682516293
11237,-28.7009496987885
11238,-28.7040308717366
11239,-28.7071117705224
11240,-28.7101923951947
11241,-28.7132727458022
11242,-28.7163528223938
11243,-28.7194326250181
11244,-28.722512153724
11245,-28.72559140856
11246,-28.728670389575
11247,-28.7317490968177
11248,-28.7348275303366
11249,-28.7379056901805
11250,-28.740983576398
11251,-28.7440611890378
11252,-28.7471385281485
11253,-28.7502155937788
11254,-28.7532923859771
11255,-28.7563689047922
11256,-28.7594451502725
11257,-28.7625211224667
11258,-28.7655968214233
11259,-28.7686722471909
11260,-28.7717473998179
11261,-28.774822279353
11262,-28.7778968858445
11263,-28.7809712193409
11264,-28.7840452798909
11265,-28.7871190675427
11266,-28.7901925823449
11267,-28.7932658243459
11268,-28.7963387935941
11269,-28.7994114901379
11270,-28.8024839140257
11271,-28.805556065306
11272,-28.808627944027
11273,-28.8116995502372
11274,-28.8147708839848
11275,-28.8178419453183
11276,-28.8209127342859
11277,-28.8239832509359
11278,-28.8270534953166
11279,-28.8301234674764
11280,-28.8331931674635
11281,-28.8362625953261
11282,-28.8393317511124
11283,-28.8424006348708
11284,-28.8454692466495
11285,-28.8485375864965
11286,-28.8516056544602
11287,-28.8546734505886
11288,-28.8577409749301
11289,-28.8608082275326
11290,-28.8638752084444
11291,-28.8669419177137
11292,-28.8700083553884
11293,-28.8730745215167
11294,-28.8761404161467
11295,-28.8792060393265
11296,-28.8822713911041
11297,-28.8853364715276
11298,-28.888401280645
11299,-28.8914658185043
11300,-28.8945300851536
11301,-28.8975940806409
11302,-28.9006578050141
11303,-28.9037212583213
11304,-28.9067844406103
11305,-28.9098473519291
11306,-28.9129099923257
11307,-28.915972361848
11308,-28.9190344605439
11309,-28.9220962884613
11310,-28.9251578456481
11311,-28.9282191321522
11312,-28.9312801480213
11313,-28.9343408933034
11314,-28.9374013680463
11315,-28.9404615722978
11316,-28.9435215061058
11317,-28.946581169518
11318,-28.9496405625822
11319,-28.9526996853461
11320,-28.9557585378576
11321,-28.9588171201644
11322,-28.9618754323142
11323,-28.9649334743547
11324,-28.9679912463337
11325,-28.9710487482988
11326,-28.9741059802977
11327,-28.9771629423781
11328,-28.9802196345877
11329,-28.983276056974
11330,-28.9863322095848
11331,-28.9893880924676
11332,-28.9924437056701
11333,-28.9954990492398
11334,-28.9985541232244
11335,-29.0016089276713
11336,-29.0046634626282
11337,-29.0077177281426
11338,-29.010771724262
11339,-29.0138254510339
11340,-29.0168789085059
11341,-29.0199320967255
11342,-29.02298501574
11343,-29.0260376655971
11344,-29.0290900463441
11345,-29.0321421580285
11346,-29.0351940006978
11347,-29.0382455743992
11348,-29.0412968791803
11349,-29.0443479150885
11350,-29.0473986821711
11351,-29.0504491804755
11352,-29.053499410049
11353,-29.056549370939
11354,-29.0595990631928
11355,-29.0626484868577
11356,-29.0656976419811
11357,-29.0687465286103
11358,-29.0717951467924
11359,-29.0748434965748
11360,-29.0778915780048
11361,-29.0809393911295
11362,-29.0839869359963
11363,-29.0870342126523
11364,-29.0900812211447
11365,-29.0931279615208
11366,-29.0961744338276
11367,-29.0992206381125
11368,-29.1022665744225
11369,-29.1053122428047
11370,-29.1083576433064
11371,-29.1114027759746
11372,-29.1144476408564
11373,-29.1174922379989
11374,-29.1205365674493
11375,-29.1235806292545
11376,-29.1266244234617
11377,-29.1296679501178
11378,-29.13271120927
11379,-29.1357542009652
11380,-29.1387969252504
11381,-29.1418393821726
11382,-29.1448815717789
11383,-29.1479234941161
11384,-29.1509651492313
11385,-29.1540065371714
11386,-29.1570476579832
11387,-29.1600885117139
11388,-29.1631290984101
11389,-29.1661694181189
11390,-29.1692094708871
11391,-29.1722492567616
11392,-29.1752887757893
11393,-29.1783280280169
11394,-29.1813670134914
11395,-29.1844057322596
11396,-29.1874441843682
11397,-29.190482369864
11398,-29.1935202887939
11399,-29.1965579412046
11400,-29.1995953271429
11401,-29.2026324466555
11402,-29.2056692997892
11403,-29.2087058865907
11404,-29.2117422071066
11405,-29.2147782613837
11406,-29.2178140494687
11407,-29.2208495714083
11408,-29.223884827249
11409,-29.2269198170377
11410,-29.2299545408208
11411,-29.232988998645
11412,-29.236023190557
11413,-29.2390571166033
11414,-29.2420907768305
11415,-29.2451241712853
11416,-29.2481573000141
11417,-29.2511901630635
11418,-29.25422276048
11419,-29.2572550923102
11420,-29.2602871586007
11421,-29.2633189593978
11422,-29.2663504947481
11423,-29.269381764698
11424,-29.2724127692941
11425,-29.2754435085828
11426,-29.2784739826105
11427,-29.2815041914236
11428,-29.2845341350687
11429,-29.2875638135919
11430,-29.2905932270399
11431,-29.2936223754589
11432,-29.2966512588953
11433,-29.2996798773955
11434,-29.3027082310058
11435,-29.3057363197726
11436,-29.3087641437421
11437,-29.3117917029607
11438,-29.3148189974746
11439,-29.3178460273302
11440,-29.3208727925738
11441,-29.3238992932515
11442,-29.3269255294096
11443,-29.3299515010944
11444,-29.3329772083521
11445,-29.3360026512289
11446,-29.339027829771
11447,-29.3420527440245
11448,-29.3450773940358
11449,-29.3481017798508
11450,-29.3511259015158
11451,-29.3541497590769
11452,-29.3571733525802
11453,-29.3601966820719
11454,-29.363219747598
11455,-29.3662425492046
11456,-29.3692650869379
11457,-29.3722873608438
11458,-29.3753093709685
11459,-29.3783311173579
11460,-29.3813526000581
11461,-29.3843738191152
11462,-29.3873947745751
11463,-29.3904154664837
11464,-29.3934358948872
11465,-29.3964560598315
11466,-29.3994759613624
11467,-29.4024955995261
11468,-29.4055149743683
11469,-29.408534085935
11470,-29.4115529342722
11471,-29.4145715194257
11472,-29.4175898414414
11473,-29.4206079003652
11474,-29.423625696243
11475,-29.4266432291205
11476,-29.4296604990437
11477,-29.4326775060583
11478,-29.4356942502102
11479,-29.4387107315451
11480,-29.4417269501089
11481,-29.4447429059474
11482,-29.4477585991062
11483,-29.4507740296312
11484,-29.4537891975681
11485,-29.4568041029626
11486,-29.4598187458604
11487,-29.4628331263073
11488,-29.465847244349
11489,-29.468861100031
11490,-29.4718746933991
11491,-29.474888024499
11492,-29.4779010933763
11493,-29.4809139000766
11494,-29.4839264446455
11495,-29.4869387271287
11496,-29.4899507475718
11497,-29.4929625060203
11498,-29.4959740025198
11499,-29.4989852371159
11500,-29.5019962098541
11501,-29.50500692078
11502,-29.5080173699391
11503,-29.5110275573769
11504,-29.5140374831389
11505,-29.5170471472706
11506,-29.5200565498175
11507,-29.523065690825
11508,-29.5260745703386
11509,-29.5290831884038
11510,-29.532091545066
11511,-29.5350996403705
11512,-29.5381074743629
11513,-29.5411150470884
11514,-29.5441223585926
11515,-29.5471294089207
11516,-29.5501361981182
11517,-29.5531427262303
11518,-29.5561489933024
11519,-29.5591549993798
11520,-29.5621607445079
11521,-29.565166228732
11522,-29.5681714520972
11523,-29.571176414649
11524,-29.5741811164326
11525,-29.5771855574932
11526,-29.5801897378761
11527,-29.5831936576265
11528,-29.5861973167897
11529,-29.5892007154107
11530,-29.592203853535
11531,-29.5952067312075
11532,-29.5982093484735
11533,-29.6012117053782
11534,-29.6042138019666
11535,-29.607215638284
11536,-29.6102172143755
11537,-29.6132185302861
11538,-29.616219586061
11539,-29.6192203817453
11540,-29.622220917384
11541,-29.6252211930222
11542,-29.628221208705
11543,-29.6312209644774
11544,-29.6342204603845
11545,-29.6372196964712
11546,-29.6402186727826
11547,-29.6432173893636
11548,-29.6462158462593
11549,-29.6492140435146
11550,-29.6522119811745
11551,-29.6552096592839
11552,-29.6582070778878
11553,-29.6612042370311
11554,-29.6642011367587
11555,-29.6671977771156
11556,-29.6701941581465
11557,-29.6731902798964
11558,-29.6761861424102
11559,-29.6791817457327
11560,-29.6821770899087
11561,-29.6851721749831
11562,-29.6881670010008
11563,-29.6911615680064
11564,-29.6941558760449
11565,-29.697149925161
11566,-29.7001437153995
11567,-29.7031372468051
11568,-29.7061305194226
11569,-29.7091235332967
11570,-29.7121162884722
11571,-29.7151087849938
11572,-29.7181010229061
11573,-29.721093002254
11574,-29.724084723082
11575,-29.7270761854348
11576,-29.7300673893571
11577,-29.7330583348936
11578,-29.7360490220888
11579,-29.7390394509875
11580,-29.7420296216341
11581,-29.7450195340734
11582,-29.7480091883498
11583,-29.7509985845081
11584,-29.7539877225927
11585,-29.7569766026482
11586,-29.7599652247191
11587,-29.76295358885
11588,-29.7659416950854
11589,-29.7689295434698
11590,-29.7719171340478
11591,-29.7749044668637
11592,-29.777891541962
11593,-29.7808783593873
11594,-29.783864919184
11595,-29.7868512213965
11596,-29.7898372660693
11597,-29.7928230532467
11598,-29.7958085829731
11599,-29.7987938552931
11600,-29.8017788702509
11601,-29.8047636278909
11602,-29.8077481282574
11603,-29.8107323713949
11604,-29.8137163573477
11605,-29.81670008616
11606,-29.8196835578762
11607,-29.8226667725407
11608,-29.8256497301976
11609,-29.8286324308913
11610,-29.831614874666
11611,-29.8345970615661
11612,-29.8375789916356
11613,-29.8405606649189
11614,-29.8435420814603
11615,-29.8465232413038
11616,-29.8495041444937
11617,-29.8524847910743
11618,-29.8554651810896
11619,-29.8584453145838
11620,-29.8614251916011
11621,-29.8644048121857
11622,-29.8673841763816
11623,-29.870363284233
11624,-29.8733421357839
11625,-29.8763207310786
11626,-29.879299070161
11627,-29.8822771530753
11628,-29.8852549798654
11629,-29.8882325505755
11630,-29.8912098652497
11631,-29.8941869239318
11632,-29.897163726666
11633,-29.9001402734962
11634,-29.9031165644665
11635,-29.9060925996208
11636,-29.9090683790031
11637,-29.9120439026573
11638,-29.9150191706275
11639,-29.9179941829575
11640,-29.9209689396912
11641,-29.9239434408727
11642,-29.9269176865457
11643,-29.9298916767542
11644,-29.9328654115421
11645,-29.9358388909532
11646,-29.9388121150314
11647,-29.9417850838205
11648,-29.9447577973644
11649,-29.9477302557069
11650,-29.9507024588919
11651,-29.953674406963
11652,-29.9566460999641
11653,-29.959617537939
11654,-29.9625887209315
11655,-29.9655596489852
11656,-29.968530322144
11657,-29.9715007404516
11658,-29.9744709039517
11659,-29.9774408126881
11660,-29.9804104667043
11661,-29.9833798660442
11662,-29.9863490107514
11663,-29.9893179008695
11664,-29.9922865364422
11665,-29.9952549175132
11666,-29.9982230441261
11667,-30.0011909163245
11668,-30.004158534152
11669,-30.0071258976522
11670,-30.0100930068688
11671,-30.0130598618452
11672,-30.0160264626251
11673,-30.018992809252
11674,-30.0219589017695
11675,-30.024924740221
11676,-30.0278903246502
11677,-30.0308556551004
11678,-30.0338207316153
11679,-30.0367855542383
11680,-30.0397501230128
11681,-30.0427144379824
11682,-30.0456784991906
11683,-30.0486423066806
11684,-30.051605860496
11685,-30.0545691606802
11686,-30.0575322072767
11687,-30.0604950003287
11688,-30.0634575398797
11689,-30.0664198259731
11690,-30.0693818586522
11691,-30.0723436379604
11692,-30.075305163941
11693,-30.0782664366374
11694,-30.0812274560928
11695,-30.0841882223507
11696,-30.0871487354542
11697,-30.0901089954467
11698,-30.0930690023715
11699,-30.0960287562718
11700,-30.0989882571908
11701,-30.1019475051719
11702,-30.1049065002582
11703,-30.107865242493
11704,-30.1108237319194
11705,-30.1137819685807
11706,-30.1167399525201
11707,-30.1196976837807
11708,-30.1226551624057
11709,-30.1256123884383
11710,-30.1285693619216
11711,-30.1315260828987
11712,-30.1344825514128
11713,-30.1374387675069
11714,-30.1403947312242
11715,-30.1433504426077
11716,-30.1463059017005
11717,-30.1492611085458
11718,-30.1522160631865
11719,-30.1551707656657
11720,-30.1581252160264
11721,-30.1610794143116
11722,-30.1640333605644
11723,-30.1669870548278
11724,-30.1699404971447
11725,-30.1728936875582
11726,-30.1758466261111
11727,-30.1787993128465
11728,-30.1817517478072
11729,-30.1847039310363
11730,-30.1876558625766
11731,-30.1906075424711
11732,-30.1935589707627
11733,-30.1965101474942
11734,-30.1994610727085
11735,-30.2024117464485
11736,-30.2053621687571
11737,-30.2083123396771
11738,-30.2112622592513
11739,-30.2142119275225
11740,-30.2171613445337
11741,-30.2201105103275
11742,-30.2230594249468
11743,-30.2260080884343
11744,-30.2289565008328
11745,-30.2319046621852
11746,-30.234852572534
11747,-30.2378002319221
11748,-30.2407476403922
11749,-30.2436947979869
11750,-30.2466417047491
11751,-30.2495883607214
11752,-30.2525347659465
11753,-30.255480920467
11754,-30.2584268243256
11755,-30.2613724775649
11756,-30.2643178802277
11757,-30.2672630323565
11758,-30.2702079339939
11759,-30.2731525851826
11760,-30.2760969859652
11761,-30.2790411363841
11762,-30.2819850364821
11763,-30.2849286863016
11764,-30.2878720858853
11765,-30.2908152352756
11766,-30.2937581345151
11767,-30.2967007836462
11768,-30.2996431827117
11769,-30.3025853317538
11770,-30.3055272308151
11771,-30.3084688799381
11772,-30.3114102791652
11773,-30.3143514285389
11774,-30.3172923281017
11775,-30.3202329778959
11776,-30.323173377964
11777,-30.3261135283485
11778,-30.3290534290916
11779,-30.3319930802358
11780,-30.3349324818235
11781,-30.337871633897
11782,-30.3408105364987
11783,-30.343749189671
11784,-30.3466875934561
11785,-30.3496257478964
11786,-30.3525636530343
11787,-30.355501308912
11788,-30.3584387155717
11789,-30.3613758730559
11790,-30.3643127814067
11791,-30.3672494406665
11792,-30.3701858508774
11793,-30.3731220120817
11794,-30.3760579243217
11795,-30.3789935876395
11796,-30.3819290020774
11797,-30.3848641676776
11798,-30.3877990844821
11799,-30.3907337525333
11800,-30.3936681718733
11801,-30.3966023425442
11802,-30.3995362645882
11803,-30.4024699380474
11804,-30.4054033629639
11805,-30.4083365393798
11806,-30.4112694673373
11807,-30.4142021468784
11808,-30.4171345780452
11809,-30.4200667608798
11810,-30.4229986954242
11811,-30.4259303817205
11812,-30.4288618198106
11813,-30.4317930097367
11814,-30.4347239515408
11815,-30.4376546452648
11816,-30.4405850909507
11817,-30.4435152886405
11818,-30.4464452383762
11819,-30.4493749401998
11820,-30.4523043941532
11821,-30.4552336002783
11822,-30.4581625586171
11823,-30.4610912692115
11824,-30.4640197321034
11825,-30.4669479473346
11826,-30.4698759149471
11827,-30.4728036349828
11828,-30.4757311074835
11829,-30.4786583324911
11830,-30.4815853100474
11831,-30.4845120401942
11832,-30.4874385229734
11833,-30.4903647584267
11834,-30.4932907465961
11835,-30.4962164875232
11836,-30.4991419812498
11837,-30.5020672278178
11838,-30.5049922272689
11839,-30.5079169796448
11840,-30.5108414849872
11841,-30.513765743338
11842,-30.5166897547387
11843,-30.5196135192312
11844,-30.522537036857
11845,-30.525460307658
11846,-30.5283833316757
11847,-30.5313061089518
11848,-30.5342286395281
11849,-30.537150923446
11850,-30.5400729607473
11851,-30.5429947514736
11852,-30.5459162956665
11853,-30.5488375933676
11854,-30.5517586446184
11855,-30.5546794494606
11856,-30.5576000079357
11857,-30.5605203200854
11858,-30.563440385951
11859,-30.5663602055742
11860,-30.5692797789965
11861,-30.5721991062594
11862,-30.5751181874045
11863,-30.5780370224731
11864,-30.5809556115069
11865,-30.5838739545472
11866,-30.5867920516355
11867,-30.5897099028134
11868,-30.5926275081221
11869,-30.5955448676033
11870,-30.5984619812982
11871,-30.6013788492483
11872,-30.604295471495
11873,-30.6072118480797
11874,-30.6101279790438
11875,-30.6130438644286
11876,-30.6159595042755
11877,-30.6188748986258
11878,-30.6217900475209
11879,-30.6247049510022
11880,-30.6276196091108
11881,-30.6305340218882
11882,-30.6334481893756
11883,-30.6363621116143
11884,-30.6392757886457
11885,-30.6421892205109
11886,-30.6451024072512
11887,-30.6480153489078
11888,-30.650928045522
11889,-30.6538404971351
11890,-30.6567527037882
11891,-30.6596646655225
11892,-30.6625763823792
11893,-30.6654878543995
11894,-30.6683990816246
11895,-30.6713100640957
11896,-30.6742208018538
11897,-30.6771312949401
11898,-30.6800415433958
11899,-30.682951547262
11900,-30.6858613065798
11901,-30.6887708213902
11902,-30.6916800917344
11903,-30.6945891176535
11904,-30.6974978991885
11905,-30.7004064363804
11906,-30.7033147292704
11907,-30.7062227778995
11908,-30.7091305823086
11909,-30.7120381425388
11910,-30.7149454586312
11911,-30.7178525306266
11912,-30.7207593585661
11913,-30.7236659424907
11914,-30.7265722824413
11915,-30.7294783784589
11916,-30.7323842305845
11917,-30.7352898388588
11918,-30.738195203323
11919,-30.7411003240179
11920,-30.7440052009843
11921,-30.7469098342632
11922,-30.7498142238956
11923,-30.7527183699221
11924,-30.7556222723838
11925,-30.7585259313214
11926,-30.7614293467758
11927,-30.7643325187879
11928,-30.7672354473983
11929,-30.7701381326481
11930,-30.7730405745779
11931,-30.7759427732286
11932,-30.7788447286408
11933,-30.7817464408555
11934,-30.7846479099133
11935,-30.7875491358551
11936,-30.7904501187214
11937,-30.7933508585532
11938,-30.796251355391
11939,-30.7991516092756
11940,-30.8020516202477
11941,-30.804951388348
11942,-30.8078509136172
11943,-30.8107501960959
11944,-30.8136492358247
11945,-30.8165480328444
11946,-30.8194465871955
11947,-30.8223448989188
11948,-30.8252429680547
11949,-30.8281407946439
11950,-30.8310383787271
11951,-30.8339357203447
11952,-30.8368328195374
11953,-30.8397296763457
11954,-30.8426262908103
11955,-30.8455226629715
11956,-30.84841879287
11957,-30.8513146805463
11958,-30.8542103260409
11959,-30.8571057293943
11960,-30.860000890647
11961,-30.8628958098394
11962,-30.8657904870121
11963,-30.8686849222056
11964,-30.8715791154602
11965,-30.8744730668164
11966,-30.8773667763147
11967,-30.8802602439954
11968,-30.883153469899
11969,-30.8860464540659
11970,-30.8889391965365
11971,-30.8918316973511
11972,-30.8947239565502
11973,-30.897615974174
11974,-30.900507750263
11975,-30.9033992848574
11976,-30.9062905779977
11977,-30.9091816297242
11978,-30.912072440077
11979,-30.9149630090966
11980,-30.9178533368233
11981,-30.9207434232973
11982,-30.9236332685588
11983,-30.9265228726482
11984,-30.9294122356058
11985,-30.9323013574716
11986,-30.9351902382861
11987,-30.9380788780893
11988,-30.9409672769215
11989,-30.943855434823
11990,-30.9467433518338
11991,-30.9496310279942
11992,-30.9525184633444
11993,-30.9554056579244
11994,-30.9582926117745
11995,-30.9611793249349
11996,-30.9640657974455
11997,-30.9669520293466
11998,-30.9698380206782
11999,-30.9727237714805
12000,-30.9756092817936
12001,-30.9784945516574
12002,-30.9813795811122
12003,-30.9842643701979
12004,-30.9871489189547
12005,-30.9900332274224
12006,-30.9929172956413
12007,-30.9958011236512
12008,-30.9986847114923
12009,-31.0015680592044
12010,-31.0044511668276
12011,-31.007334034402
12012,-31.0102166619673
12013,-31.0130990495637
12014,-31.015981197231
12015,-31.0188631050092
12016,-31.0217447729383
12017,-31.024626201058
12018,-31.0275073894085
12019,-31.0303883380295
12020,-31.0332690469609
12021,-31.0361495162426
12022,-31.0390297459146
12023,-31.0419097360166
12024,-31.0447894865885
12025,-31.0476689976701
12026,-31.0505482693014
12027,-31.053427301522
12028,-31.0563060943718
12029,-31.0591846478906
12030,-31.0620629621183
12031,-31.0649410370945
12032,-31.067818872859
12033,-31.0706964694517
12034,-31.0735738269122
12035,-31.0764509452804
12036,-31.0793278245958
12037,-31.0822044648983
12038,-31.0850808662276
12039,-31.0879570286234
12040,-31.0908329521253
12041,-31.093708636773
12042,-31.0965840826063
12043,-31.0994592896647
12044,-31.102334257988
12045,-31.1052089876157
12046,-31.1080834785876
12047,-31.1109577309431
12048,-31.113831744722
12049,-31.1167055199638
12050,-31.1195790567082
12051,-31.1224523549947
12052,-31.1253254148628
12053,-31.1281982363523
12054,-31.1310708195025
12055,-31.1339431643531
12056,-31.1368152709435
12057,-31.1396871393134
12058,-31.1425587695021
12059,-31.1454301615493
12060,-31.1483013154945
12061,-31.151172231377
12062,-31.1540429092364
12063,-31.1569133491121
12064,-31.1597835510437
12065,-31.1626535150705
12066,-31.1655232412319
12067,-31.1683927295675
12068,-31.1712619801166
12069,-31.1741309929186
12070,-31.1769997680129
12071,-31.179868305439
12072,-31.1827366052361
12073,-31.1856046674437
12074,-31.1884724921011
12075,-31.1913400792477
12076,-31.1942074289227
12077,-31.1970745411656
12078,-31.1999414160156
12079,-31.2028080535121
12080,-31.2056744536943
12081,-31.2085406166016
12082,-31.2114065422732
12083,-31.2142722307483
12084,-31.2171376820663
12085,-31.2200028962664
12086,-31.2228678733878
12087,-31.2257326134698
12088,-31.2285971165516
12089,-31.2314613826724
12090,-31.2343254118714
12091,-31.2371892041878
12092,-31.2400527596607
12093,-31.2429160783294
12094,-31.245779160233
12095,-31.2486420054106
12096,-31.2515046139015
12097,-31.2543669857447
12098,-31.2572291209793
12099,-31.2600910196445
12100,-31.2629526817794
12101,-31.2658141074231
12102,-31.2686752966146
12103,-31.271536249393
12104,-31.2743969657974
12105,-31.2772574458669
12106,-31.2801176896405
12107,-31.2829776971572
12108,-31.2858374684561
12109,-31.2886970035761
12110,-31.2915563025563
12111,-31.2944153654357
12112,-31.2972741922533
12113,-31.300132783048
12114,-31.3029911378588
12115,-31.3058492567247
12116,-31.3087071396847
12117,-31.3115647867776
12118,-31.3144221980423
12119,-31.3172793735179
12120,-31.3201363132432
12121,-31.3229930172572
12122,-31.3258494855986
12123,-31.3287057183065
12124,-31.3315617154196
12125,-31.3344174769769
12126,-31.3372730030171
12127,-31.3401282935792
12128,-31.3429833487019
12129,-31.3458381684242
12130,-31.3486927527847
12131,-31.3515471018223
12132,-31.3544012155758
12133,-31.357255094084
12134,-31.3601087373857
12135,-31.3629621455196
12136,-31.3658153185245
12137,-31.3686682564392
12138,-31.3715209593023
12139,-31.3743734271526
12140,-31.3772256600288
12141,-31.3800776579697
12142,-31.3829294210138
12143,-31.3857809492
12144,-31.3886322425669
12145,-31.3914833011532
12146,-31.3943341249975
12147,-31.3971847141385
12148,-31.4000350686148
12149,-31.402885188465
12150,-31.4057350737279
12151,-31.4085847244419
12152,-31.4114341406457
12153,-31.414283322378
12154,-31.4171322696772
12155,-31.4199809825819
12156,-31.4228294611308
12157,-31.4256777053623
12158,-31.4285257153151
12159,-31.4313734910277
12160,-31.4342210325385
12161,-31.4370683398861
12162,-31.4399154131091
12163,-31.4427622522458
12164,-31.4456088573349
12165,-31.4484552284147
12166,-31.4513013655238
12167,-31.4541472687007
12168,-31.4569929379836
12169,-31.4598383734113
12170,-31.4626835750219
12171,-31.465528542854
12172,-31.468373276946
12173,-31.4712177773363
12174,-31.4740620440633
12175,-31.4769060771653
12176,-31.4797498766808
12177,-31.4825934426481
12178,-31.4854367751056
12179,-31.4882798740916
12180,-31.4911227396444
12181,-31.4939653718024
12182,-31.496807770604
12183,-31.4996499360873
12184,-31.5024918682907
12185,-31.5053335672526
12186,-31.5081750330111
12187,-31.5110162656047
12188,-31.5138572650714
12189,-31.5166980314496
12190,-31.5195385647775
12191,-31.5223788650934
12192,-31.5252189324355
12193,-31.5280587668419
12194,-31.530898368351
12195,-31.5337377370008
12196,-31.5365768728297
12197,-31.5394157758757
12198,-31.5422544461771
12199,-31.5450928837719
12200,-31.5479310886984
12201,-31.5507690609947
12202,-31.5536068006989
12203,-31.5564443078491
12204,-31.5592815824835
12205,-31.5621186246401
12206,-31.5649554343571
12207,-31.5677920116725
12208,-31.5706283566245
12209,-31.573464469251
12210,-31.5763003495901
12211,-31.5791359976799
12212,-31.5819714135584
12213,-31.5848065972637
12214,-31.5876415488338
12215,-31.5904762683066
12216,-31.5933107557202
12217,-31.5961450111125
12218,-31.5989790345216
12219,-31.6018128259854
12220,-31.6046463855419
12221,-31.6074797132291
12222,-31.6103128090848
12223,-31.613145673147
12224,-31.6159783054537
12225,-31.6188107060427
12226,-31.621642874952
12227,-31.6244748122195
12228,-31.627306517883
12229,-31.6301379919805
12230,-31.6329692345497
12231,-31.6358002456286
12232,-31.638631025255
12233,-31.6414615734668
12234,-31.6442918903018
12235,-31.6471219757978
12236,-31.6499518299926
12237,-31.652781452924
12238,-31.6556108446299
12239,-31.658440005148
12240,-31.6612689345161
12241,-31.6640976327719
12242,-31.6669260999533
12243,-31.6697543360979
12244,-31.6725823412435
12245,-31.6754101154279
12246,-31.6782376586887
12247,-31.6810649710638
12248,-31.6838920525906
12249,-31.6867189033071
12250,-31.6895455232508
12251,-31.6923719124595
12252,-31.6951980709707
12253,-31.6980239988222
12254,-31.7008496960516
12255,-31.7036751626966
12256,-31.7065003987947
12257,-31.7093254043836
12258,-31.7121501795009
12259,-31.7149747241843
12260,-31.7177990384712
12261,-31.7206231223993
12262,-31.7234469760062
12263,-31.7262705993293
12264,-31.7290939924064
12265,-31.7319171552749
12266,-31.7347400879723
12267,-31.7375627905363
12268,-31.7403852630042
12269,-31.7432075054137
12270,-31.7460295178021
12271,-31.7488513002071
12272,-31.7516728526661
12273,-31.7544941752166
12274,-31.757315267896
12275,-31.7601361307418
12276,-31.7629567637914
12277,-31.7657771670822
12278,-31.7685973406518
12279,-31.7714172845375
12280,-31.7742369987767
12281,-31.7770564834069
12282,-31.7798757384653
12283,-31.7826947639895
12284,-31.7855135600167
12285,-31.7883321265844
12286,-31.7911504637298
12287,-31.7939685714904
12288,-31.7967864499035
12289,-31.7996040990063
12290,-31.8024215188363
12291,-31.8052387094307
12292,-31.8080556708268
12293,-31.810872403062
12294,-31.8136889061734
12295,-31.8165051801984
12296,-31.8193212251742
12297,-31.8221370411382
12298,-31.8249526281274
12299,-31.8277679861793
12300,-31.8305831153309
12301,-31.8333980156195
12302,-31.8362126870824
12303,-31.8390271297567
12304,-31.8418413436796
12305,-31.8446553288883
12306,-31.8474690854199
12307,-31.8502826133117
12308,-31.8530959126008
12309,-31.8559089833243
12310,-31.8587218255194
12311,-31.8615344392232
12312,-31.8643468244728
12313,-31.8671589813053
12314,-31.8699709097578
12315,-31.8727826098675
12316,-31.8755940816713
12317,-31.8784053252065
12318,-31.8812163405099
12319,-31.8840271276188
12320,-31.8868376865701
12321,-31.8896480174008
12322,-31.8924581201481
12323,-31.8952679948489
12324,-31.8980776415402
12325,-31.900887060259
12326,-31.9036962510424
12327,-31.9065052139272
12328,-31.9093139489506
12329,-31.9121224561494
12330,-31.9149307355606
12331,-31.9177387872211
12332,-31.9205466111679
12333,-31.923354207438
12334,-31.9261615760682
12335,-31.9289687170954
12336,-31.9317756305566
12337,-31.9345823164886
12338,-31.9373887749283
12339,-31.9401950059126
12340,-31.9430010094785
12341,-31.9458067856626
12342,-31.9486123345019
12343,-31.9514176560332
12344,-31.9542227502934
12345,-31.9570276173192
12346,-31.9598322571475
12347,-31.9626366698151
12348,-31.9654408553587
12349,-31.9682448138152
12350,-31.9710485452214
12351,-31.9738520496139
12352,-31.9766553270297
12353,-31.9794583775053
12354,-31.9822612010776
12355,-31.9850637977833
12356,-31.987866167659
12357,-31.9906683107416
12358,-31.9934702270678
12359,-31.9962719166741
12360,-31.9990733795974
12361,-32.0018746158743
12362,-32.0046756255414
12363,-32.0074764086355
12364,-32.0102769651931
12365,-32.0130772952509
12366,-32.0158773988456
12367,-32.0186772760138
12368,-32.0214769267921
12369,-32.024276351217
12370,-32.0270755493253
12371,-32.0298745211535
12372,-32.0326732667381
12373,-32.0354717861157
12374,-32.038270079323
12375,-32.0410681463965
12376,-32.0438659873726
12377,-32.046663602288
12378,-32.0494609911791
12379,-32.0522581540825
12380,-32.0550550910348
12381,-32.0578518020723
12382,-32.0606482872316
12383,-32.0634445465492
12384,-32.0662405800616
12385,-32.0690363878051
12386,-32.0718319698164
12387,-32.0746273261317
12388,-32.0774224567876
12389,-32.0802173618205
12390,-32.0830120412669
12391,-32.085806495163
12392,-32.0886007235454
12393,-32.0913947264504
12394,-32.0941885039144
12395,-32.0969820559738
12396,-32.0997753826649
12397,-32.1025684840242
12398,-32.1053613600879
12399,-32.1081540108924
12400,-32.1109464364741
12401,-32.1137386368693
12402,-32.1165306121142
12403,-32.1193223622452
12404,-32.1221138872987
12405,-32.1249051873108
12406,-32.1276962623178
12407,-32.1304871123561
12408,-32.1332777374619
12409,-32.1360681376715
12410,-32.138858313021
12411,-32.1416482635468
12412,-32.144437989285
12413,-32.1472274902719
12414,-32.1500167665437
12415,-32.1528058181366
12416,-32.1555946450868
12417,-32.1583832474305
12418,-32.1611716252038
12419,-32.1639597784429
12420,-32.166747707184
12421,-32.1695354114632
12422,-32.1723228913167
12423,-32.1751101467806
12424,-32.177897177891
12425,-32.180683984684
12426,-32.1834705671958
12427,-32.1862569254624
12428,-32.1890430595199
12429,-32.1918289694045
12430,-32.1946146551521
12431,-32.1974001167988
12432,-32.2001853543808
12433,-32.202970367934
12434,-32.2057551574944
12435,-32.2085397230982
12436,-32.2113240647813
12437,-32.2141081825797
12438,-32.2168920765294
12439,-32.2196757466665
12440,-32.2224591930269
12441,-32.2252424156466
12442,-32.2280254145615
12443,-32.2308081898076
12444,-32.2335907414209
12445,-32.2363730694373
12446,-32.2391551738927
12447,-32.2419370548231
12448,-32.2447187122643
12449,-32.2475001462524
12450,-32.2502813568231
12451,-32.2530623440123
12452,-32.255843107856
12453,-32.2586236483901
12454,-32.2614039656503
12455,-32.2641840596725
12456,-32.2669639304926
12457,-32.2697435781465
12458,-32.2725230026698
12459,-32.2753022040986
12460,-32.2780811824685
12461,-32.2808599378154
12462,-32.283638470175
12463,-32.2864167795832
12464,-32.2891948660758
12465,-32.2919727296884
12466,-32.294750370457
12467,-32.2975277884171
12468,-32.3003049836046
12469,-32.3030819560551
12470,-32.3058587058045
12471,-32.3086352328884
12472,-32.3114115373426
12473,-32.3141876192026
12474,-32.3169634785044
12475,-32.3197391152834
12476,-32.3225145295754
12477,-32.325289721416
12478,-32.328064690841
12479,-32.3308394378859
12480,-32.3336139625864
12481,-32.3363882649781
12482,-32.3391623450967
12483,-32.3419362029777
12484,-32.3447098386568
12485,-32.3474832521695
12486,-32.3502564435515
12487,-32.3530294128383
12488,-32.3558021600655
12489,-32.3585746852687
12490,-32.3613469884834
12491,-32.3641190697452
12492,-32.3668909290895
12493,-32.369662566552
12494,-32.3724339821681
12495,-32.3752051759733
12496,-32.3779761480032
12497,-32.3807468982933
12498,-32.383517426879
12499,-32.3862877337958
12500,-32.3890578190792
12501,-32.3918276827646
12502,-32.3945973248876
12503,-32.3973667454834
12504,-32.4001359445877
12505,-32.4029049222357
12506,-32.4056736784629
12507,-32.4084422133048
12508,-32.4112105267967
12509,-32.413978618974
12510,-32.4167464898721
12511,-32.4195141395264
12512,-32.4222815679722
12513,-32.4250487752449
12514,-32.4278157613798
12515,-32.4305825264124
12516,-32.4333490703779
12517,-32.4361153933116
12518,-32.4388814952488
12519,-32.441647376225
12520,-32.4444130362753
12521,-32.447178475435
12522,-32.4499436937395
12523,-32.452708691224
12524,-32.4554734679238
12525,-32.4582380238741
12526,-32.4610023591102
12527,-32.4637664736673
12528,-32.4665303675807
12529,-32.4692940408856
12530,-32.4720574936171
12531,-32.4748207258105
12532,-32.477583737501
12533,-32.4803465287238
12534,-32.4831090995141
12535,-32.485871449907
12536,-32.4886335799377
12537,-32.4913954896413
12538,-32.494157179053
12539,-32.496918648208
12540,-32.4996798971414
12541,-32.5024409258882
12542,-32.5052017344836
12543,-32.5079623229628
12544,-32.5107226913607
12545,-32.5134828397126
12546,-32.5162427680534
12547,-32.5190024764182
12548,-32.5217619648422
12549,-32.5245212333603
12550,-32.5272802820077
12551,-32.5300391108192
12552,-32.5327977198301
12553,-32.5355561090752
12554,-32.5383142785897
12555,-32.5410722284084
12556,-32.5438299585665
12557,-32.5465874690989
12558,-32.5493447600405
12559,-32.5521018314264
12560,-32.5548586832915
12561,-32.5576153156707
12562,-32.5603717285991
12563,-32.5631279221115
12564,-32.5658838962429
12565,-32.5686396510282
12566,-32.5713951865022
12567,-32.5741505027
12568,-32.5769055996564
12569,-32.5796604774063
12570,-32.5824151359846
12571,-32.5851695754261
12572,-32.5879237957658
12573,-32.5906777970383
12574,-32.5934315792787
12575,-32.5961851425218
12576,-32.5989384868023
12577,-32.6016916121551
12578,-32.604444518615
12579,-32.6071972062168
12580,-32.6099496749954
12581,-32.6127019249854
12582,-32.6154539562217
12583,-32.6182057687391
12584,-32.6209573625722
12585,-32.6237087377559
12586,-32.626459894325
12587,-32.629210832314
12588,-32.6319615517579
12589,-32.6347120526913
12590,-32.6374623351488
12591,-32.6402123991653
12592,-32.6429622447754
12593,-32.6457118720138
12594,-32.6484612809152
12595,-32.6512104715142
12596,-32.6539594438456
12597,-32.6567081979439
12598,-32.6594567338438
12599,-32.66220505158
12600,-32.6649531511871
12601,-32.6677010326997
12602,-32.6704486961524
12603,-32.6731961415799
12604,-32.6759433690167
12605,-32.6786903784974
12606,-32.6814371700566
12607,-32.6841837437289
12608,-32.6869300995488
12609,-32.6896762375509
12610,-32.6924221577697
12611,-32.6951678602398
12612,-32.6979133449958
12613,-32.700658612072
12614,-32.7034036615032
12615,-32.7061484933236
12616,-32.708893107568
12617,-32.7116375042707
12618,-32.7143816834662
12619,-32.717125645189
12620,-32.7198693894736
12621,-32.7226129163544
12622,-32.7253562258659
12623,-32.7280993180426
12624,-32.7308421929187
12625,-32.7335848505289
12626,-32.7363272909074
12627,-32.7390695140888
12628,-32.7418115201074
12629,-32.7445533089975
12630,-32.7472948807937
12631,-32.7500362355302
12632,-32.7527773732414
12633,-32.7555182939617
12634,-32.7582589977255
12635,-32.760999484567
12636,-32.7637397545207
12637,-32.7664798076208
12638,-32.7692196439016
12639,-32.7719592633976
12640,-32.7746986661429
12641,-32.7774378521719
12642,-32.7801768215188
12643,-32.782915574218
12644,-32.7856541103037
12645,-32.7883924298102
12646,-32.7911305327716
12647,-32.7938684192224
12648,-32.7966060891966
12649,-32.7993435427286
12650,-32.8020807798526
12651,-32.8048178006027
12652,-32.8075546050132
12653,-32.8102911931182
12654,-32.8130275649521
12655,-32.8157637205488
12656,-32.8184996599427
12657,-32.8212353831679
12658,-32.8239708902585
12659,-32.8267061812487
12660,-32.8294412561726
12661,-32.8321761150644
12662,-32.8349107579582
12663,-32.837645184888
12664,-32.8403793958881
12665,-32.8431133909924
12666,-32.8458471702352
12667,-32.8485807336505
12668,-32.8513140812723
12669,-32.8540472131347
12670,-32.8567801292719
12671,-32.8595128297177
12672,-32.8622453145064
12673,-32.8649775836718
12674,-32.8677096372481
12675,-32.8704414752693
12676,-32.8731730977693
12677,-32.8759045047823
12678,-32.8786356963421
12679,-32.8813666724827
12680,-32.8840974332382
12681,-32.8868279786425
12682,-32.8895583087296
12683,-32.8922884235334
12684,-32.8950183230879
12685,-32.897748007427
12686,-32.9004774765846
12687,-32.9032067305947
12688,-32.9059357694912
12689,-32.908664593308
12690,-32.911393202079
12691,-32.914121595838
12692,-32.916849774619
12693,-32.9195777384559
12694,-32.9223054873824
12695,-32.9250330214326
12696,-32.9277603406401
12697,-32.9304874450389
12698,-32.9332143346628
12699,-32.9359410095456
12700,-32.9386674697211
12701,-32.9413937152232
12702,-32.9441197460856
12703,-32.9468455623422
12704,-32.9495711640267
12705,-32.9522965511729
12706,-32.9550217238147
12707,-32.9577466819856
12708,-32.9604714257196
12709,-32.9631959550503
12710,-32.9659202700114
12711,-32.9686443706368
12712,-32.9713682569602
12713,-32.9740919290152
12714,-32.9768153868356
12715,-32.979538630455
12716,-32.9822616599072
12717,-32.9849844752258
12718,-32.9877070764445
12719,-32.990429463597
12720,-32.993151636717
12721,-32.995873595838
12722,-32.9985953409938
12723,-33.0013168722179
12724,-33.0040381895441
12725,-33.0067592930058
12726,-33.0094801826368
12727,-33.0122008584706
12728,-33.0149213205409
12729,-33.0176415688811
12730,-33.020361603525
12731,-33.0230814245061
12732,-33.0258010318578
12733,-33.0285204256139
12734,-33.0312396058078
12735,-33.0339585724731
12736,-33.0366773256433
12737,-33.0393958653519
12738,-33.0421141916325
12739,-33.0448323045186
12740,-33.0475502040436
12741,-33.0502678902411
12742,-33.0529853631446
12743,-33.0557026227874
12744,-33.0584196692032
12745,-33.0611365024253
12746,-33.0638531224872
12747,-33.0665695294224
12748,-33.0692857232642
12749,-33.0720017040462
12750,-33.0747174718017
12751,-33.0774330265642
12752,-33.0801483683671
12753,-33.0828634972437
12754,-33.0855784132274
12755,-33.0882931163518
12756,-33.09100760665
12757,-33.0937218841555
12758,-33.0964359489017
12759,-33.0991498009218
12760,-33.1018634402493
12761,-33.1045768669175
12762,-33.1072900809596
12763,-33.1100030824091
12764,-33.1127158712992
12765,-33.1154284476633
12766,-33.1181408115346
12767,-33.1208529629464
12768,-33.123564901932
12769,-33.1262766285247
12770,-33.1289881427578
12771,-33.1316994446645
12772,-33.134410534278
12773,-33.1371214116316
12774,-33.1398320767585
12775,-33.142542529692
12776,-33.1452527704653
12777,-33.1479627991116
12778,-33.150672615664
12779,-33.1533822201559
12780,-33.1560916126203
12781,-33.1588007930905
12782,-33.1615097615996
12783,-33.1642185181807
12784,-33.1669270628672
12785,-33.169635395692
12786,-33.1723435166884
12787,-33.1750514258894
12788,-33.1777591233282
12789,-33.180466609038
12790,-33.1831738830517
12791,-33.1858809454026
12792,-33.1885877961237
12793,-33.1912944352481
12794,-33.1940008628089
12795,-33.1967070788391
12796,-33.1994130833719
12797,-33.2021188764402
12798,-33.2048244580772
12799,-33.2075298283158
12800,-33.2102349871891
12801,-33.2129399347302
12802,-33.2156446709719
12803,-33.2183491959474
12804,-33.2210535096897
12805,-33.2237576122317
12806,-33.2264615036064
12807,-33.2291651838468
12808,-33.2318686529859
12809,-33.2345719110566
12810,-33.2372749580919
12811,-33.2399777941248
12812,-33.2426804191881
12813,-33.2453828333149
12814,-33.248085036538
12815,-33.2507870288903
12816,-33.2534888104048
12817,-33.2561903811143
12818,-33.2588917410518
12819,-33.2615928902502
12820,-33.2642938287422
12821,-33.2669945565609
12822,-33.2696950737389
12823,-33.2723953803093
12824,-33.2750954763049
12825,-33.2777953617584
12826,-33.2804950367028
12827,-33.2831945011708
12828,-33.2858937551953
12829,-33.288592798809
12830,-33.2912916320448
12831,-33.2939902549355
12832,-33.2966886675138
12833,-33.2993868698126
12834,-33.3020848618645
12835,-33.3047826437025
12836,-33.3074802153591
12837,-33.3101775768672
12838,-33.3128747282595
12839,-33.3155716695688
12840,-33.3182684008277
12841,-33.320964922069
12842,-33.3236612333254
12843,-33.3263573346295
12844,-33.3290532260142
12845,-33.331748907512
12846,-33.3344443791557
12847,-33.3371396409779
12848,-33.3398346930113
12849,-33.3425295352885
12850,-33.3452241678422
12851,-33.347918590705
12852,-33.3506128039096
12853,-33.3533068074886
12854,-33.3560006014746
12855,-33.3586941859002
12856,-33.361387560798
12857,-33.3640807262006
12858,-33.3667736821406
12859,-33.3694664286506
12860,-33.3721589657632
12861,-33.3748512935108
12862,-33.3775434119262
12863,-33.3802353210417
12864,-33.38292702089
12865,-33.3856185115036
12866,-33.3883097929151
12867,-33.3910008651568
12868,-33.3936917282615
12869,-33.3963823822614
12870,-33.3990728271893
12871,-33.4017630630774
12872,-33.4044530899584
12873,-33.4071429078647
12874,-33.4098325168288
12875,-33.4125219168831
12876,-33.41521110806
12877,-33.4179000903921
12878,-33.4205888639117
12879,-33.4232774286513
12880,-33.4259657846432
12881,-33.42865393192
12882,-33.431341870514
12883,-33.4340296004577
12884,-33.4367171217833
12885,-33.4394044345233
12886,-33.4420915387101
12887,-33.444778434376
12888,-33.4474651215534
12889,-33.4501516002746
12890,-33.4528378705721
12891,-33.455523932478
12892,-33.4582097860248
12893,-33.4608954312448
12894,-33.4635808681703
12895,-33.4662660968336
12896,-33.468951117267
12897,-33.4716359295027
12898,-33.4743205335732
12899,-33.4770049295106
12900,-33.4796891173472
12901,-33.4823730971153
12902,-33.4850568688472
12903,-33.4877404325751
12904,-33.4904237883312
12905,-33.4931069361477
12906,-33.4957898760569
12907,-33.4984726080911
12908,-33.5011551322823
12909,-33.5038374486629
12910,-33.506519557265
12911,-33.5092014581208
12912,-33.5118831512625
12913,-33.5145646367222
12914,-33.5172459145321
12915,-33.5199269847244
12916,-33.5226078473313
12917,-33.5252885023848
12918,-33.5279689499171
12919,-33.5306491899603
12920,-33.5333292225466
12921,-33.5360090477081
12922,-33.5386886654768
12923,-33.5413680758849
12924,-33.5440472789645
12925,-33.5467262747476
12926,-33.5494050632663
12927,-33.5520836445527
12928,-33.5547620186388
12929,-33.5574401855567
12930,-33.5601181453385
12931,-33.5627958980162
12932,-33.5654734436218
12933,-33.5681507821873
12934,-33.5708279137448
12935,-33.5735048383262
12936,-33.5761815559636
12937,-33.578858066689
12938,-33.5815343705343
12939,-33.5842104675315
12940,-33.5868863577126
12941,-33.5895620411096
12942,-33.5922375177544
12943,-33.5949127876789
12944,-33.5975878509152
12945,-33.6002627074951
12946,-33.6029373574506
12947,-33.6056118008135
12948,-33.6082860376159
12949,-33.6109600678896
12950,-33.6136338916664
12951,-33.6163075089784
12952,-33.6189809198573
12953,-33.6216541243351
12954,-33.6243271224436
12955,-33.6269999142147
12956,-33.6296724996802
12957,-33.632344878872
12958,-33.6350170518219
12959,-33.6376890185618
12960,-33.6403607791234
12961,-33.6430323335386
12962,-33.6457036818393
12963,-33.6483748240571
12964,-33.6510457602239
12965,-33.6537164903715
12966,-33.6563870145317
12967,-33.6590573327361
12968,-33.6617274450167
12969,-33.6643973514052
12970,-33.6670670519332
12971,-33.6697365466326
12972,-33.6724058355351
12973,-33.6750749186724
12974,-33.6777437960762
12975,-33.6804124677783
12976,-33.6830809338103
12977,-33.685749194204
12978,-33.688417248991
12979,-33.691085098203
12980,-33.6937527418718
12981,-33.6964201800289
12982,-33.699087412706
12983,-33.7017544399349
12984,-33.704421261747
12985,-33.7070878781742
12986,-33.709754289248
12987,-33.712420495
12988,-33.7150864954618
12989,-33.7177522906652
12990,-33.7204178806416
12991,-33.7230832654226
12992,-33.72574844504
12993,-33.7284134195251
12994,-33.7310781889097
12995,-33.7337427532252
12996,-33.7364071125033
12997,-33.7390712667755
12998,-33.7417352160733
12999,-33.7443989604283
13000,-33.747062499872
13001,-33.749725834436
13002,-33.7523889641516
13003,-33.7550518890506
13004,-33.7577146091643
13005,-33.7603771245242
13006,-33.7630394351619
13007,-33.7657015411088
13008,-33.7683634423964
13009,-33.7710251390561
13010,-33.7736866311195
13011,-33.776347918618
13012,-33.7790090015829
13013,-33.7816698800458
13014,-33.784330554038
13015,-33.7869910235911
13016,-33.7896512887364
13017,-33.7923113495053
13018,-33.7949712059292
13019,-33.7976308580396
13020,-33.8002903058677
13021,-33.802949549445
13022,-33.8056085888028
13023,-33.8082674239726
13024,-33.8109260549857
13025,-33.8135844818733
13026,-33.8162427046669
13027,-33.8189007233979
13028,-33.8215585380974
13029,-33.8242161487969
13030,-33.8268735555277
13031,-33.829530758321
13032,-33.8321877572082
13033,-33.8348445522205
13034,-33.8375011433893
13035,-33.8401575307458
13036,-33.8428137143213
13037,-33.845469694147
13038,-33.8481254702543
13039,-33.8507810426743
13040,-33.8534364114383
13041,-33.8560915765775
13042,-33.8587465381232
13043,-33.8614012961066
13044,-33.8640558505589
13045,-33.8667102015113
13046,-33.8693643489949
13047,-33.8720182930411
13048,-33.874672033681
13049,-33.8773255709456
13050,-33.8799789048663
13051,-33.8826320354742
13052,-33.8852849628005
13053,-33.8879376868762
13054,-33.8905902077325
13055,-33.8932425254006
13056,-33.8958946399116
13057,-33.8985465512966
13058,-33.9011982595867
13059,-33.9038497648131
13060,-33.9065010670068
13061,-33.9091521661989
13062,-33.9118030624204
13063,-33.9144537557026
13064,-33.9171042460764
13065,-33.9197545335729
13066,-33.9224046182232
13067,-33.9250545000583
13068,-33.9277041791092
13069,-33.9303536554071
13070,-33.9330029289828
13071,-33.9356519998675
13072,-33.9383008680921
13073,-33.9409495336877
13074,-33.9435979966852
13075,-33.9462462571157
13076,-33.9488943150101
13077,-33.9515421703994
13078,-33.9541898233146
13079,-33.9568372737866
13080,-33.9594845218464
13081,-33.9621315675249
13082,-33.9647784108532
13083,-33.967425051862
13084,-33.9700714905824
13085,-33.9727177270453
13086,-33.9753637612815
13087,-33.978009593322
13088,-33.9806552231977
13089,-33.9833006509395
13090,-33.9859458765782
13091,-33.9885909001448
13092,-33.9912357216701
13093,-33.9938803411849
13094,-33.9965247587202
13095,-33.9991689743067
13096,-34.0018129879754
13097,-34.0044567997571
13098,-34.0071004096825
13099,-34.0097438177825
13100,-34.0123870240879
13101,-34.0150300286296
13102,-34.0176728314383
13103,-34.0203154325448
13104,-34.0229578319799
13105,-34.0256000297745
13106,-34.0282420259591
13107,-34.0308838205647
13108,-34.033525413622
13109,-34.0361668051617
13110,-34.0388079952145
13111,-34.0414489838113
13112,-34.0440897709827
13113,-34.0467303567595
13114,-34.0493707411724
13115,-34.0520109242521
13116,-34.0546509060292
13117,-34.0572906865345
13118,-34.0599302657987
13119,-34.0625696438525
13120,-34.0652088207264
13121,-34.0678477964513
13122,-34.0704865710577
13123,-34.0731251445763
13124,-34.0757635170378
13125,-34.0784016884728
13126,-34.0810396589118
13127,-34.0836774283857
13128,-34.0863149969248
13129,-34.08895236456
13130,-34.0915895313217
13131,-34.0942264972406
13132,-34.0968632623473
13133,-34.0994998266723
13134,-34.1021361902462
13135,-34.1047723530996
13136,-34.107408315263
13137,-34.1100440767671
13138,-34.1126796376423
13139,-34.1153149979192
13140,-34.1179501576283
13141,-34.1205851168002
13142,-34.1232198754654
13143,-34.1258544336543
13144,-34.1284887913975
13145,-34.1311229487255
13146,-34.1337569056688
13147,-34.1363906622579
13148,-34.1390242185232
13149,-34.1416575744952
13150,-34.1442907302044
13151,-34.1469236856812
13152,-34.1495564409561
13153,-34.1521889960596
13154,-34.154821351022
13155,-34.1574535058738
13156,-34.1600854606454
13157,-34.1627172153672
13158,-34.1653487700697
13159,-34.1679801247833
13160,-34.1706112795382
13161,-34.173242234365
13162,-34.175872989294
13163,-34.1785035443556
13164,-34.1811338995801
13165,-34.1837640549979
13166,-34.1863940106394
13167,-34.1890237665349
13168,-34.1916533227147
13169,-34.1942826792093
13170,-34.1969118360488
13171,-34.1995407932636
13172,-34.2021695508841
13173,-34.2047981089405
13174,-34.2074264674631
13175,-34.2100546264823
13176,-34.2126825860283
13177,-34.2153103461313
13178,-34.2179379068217
13179,-34.2205652681298
13180,-34.2231924300857
13181,-34.2258193927197
13182,-34.2284461560621
13183,-34.2310727201431
13184,-34.233699084993
13185,-34.2363252506419
13186,-34.23895121712
13187,-34.2415769844577
13188,-34.244202552685
13189,-34.2468279218322
13190,-34.2494530919295
13191,-34.252078063007
13192,-34.2547028350949
13193,-34.2573274082235
13194,-34.2599517824227
13195,-34.2625759577229
13196,-34.2651999341541
13197,-34.2678237117465
13198,-34.2704472905302
13199,-34.2730706705353
13200,-34.275693851792
13201,-34.2783168343304
13202,-34.2809396181805
13203,-34.2835622033726
13204,-34.2861845899366
13205,-34.2888067779027
13206,-34.2914287673009
13207,-34.2940505581613
13208,-34.2966721505139
13209,-34.2992935443889
13210,-34.3019147398163
13211,-34.3045357368261
13212,-34.3071565354483
13213,-34.3097771357131
13214,-34.3123975376503
13215,-34.3150177412901
13216,-34.3176377466624
13217,-34.3202575537973
13218,-34.3228771627247
13219,-34.3254965734746
13220,-34.328115786077
13221,-34.3307348005619
13222,-34.3333536169593
13223,-34.3359722352991
13224,-34.3385906556113
13225,-34.3412088779257
13226,-34.3438269022725
13227,-34.3464447286814
13228,-34.3490623571825
13229,-34.3516797878056
13230,-34.3542970205807
13231,-34.3569140555376
13232,-34.3595308927063
13233,-34.3621475321167
13234,-34.3647639737986
13235,-34.367380217782
13236,-34.3699962640967
13237,-34.3726121127725
13238,-34.3752277638394
13239,-34.3778432173272
13240,-34.3804584732656
13241,-34.3830735316847
13242,-34.3856883926142
13243,-34.3883030560839
13244,-34.3909175221237
13245,-34.3935317907634
13246,-34.3961458620327
13247,-34.3987597359615
13248,-34.4013734125795
13249,-34.4039868919167
13250,-34.4066001740026
13251,-34.4092132588672
13252,-34.4118261465401
13253,-34.4144388370511
13254,-34.4170513304301
13255,-34.4196636267066
13256,-34.4222757259106
13257,-34.4248876280716
13258,-34.4274993332195
13259,-34.4301108413839
13260,-34.4327221525945
13261,-34.4353332668812
13262,-34.4379441842734
13263,-34.4405549048011
13264,-34.4431654284937
13265,-34.4457757553811
13266,-34.4483858854929
13267,-34.4509958188587
13268,-34.4536055555083
13269,-34.4562150954712
13270,-34.4588244387771
13271,-34.4614335854556
13272,-34.4640425355364
13273,-34.4666512890492
13274,-34.4692598460234
13275,-34.4718682064888
13276,-34.4744763704749
13277,-34.4770843380114
13278,-34.4796921091278
13279,-34.4822996838536
13280,-34.4849070622186
13281,-34.4875142442523
13282,-34.4901212299841
13283,-34.4927280194438
13284,-34.4953346126607
13285,-34.4979410096646
13286,-34.5005472104849
13287,-34.5031532151511
13288,-34.5057590236928
13289,-34.5083646361394
13290,-34.5109700525206
13291,-34.5135752728658
13292,-34.5161802972045
13293,-34.5187851255662
13294,-34.5213897579803
13295,-34.5239941944765
13296,-34.526598435084
13297,-34.5292024798324
13298,-34.5318063287512
13299,-34.5344099818698
13300,-34.5370134392177
13301,-34.5396167008242
13302,-34.5422197667189
13303,-34.544822636931
13304,-34.5474253114902
13305,-34.5500277904257
13306,-34.552630073767
13307,-34.5552321615435
13308,-34.5578340537845
13309,-34.5604357505195
13310,-34.5630372517778
13311,-34.5656385575889
13312,-34.5682396679819
13313,-34.5708405829865
13314,-34.5734413026317
13315,-34.5760418269472
13316,-34.5786421559621
13317,-34.5812422897057
13318,-34.5838422282075
13319,-34.5864419714967
13320,-34.5890415196027
13321,-34.5916408725548
13322,-34.5942400303821
13323,-34.5968389931142
13324,-34.5994377607802
13325,-34.6020363334093
13326,-34.604634711031
13327,-34.6072328936744
13328,-34.6098308813689
13329,-34.6124286741436
13330,-34.6150262720278
13331,-34.6176236750507
13332,-34.6202208832417
13333,-34.6228178966298
13334,-34.6254147152444
13335,-34.6280113391147
13336,-34.6306077682697
13337,-34.6332040027389
13338,-34.6358000425512
13339,-34.6383958877361
13340,-34.6409915383225
13341,-34.6435869943397
13342,-34.6461822558168
13343,-34.6487773227831
13344,-34.6513721952677
13345,-34.6539668732996
13346,-34.6565613569081
13347,-34.6591556461224
13348,-34.6617497409714
13349,-34.6643436414844
13350,-34.6669373476904
13351,-34.6695308596186
13352,-34.6721241772981
13353,-34.6747173007579
13354,-34.6773102300272
13355,-34.6799029651351
13356,-34.6824955061105
13357,-34.6850878529826
13358,-34.6876800057805
13359,-34.6902719645332
13360,-34.6928637292697
13361,-34.6954553000191
13362,-34.6980466768104
13363,-34.7006378596727
13364,-34.703228848635
13365,-34.7058196437263
13366,-34.7084102449756
13367,-34.7110006524119
13368,-34.7135908660642
13369,-34.7161808859616
13370,-34.7187707121329
13371,-34.7213603446072
13372,-34.7239497834134
13373,-34.7265390285805
13374,-34.7291280801375
13375,-34.7317169381134
13376,-34.7343056025369
13377,-34.7368940734372
13378,-34.7394823508431
13379,-34.7420704347835
13380,-34.7446583252875
13381,-34.7472460223838
13382,-34.7498335261014
13383,-34.7524208364693
13384,-34.7550079535162
13385,-34.7575948772711
13386,-34.7601816077629
13387,-34.7627681450203
13388,-34.7653544890724
13389,-34.767940639948
13390,-34.7705265976759
13391,-34.7731123622849
13392,-34.775697933804
13393,-34.7782833122619
13394,-34.7808684976875
13395,-34.7834534901095
13396,-34.7860382895569
13397,-34.7886228960584
13398,-34.7912073096428
13399,-34.793791530339
13400,-34.7963755581757
13401,-34.7989593931816
13402,-34.8015430353857
13403,-34.8041264848165
13404,-34.806709741503
13405,-34.8092928054739
13406,-34.8118756767579
13407,-34.8144583553837
13408,-34.8170408413802
13409,-34.819623134776
13410,-34.8222052355998
13411,-34.8247871438804
13412,-34.8273688596466
13413,-34.8299503829269
13414,-34.8325317137501
13415,-34.8351128521449
13416,-34.83769379814
13417,-34.8402745517641
13418,-34.8428551130458
13419,-34.8454354820138
13420,-34.8480156586968
13421,-34.8505956431234
13422,-34.8531754353223
13423,-34.8557550353221
13424,-34.8583344431515
13425,-34.860913658839
13426,-34.8634926824134
13427,-34.8660715139031
13428,-34.8686501533369
13429,-34.8712286007434
13430,-34.873806856151
13431,-34.8763849195885
13432,-34.8789627910845
13433,-34.8815404706674
13434,-34.8841179583658
13435,-34.8866952542084
13436,-34.8892723582237
13437,-34.8918492704402
13438,-34.8944259908865
13439,-34.8970025195912
13440,-34.8995788565827
13441,-34.9021550018896
13442,-34.9047309555404
13443,-34.9073067175636
13444,-34.9098822879878
13445,-34.9124576668414
13446,-34.9150328541529
13447,-34.9176078499509
13448,-34.9201826542637
13449,-34.92275726712
13450,-34.9253316885481
13451,-34.9279059185765
13452,-34.9304799572337
13453,-34.9330538045481
13454,-34.9356274605482
13455,-34.9382009252624
13456,-34.9407741987192
13457,-34.9433472809469
13458,-34.945920171974
13459,-34.9484928718289
13460,-34.95106538054
13461,-34.9536376981358
13462,-34.9562098246445
13463,-34.9587817600946
13464,-34.9613535045145
13465,-34.9639250579325
13466,-34.9664964203771
13467,-34.9690675918766
13468,-34.9716385724592
13469,-34.9742093621535
13470,-34.9767799609877
13471,-34.9793503689902
13472,-34.9819205861892
13473,-34.9844906126132
13474,-34.9870604482905
13475,-34.9896300932493
13476,-34.9921995475179
13477,-34.9947688111247
13478,-34.997337884098
13479,-34.999906766466
13480,-35.002475458257
13481,-35.0050439594994
13482,-35.0076122702213
13483,-35.010180390451
13484,-35.0127483202168
13485,-35.0153160595469
13486,-35.0178836084696
13487,-35.0204509670131
13488,-35.0230181352057
13489,-35.0255851130755
13490,-35.0281519006508
13491,-35.0307184979599
13492,-35.0332849050308
13493,-35.0358511218918
13494,-35.0384171485711
13495,-35.0409829850969
13496,-35.0435486314973
13497,-35.0461140878006
13498,-35.0486793540349
13499,-35.0512444302283
13500,-35.0538093164091
13501,-35.0563740126053
13502,-35.0589385188451
13503,-35.0615028351567
13504,-35.0640669615682
13505,-35.0666308981076
13506,-35.0691946448032
13507,-35.071758201683
13508,-35.0743215687752
13509,-35.0768847461078
13510,-35.0794477337089
13511,-35.0820105316066
13512,-35.084573139829
13513,-35.0871355584042
13514,-35.0896977873602
13515,-35.0922598267251
13516,-35.094821676527
13517,-35.0973833367938
13518,-35.0999448075538
13519,-35.1025060888347
13520,-35.1050671806648
13521,-35.1076280830721
13522,-35.1101887960845
13523,-35.1127493197301
13524,-35.1153096540368
13525,-35.1178697990327
13526,-35.1204297547458
13527,-35.122989521204
13528,-35.1255490984353
13529,-35.1281084864678
13530,-35.1306676853293
13531,-35.1332266950479
13532,-35.1357855156514
13533,-35.138344147168
13534,-35.1409025896253
13535,-35.1434608430516
13536,-35.1460189074745
13537,-35.1485767829222
13538,-35.1511344694224
13539,-35.1536919670032
13540,-35.1562492756923
13541,-35.1588063955178
13542,-35.1613633265075
13543,-35.1639200686894
13544,-35.1664766220911
13545,-35.1690329867408
13546,-35.1715891626661
13547,-35.1741451498951
13548,-35.1767009484555
13549,-35.1792565583752
13550,-35.181811979682
13551,-35.1843672124039
13552,-35.1869222565685
13553,-35.1894771122038
13554,-35.1920317793375
13555,-35.1945862579975
13556,-35.1971405482116
13557,-35.1996946500076
13558,-35.2022485634132
13559,-35.2048022884563
13560,-35.2073558251647
13561,-35.2099091735661
13562,-35.2124623336883
13563,-35.215015305559
13564,-35.2175680892061
13565,-35.2201206846572
13566,-35.2226730919402
13567,-35.2252253110827
13568,-35.2277773421125
13569,-35.2303291850574
13570,-35.2328808399449
13571,-35.235432306803
13572,-35.2379835856592
13573,-35.2405346765413
13574,-35.2430855794769
13575,-35.2456362944938
13576,-35.2481868216197
13577,-35.2507371608821
13578,-35.2532873123089
13579,-35.2558372759276
13580,-35.258387051766
13581,-35.2609366398516
13582,-35.2634860402122
13583,-35.2660352528753
13584,-35.2685842778687
13585,-35.2711331152198
13586,-35.2736817649565
13587,-35.2762302271062
13588,-35.2787785016966
13589,-35.2813265887552
13590,-35.2838744883098
13591,-35.2864222003879
13592,-35.288969725017
13593,-35.2915170622248
13594,-35.2940642120388
13595,-35.2966111744867
13596,-35.2991579495959
13597,-35.301704537394
13598,-35.3042509379085
13599,-35.3067971511671
13600,-35.3093431771973
13601,-35.3118890160265
13602,-35.3144346676823
13603,-35.3169801321923
13604,-35.3195254095839
13605,-35.3220704998847
13606,-35.3246154031222
13607,-35.3271601193237
13608,-35.329704648517
13609,-35.3322489907293
13610,-35.3347931459883
13611,-35.3373371143213
13612,-35.3398808957559
13613,-35.3424244903195
13614,-35.3449678980396
13615,-35.3475111189435
13616,-35.3500541530588
13617,-35.3525970004129
13618,-35.3551396610332
13619,-35.3576821349472
13620,-35.3602244221821
13621,-35.3627665227656
13622,-35.3653084367249
13623,-35.3678501640875
13624,-35.3703917048808
13625,-35.3729330591321
13626,-35.3754742268688
13627,-35.3780152081183
13628,-35.380556002908
13629,-35.3830966112653
13630,-35.3856370332175
13631,-35.3881772687919
13632,-35.3907173180158
13633,-35.3932571809168
13634,-35.395796857522
13635,-35.3983363478587
13636,-35.4008756519544
13637,-35.4034147698364
13638,-35.4059537015318
13639,-35.4084924470681
13640,-35.4110310064726
13641,-35.4135693797724
13642,-35.416107566995
13643,-35.4186455681676
13644,-35.4211833833174
13645,-35.4237210124718
13646,-35.426258455658
13647,-35.4287957129032
13648,-35.4313327842347
13649,-35.4338696696798
13650,-35.4364063692656
13651,-35.4389428830194
13652,-35.4414792109685
13653,-35.44401535314
13654,-35.4465513095612
13655,-35.4490870802593
13656,-35.4516226652614
13657,-35.4541580645949
13658,-35.4566932782867
13659,-35.4592283063643
13660,-35.4617631488546
13661,-35.4642978057849
13662,-35.4668322771824
13663,-35.4693665630742
13664,-35.4719006634875
13665,-35.4744345784494
13666,-35.4769683079871
13667,-35.4795018521276
13668,-35.4820352108982
13669,-35.4845683843259
13670,-35.4871013724379
13671,-35.4896341752612
13672,-35.4921667928231
13673,-35.4946992251505
13674,-35.4972314722706
13675,-35.4997635342105
13676,-35.5022954109972
13677,-35.5048271026578
13678,-35.5073586092195
13679,-35.5098899307092
13680,-35.512421067154
13681,-35.514952018581
13682,-35.5174827850171
13683,-35.5200133664896
13684,-35.5225437630253
13685,-35.5250739746514
13686,-35.5276040013948
13687,-35.5301338432825
13688,-35.5326635003417
13689,-35.5351929725991
13690,-35.537722260082
13691,-35.5402513628173
13692,-35.5427802808318
13693,-35.5453090141528
13694,-35.547837562807
13695,-35.5503659268215
13696,-35.5528941062233
13697,-35.5554221010392
13698,-35.5579499112963
13699,-35.5604775370215
13700,-35.5630049782418
13701,-35.565532234984
13702,-35.5680593072751
13703,-35.570586195142
13704,-35.5731128986117
13705,-35.575639417711
13706,-35.5781657524669
13707,-35.5806919029062
13708,-35.5832178690559
13709,-35.5857436509428
13710,-35.5882692485939
13711,-35.5907946620359
13712,-35.5933198912957
13713,-35.5958449364003
13714,-35.5983697973765
13715,-35.6008944742511
13716,-35.603418967051
13717,-35.605943275803
13718,-35.6084674005339
13719,-35.6109913412706
13720,-35.6135150980399
13721,-35.6160386708687
13722,-35.6185620597836
13723,-35.6210852648116
13724,-35.6236082859794
13725,-35.6261311233139
13726,-35.6286537768418
13727,-35.6311762465898
13728,-35.6336985325848
13729,-35.6362206348536
13730,-35.6387425534228
13731,-35.6412642883194
13732,-35.6437858395699
13733,-35.6463072072012
13734,-35.64882839124
13735,-35.651349391713
13736,-35.6538702086469
13737,-35.6563908420686
13738,-35.6589112920047
13739,-35.6614315584818
13740,-35.6639516415268
13741,-35.6664715411663
13742,-35.6689912574271
13743,-35.6715107903357
13744,-35.6740301399189
13745,-35.6765493062033
13746,-35.6790682892157
13747,-35.6815870889827
13748,-35.6841057055309
13749,-35.686624138887
13750,-35.6891423890777
13751,-35.6916604561295
13752,-35.6941783400692
13753,-35.6966960409233
13754,-35.6992135587186
13755,-35.7017308934815
13756,-35.7042480452387
13757,-35.7067650140169
13758,-35.7092817998425
13759,-35.7117984027423
13760,-35.7143148227428
13761,-35.7168310598705
13762,-35.7193471141522
13763,-35.7218629856142
13764,-35.7243786742833
13765,-35.7268941801859
13766,-35.7294095033486
13767,-35.731924643798
13768,-35.7344396015606
13769,-35.736954376663
13770,-35.7394689691316
13771,-35.741983378993
13772,-35.7444976062737
13773,-35.7470116510003
13774,-35.7495255131992
13775,-35.7520391928969
13776,-35.75455269012
13777,-35.7570660048949
13778,-35.7595791372481
13779,-35.7620920872061
13780,-35.7646048547954
13781,-35.7671174400424
13782,-35.7696298429737
13783,-35.7721420636155
13784,-35.7746541019945
13785,-35.777165958137
13786,-35.7796776320695
13787,-35.7821891238184
13788,-35.7847004334102
13789,-35.7872115608712
13790,-35.789722506228
13791,-35.7922332695068
13792,-35.7947438507341
13793,-35.7972542499363
13794,-35.7997644671398
13795,-35.802274502371
13796,-35.8047843556562
13797,-35.8072940270219
13798,-35.8098035164944
13799,-35.8123128241
13800,-35.8148219498652
13801,-35.8173308938162
13802,-35.8198396559795
13803,-35.8223482363814
13804,-35.8248566350481
13805,-35.8273648520061
13806,-35.8298728872816
13807,-35.832380740901
13808,-35.8348884128906
13809,-35.8373959032768
13810,-35.8399032120857
13811,-35.8424103393436
13812,-35.844917285077
13813,-35.8474240493121
13814,-35.849930632075
13815,-35.8524370333922
13816,-35.8549432532899
13817,-35.8574492917943
13818,-35.8599551489318
13819,-35.8624608247285
13820,-35.8649663192106
13821,-35.8674716324045
13822,-35.8699767643364
13823,-35.8724817150325
13824,-35.874986484519
13825,-35.8774910728221
13826,-35.8799954799681
13827,-35.8824997059831
13828,-35.8850037508933
13829,-35.887507614725
13830,-35.8900112975043
13831,-35.8925147992574
13832,-35.8950181200105
13833,-35.8975212597897
13834,-35.9000242186213
13835,-35.9025269965313
13836,-35.905029593546
13837,-35.9075320096914
13838,-35.9100342449938
13839,-35.9125362994792
13840,-35.9150381731738
13841,-35.9175398661037
13842,-35.9200413782951
13843,-35.9225427097739
13844,-35.9250438605665
13845,-35.9275448306988
13846,-35.9300456201969
13847,-35.932546229087
13848,-35.9350466573951
13849,-35.9375469051473
13850,-35.9400469723696
13851,-35.9425468590883
13852,-35.9450465653292
13853,-35.9475460911185
13854,-35.9500454364822
13855,-35.9525446014464
13856,-35.9550435860371
13857,-35.9575423902804
13858,-35.9600410142022
13859,-35.9625394578286
13860,-35.9650377211856
13861,-35.9675358042992
13862,-35.9700337071954
13863,-35.9725314299003
13864,-35.9750289724398
13865,-35.9775263348399
13866,-35.9800235171266
13867,-35.9825205193259
13868,-35.9850173414637
13869,-35.9875139835661
13870,-35.9900104456589
13871,-35.9925067277681
13872,-35.9950028299198
13873,-35.9974987521397
13874,-35.9999944944539
13875,-36.0024900568884
13876,-36.0049854394689
13877,-36.0074806422215
13878,-36.009975665172
13879,-36.0124705083465
13880,-36.0149651717707
13881,-36.0174596554706
13882,-36.019953959472
13883,-36.022448083801
13884,-36.0249420284832
13885,-36.0274357935447
13886,-36.0299293790113
13887,-36.0324227849089
13888,-36.0349160112632
13889,-36.0374090581003
13890,-36.0399019254458
13891,-36.0423946133258
13892,-36.0448871217659
13893,-36.0473794507921
13894,-36.0498716004302
13895,-36.0523635707059
13896,-36.0548553616452
13897,-36.0573469732737
13898,-36.0598384056174
13899,-36.062329658702
13900,-36.0648207325533
13901,-36.0673116271971
13902,-36.0698023426592
13903,-36.0722928789654
13904,-36.0747832361413
13905,-36.0772734142129
13906,-36.0797634132059
13907,-36.0822532331459
13908,-36.0847428740588
13909,-36.0872323359703
13910,-36.0897216189062
13911,-36.0922107228921
13912,-36.0946996479538
13913,-36.0971883941171
13914,-36.0996769614076
13915,-36.102165349851
13916,-36.1046535594731
13917,-36.1071415902995
13918,-36.109629442356
13919,-36.1121171156683
13920,-36.1146046102619
13921,-36.1170919261626
13922,-36.1195790633962
13923,-36.1220660219881
13924,-36.1245528019641
13925,-36.1270394033499
13926,-36.1295258261711
13927,-36.1320120704533
13928,-36.1344981362222
13929,-36.1369840235034
13930,-36.1394697323225
13931,-36.1419552627052
13932,-36.1444406146771
13933,-36.1469257882637
13934,-36.1494107834908
13935,-36.1518956003838
13936,-36.1543802389685
13937,-36.1568646992703
13938,-36.1593489813149
13939,-36.1618330851278
13940,-36.1643170107346
13941,-36.1668007581609
13942,-36.1692843274322
13943,-36.1717677185741
13944,-36.1742509316122
13945,-36.1767339665719
13946,-36.1792168234789
13947,-36.1816995023586
13948,-36.1841820032366
13949,-36.1866643261385
13950,-36.1891464710896
13951,-36.1916284381156
13952,-36.194110227242
13953,-36.1965918384942
13954,-36.1990732718977
13955,-36.201554527478
13956,-36.2040356052607
13957,-36.2065165052712
13958,-36.2089972275349
13959,-36.2114777720774
13960,-36.2139581389241
13961,-36.2164383281004
13962,-36.2189183396318
13963,-36.2213981735438
13964,-36.2238778298618
13965,-36.2263573086112
13966,-36.2288366098175
13967,-36.231315733506
13968,-36.2337946797023
13969,-36.2362734484317
13970,-36.2387520397195
13971,-36.2412304535914
13972,-36.2437086900725
13973,-36.2461867491883
13974,-36.2486646309643
13975,-36.2511423354257
13976,-36.253619862598
13977,-36.2560972125065
13978,-36.2585743851765
13979,-36.2610513806336
13980,-36.2635281989029
13981,-36.2660048400099
13982,-36.2684813039798
13983,-36.2709575908381
13984,-36.2734337006101
13985,-36.275909633321
13986,-36.2783853889963
13987,-36.2808609676611
13988,-36.2833363693409
13989,-36.2858115940609
13990,-36.2882866418465
13991,-36.2907615127229
13992,-36.2932362067154
13993,-36.2957107238493
13994,-36.2981850641499
13995,-36.3006592276424
13996,-36.3031332143521
13997,-36.3056070243043
13998,-36.3080806575243
13999,-36.3105541140372
14000,-36.3130273938683
14001,-36.3155004970429
14002,-36.3179734235862
14003,-36.3204461735235
14004,-36.3229187468798
14005,-36.3253911436806
14006,-36.3278633639509
14007,-36.330335407716
14008,-36.3328072750011
14009,-36.3352789658314
14010,-36.3377504802321
14011,-36.3402218182283
14012,-36.3426929798452
14013,-36.3451639651081
14014,-36.3476347740421
14015,-36.3501054066723
14016,-36.3525758630239
14017,-36.3550461431221
14018,-36.3575162469919
14019,-36.3599861746587
14020,-36.3624559261474
14021,-36.3649255014832
14022,-36.3673949006913
14023,-36.3698641237967
14024,-36.3723331708246
14025,-36.3748020418002
14026,-36.3772707367484
14027,-36.3797392556943
14028,-36.3822075986632
14029,-36.3846757656801
14030,-36.38714375677
14031,-36.3896115719581
14032,-36.3920792112693
14033,-36.3945466747289
14034,-36.3970139623617
14035,-36.399481074193
14036,-36.4019480102477
14037,-36.4044147705509
14038,-36.4068813551277
14039,-36.409347764003
14040,-36.4118139972019
14041,-36.4142800547494
14042,-36.4167459366706
14043,-36.4192116429904
14044,-36.4216771737339
14045,-36.424142528926
14046,-36.4266077085918
14047,-36.4290727127562
14048,-36.4315375414443
14049,-36.434002194681
14050,-36.4364666724913
14051,-36.4389309749002
14052,-36.4413951019326
14053,-36.4438590536136
14054,-36.4463228299679
14055,-36.4487864310207
14056,-36.4512498567968
14057,-36.4537131073211
14058,-36.4561761826187
14059,-36.4586390827145
14060,-36.4611018076333
14061,-36.4635643574001
14062,-36.4660267320397
14063,-36.4684889315772
14064,-36.4709509560374
14065,-36.4734128054452
14066,-36.4758744798255
14067,-36.4783359792032
14068,-36.4807973036031
14069,-36.4832584530502
14070,-36.4857194275692
14071,-36.4881802271851
14072,-36.4906408519228
14073,-36.493101301807
14074,-36.4955615768627
14075,-36.4980216771146
14076,-36.5004816025877
14077,-36.5029413533067
14078,-36.5054009292964
14079,-36.5078603305818
14080,-36.5103195571876
14081,-36.5127786091386
14082,-36.5152374864596
14083,-36.5176961891754
14084,-36.5201547173109
14085,-36.5226130708908
14086,-36.5250712499398
14087,-36.5275292544829
14088,-36.5299870845447
14089,-36.5324447401501
14090,-36.5349022213237
14091,-36.5373595280904
14092,-36.5398166604749
14093,-36.5422736185019
14094,-36.5447304021962
14095,-36.5471870115826
14096,-36.5496434466857
14097,-36.5520997075303
14098,-36.5545557941411
14099,-36.5570117065428
14100,-36.5594674447602
14101,-36.5619230088179
14102,-36.5643783987407
14103,-36.5668336145532
14104,-36.5692886562801
14105,-36.5717435239461
14106,-36.574198217576
14107,-36.5766527371943
14108,-36.5791070828258
14109,-36.581561254495
14110,-36.5840152522268
14111,-36.5864690760456
14112,-36.5889227259762
14113,-36.5913762020432
14114,-36.5938295042713
14115,-36.5962826326851
14116,-36.5987355873091
14117,-36.6011883681681
14118,-36.6036409752866
14119,-36.6060934086893
14120,-36.6085456684008
14121,-36.6109977544456
14122,-36.6134496668483
14123,-36.6159014056337
14124,-36.6183529708261
14125,-36.6208043624503
14126,-36.6232555805308
14127,-36.6257066250921
14128,-36.6281574961589
14129,-36.6306081937557
14130,-36.633058717907
14131,-36.6355090686374
14132,-36.6379592459714
14133,-36.6404092499336
14134,-36.6428590805485
14135,-36.6453087378406
14136,-36.6477582218345
14137,-36.6502075325547
14138,-36.6526566700257
14139,-36.6551056342719
14140,-36.657554425318
14141,-36.6600030431884
14142,-36.6624514879075
14143,-36.6648997594999
14144,-36.6673478579901
14145,-36.6697957834025
14146,-36.6722435357616
14147,-36.6746911150919
14148,-36.6771385214178
14149,-36.6795857547638
14150,-36.6820328151543
14151,-36.6844797026138
14152,-36.6869264171667
14153,-36.6893729588375
14154,-36.6918193276506
14155,-36.6942655236304
14156,-36.6967115468013
14157,-36.6991573971877
14158,-36.7016030748141
14159,-36.7040485797049
14160,-36.7064939118844
14161,-36.708939071377
14162,-36.7113840582072
14163,-36.7138288723993
14164,-36.7162735139777
14165,-36.7187179829668
14166,-36.7211622793909
14167,-36.7236064032744
14168,-36.7260503546417
14169,-36.728494133517
14170,-36.7309377399249
14171,-36.7333811738895
14172,-36.7358244354353
14173,-36.7382675245865
14174,-36.7407104413675
14175,-36.7431531858026
14176,-36.7455957579162
14177,-36.7480381577325
14178,-36.7504803852758
14179,-36.7529224405705
14180,-36.7553643236408
14181,-36.7578060345111
14182,-36.7602475732055
14183,-36.7626889397485
14184,-36.7651301341643
14185,-36.767571156477
14186,-36.7700120067111
14187,-36.7724526848908
14188,-36.7748931910403
14189,-36.7773335251838
14190,-36.7797736873457
14191,-36.7822136775501
14192,-36.7846534958213
14193,-36.7870931421835
14194,-36.7895326166609
14195,-36.7919719192778
14196,-36.7944110500584
14197,-36.7968500090269
14198,-36.7992887962074
14199,-36.8017274116242
14200,-36.8041658553015
14201,-36.8066041272634
14202,-36.8090422275342
14203,-36.811480156138
14204,-36.813917913099
14205,-36.8163554984414
14206,-36.8187929121893
14207,-36.8212301543669
14208,-36.8236672249983
14209,-36.8261041241077
14210,-36.8285408517192
14211,-36.8309774078569
14212,-36.8334137925451
14213,-36.8358500058077
14214,-36.838286047669
14215,-36.8407219181531
14216,-36.843157617284
14217,-36.8455931450859
14218,-36.8480285015829
14219,-36.850463686799
14220,-36.8528987007584
14221,-36.8553335434851
14222,-36.8577682150033
14223,-36.860202715337
14224,-36.8626370445102
14225,-36.8650712025471
14226,-36.8675051894717
14227,-36.869939005308
14228,-36.8723726500801
14229,-36.8748061238121
14230,-36.877239426528
14231,-36.8796725582518
14232,-36.8821055190076
14233,-36.8845383088193
14234,-36.886970927711
14235,-36.8894033757068
14236,-36.8918356528306
14237,-36.8942677591064
14238,-36.8966996945582
14239,-36.8991314592101
14240,-36.901563053086
14241,-36.9039944762098
14242,-36.9064257286057
14243,-36.9088568102975
14244,-36.9112877213092
14245,-36.9137184616649
14246,-36.9161490313883
14247,-36.9185794305036
14248,-36.9210096590346
14249,-36.9234397170053
14250,-36.9258696044396
14251,-36.9282993213615
14252,-36.9307288677949
14253,-36.9331582437637
14254,-36.9355874492919
14255,-36.9380164844033
14256,-36.9404453491219
14257,-36.9428740434715
14258,-36.9453025674761
14259,-36.9477309211595
14260,-36.9501591045457
14261,-36.9525871176586
14262,-36.9550149605219
14263,-36.9574426331596
14264,-36.9598701355956
14265,-36.9622974678537
14266,-36.9647246299578
14267,-36.9671516219316
14268,-36.9695784437992
14269,-36.9720050955843
14270,-36.9744315773108
14271,-36.9768578890024
14272,-36.979284030683
14273,-36.9817100023765
14274,-36.9841358041067
14275,-36.9865614358974
14276,-36.9889868977723
14277,-36.9914121897553
14278,-36.9938373118702
14279,-36.9962622641408
14280,-36.9986870465908
14281,-37.0011116592441
14282,-37.0035361021245
14283,-37.0059603752556
14284,-37.0083844786613
14285,-37.0108084123653
14286,-37.0132321763915
14287,-37.0156557707635
14288,-37.0180791955051
14289,-37.02050245064
14290,-37.022925536192
14291,-37.0253484521849
14292,-37.0277711986422
14293,-37.0301937755878
14294,-37.0326161830455
14295,-37.0350384210388
14296,-37.0374604895915
14297,-37.0398823887273
14298,-37.04230411847
14299,-37.0447256788431
14300,-37.0471470698705
14301,-37.0495682915757
14302,-37.0519893439825
14303,-37.0544102271145
14304,-37.0568309409954
14305,-37.0592514856488
14306,-37.0616718610985
14307,-37.0640920673681
14308,-37.0665121044811
14309,-37.0689319724614
14310,-37.0713516713325
14311,-37.073771201118
14312,-37.0761905618415
14313,-37.0786097535268
14314,-37.0810287761974
14315,-37.0834476298769
14316,-37.085866314589
14317,-37.0882848303572
14318,-37.0907031772051
14319,-37.0931213551564
14320,-37.0955393642346
14321,-37.0979572044633
14322,-37.1003748758661
14323,-37.1027923784666
14324,-37.1052097122883
14325,-37.1076268773548
14326,-37.1100438736897
14327,-37.1124607013165
14328,-37.1148773602588
14329,-37.1172938505401
14330,-37.1197101721839
14331,-37.1221263252138
14332,-37.1245423096534
14333,-37.1269581255261
14334,-37.1293737728555
14335,-37.131789251665
14336,-37.1342045619782
14337,-37.1366197038187
14338,-37.1390346772098
14339,-37.1414494821751
14340,-37.1438641187381
14341,-37.1462785869223
14342,-37.1486928867512
14343,-37.1511070182482
14344,-37.1535209814367
14345,-37.1559347763404
14346,-37.1583484029826
14347,-37.1607618613867
14348,-37.1631751515763
14349,-37.1655882735748
14350,-37.1680012274056
14351,-37.1704140130922
14352,-37.172826630658
14353,-37.1752390801264
14354,-37.1776513615209
14355,-37.1800634748648
14356,-37.1824754201816
14357,-37.1848871974947
14358,-37.1872988068275
14359,-37.1897102482033
14360,-37.1921215216457
14361,-37.1945326271779
14362,-37.1969435648233
14363,-37.1993543346054
14364,-37.2017649365475
14365,-37.204175370673
14366,-37.2065856370052
14367,-37.2089957355675
14368,-37.2114056663833
14369,-37.2138154294758
14370,-37.2162250248685
14371,-37.2186344525847
14372,-37.2210437126477
14373,-37.2234528050808
14374,-37.2258617299074
14375,-37.2282704871508
14376,-37.2306790768343
14377,-37.2330874989813
14378,-37.2354957536149
14379,-37.2379038407586
14380,-37.2403117604356
14381,-37.2427195126692
14382,-37.2451270974827
14383,-37.2475345148993
14384,-37.2499417649425
14385,-37.2523488476353
14386,-37.2547557630012
14387,-37.2571625110632
14388,-37.2595690918448
14389,-37.2619755053692
14390,-37.2643817516596
14391,-37.2667878307392
14392,-37.2691937426313
14393,-37.2715994873591
14394,-37.2740050649459
14395,-37.2764104754149
14396,-37.2788157187892
14397,-37.2812207950921
14398,-37.2836257043469
14399,-37.2860304465766
14400,-37.2884350218046
14401,-37.290839430054
14402,-37.293243671348
14403,-37.2956477457097
14404,-37.2980516531625
14405,-37.3004553937293
14406,-37.3028589674335
14407,-37.3052623742981
14408,-37.3076656143464
14409,-37.3100686876014
14410,-37.3124715940864
14411,-37.3148743338244
14412,-37.3172769068387
14413,-37.3196793131523
14414,-37.3220815527884
14415,-37.3244836257702
14416,-37.3268855321207
14417,-37.329287271863
14418,-37.3316888450203
14419,-37.3340902516156
14420,-37.3364914916722
14421,-37.338892565213
14422,-37.3412934722611
14423,-37.3436942128398
14424,-37.3460947869719
14425,-37.3484951946807
14426,-37.3508954359892
14427,-37.3532955109204
14428,-37.3556954194974
14429,-37.3580951617433
14430,-37.3604947376812
14431,-37.362894147334
14432,-37.3652933907249
14433,-37.3676924678768
14434,-37.3700913788128
14435,-37.372490123556
14436,-37.3748887021293
14437,-37.3772871145558
14438,-37.3796853608585
14439,-37.3820834410604
14440,-37.3844813551845
14441,-37.3868791032539
14442,-37.3892766852914
14443,-37.3916741013201
14444,-37.3940713513631
14445,-37.3964684354432
14446,-37.3988653535835
14447,-37.4012621058069
14448,-37.4036586921363
14449,-37.4060551125949
14450,-37.4084513672054
14451,-37.4108474559909
14452,-37.4132433789744
14453,-37.4156391361787
14454,-37.4180347276268
14455,-37.4204301533416
14456,-37.4228254133461
14457,-37.4252205076632
14458,-37.4276154363158
14459,-37.4300101993269
14460,-37.4324047967193
14461,-37.4347992285159
14462,-37.4371934947397
14463,-37.4395875954135
14464,-37.4419815305602
14465,-37.4443753002028
14466,-37.4467689043641
14467,-37.449162343067
14468,-37.4515556163343
14469,-37.453948724189
14470,-37.4563416666538
14471,-37.4587344437517
14472,-37.4611270555055
14473,-37.4635195019381
14474,-37.4659117830722
14475,-37.4683038989308
14476,-37.4706958495367
14477,-37.4730876349126
14478,-37.4754792550815
14479,-37.4778707100661
14480,-37.4802619998894
14481,-37.4826531245739
14482,-37.4850440841427
14483,-37.4874348786185
14484,-37.489825508024
14485,-37.4922159723821
14486,-37.4946062717156
14487,-37.4969964060472
14488,-37.4993863753998
14489,-37.501776179796
14490,-37.5041658192587
14491,-37.5065552938107
14492,-37.5089446034746
14493,-37.5113337482733
14494,-37.5137227282295
14495,-37.516111543366
14496,-37.5185001937054
14497,-37.5208886792705
14498,-37.5232770000841
14499,-37.5256651561689
14500,-37.5280531475476
14501,-37.5304409742428
14502,-37.5328286362775
14503,-37.5352161336741
14504,-37.5376034664555
14505,-37.5399906346444
14506,-37.5423776382633
14507,-37.5447644773351
14508,-37.5471511518824
14509,-37.5495376619279
14510,-37.5519240074943
14511,-37.5543101886042
14512,-37.5566962052803
14513,-37.5590820575452
14514,-37.5614677454217
14515,-37.5638532689323
14516,-37.5662386280998
14517,-37.5686238229466
14518,-37.5710088534956
14519,-37.5733937197694
14520,-37.5757784217904
14521,-37.5781629595815
14522,-37.5805473331652
14523,-37.582931542564
14524,-37.5853155878007
14525,-37.5876994688978
14526,-37.590083185878
14527,-37.5924667387637
14528,-37.5948501275777
14529,-37.5972333523425
14530,-37.5996164130806
14531,-37.6019993098147
14532,-37.6043820425674
14533,-37.6067646113611
14534,-37.6091470162185
14535,-37.6115292571621
14536,-37.6139113342145
14537,-37.6162932473982
14538,-37.6186749967358
14539,-37.6210565822498
14540,-37.6234380039627
14541,-37.6258192618971
14542,-37.6282003560755
14543,-37.6305812865204
14544,-37.6329620532543
14545,-37.6353426562998
14546,-37.6377230956793
14547,-37.6401033714154
14548,-37.6424834835305
14549,-37.6448634320472
14550,-37.6472432169879
14551,-37.6496228383752
14552,-37.6520022962314
14553,-37.6543815905791
14554,-37.6567607214408
14555,-37.6591396888388
14556,-37.6615184927957
14557,-37.663897133334
14558,-37.666275610476
14559,-37.6686539242442
14560,-37.6710320746611
14561,-37.6734100617491
14562,-37.6757878855307
14563,-37.6781655460282
14564,-37.6805430432641
14565,-37.6829203772608
14566,-37.6852975480407
14567,-37.6876745556263
14568,-37.6900514000398
14569,-37.6924280813039
14570,-37.6948045994407
14571,-37.6971809544728
14572,-37.6995571464225
14573,-37.7019331753122
14574,-37.7043090411642
14575,-37.706684744001
14576,-37.7090602838449
14577,-37.7114356607183
14578,-37.7138108746436
14579,-37.716185925643
14580,-37.7185608137389
14581,-37.7209355389538
14582,-37.7233101013098
14583,-37.7256845008294
14584,-37.728058737535
14585,-37.7304328114487
14586,-37.732806722593
14587,-37.7351804709901
14588,-37.7375540566624
14589,-37.7399274796322
14590,-37.7423007399218
14591,-37.7446738375535
14592,-37.7470467725495
14593,-37.7494195449323
14594,-37.7517921547239
14595,-37.7541646019469
14596,-37.7565368866233
14597,-37.7589090087755
14598,-37.7612809684258
14599,-37.7636527655964
14600,-37.7660244003095
14601,-37.7683958725875
14602,-37.7707671824526
14603,-37.773138329927
14604,-37.775509315033
14605,-37.7778801377927
14606,-37.7802507982285
14607,-37.7826212963625
14608,-37.7849916322171
14609,-37.7873618058143
14610,-37.7897318171764
14611,-37.7921016663256
14612,-37.7944713532842
14613,-37.7968408780742
14614,-37.799210240718
14615,-37.8015794412377
14616,-37.8039484796555
14617,-37.8063173559935
14618,-37.808686070274
14619,-37.8110546225191
14620,-37.8134230127509
14621,-37.8157912409917
14622,-37.8181593072637
14623,-37.8205272115888
14624,-37.8228949539894
14625,-37.8252625344875
14626,-37.8276299531053
14627,-37.829997209865
14628,-37.8323643047886
14629,-37.8347312378982
14630,-37.8370980092161
14631,-37.8394646187643
14632,-37.8418310665649
14633,-37.8441973526401
14634,-37.8465634770119
14635,-37.8489294397024
14636,-37.8512952407338
14637,-37.8536608801281
14638,-37.8560263579075
14639,-37.8583916740939
14640,-37.8607568287094
14641,-37.8631218217763
14642,-37.8654866533164
14643,-37.8678513233519
14644,-37.8702158319048
14645,-37.8725801789972
14646,-37.8749443646512
14647,-37.8773083888887
14648,-37.8796722517318
14649,-37.8820359532026
14650,-37.8843994933231
14651,-37.8867628721152
14652,-37.8891260896012
14653,-37.8914891458028
14654,-37.8938520407422
14655,-37.8962147744414
14656,-37.8985773469224
14657,-37.9009397582071
14658,-37.9033020083176
14659,-37.9056640972759
14660,-37.9080260251039
14661,-37.9103877918237
14662,-37.9127493974571
14663,-37.9151108420262
14664,-37.917472125553
14665,-37.9198332480594
14666,-37.9221942095673
14667,-37.9245550100988
14668,-37.9269156496757
14669,-37.9292761283201
14670,-37.9316364460538
14671,-37.9339966028988
14672,-37.936356598877
14673,-37.9387164340104
14674,-37.9410761083209
14675,-37.9434356218304
14676,-37.9457949745608
14677,-37.948154166534
14678,-37.9505131977719
14679,-37.9528720682965
14680,-37.9552307781295
14681,-37.957589327293
14682,-37.9599477158088
14683,-37.9623059436988
14684,-37.9646640109849
14685,-37.9670219176889
14686,-37.9693796638327
14687,-37.9717372494381
14688,-37.9740946745271
14689,-37.9764519391215
14690,-37.9788090432431
14691,-37.9811659869139
14692,-37.9835227701555
14693,-37.9858793929899
14694,-37.988235855439
14695,-37.9905921575244
14696,-37.9929482992681
14697,-37.9953042806919
14698,-37.9976601018176
14699,-38.000015762667
14700,-38.0023712632619
14701,-38.0047266036241
14702,-38.0070817837754
14703,-38.0094368037376
14704,-38.0117916635326
14705,-38.014146363182
14706,-38.0165009027076
14707,-38.0188552821313
14708,-38.0212095014748
14709,-38.0235635607599
14710,-38.0259174600084
14711,-38.0282711992419
14712,-38.0306247784822
14713,-38.0329781977512
14714,-38.0353314570705
14715,-38.0376845564619
14716,-38.0400374959471
14717,-38.0423902755479
14718,-38.0447428952859
14719,-38.047095355183
14720,-38.0494476552607
14721,-38.0517997955409
14722,-38.0541517760453
14723,-38.0565035967955
14724,-38.0588552578132
14725,-38.0612067591202
14726,-38.0635581007381
14727,-38.0659092826886
14728,-38.0682603049935
14729,-38.0706111676743
14730,-38.0729618707528
14731,-38.0753124142506
14732,-38.0776627981894
14733,-38.0800130225909
14734,-38.0823630874767
14735,-38.0847129928684
14736,-38.0870627387878
14737,-38.0894123252564
14738,-38.0917617522959
14739,-38.0941110199279
14740,-38.0964601281741
14741,-38.0988090770561
14742,-38.1011578665954
14743,-38.1035064968138
14744,-38.1058549677329
14745,-38.1082032793741
14746,-38.1105514317592
14747,-38.1128994249098
14748,-38.1152472588474
14749,-38.1175949335936
14750,-38.11994244917
14751,-38.1222898055982
14752,-38.1246370028998
14753,-38.1269840410964
14754,-38.1293309202095
14755,-38.1316776402606
14756,-38.1340242012714
14757,-38.1363706032634
14758,-38.1387168462581
14759,-38.1410629302771
14760,-38.1434088553419
14761,-38.1457546214741
14762,-38.1481002286953
14763,-38.1504456770268
14764,-38.1527909664903
14765,-38.1551360971073
14766,-38.1574810688993
14767,-38.1598258818878
14768,-38.1621705360943
14769,-38.1645150315403
14770,-38.1668593682474
14771,-38.1692035462369
14772,-38.1715475655305
14773,-38.1738914261495
14774,-38.1762351281155
14775,-38.1785786714499
14776,-38.1809220561742
14777,-38.18326528231
14778,-38.1856083498785
14779,-38.1879512589014
14780,-38.1902940094
14781,-38.1926366013959
14782,-38.1949790349104
14783,-38.197321309965
14784,-38.1996634265811
14785,-38.2020053847802
14786,-38.2043471845837
14787,-38.206688826013
14788,-38.2090303090896
14789,-38.2113716338348
14790,-38.2137128002701
14791,-38.2160538084168
14792,-38.2183946582964
14793,-38.2207353499303
14794,-38.2230758833399
14795,-38.2254162585465
14796,-38.2277564755716
14797,-38.2300965344365
14798,-38.2324364351626
14799,-38.2347761777713
14800,-38.2371157622839
14801,-38.2394551887218
14802,-38.2417944571064
14803,-38.244133567459
14804,-38.246472519801
14805,-38.2488113141537
14806,-38.2511499505385
14807,-38.2534884289766
14808,-38.2558267494895
14809,-38.2581649120985
14810,-38.2605029168248
14811,-38.2628407636898
14812,-38.2651784527148
14813,-38.2675159839212
14814,-38.2698533573302
14815,-38.2721905729632
14816,-38.2745276308414
14817,-38.2768645309861
14818,-38.2792012734187
14819,-38.2815378581604
14820,-38.2838742852324
14821,-38.2862105546562
14822,-38.2885466664529
14823,-38.2908826206437
14824,-38.2932184172501
14825,-38.2955540562932
14826,-38.2978895377943
14827,-38.3002248617746
14828,-38.3025600282555
14829,-38.304895037258
14830,-38.3072298888036
14831,-38.3095645829133
14832,-38.3118991196085
14833,-38.3142334989103
14834,-38.31656772084
14835,-38.3189017854188
14836,-38.321235692668
14837,-38.3235694426086
14838,-38.325903035262
14839,-38.3282364706493
14840,-38.3305697487917
14841,-38.3329028697104
14842,-38.3352358334267
14843,-38.3375686399616
14844,-38.3399012893364
14845,-38.3422337815722
14846,-38.3445661166902
14847,-38.3468982947116
14848,-38.3492303156575
14849,-38.3515621795491
14850,-38.3538938864075
14851,-38.3562254362539
14852,-38.3585568291095
14853,-38.3608880649953
14854,-38.3632191439326
14855,-38.3655500659424
14856,-38.3678808310458
14857,-38.3702114392641
14858,-38.3725418906182
14859,-38.3748721851294
14860,-38.3772023228187
14861,-38.3795323037073
14862,-38.3818621278162
14863,-38.3841917951665
14864,-38.3865213057794
14865,-38.3888506596759
14866,-38.3911798568771
14867,-38.3935088974041
14868,-38.3958377812779
14869,-38.3981665085197
14870,-38.4004950791505
14871,-38.4028234931913
14872,-38.4051517506633
14873,-38.4074798515874
14874,-38.4098077959848
14875,-38.4121355838765
14876,-38.4144632152834
14877,-38.4167906902268
14878,-38.4191180087275
14879,-38.4214451708066
14880,-38.4237721764852
14881,-38.4260990257842
14882,-38.4284257187247
14883,-38.4307522553278
14884,-38.4330786356143
14885,-38.4354048596053
14886,-38.4377309273218
14887,-38.4400568387848
14888,-38.4423825940154
14889,-38.4447081930344
14890,-38.4470336358628
14891,-38.4493589225217
14892,-38.451684053032
14893,-38.4540090274147
14894,-38.4563338456908
14895,-38.4586585078812
14896,-38.4609830140068
14897,-38.4633073640886
14898,-38.4656315581477
14899,-38.4679555962048
14900,-38.470279478281
14901,-38.4726032043972
14902,-38.4749267745743
14903,-38.4772501888333
14904,-38.479573447195
14905,-38.4818965496805
14906,-38.4842194963105
14907,-38.4865422871061
14908,-38.4888649220881
14909,-38.4911874012775
14910,-38.493509724695
14911,-38.4958318923617
14912,-38.4981539042985
14913,-38.5004757605261
14914,-38.5027974610655
14915,-38.5051190059375
14916,-38.5074403951631
14917,-38.5097616287631
14918,-38.5120827067584
14919,-38.5144036291698
14920,-38.5167243960181
14921,-38.5190450073243
14922,-38.5213654631092
14923,-38.5236857633937
14924,-38.5260059081984
14925,-38.5283258975444
14926,-38.5306457314525
14927,-38.5329654099434
14928,-38.5352849330379
14929,-38.537604300757
14930,-38.5399235131214
14931,-38.5422425701519
14932,-38.5445614718694
14933,-38.5468802182946
14934,-38.5491988094483
14935,-38.5515172453514
14936,-38.5538355260246
14937,-38.5561536514887
14938,-38.5584716217644
14939,-38.5607894368727
14940,-38.5631070968341
14941,-38.5654246016696
14942,-38.5677419513998
14943,-38.5700591460456
14944,-38.5723761856276
14945,-38.5746930701667
14946,-38.5770097996836
14947,-38.5793263741989
14948,-38.5816427937336
14949,-38.5839590583083
14950,-38.5862751679436
14951,-38.5885911226605
14952,-38.5909069224795
14953,-38.5932225674215
14954,-38.595538057507
14955,-38.5978533927569
14956,-38.6001685731918
14957,-38.6024835988324
14958,-38.6047984696995
14959,-38.6071131858137
14960,-38.6094277471957
14961,-38.6117421538662
14962,-38.6140564058459
14963,-38.6163705031555
14964,-38.6186844458156
14965,-38.6209982338468
14966,-38.62331186727
14967,-38.6256253461057
14968,-38.6279386703745
14969,-38.6302518400972
14970,-38.6325648552944
14971,-38.6348777159867
14972,-38.6371904221948
14973,-38.6395029739393
14974,-38.6418153712408
14975,-38.64412761412
14976,-38.6464397025974
14977,-38.6487516366938
14978,-38.6510634164297
14979,-38.6533750418257
14980,-38.6556865129025
14981,-38.6579978296805
14982,-38.6603089921806
14983,-38.6626200004231
14984,-38.6649308544288
14985,-38.6672415542182
14986,-38.6695520998119
14987,-38.6718624912305
14988,-38.6741727284945
14989,-38.6764828116245
14990,-38.6787927406411
14991,-38.6811025155648
14992,-38.6834121364162
14993,-38.6857216032159
14994,-38.6880309159844
14995,-38.6903400747422
14996,-38.6926490795099
14997,-38.694957930308
14998,-38.6972666271571
14999,-38.6995751700777
15000,-38.7018835590903
