"f","l_density"
20,-50.0985719480786
21,-48.409228078685
22,-46.7984873780801
23,-45.2593592800069
24,-43.7857462080675
25,-42.3722976707819
26,-41.014292989989
27,-39.707546173452
28,-38.4483280959927
29,-37.2333023423135
30,-36.0594719307708
31,-34.9241347760902
32,-33.8248462253753
33,-32.7593873607724
34,-31.7257380353671
35,-30.7220538186961
36,-29.7466461907598
37,-28.7979654502805
38,-27.8745859027292
39,-26.9751929726813
40,-26.0985719480786
41,-25.2435981145412
42,-24.409228078685
43,-23.5944921125249
44,-22.7984873780801
45,-22.0203719134631
46,-21.2593592800069
47,-20.514713785112
48,-19.7857462080675
49,-19.0718099666103
50,-18.3722976707819
51,-17.6866380180594
52,-17.014292989989
53,-16.3547553158585
54,-15.707546173452
55,-15.0722131007834
56,-14.4483280959927
57,-13.8354858854214
58,-13.2333023423135
59,-12.6414130406911
60,-12.0594719307708
61,-11.487150123866
62,-10.9241347760902
63,-10.3701280613773
64,-9.82484622537525
65,-9.28801871269235
66,-8.75938736077237
67,-8.23870565438872
68,-7.72573803536711
69,-7.2202592626992
70,-6.72205381869606
71,-6.23091535726289
72,-5.74664619075975
73,-5.26905681225485
74,-4.79796545028046
75,-4.33319765347412
76,-3.8745859027292
77,-3.42196924869762
78,-2.9751929726813
79,-2.53410826912479
80,-2.09857194807856
81,-1.66844615614426
82,-1.24359811454125
83,-0.823899873049065
84,-0.409228078685004
85,0.000536241929580683
86,0.405507887475096
87,0.805797674994224
88,1.20151262191988
89,1.59275611781829
90,1.97962808653694
91,2.36222513939345
92,2.74064071999305
93,3.1149652412175
94,3.48528621488804
95,3.85168837456749
96,4.2142537919325
97,4.57306198711581
98,4.92819003338974
99,5.27971265653538
100,5.62770232921814
101,5.97222936066782
102,6.31336198194064
103,6.65116642702199
104,6.98570701001096
105,7.31704619861169
106,7.64524468414152
107,7.97036144825227
108,8.29245382654799
109,8.61157756927098
110,8.92778689921657
111,9.24113456702728
112,9.55167190400724
113,9.85944887258925
114,10.1645141145785
115,10.4669149972898
116,10.7666976576865
117,11.0639070446265
118,11.3585869593089
119,11.6507800940154
120,11.9405280692292
121,12.227871469215
122,12.512849876134
123,12.7955019027665
124,13.0758652239098
125,13.3539766065148
126,13.6298719386227
127,13.9035862571567
128,14.1751537746247
129,14.4446079047828
130,14.7119812873077
131,14.9773058115236
132,15.2406126392276
133,15.5019322266533
134,15.7612943456113
135,16.0187281038447
136,16.2742619646329
137,16.5279237656774
138,16.7797407373008
139,17.0297395199889
140,17.2779461813039
141,17.5243862321958
142,17.7690846427371
143,18.0120658573061
144,18.2533538092402
145,18.4929719349832
146,18.7309431877452
147,18.9672900506975
148,19.2020345497195
149,19.4351982657166
150,19.6668023465259
151,19.8968675184266
152,20.1254140972708
153,20.3524619992484
154,20.5780307513024
155,20.8021395012064
156,21.0248070273187
157,21.2460517480238
158,21.4658917308752
159,21.6843447014493
160,21.9014280519214
161,22.1171588493756
162,22.3315538438557
163,22.5446294761706
164,22.7564018854588
165,22.9668869165243
166,23.1761001269509
167,23.384056794002
168,23.590771921315
169,23.7962602453972
170,24.0005362419296
171,24.2036141318863
172,24.4055078874751
173,24.6062312379061
174,24.8057976749942
175,25.0042204586006
176,25.2015126219199
177,25.3976869766167
178,25.5927561178183
179,25.7867324289669
180,25.9796280865369
181,26.1714550646217
182,26.3622251393935
183,26.5519498934418
184,26.7406407199931
185,26.9283088270162
186,27.1149652412175
187,27.300620811928
188,27.485286214888
189,27.6689719559305
190,27.8516883745675
191,28.0334456474827
192,28.2142537919325
193,28.3941226690587
194,28.5730619871158
195,28.7510813046154
196,28.9281900333897
197,29.1043974415778
198,29.2797126565354
199,29.4541446676723
200,29.6277023292181
201,29.800394362919
202,29.9722293606678
203,30.143215787069
204,30.3133619819406
205,30.4826761627555
206,30.651166427022
207,30.8188407546086
208,30.985707010011
209,31.1517729445659
210,31.3170461986117
211,31.4815343035972
212,31.6452446841415
213,31.8081846600449
214,31.9703614482523
215,32.1317821647718
216,32.292453826548
217,32.4523833532922
218,32.611577569271
219,32.7700432050529
220,32.9277868992166
221,33.0848152000191
222,33.2411345670273
223,33.3967513727121
224,33.5516719040072
225,33.7059023638336
226,33.8594488725893
227,34.0123174696067
228,34.1645141145785
229,34.3160446889514
230,34.4669149972897
231,34.6171307686101
232,34.7666976576865
233,34.9156212463275
234,35.0639070446265
235,35.2115604921847
236,35.3585869593089
237,35.504991748183
238,35.6507800940154
239,35.7959571661627
240,35.9405280692292
241,36.0844978441438
242,36.227871469215
243,36.3706538611635
244,36.512849876134
245,36.6544643106864
246,36.7955019027665
247,36.935967332657
248,37.0758652239098
249,37.2152001442587
250,37.3539766065148
251,37.3493781228361
252,37.344797923435
253,37.3402358634849
254,37.3356917998734
255,37.3311655911747
256,37.3266570976239
257,37.3221661810906
258,37.3176927050538
259,37.3132365345768
260,37.3087975362829
261,37.3043755783316
262,37.2999705303946
263,37.2955822636332
264,37.2912106506757
265,37.2868555655949
266,37.2825168838866
267,37.2781944824482
268,37.2738882395575
269,37.2695980348525
270,37.265323749311
271,37.2610652652309
272,37.2568224662106
273,37.2525952371299
274,37.2483834641315
275,37.2441870346025
276,37.2400058371561
277,37.2358397616142
278,37.2316886989896
279,37.2275525414694
280,37.2234311823976
281,37.2193245162593
282,37.2152324386638
283,37.211154846329
284,37.2070916370658
285,37.2030427097627
286,37.1990079643706
287,37.1949873018881
288,37.1909806243469
289,37.1869878347972
290,37.1830088372942
291,37.1790435368838
292,37.1750918395889
293,37.1711536523966
294,37.1672288832446
295,37.1633174410084
296,37.1594192354887
297,37.1555341773987
298,37.1516621783522
299,37.147803150851
300,37.1439570082737
301,37.1401236648634
302,37.1363030357166
303,37.1324950367718
304,37.1286995847985
305,37.1249165973862
306,37.1211459929336
307,37.117387690638
308,37.1136416104853
309,37.1099076732394
310,37.106185800432
311,37.1024759143533
312,37.0987779380418
313,37.0950917952747
314,37.0914174105587
315,37.0877547091206
316,37.0841036168984
317,37.0804640605318
318,37.0768359673538
319,37.0732192653819
320,37.0696138833095
321,37.0660197504975
322,37.0624367969657
323,37.0588649533852
324,37.0553041510699
325,37.0517543219686
326,37.0482153986575
327,37.0446873143321
328,37.0411700028
329,37.0376633984734
330,37.0341674363614
331,37.0306820520631
332,37.0272071817606
333,37.0237427622117
334,37.0202887307429
335,37.0168450252431
336,37.0134115841565
337,37.0099883464759
338,37.0065752517367
339,37.0031722400099
340,36.9997792518962
341,36.9963962285197
342,36.9930231115215
343,36.9896598430542
344,36.9863063657753
345,36.9829626228418
346,36.9796285579042
347,36.9763041151011
348,36.9729892390531
349,36.9696838748576
350,36.9663879680833
351,36.9631014647648
352,36.9598243113972
353,36.9565564549311
354,36.9532978427673
355,36.9500484227515
356,36.9468081431697
357,36.9435769527432
358,36.9403548006233
359,36.9371416363872
360,36.9339374100325
361,36.9307420719732
362,36.9275555730346
363,36.9243778644491
364,36.9212088978514
365,36.9180486252745
366,36.9148969991451
367,36.911753972279
368,36.9086194978776
369,36.905493529523
370,36.9023760211743
371,36.8992669271634
372,36.8961662021909
373,36.8930738013222
374,36.8899896799839
375,36.8869137939594
376,36.8838460993853
377,36.880786552748
378,36.8777351108795
379,36.874691730954
380,36.8716563704842
381,36.8686289873179
382,36.8656095396343
383,36.8625979859405
384,36.8595942850684
385,36.856598396171
386,36.8536102787191
387,36.8506298924983
388,36.8476571976053
389,36.844692154445
390,36.8417347237274
391,36.8387848664643
392,36.8358425439661
393,36.8329077178391
394,36.8299803499822
395,36.827060402584
396,36.8241478381202
397,36.8212426193501
398,36.8183447093142
399,36.8154540713312
400,36.8125706689952
401,36.8096944661732
402,36.806825427002
403,36.8039635158858
404,36.8011086974933
405,36.7982609367555
406,36.7954201988627
407,36.792586449262
408,36.7897596536551
409,36.7869397779953
410,36.7841267884857
411,36.781320651576
412,36.7785213339609
413,36.7757288025769
414,36.7729430246006
415,36.7701639674463
416,36.7673915987633
417,36.7646258864341
418,36.7618667985719
419,36.7591143035185
420,36.7563683698422
421,36.7536289663353
422,36.7508960620125
423,36.7481696261083
424,36.7454496280753
425,36.7427360375819
426,36.7400288245103
427,36.7373279589547
428,36.734633411219
429,36.7319451518151
430,36.7292631514609
431,36.7265873810783
432,36.7239178117914
433,36.7212544149245
434,36.7185971620005
435,36.7159460247388
436,36.7133009750536
437,36.7106619850523
438,36.7080290270334
439,36.705402073485
440,36.7027810970829
441,36.7001660706891
442,36.69755696735
443,36.6949537602946
444,36.6923564229332
445,36.6897649288554
446,36.6871792518286
447,36.6845993657967
448,36.682025244878
449,36.6794568633641
450,36.6768941957182
451,36.6743372165734
452,36.6717859007314
453,36.6692402231611
454,36.6667001589968
455,36.6641656835371
456,36.6616367722431
457,36.6591134007373
458,36.656595544802
459,36.6540831803781
460,36.6515762835633
461,36.6490748306112
462,36.6465787979298
463,36.6440881620801
464,36.6416028997746
465,36.6391229878765
466,36.636648403398
467,36.6341791234991
468,36.6317151254863
469,36.6292563868116
470,36.626802885071
471,36.6243545980032
472,36.6219115034888
473,36.6194735795486
474,36.6170408043429
475,36.6146131561699
476,36.6121906134647
477,36.6097731547983
478,36.6073607588763
479,36.6049534045377
480,36.6025510707541
481,36.6001537366281
482,36.5977613813928
483,36.5953739844102
484,36.5929915251706
485,36.5906139832909
486,36.5882413385144
487,36.585873570709
488,36.5835106598666
489,36.581152586102
490,36.5787993296518
491,36.5764508708735
492,36.5741071902446
493,36.5717682683613
494,36.569434085938
495,36.5671046238059
496,36.5647798629124
497,36.5624597843199
498,36.5601443692052
499,36.557833598858
500,36.5555274546809
501,36.5516604229134
502,36.5478011020818
503,36.5439494614957
504,36.5401054706478
505,36.5362690992118
506,36.5324403170418
507,36.5286190941702
508,36.5248054008067
509,36.5209992073367
510,36.5172004843199
511,36.5134092024891
512,36.5096253327487
513,36.5058488461734
514,36.5020797140071
515,36.498317907661
516,36.494563398713
517,36.490816158906
518,36.4870761601466
519,36.483343374504
520,36.4796177742087
521,36.4758993316514
522,36.4721880193814
523,36.4684838101058
524,36.4647866766879
525,36.4610965921463
526,36.4574135296538
527,36.4537374625359
528,36.4500683642698
529,36.4464062084832
530,36.4427509689534
531,36.4391026196059
532,36.4354611345134
533,36.4318264878945
534,36.428198654113
535,36.4245776076765
536,36.4209633232354
537,36.417355775582
538,36.4137549396489
539,36.4101607905088
540,36.4065733033728
541,36.4029924535895
542,36.3994182166444
543,36.3958505681581
544,36.3922894838863
545,36.3887349397178
546,36.3851869116742
547,36.3816453759088
548,36.3781103087055
549,36.3745816864779
550,36.3710594857683
551,36.367543683247
552,36.3640342557112
553,36.3605311800838
554,36.3570344334131
555,36.3535439928716
556,36.3500598357547
557,36.3465819394806
558,36.3431102815887
559,36.3396448397395
560,36.3361855917127
561,36.3327325154074
562,36.3292855888405
563,36.3258447901462
564,36.3224100975754
565,36.3189814894941
566,36.3155589443834
567,36.3121424408382
568,36.3087319575668
569,36.3053274733895
570,36.3019289672384
571,36.2985364181563
572,36.2951498052962
573,36.29176910792
574,36.2883943053985
575,36.2850253772097
576,36.2816623029391
577,36.2783050622782
578,36.2749536350239
579,36.271608001078
580,36.2682681404464
581,36.2649340332381
582,36.2616056596651
583,36.2582830000409
584,36.2549660347804
585,36.2516547443992
586,36.2483491095124
587,36.2450491108344
588,36.2417547291782
589,36.2384659454544
590,36.2351827406709
591,36.231905095932
592,36.2286329924379
593,36.225366411484
594,36.2221053344602
595,36.2188497428503
596,36.2155996182314
597,36.2123549422732
598,36.2091156967376
599,36.2058818634777
600,36.2026534244377
601,36.1994303616516
602,36.1962126572434
603,36.1930002934259
604,36.1897932525003
605,36.1865915168558
606,36.1833950689686
607,36.1802038914019
608,36.1770179668047
609,36.1738372779118
610,36.1706618075428
611,36.1674915386018
612,36.1643264540767
613,36.1611665370389
614,36.1580117706424
615,36.1548621381234
616,36.1517176228001
617,36.1485782080717
618,36.1454438774178
619,36.1423146143987
620,36.1391904026537
621,36.1360712259016
622,36.1329570679397
623,36.1298479126434
624,36.1267437439656
625,36.1236445459362
626,36.1205503026621
627,36.1174609983258
628,36.1143766171858
629,36.1112971435755
630,36.1082225619031
631,36.105152856651
632,36.1020880123752
633,36.099028013705
634,36.0959728453425
635,36.0929224920621
636,36.0898769387103
637,36.0868361702046
638,36.0838001715338
639,36.0807689277572
640,36.0777424240041
641,36.0747206454734
642,36.0717035774334
643,36.068691205221
644,36.0656835142416
645,36.0626804899684
646,36.0596821179423
647,36.0566883837712
648,36.0536992731296
649,36.0507147717583
650,36.0477348654641
651,36.0447595401191
652,36.0417887816606
653,36.0388225760904
654,36.0358609094746
655,36.0329037679432
656,36.0299511376898
657,36.0270030049709
658,36.0240593561058
659,36.021120177476
660,36.0181854555251
661,36.0152551767584
662,36.012329327742
663,36.0094078951032
664,36.0064908655295
665,36.0035782257688
666,36.0006699626284
667,35.9977660629752
668,35.9948665137352
669,35.9919713018927
670,35.9890804144908
671,35.9861938386303
672,35.9833115614695
673,35.9804335702243
674,35.9775598521675
675,35.9746903946281
676,35.971825184992
677,35.9689642107005
678,35.9661074592509
679,35.9632549181955
680,35.9604065751417
681,35.9575624177514
682,35.9547224337411
683,35.9518866108811
684,35.9490549369952
685,35.9462273999609
686,35.9434039877085
687,35.9405846882213
688,35.9377694895348
689,35.9349583797367
690,35.9321513469666
691,35.9293483794155
692,35.9265494653257
693,35.9237545929906
694,35.920963750754
695,35.9181769270101
696,35.9153941102032
697,35.9126152888274
698,35.9098404514263
699,35.9070695865926
700,35.9043026829681
701,35.901539729243
702,35.898780714156
703,35.896025626494
704,35.8932744550915
705,35.8905271888307
706,35.8877838166411
707,35.885044327499
708,35.8823087104277
709,35.8795769544968
710,35.8768490488221
711,35.8741249825656
712,35.8714047449348
713,35.8686883251825
714,35.8659757126071
715,35.8632668965516
716,35.8605618664037
717,35.8578606115957
718,35.855163121604
719,35.8524693859489
720,35.8497793941945
721,35.8470931359482
722,35.8444106008608
723,35.8417317786259
724,35.8390566589799
725,35.8363852317017
726,35.8337174866126
727,35.8310534135757
728,35.828393002496
729,35.82573624332
730,35.8230831260358
731,35.8204336406724
732,35.8177877772996
733,35.8151455260282
734,35.812506877009
735,35.8098718204335
736,35.8072403465329
737,35.8046124455783
738,35.8019881078803
739,35.7993673237889
740,35.7967500836933
741,35.7941363780216
742,35.7915261972406
743,35.7889195318557
744,35.7863163724105
745,35.7837167094868
746,35.7811205337041
747,35.77852783572
748,35.7759386062291
749,35.7733528359637
750,35.7707705156931
751,35.7681916362232
752,35.7656161883971
753,35.763044163094
754,35.7604755512296
755,35.7579103437557
756,35.75534853166
757,35.7527901059659
758,35.7502350577324
759,35.747683378054
760,35.7451350580601
761,35.7425900889153
762,35.740048461819
763,35.737510168005
764,35.7349751987418
765,35.7324435453321
766,35.7299151991127
767,35.7273901514541
768,35.7248683937609
769,35.7223499174709
770,35.7198347140555
771,35.7173227750193
772,35.7148140918998
773,35.7123086562674
774,35.7098064597252
775,35.7073074939091
776,35.7048117504868
777,35.7023192211588
778,35.6998298976571
779,35.6973437717459
780,35.694860835221
781,35.6923810799096
782,35.6899044976705
783,35.6874310803936
784,35.6849608199999
785,35.6824937084412
786,35.6800297377001
787,35.6775688997897
788,35.6751111867538
789,35.672656590666
790,35.6702051036306
791,35.6677567177813
792,35.665311425282
793,35.6628692183261
794,35.6604300891365
795,35.6579940299656
796,35.655561033095
797,35.6531310908351
798,35.6507041955256
799,35.6482803395347
800,35.6458595152594
801,35.6434417151252
802,35.6410269315858
803,35.6386151571233
804,35.6362063842477
805,35.6338006054969
806,35.6313978134369
807,35.6289980006611
808,35.6266011597904
809,35.6242072834731
810,35.621816364385
811,35.6194283952286
812,35.6170433687336
813,35.6146612776566
814,35.6122821147808
815,35.609905872916
816,35.6075325448985
817,35.6051621235909
818,35.6027946018819
819,35.6004299726864
820,35.5980682289452
821,35.5957093636249
822,35.5933533697177
823,35.5910002402415
824,35.5886499682396
825,35.5863025467805
826,35.5839579689581
827,35.5816162278911
828,35.5792773167234
829,35.5769412286235
830,35.5746079567849
831,35.5722774944254
832,35.5699498347873
833,35.5676249711375
834,35.5653028967669
835,35.5629836049905
836,35.5606670891476
837,35.558353342601
838,35.5560423587374
839,35.5537341309674
840,35.5514286527249
841,35.5491259174673
842,35.5468259186752
843,35.5445286498527
844,35.5422341045267
845,35.5399422762474
846,35.5376531585876
847,35.535366745143
848,35.533083029532
849,35.5308020053956
850,35.528523666397
851,35.5262480062222
852,35.523975018579
853,35.5217046971975
854,35.51943703583
855,35.5171720282506
856,35.5149096682551
857,35.5126499496613
858,35.5103928663084
859,35.5081384120573
860,35.5058865807902
861,35.5036373664107
862,35.5013907628436
863,35.4991467640348
864,35.4969053639513
865,35.4946665565811
866,35.4924303359329
867,35.4901966960361
868,35.4879656309409
869,35.485737134718
870,35.4835112014586
871,35.4812878252741
872,35.4790670002963
873,35.4768487206773
874,35.474632980589
875,35.4724197742235
876,35.4702090957927
877,35.4680009395283
878,35.4657952996819
879,35.4635921705246
880,35.4613915463469
881,35.459193421459
882,35.4569977901904
883,35.4548046468897
884,35.4526139859249
885,35.4504258016831
886,35.4482400885702
887,35.4460568410113
888,35.4438760534501
889,35.4416977203493
890,35.4395218361902
891,35.4373483954724
892,35.4351773927145
893,35.4330088224532
894,35.4308426792436
895,35.4286789576591
896,35.4265176522913
897,35.4243587577498
898,35.4222022686624
899,35.4200481796746
900,35.4178964854499
901,35.4157471806696
902,35.4136002600327
903,35.4114557182556
904,35.4093135500727
905,35.4071737502353
906,35.4050363135125
907,35.4029012346907
908,35.4007685085732
909,35.3986381299808
910,35.3965100937513
911,35.3943843947395
912,35.392261027817
913,35.3901399878723
914,35.388021269811
915,35.385904868555
916,35.3837907790431
917,35.3816789962305
918,35.3795695150889
919,35.3774623306067
920,35.3753574377883
921,35.3732548316546
922,35.3711545072426
923,35.3690564596054
924,35.3669606838124
925,35.3648671749487
926,35.3627759281156
927,35.3606869384301
928,35.3586002010249
929,35.3565157110488
930,35.3544334636659
931,35.352353454056
932,35.3502756774144
933,35.348200128952
934,35.3461268038948
935,35.3440556974845
936,35.3419868049778
937,35.3399201216466
938,35.3378556427781
939,35.3357933636743
940,35.3337332796525
941,35.3316753860448
942,35.329619678198
943,35.3275661514741
944,35.3255148012494
945,35.3234656229154
946,35.3214186118776
947,35.3193737635567
948,35.3173310733874
949,35.3152905368191
950,35.3132521493155
951,35.3112159063547
952,35.3091818034289
953,35.3071498360446
954,35.3051199997225
955,35.3030922899972
956,35.3010667024175
957,35.299043232546
958,35.2970218759594
959,35.2950026282481
960,35.2929854850163
961,35.2909704418819
962,35.2889574944766
963,35.2869466384456
964,35.2849378694477
965,35.2829311831551
966,35.2809265752538
967,35.2789240414427
968,35.2769235774344
969,35.2749251789545
970,35.2729288417422
971,35.2709345615496
972,35.2689423341418
973,35.2669521552973
974,35.2649640208074
975,35.2629779264763
976,35.2609938681214
977,35.2590118415726
978,35.2570318426728
979,35.2550538672776
980,35.2530779112553
981,35.2511039704868
982,35.2491320408656
983,35.2471621182979
984,35.245194198702
985,35.2432282780091
986,35.2412643521625
987,35.239302417118
988,35.2373424688434
989,35.235384503319
990,35.2334285165374
991,35.2314745045029
992,35.2295224632323
993,35.2275723887542
994,35.2256242771094
995,35.2236781243504
996,35.2217339265417
997,35.2197916797598
998,35.2178513800928
999,35.2159130236406
1000,35.2139766065148
1001,35.1969352906678
1002,35.1799109906158
1003,35.1629036724121
1004,35.1459133022114
1005,35.1289398462695
1006,35.1119832709429
1007,35.0950435426885
1008,35.078120628063
1009,35.0612144937224
1010,35.044325106422
1011,35.0274524330158
1012,35.010596440456
1013,34.9937570957929
1014,34.976934366174
1015,34.9601282188443
1016,34.9433386211453
1017,34.9265655405151
1018,34.9098089444877
1019,34.8930688006927
1020,34.8763450768551
1021,34.8596377407945
1022,34.8429467604253
1023,34.8262721037559
1024,34.8096137388884
1025,34.7929716340185
1026,34.7763457574349
1027,34.7597360775187
1028,34.7431425627437
1029,34.7265651816755
1030,34.7100039029712
1031,34.6934586953793
1032,34.6769295277391
1033,34.6604163689804
1034,34.6439191881234
1035,34.6274379542779
1036,34.6109726366434
1037,34.5945232045083
1038,34.57808962725
1039,34.5616718743343
1040,34.5452699153152
1041,34.5288837198343
1042,34.5125132576208
1043,34.4961584984909
1044,34.4798194123478
1045,34.4634959691809
1046,34.4471881390658
1047,34.4308958921638
1048,34.4146191987219
1049,34.398358029072
1050,34.3821123536309
1051,34.3658821428998
1052,34.3496673674642
1053,34.3334679979933
1054,34.3172840052399
1055,34.30111536004
1056,34.2849620333125
1057,34.2688239960589
1058,34.2527012193629
1059,34.2365936743902
1060,34.2205013323881
1061,34.2044241646853
1062,34.1883621426914
1063,34.172315237897
1064,34.1562834218728
1065,34.1402666662698
1066,34.1242649428188
1067,34.1082782233302
1068,34.0923064796933
1069,34.0763496838768
1070,34.0604078079276
1071,34.0444808239711
1072,34.028568704211
1073,34.0126714209282
1074,33.9967889464816
1075,33.980921253307
1076,33.9650683139171
1077,33.9492301009012
1078,33.9334065869251
1079,33.9175977447303
1080,33.9018035471344
1081,33.8860239670303
1082,33.8702589773861
1083,33.8545085512447
1084,33.8387726617239
1085,33.8230512820157
1086,33.8073443853862
1087,33.7916519451753
1088,33.7759739347966
1089,33.7603103277367
1090,33.7446610975554
1091,33.7290262178853
1092,33.7134056624312
1093,33.6977994049704
1094,33.682207419352
1095,33.6666296794967
1096,33.6510661593969
1097,33.6355168331157
1098,33.6199816747876
1099,33.6044606586174
1100,33.5889537588805
1101,33.5734609499221
1102,33.5579822061576
1103,33.542517502072
1104,33.5270668122194
1105,33.5116301112233
1106,33.4962073737759
1107,33.4807985746381
1108,33.4654036886391
1109,33.4500226906763
1110,33.4346555557148
1111,33.4193022587877
1112,33.403962774995
1113,33.3886370795042
1114,33.3733251475496
1115,33.3580269544321
1116,33.3427424755192
1117,33.3274716862445
1118,33.3122145621073
1119,33.296971078673
1120,33.2817412115724
1121,33.2665249365013
1122,33.2513222292207
1123,33.2361330655564
1124,33.2209574213988
1125,33.2057952727023
1126,33.1906465954859
1127,33.175511365832
1128,33.1603895598868
1129,33.14528115386
1130,33.1301861240245
1131,33.1151044467161
1132,33.1000360983331
1133,33.0849810553368
1134,33.0699392942505
1135,33.0549107916595
1136,33.0398955242113
1137,33.0248934686147
1138,33.0099046016401
1139,32.9949289001191
1140,32.9799663409443
1141,32.9650169010689
1142,32.950080557507
1143,32.9351572873328
1144,32.9202470676808
1145,32.9053498757453
1146,32.8904656887803
1147,32.8755944840996
1148,32.8607362390761
1149,32.8458909311417
1150,32.8310585377873
1151,32.8162390365627
1152,32.8014324050759
1153,32.7866386209933
1154,32.7718576620394
1155,32.7570895059965
1156,32.7423341307047
1157,32.7275915140616
1158,32.7128616340219
1159,32.6981444685975
1160,32.6834399958572
1161,32.6687481939266
1162,32.6540690409875
1163,32.6394025152784
1164,32.6247485950935
1165,32.6101072587833
1166,32.5954784847537
1167,32.5808622514664
1168,32.5662585374382
1169,32.5516673212413
1170,32.5370885815027
1171,32.5225222969042
1172,32.5079684461822
1173,32.4934270081276
1174,32.4788979615854
1175,32.4643812854547
1176,32.4498769586884
1177,32.4353849602932
1178,32.4209052693291
1179,32.4064378649094
1180,32.3919827262008
1181,32.3775398324227
1182,32.3631091628473
1183,32.3486906967995
1184,32.3342844136563
1185,32.3198902928474
1186,32.3055083138542
1187,32.29113845621
1188,32.2767806995001
1189,32.2624350233609
1190,32.2481014074805
1191,32.2337798315981
1192,32.2194702755039
1193,32.2051727190387
1194,32.1908871420945
1195,32.1766135246133
1196,32.1623518465877
1197,32.1481020880603
1198,32.1338642291239
1199,32.119638249921
1200,32.1054241306438
1201,32.091221851534
1202,32.0770313928825
1203,32.0628527350296
1204,32.0486858583645
1205,32.0345307433252
1206,32.0203873703985
1207,32.0062557201195
1208,31.9921357730719
1209,31.9780275098875
1210,31.9639309112461
1211,31.9498459578754
1212,31.935772630551
1213,31.9217109100958
1214,31.9076607773802
1215,31.8936222133219
1216,31.8795951988858
1217,31.8655797150834
1218,31.8515757429733
1219,31.8375832636606
1220,31.823602258297
1221,31.8096327080805
1222,31.795674594255
1223,31.7817278981109
1224,31.7677926009841
1225,31.7538686842563
1226,31.739956129355
1227,31.7260549177529
1228,31.712165030968
1229,31.6982864505635
1230,31.6844191581475
1231,31.6705631353731
1232,31.656718363938
1233,31.6428848255844
1234,31.6290625020989
1235,31.6152513753125
1236,31.6014514271002
1237,31.587662639381
1238,31.5738849941177
1239,31.5601184733169
1240,31.5463630590286
1241,31.5326187333464
1242,31.5188854784069
1243,31.5051632763902
1244,31.4914521095189
1245,31.477751960059
1246,31.4640628103188
1247,31.4503846426494
1248,31.4367174394441
1249,31.423061183139
1250,31.4094158562118
1251,31.3957814411825
1252,31.382157920613
1253,31.3685452771071
1254,31.3549434933099
1255,31.3413525519083
1256,31.3277724356304
1257,31.3142031272456
1258,31.3006446095645
1259,31.2870968654385
1260,31.2735598777599
1261,31.2600336294618
1262,31.2465181035178
1263,31.233013282942
1264,31.2195191507889
1265,31.206035690153
1266,31.192562884169
1267,31.1791007160116
1268,31.1656491688954
1269,31.1522082260743
1270,31.1387778708422
1271,31.1253580865323
1272,31.1119488565171
1273,31.0985501642083
1274,31.0851619930567
1275,31.071784326552
1276,31.0584171482228
1277,31.0450604416365
1278,31.0317141903988
1279,31.0183783781542
1280,31.0050529885853
1281,30.9917380054131
1282,30.9784334123966
1283,30.9651391933328
1284,30.9518553320566
1285,30.9385818124406
1286,30.9253186183953
1287,30.9120657338683
1288,30.8988231428449
1289,30.8855908293476
1290,30.872368777436
1291,30.8591569712069
1292,30.8459553947939
1293,30.8327640323676
1294,30.8195828681351
1295,30.8064118863403
1296,30.7932510712634
1297,30.7801004072212
1298,30.7669598785665
1299,30.7538294696884
1300,30.7407091650121
1301,30.7275989489985
1302,30.7144988061447
1303,30.7014087209831
1304,30.6883286780819
1305,30.6752586620447
1306,30.6621986575107
1307,30.6491486491541
1308,30.6361086216844
1309,30.6230785598462
1310,30.6100584484188
1311,30.5970482722168
1312,30.584048016089
1313,30.5710576649193
1314,30.5580772036257
1315,30.5451066171611
1316,30.5321458905123
1317,30.5191950087004
1318,30.5062539567808
1319,30.4933227198428
1320,30.4804012830094
1321,30.4674896314378
1322,30.4545877503186
1323,30.441695624876
1324,30.4288132403677
1325,30.415940582085
1326,30.4030776353523
1327,30.3902243855272
1328,30.3773808180005
1329,30.3645469181958
1330,30.3517226715697
1331,30.3389080636117
1332,30.3261030798438
1333,30.3133077058208
1334,30.3005219271297
1335,30.2877457293902
1336,30.2749790982542
1337,30.2622220194058
1338,30.2494744785611
1339,30.2367364614684
1340,30.2240079539079
1341,30.2112889416914
1342,30.1985794106627
1343,30.185879346697
1344,30.1731887357014
1345,30.160507563614
1346,30.1478358164045
1347,30.1351734800739
1348,30.1225205406542
1349,30.1098769842087
1350,30.0972427968313
1351,30.0846179646473
1352,30.0720024738124
1353,30.0593963105132
1354,30.0467994609667
1355,30.0342119114208
1356,30.0216336481535
1357,30.0090646574734
1358,29.996504925719
1359,29.9839544392594
1360,29.9714131844935
1361,29.9588811478502
1362,29.9463583157886
1363,29.9338446747971
1364,29.9213402113943
1365,29.9088449121281
1366,29.8963587635763
1367,29.8838817523459
1368,29.8714138650733
1369,29.8589550884242
1370,29.8465054090938
1371,29.834064813806
1372,29.8216332893139
1373,29.8092108223997
1374,29.7967973998743
1375,29.7843930085774
1376,29.7719976353775
1377,29.7596112671716
1378,29.7472338908854
1379,29.7348654934728
1380,29.7225060619163
1381,29.7101555832267
1382,29.6978140444428
1383,29.6854814326317
1384,29.6731577348884
1385,29.660842938336
1386,29.6485370301255
1387,29.6362399974356
1388,29.6239518274727
1389,29.6116725074709
1390,29.5994020246919
1391,29.5871403664248
1392,29.5748875199862
1393,29.56264347272
1394,29.5504082119972
1395,29.5381817252162
1396,29.5259639998022
1397,29.5137550232079
1398,29.5015547829123
1399,29.4893632664218
1400,29.4771804612693
1401,29.4650063550145
1402,29.4528409352436
1403,29.4406841895696
1404,29.4285361056317
1405,29.4163966710957
1406,29.4042658736537
1407,29.3921437010239
1408,29.380030140951
1409,29.3679251812053
1410,29.3558288095837
1411,29.3437410139086
1412,29.3316617820286
1413,29.3195911018179
1414,29.3075289611765
1415,29.29547534803
1416,29.2834302503298
1417,29.2713936560527
1418,29.2593655532007
1419,29.2473459298016
1420,29.2353347739082
1421,29.2233320735987
1422,29.2113378169764
1423,29.1993519921696
1424,29.1873745873317
1425,29.1754055906412
1426,29.1634449903011
1427,29.1514927745397
1428,29.1395489316095
1429,29.1276134497882
1430,29.1156863173777
1431,29.1037675227046
1432,29.09185705412
1433,29.0799548999993
1434,29.0680610487423
1435,29.056175488773
1436,29.0442982085396
1437,29.0324291965145
1438,29.0205684411941
1439,29.0087159310988
1440,28.9968716547728
1441,28.9850356007845
1442,28.9732077577257
1443,28.9613881142121
1444,28.9495766588831
1445,28.9377733804017
1446,28.9259782674542
1447,28.9141913087508
1448,28.9024124930246
1449,28.8906418090324
1450,28.8788792455541
1451,28.8671247913929
1452,28.8553784353751
1453,28.84364016635
1454,28.83190997319
1455,28.8201878447905
1456,28.8084737700696
1457,28.7967677379685
1458,28.7850697374509
1459,28.7733797575034
1460,28.7616977871351
1461,28.7500238153778
1462,28.7383578312856
1463,28.7266998239354
1464,28.715049782426
1465,28.7034076958791
1466,28.6917735534383
1467,28.6801473442694
1468,28.6685290575605
1469,28.6569186825218
1470,28.6453162083854
1471,28.6337216244054
1472,28.6221349198578
1473,28.6105560840407
1474,28.5989851062735
1475,28.5874219758978
1476,28.5758666822765
1477,28.5643192147945
1478,28.5527795628579
1479,28.5412477158944
1480,28.5297236633532
1481,28.518207394705
1482,28.5066988994415
1483,28.4951981670759
1484,28.4837051871426
1485,28.472219949197
1486,28.4607424428157
1487,28.4492726575964
1488,28.4378105831576
1489,28.426356209139
1490,28.4149095252008
1491,28.4034705210243
1492,28.3920391863114
1493,28.3806155107849
1494,28.369199484188
1495,28.3577910962846
1496,28.3463903368591
1497,28.3349971957165
1498,28.323611662682
1499,28.3122337276014
1500,28.3008633803407
1501,28.2895006107862
1502,28.2781454088443
1503,28.2667977644418
1504,28.2554576675252
1505,28.2441251080614
1506,28.2328000760373
1507,28.2214825614594
1508,28.2101725543545
1509,28.1988700447688
1510,28.1875750227688
1511,28.1762874784403
1512,28.1650074018889
1513,28.1537347832399
1514,28.1424696126381
1515,28.1312118802479
1516,28.1199615762531
1517,28.1087186908569
1518,28.097483214282
1519,28.0862551367701
1520,28.0750344485827
1521,28.0638211399999
1522,28.0526152013215
1523,28.041416622866
1524,28.0302253949712
1525,28.019041507994
1526,28.0078649523099
1527,27.9966957183136
1528,27.9855337964187
1529,27.9743791770575
1530,27.963231850681
1531,27.952091807759
1532,27.9409590387801
1533,27.9298335342512
1534,27.9187152846981
1535,27.9076042806649
1536,27.8965005127143
1537,27.8854039714274
1538,27.8743146474036
1539,27.8632325312608
1540,27.8521576136349
1541,27.8410898851804
1542,27.8300293365696
1543,27.8189759584934
1544,27.8079297416603
1545,27.7968906767971
1546,27.7858587546487
1547,27.7748339659778
1548,27.763816301565
1549,27.7528057522088
1550,27.7418023087255
1551,27.7308059619493
1552,27.7198167027319
1553,27.7088345219429
1554,27.6978594104693
1555,27.6868913592158
1556,27.6759303591048
1557,27.6649764010759
1558,27.6540294760864
1559,27.6430895751107
1560,27.6321566891411
1561,27.6212308091866
1562,27.6103119262739
1563,27.5994000314467
1564,27.588495115766
1565,27.57759717031
1566,27.5667061861737
1567,27.5558221544696
1568,27.5449450663268
1569,27.5340749128917
1570,27.5232116853273
1571,27.5123553748137
1572,27.5015059725478
1573,27.4906634697433
1574,27.4798278576306
1575,27.4689991274568
1576,27.4581772704857
1577,27.4473622779978
1578,27.4365541412901
1579,27.425752851676
1580,27.4149584004858
1581,27.4041707790658
1582,27.393389978779
1583,27.3826159910047
1584,27.3718488071385
1585,27.3610884185923
1586,27.3503348167943
1587,27.3395879931888
1588,27.3288479392365
1589,27.318114646414
1590,27.307388106214
1591,27.2966683101454
1592,27.2859552497329
1593,27.2752489165173
1594,27.2645493020554
1595,27.2538563979198
1596,27.2431701956987
1597,27.2324906869966
1598,27.2218178634334
1599,27.2111517166448
1600,27.2004922382822
1601,27.1898394200128
1602,27.1791932535192
1603,27.1685537304997
1604,27.157920842668
1605,27.1472945817535
1606,27.1366749395008
1607,27.1260619076701
1608,27.1154554780369
1609,27.1048556423921
1610,27.0942623925418
1611,27.0836757203075
1612,27.0730956175259
1613,27.0625220760487
1614,27.051955087743
1615,27.0413946444908
1616,27.0308407381894
1617,27.020293360751
1618,27.0097525041027
1619,26.9992181601868
1620,26.9886903209603
1621,26.9781689783953
1622,26.9676541244787
1623,26.957145751212
1624,26.9466438506117
1625,26.936148414709
1626,26.9256594355498
1627,26.9151769051947
1628,26.9047008157189
1629,26.8942311592121
1630,26.8837679277788
1631,26.8733111135378
1632,26.8628607086225
1633,26.8524167051807
1634,26.8419790953748
1635,26.8315478713813
1636,26.8211230253913
1637,26.81070454961
1638,26.8002924362571
1639,26.7898866775664
1640,26.7794872657859
1641,26.7690941931779
1642,26.7587074520187
1643,26.7483270345988
1644,26.7379529332228
1645,26.7275851402092
1646,26.7172236478906
1647,26.7068684486135
1648,26.6965195347386
1649,26.6861768986401
1650,26.6758405327064
1651,26.6655104293395
1652,26.6551865809553
1653,26.6448689799835
1654,26.6345576188676
1655,26.6242524900646
1656,26.6139535860453
1657,26.6036608992942
1658,26.5933744223092
1659,26.5830941476019
1660,26.5728200676974
1661,26.5625521751344
1662,26.552290462465
1663,26.5420349222548
1664,26.5317855470826
1665,26.5215423295408
1666,26.511305262235
1667,26.5010743377843
1668,26.4908495488209
1669,26.4806308879903
1670,26.4704183479512
1671,26.4602119213755
1672,26.4500116009483
1673,26.4398173793678
1674,26.4296292493451
1675,26.4194472036048
1676,26.409271234884
1677,26.3991013359332
1678,26.3889374995157
1679,26.3787797184076
1680,26.3686279853983
1681,26.3584822932896
1682,26.3483426348965
1683,26.3382090030466
1684,26.3280813905804
1685,26.3179597903511
1686,26.3078441952247
1687,26.2977345980797
1688,26.2876309918074
1689,26.2775333693118
1690,26.2674417235093
1691,26.2573560473291
1692,26.2472763337127
1693,26.2372025756143
1694,26.2271347660005
1695,26.2170728978504
1696,26.2070169641555
1697,26.1969669579196
1698,26.186922872159
1699,26.1768846999023
1700,26.1668524341904
1701,26.1568260680764
1702,26.1468055946258
1703,26.1367910069161
1704,26.1267822980372
1705,26.1167794610912
1706,26.106782489192
1707,26.096791375466
1708,26.0868061130515
1709,26.0768266950987
1710,26.0668531147702
1711,26.0568853652401
1712,26.046923439695
1713,26.0369673313329
1714,26.0270170333642
1715,26.0170725390108
1716,26.0071338415067
1717,25.9972009340976
1718,25.987273810041
1719,25.9773524626063
1720,25.9674368850744
1721,25.9575270707381
1722,25.947623012902
1723,25.937724704882
1724,25.927832140006
1725,25.9179453116132
1726,25.9080642130547
1727,25.8981888376929
1728,25.8883191789018
1729,25.878455230067
1730,25.8685969845853
1731,25.8587444358653
1732,25.8488975773268
1733,25.839056402401
1734,25.8292209045306
1735,25.8193910771696
1736,25.8095669137831
1737,25.7997484078478
1738,25.7899355528514
1739,25.7801283422931
1740,25.7703267696831
1741,25.7605308285429
1742,25.7507405124051
1743,25.7409558148134
1744,25.7311767293228
1745,25.7214032494991
1746,25.7116353689195
1747,25.7018730811718
1748,25.6921163798552
1749,25.6823652585796
1750,25.6726197109662
1751,25.6628797306468
1752,25.6531453112641
1753,25.6434164464721
1754,25.6336931299351
1755,25.6239753553286
1756,25.6142631163388
1757,25.6045564066627
1758,25.5948552200081
1759,25.5851595500934
1760,25.5754693906479
1761,25.5657847354113
1762,25.5561055781343
1763,25.5464319125781
1764,25.5367637325143
1765,25.5271010317255
1766,25.5174438040046
1767,25.507792043155
1768,25.4981457429907
1769,25.4885048973363
1770,25.4788695000267
1771,25.4692395449074
1772,25.4596150258342
1773,25.4499959366733
1774,25.4403822713012
1775,25.4307740236051
1776,25.4211711874822
1777,25.4115737568401
1778,25.4019817255967
1779,25.3923950876801
1780,25.3828138370286
1781,25.373237967591
1782,25.363667473326
1783,25.3541023482024
1784,25.3445425861995
1785,25.3349881813065
1786,25.3254391275225
1787,25.3158954188572
1788,25.3063570493298
1789,25.2968240129699
1790,25.2872963038169
1791,25.2777739159204
1792,25.2682568433398
1793,25.2587450801444
1794,25.2492386204136
1795,25.2397374582365
1796,25.2302415877123
1797,25.2207510029499
1798,25.2112656980679
1799,25.2017856671951
1800,25.1923109044697
1801,25.18284140404
1802,25.1733771600637
1803,25.1639181667084
1804,25.1544644181516
1805,25.14501590858
1806,25.1355726321904
1807,25.1261345831891
1808,25.1167017557919
1809,25.1072741442244
1810,25.0978517427215
1811,25.0884345455279
1812,25.0790225468978
1813,25.0696157410947
1814,25.060214122392
1815,25.050817685072
1816,25.041426423427
1817,25.0320403317583
1818,25.0226594043769
1819,25.0132836356031
1820,25.0039130197665
1821,24.9945475512061
1822,24.9851872242702
1823,24.9758320333164
1824,24.9664819727117
1825,24.9571370368321
1826,24.947797220063
1827,24.9384625167992
1828,24.9291329214444
1829,24.9198084284116
1830,24.910489032123
1831,24.9011747270098
1832,24.8918655075127
1833,24.8825613680809
1834,24.8732623031733
1835,24.8639683072574
1836,24.85467937481
1837,24.8453955003168
1838,24.8361166782725
1839,24.8268429031809
1840,24.8175741695547
1841,24.8083104719155
1842,24.7990518047939
1843,24.7897981627293
1844,24.7805495402701
1845,24.7713059319734
1846,24.7620673324055
1847,24.7528337361411
1848,24.7436051377639
1849,24.7343815318665
1850,24.7251629130502
1851,24.7159492759248
1852,24.7067406151093
1853,24.697536925231
1854,24.6883382009261
1855,24.6791444368395
1856,24.6699556276246
1857,24.6607717679436
1858,24.6515928524673
1859,24.6424188758749
1860,24.6332498328546
1861,24.6240857181026
1862,24.6149265263242
1863,24.6057722522329
1864,24.5966228905507
1865,24.5874784360084
1866,24.5783388833449
1867,24.5692042273077
1868,24.5600744626529
1869,24.5509495841447
1870,24.541829586556
1871,24.532714464668
1872,24.5236042132701
1873,24.5144988271602
1874,24.5053983011446
1875,24.4963026300377
1876,24.4872118086623
1877,24.4781258318496
1878,24.4690446944389
1879,24.4599683912778
1880,24.4508969172221
1881,24.4418302671358
1882,24.4327684358911
1883,24.4237114183684
1884,24.4146592094563
1885,24.4056118040514
1886,24.3965691970584
1887,24.3875313833904
1888,24.3784983579682
1889,24.369470115721
1890,24.3604466515858
1891,24.3514279605077
1892,24.34241403744
1893,24.3334048773437
1894,24.324400475188
1895,24.31540082595
1896,24.3064059246148
1897,24.2974157661753
1898,24.2884303456324
1899,24.2794496579949
1900,24.2704736982796
1901,24.2615024615109
1902,24.2525359427213
1903,24.2435741369509
1904,24.2346170392479
1905,24.2256646446681
1906,24.2167169482752
1907,24.2077739451404
1908,24.198835630343
1909,24.1899019989699
1910,24.1809730461157
1911,24.1720487668826
1912,24.1631291563807
1913,24.1542142097276
1914,24.1453039220487
1915,24.136398288477
1916,24.1274973041529
1917,24.1186009642247
1918,24.1097092638482
1919,24.1008221981868
1920,24.0919397624112
1921,24.0830619517001
1922,24.0741887612393
1923,24.0653201862225
1924,24.0564562218505
1925,24.0475968633318
1926,24.0387421058825
1927,24.0298919447258
1928,24.0210463750926
1929,24.0122053922212
1930,24.0033689913572
1931,23.9945371677536
1932,23.9857099166708
1933,23.9768872333766
1934,23.9680691131462
1935,23.9592555512619
1936,23.9504465430135
1937,23.941642083698
1938,23.9328421686198
1939,23.9240467930905
1940,23.9152559524289
1941,23.906469641961
1942,23.8976878570203
1943,23.8889105929472
1944,23.8801378450893
1945,23.8713696088017
1946,23.8626058794463
1947,23.8538466523924
1948,23.8450919230162
1949,23.8363416867012
1950,23.827595938838
1951,23.8188546748241
1952,23.8101178900644
1953,23.8013855799706
1954,23.7926577399615
1955,23.7839343654629
1956,23.7752154519078
1957,23.7665009947359
1958,23.7577909893943
1959,23.7490854313366
1960,23.7403843160238
1961,23.7316876389234
1962,23.7229953955103
1963,23.714307581266
1964,23.7056241916791
1965,23.6969452222448
1966,23.6882706684654
1967,23.6796005258501
1968,23.6709347899149
1969,23.6622734561825
1970,23.6536165201827
1971,23.6449639774516
1972,23.6363158235328
1973,23.627672053976
1974,23.6190326643382
1975,23.6103976501827
1976,23.6017670070799
1977,23.5931407306067
1978,23.5845188163469
1979,23.5759012598908
1980,23.5672880568354
1981,23.5586792027845
1982,23.5500746933485
1983,23.5414745241445
1984,23.532878690796
1985,23.5242871889334
1986,23.5157000141936
1987,23.50711716222
1988,23.4985386286627
1989,23.4899644091782
1990,23.4813944994298
1991,23.4728288950871
1992,23.4642675918264
1993,23.4557105853303
1994,23.4471578712882
1995,23.4386094453956
1996,23.4300653033549
1997,23.4215254408746
1998,23.4129898536697
1999,23.404458537462
2000,23.3959314879791
2001,23.3896647374292
2002,23.3834011179064
2003,23.3771406262836
2004,23.3708832594383
2005,23.3646290142529
2006,23.3583778876142
2007,23.3521298764138
2008,23.3458849775479
2009,23.3396431879173
2010,23.3334045044274
2011,23.3271689239884
2012,23.320936443515
2013,23.3147070599264
2014,23.3084807701465
2015,23.3022575711037
2016,23.2960374597312
2017,23.2898204329665
2018,23.2836064877517
2019,23.2773956210336
2020,23.2711878297633
2021,23.2649831108967
2022,23.2587814613939
2023,23.2525828782199
2024,23.2463873583438
2025,23.2401948987394
2026,23.234005496385
2027,23.2278191482634
2028,23.2216358513616
2029,23.2154556026715
2030,23.2092783991889
2031,23.2031042379146
2032,23.1969331158534
2033,23.1907650300148
2034,23.1845999774125
2035,23.1784379550647
2036,23.1722789599941
2037,23.1661229892275
2038,23.1599700397965
2039,23.1538201087366
2040,23.147673193088
2041,23.1415292898951
2042,23.1353883962068
2043,23.129250509076
2044,23.1231156255603
2045,23.1169837427214
2046,23.1108548576255
2047,23.1047289673428
2048,23.0986060689479
2049,23.09248615952
2050,23.0863692361422
2051,23.080255295902
2052,23.0741443358911
2053,23.0680363532055
2054,23.0619313449455
2055,23.0558293082156
2056,23.0497302401244
2057,23.0436341377849
2058,23.0375409983142
2059,23.0314508188337
2060,23.0253635964688
2061,23.0192793283493
2062,23.0131980116091
2063,23.0071196433862
2064,23.0010442208228
2065,22.9949717410654
2066,22.9889022012644
2067,22.9828355985744
2068,22.9767719301543
2069,22.970711193167
2070,22.9646533847794
2071,22.9585985021627
2072,22.9525465424922
2073,22.946497502947
2074,22.9404513807106
2075,22.9344081729705
2076,22.9283678769181
2077,22.9223304897491
2078,22.9162960086631
2079,22.9102644308638
2080,22.9042357535588
2081,22.8982099739599
2082,22.8921870892828
2083,22.8861670967474
2084,22.8801499935774
2085,22.8741357770004
2086,22.8681244442484
2087,22.862115992557
2088,22.8561104191659
2089,22.8501077213188
2090,22.8441078962634
2091,22.8381109412511
2092,22.8321168535375
2093,22.826125630382
2094,22.8201372690482
2095,22.8141517668031
2096,22.8081691209181
2097,22.8021893286682
2098,22.7962123873325
2099,22.7902382941939
2100,22.7842670465392
2101,22.7782986416589
2102,22.7723330768478
2103,22.766370349404
2104,22.7604104566299
2105,22.7544533958316
2106,22.748499164319
2107,22.7425477594059
2108,22.7365991784097
2109,22.730653418652
2110,22.7247104774579
2111,22.7187703521565
2112,22.7128330400805
2113,22.7068985385665
2114,22.700966844955
2115,22.69503795659
2116,22.6891118708194
2117,22.683188584995
2118,22.6772680964722
2119,22.6713504026101
2120,22.6654355007716
2121,22.6595233883233
2122,22.6536140626357
2123,22.6477075210828
2124,22.6418037610424
2125,22.635902779896
2126,22.6300045750287
2127,22.6241091438295
2128,22.6182164836908
2129,22.612326592009
2130,22.6064394661839
2131,22.6005551036191
2132,22.5946735017218
2133,22.5887946579029
2134,22.5829185695768
2135,22.5770452341618
2136,22.5711746490795
2137,22.5653068117554
2138,22.5594417196184
2139,22.5535793701012
2140,22.5477197606399
2141,22.5418628886744
2142,22.536008751648
2143,22.5301573470078
2144,22.5243086722042
2145,22.5184627246913
2146,22.5126195019269
2147,22.5067790013721
2148,22.5009412204917
2149,22.495106156754
2150,22.4892738076308
2151,22.4834441705975
2152,22.4776172431331
2153,22.4717930227198
2154,22.4659715068436
2155,22.4601526929938
2156,22.4543365786635
2157,22.448523161349
2158,22.4427124385501
2159,22.4369044077702
2160,22.4310990665162
2161,22.4252964122982
2162,22.41949644263
2163,22.4136991550288
2164,22.4079045470153
2165,22.4021126161134
2166,22.3963233598507
2167,22.390536775758
2168,22.3847528613698
2169,22.3789716142237
2170,22.3731930318609
2171,22.3674171118259
2172,22.3616438516667
2173,22.3558732489346
2174,22.3501053011843
2175,22.3443400059739
2176,22.3385773608648
2177,22.3328173634218
2178,22.3270600112131
2179,22.3213053018101
2180,22.3155532327879
2181,22.3098038017244
2182,22.3040570062013
2183,22.2983128438034
2184,22.2925713121188
2185,22.286832408739
2186,22.2810961312589
2187,22.2753624772764
2188,22.269631444393
2189,22.2639030302133
2190,22.2581772323453
2191,22.2524540484001
2192,22.2467334759923
2193,22.2410155127397
2194,22.2353001562631
2195,22.229587404187
2196,22.2238772541388
2197,22.2181697037492
2198,22.2124647506523
2199,22.2067623924852
2200,22.2010626268885
2201,22.1953654515056
2202,22.1896708639836
2203,22.1839788619725
2204,22.1782894431255
2205,22.1726026050992
2206,22.1669183455531
2207,22.1612366621501
2208,22.1555575525562
2209,22.1498810144406
2210,22.1442070454756
2211,22.1385356433367
2212,22.1328668057027
2213,22.1272005302552
2214,22.1215368146792
2215,22.1158756566629
2216,22.1102170538974
2217,22.104561004077
2218,22.0989075048993
2219,22.0932565540648
2220,22.0876081492771
2221,22.0819622882431
2222,22.0763189686726
2223,22.0706781882786
2224,22.0650399447772
2225,22.0594042358874
2226,22.0537710593316
2227,22.0481404128349
2228,22.0425122941257
2229,22.0368867009355
2230,22.0312636309986
2231,22.0256430820525
2232,22.0200250518379
2233,22.0144095380982
2234,22.0087965385802
2235,22.0031860510334
2236,21.9975780732104
2237,21.991972602867
2238,21.9863696377619
2239,21.9807691756566
2240,21.9751712143159
2241,21.9695757515075
2242,21.963982785002
2243,21.9583923125731
2244,21.9528043319973
2245,21.9472188410544
2246,21.9416358375267
2247,21.9360553191999
2248,21.9304772838624
2249,21.9249017293057
2250,21.9193286533241
2251,21.913758053715
2252,21.9081899282785
2253,21.9026242748179
2254,21.8970610911392
2255,21.8915003750515
2256,21.8859421243668
2257,21.8803863368997
2258,21.8748330104682
2259,21.8692821428929
2260,21.8637337319972
2261,21.8581877756076
2262,21.8526442715535
2263,21.847103217667
2264,21.8415646117832
2265,21.83602845174
2266,21.8304947353781
2267,21.8249634605414
2268,21.8194346250762
2269,21.8139082268319
2270,21.8083842636607
2271,21.8028627334177
2272,21.7973436339607
2273,21.7918269631504
2274,21.7863127188503
2275,21.7808008989267
2276,21.7752915012489
2277,21.7697845236887
2278,21.764279964121
2279,21.7587778204232
2280,21.7532780904758
2281,21.7477807721618
2282,21.7422858633672
2283,21.7367933619807
2284,21.7313032658938
2285,21.7258155730007
2286,21.7203302811984
2287,21.7148473883867
2288,21.7093668924681
2289,21.7038887913479
2290,21.6984130829341
2291,21.6929397651374
2292,21.6874688358714
2293,21.6820002930522
2294,21.6765341345989
2295,21.671070358433
2296,21.665608962479
2297,21.660149944664
2298,21.6546933029177
2299,21.6492390351727
2300,21.6437871393641
2301,21.63833761343
2302,21.6328904553108
2303,21.6274456629498
2304,21.6220032342929
2305,21.6165631672889
2306,21.6111254598889
2307,21.6056901100469
2308,21.6002571157196
2309,21.5948264748661
2310,21.5893981854485
2311,21.5839722454312
2312,21.5785486527816
2313,21.5731274054694
2314,21.5677085014671
2315,21.5622919387498
2316,21.5568777152952
2317,21.5514658290838
2318,21.5460562780984
2319,21.5406490603246
2320,21.5352441737506
2321,21.5298416163673
2322,21.5244413861678
2323,21.5190434811483
2324,21.5136478993073
2325,21.5082546386458
2326,21.5028636971677
2327,21.4974750728793
2328,21.4920887637893
2329,21.4867047679092
2330,21.4813230832529
2331,21.4759437078371
2332,21.4705666396809
2333,21.4651918768058
2334,21.459819417236
2335,21.4544492589984
2336,21.4490814001221
2337,21.4437158386388
2338,21.4383525725831
2339,21.4329915999916
2340,21.4276329189037
2341,21.4222765273614
2342,21.4169224234089
2343,21.4115706050932
2344,21.4062210704637
2345,21.4008738175722
2346,21.395528844473
2347,21.3901861492231
2348,21.3848457298818
2349,21.3795075845109
2350,21.3741717111747
2351,21.36883810794
2352,21.3635067728759
2353,21.3581777040543
2354,21.3528508995492
2355,21.3475263574373
2356,21.3422040757975
2357,21.3368840527115
2358,21.331566286263
2359,21.3262507745387
2360,21.3209375156271
2361,21.3156265076197
2362,21.3103177486099
2363,21.305011236694
2364,21.2997069699705
2365,21.2944049465401
2366,21.2891051645064
2367,21.2838076219749
2368,21.2785123170539
2369,21.2732192478538
2370,21.2679284124876
2371,21.2626398090706
2372,21.2573534357204
2373,21.2520692905572
2374,21.2467873717034
2375,21.2415076772837
2376,21.2362302054255
2377,21.2309549542582
2378,21.2256819219137
2379,21.2204111065264
2380,21.2151425062328
2381,21.2098761191718
2382,21.2046119434849
2383,21.1993499773157
2384,21.1940902188101
2385,21.1888326661165
2386,21.1835773173856
2387,21.1783241707702
2388,21.1730732244257
2389,21.1678244765098
2390,21.1625779251823
2391,21.1573335686054
2392,21.1520914049438
2393,21.1468514323642
2394,21.1416136490358
2395,21.13637805313
2396,21.1311446428206
2397,21.1259134162836
2398,21.1206843716972
2399,21.115457507242
2400,21.1102328211009
2401,21.105010311459
2402,21.0997899765036
2403,21.0945718144245
2404,21.0893558234135
2405,21.0841420016647
2406,21.0789303473747
2407,21.073720858742
2408,21.0685135339676
2409,21.0633083712546
2410,21.0581053688084
2411,21.0529045248366
2412,21.0477058375492
2413,21.042509305158
2414,21.0373149258775
2415,21.0321226979242
2416,21.0269326195167
2417,21.0217446888761
2418,21.0165589042255
2419,21.0113752637902
2420,21.0061937657978
2421,21.001014408478
2422,20.9958371900629
2423,20.9906621087864
2424,20.9854891628851
2425,20.9803183505972
2426,20.9751496701636
2427,20.9699831198271
2428,20.9648186978327
2429,20.9596564024276
2430,20.9544962318611
2431,20.9493381843849
2432,20.9441822582525
2433,20.9390284517199
2434,20.9338767630449
2435,20.9287271904877
2436,20.9235797323107
2437,20.9184343867781
2438,20.9132911521566
2439,20.9081500267148
2440,20.9030110087235
2441,20.8978740964557
2442,20.8927392881864
2443,20.8876065821929
2444,20.8824759767543
2445,20.8773474701522
2446,20.8722210606699
2447,20.8670967465932
2448,20.8619745262098
2449,20.8568543978093
2450,20.8517363596839
2451,20.8466204101274
2452,20.841506547436
2453,20.8363947699079
2454,20.8312850758432
2455,20.8261774635443
2456,20.8210719313157
2457,20.8159684774638
2458,20.8108671002971
2459,20.8057677981263
2460,20.8006705692639
2461,20.7955754120249
2462,20.7904823247259
2463,20.7853913056857
2464,20.7803023532253
2465,20.7752154656675
2466,20.7701306413373
2467,20.7650478785618
2468,20.7599671756699
2469,20.7548885309927
2470,20.7498119428634
2471,20.7447374096169
2472,20.7396649295906
2473,20.7345945011234
2474,20.7295261225566
2475,20.7244597922334
2476,20.719395508499
2477,20.7143332697005
2478,20.7092730741871
2479,20.7042149203101
2480,20.6991588064226
2481,20.6941047308798
2482,20.6890526920389
2483,20.6840026882589
2484,20.6789547179012
2485,20.6739087793287
2486,20.6688648709065
2487,20.6638229910018
2488,20.6587831379835
2489,20.6537453102227
2490,20.6487095060922
2491,20.6436757239671
2492,20.6386439622242
2493,20.6336142192424
2494,20.6285864934023
2495,20.6235607830868
2496,20.6185370866805
2497,20.6135154025701
2498,20.608495729144
2499,20.6034780647928
2500,20.5984624079089
2501,20.5934487568866
2502,20.5884371101222
2503,20.5834274660139
2504,20.5784198229618
2505,20.573414179368
2506,20.5684105336364
2507,20.5634088841729
2508,20.5584092293851
2509,20.5534115676828
2510,20.5484158974776
2511,20.5434222171829
2512,20.538430525214
2513,20.5334408199883
2514,20.5284530999248
2515,20.5234673634447
2516,20.5184836089707
2517,20.5135018349278
2518,20.5085220397425
2519,20.5035442218434
2520,20.4985683796609
2521,20.4935945116273
2522,20.4886226161768
2523,20.4836526917454
2524,20.4786847367709
2525,20.473718749693
2526,20.4687547289534
2527,20.4637926729954
2528,20.4588325802644
2529,20.4538744492074
2530,20.4489182782735
2531,20.4439640659133
2532,20.4390118105797
2533,20.434061510727
2534,20.4291131648115
2535,20.4241667712913
2536,20.4192223286265
2537,20.4142798352788
2538,20.4093392897117
2539,20.4044006903908
2540,20.3994640357831
2541,20.3945293243578
2542,20.3895965545857
2543,20.3846657249394
2544,20.3797368338933
2545,20.3748098799238
2546,20.3698848615088
2547,20.3649617771282
2548,20.3600406252635
2549,20.3551214043983
2550,20.3502041130177
2551,20.3452887496087
2552,20.34037531266
2553,20.3354638006621
2554,20.3305542121075
2555,20.32564654549
2556,20.3207407993057
2557,20.315836972052
2558,20.3109350622284
2559,20.306035068336
2560,20.3011369888777
2561,20.296240822358
2562,20.2913465672835
2563,20.2864542221623
2564,20.2815637855041
2565,20.2766752558208
2566,20.2717886316255
2567,20.2669039114335
2568,20.2620210937616
2569,20.2571401771284
2570,20.2522611600541
2571,20.2473840410608
2572,20.2425088186723
2573,20.237635491414
2574,20.2327640578131
2575,20.2278945163985
2576,20.2230268657009
2577,20.2181611042526
2578,20.2132972305877
2579,20.2084352432418
2580,20.2035751407526
2581,20.198716921659
2582,20.1938605845019
2583,20.189006127824
2584,20.1841535501694
2585,20.179302850084
2586,20.1744540261156
2587,20.1696070768133
2588,20.1647620007282
2589,20.159918796413
2590,20.1550774624219
2591,20.150237997311
2592,20.1454003996379
2593,20.1405646679621
2594,20.1357308008445
2595,20.1308987968478
2596,20.1260686545364
2597,20.1212403724763
2598,20.1164139492351
2599,20.1115893833822
2600,20.1067666734885
2601,20.1019458181266
2602,20.0971268158708
2603,20.0923096652969
2604,20.0874943649826
2605,20.082680913507
2606,20.077869309451
2607,20.0730595513969
2608,20.0682516379289
2609,20.0634455676327
2610,20.0586413390956
2611,20.0538389509066
2612,20.0490384016562
2613,20.0442396899367
2614,20.0394428143419
2615,20.0346477734672
2616,20.0298545659096
2617,20.0250631902678
2618,20.0202736451421
2619,20.0154859291342
2620,20.0107000408478
2621,20.0059159788877
2622,20.0011337418608
2623,19.9963533283752
2624,19.9915747370407
2625,19.9867979664689
2626,19.9820230152726
2627,19.9772498820666
2628,19.972478565467
2629,19.9677090640916
2630,19.9629413765596
2631,19.9581755014921
2632,19.9534114375115
2633,19.9486491832418
2634,19.9438887373087
2635,19.9391300983394
2636,19.9343732649626
2637,19.9296182358087
2638,19.9248650095094
2639,19.9201135846983
2640,19.9153639600102
2641,19.9106161340818
2642,19.9058701055511
2643,19.9011258730577
2644,19.8963834352428
2645,19.8916427907492
2646,19.8869039382209
2647,19.8821668763039
2648,19.8774316036455
2649,19.8726981188945
2650,19.8679664207013
2651,19.8632365077177
2652,19.8585083785973
2653,19.853782031995
2654,19.8490574665673
2655,19.8443346809721
2656,19.839613673869
2657,19.834894443919
2658,19.8301769897846
2659,19.82546131013
2660,19.8207474036205
2661,19.8160352689234
2662,19.8113249047071
2663,19.8066163096418
2664,19.8019094823989
2665,19.7972044216515
2666,19.7925011260743
2667,19.7877995943431
2668,19.7830998251357
2669,19.7784018171308
2670,19.7737055690092
2671,19.7690110794527
2672,19.7643183471448
2673,19.7596273707705
2674,19.7549381490161
2675,19.7502506805696
2676,19.7455649641203
2677,19.740880998359
2678,19.7361987819781
2679,19.7315183136713
2680,19.7268395921339
2681,19.7221626160624
2682,19.7174873841551
2683,19.7128138951116
2684,19.7081421476328
2685,19.7034721404214
2686,19.6988038721812
2687,19.6941373416177
2688,19.6894725474377
2689,19.6848094883495
2690,19.6801481630628
2691,19.6754885702888
2692,19.67083070874
2693,19.6661745771307
2694,19.6615201741761
2695,19.6568674985932
2696,19.6522165491004
2697,19.6475673244174
2698,19.6429198232653
2699,19.6382740443668
2700,19.6336299864459
2701,19.628987648228
2702,19.62434702844
2703,19.6197081258101
2704,19.6150709390681
2705,19.610435466945
2706,19.6058017081733
2707,19.6011696614869
2708,19.5965393256211
2709,19.5919106993126
2710,19.5872837812995
2711,19.5826585703213
2712,19.5780350651189
2713,19.5734132644347
2714,19.5687931670121
2715,19.5641747715964
2716,19.559558076934
2717,19.5549430817727
2718,19.5503297848617
2719,19.5457181849516
2720,19.5411082807945
2721,19.5365000711436
2722,19.5318935547536
2723,19.5272887303808
2724,19.5226855967825
2725,19.5180841527176
2726,19.5134843969462
2727,19.50888632823
2728,19.5042899453319
2729,19.4996952470162
2730,19.4951022320485
2731,19.4905108991958
2732,19.4859212472265
2733,19.4813332749103
2734,19.4767469810182
2735,19.4721623643227
2736,19.4675794235975
2737,19.4629981576178
2738,19.4584185651598
2739,19.4538406450016
2740,19.449264395922
2741,19.4446898167017
2742,19.4401169061224
2743,19.4355456629673
2744,19.4309760860207
2745,19.4264081740685
2746,19.4218419258978
2747,19.4172773402969
2748,19.4127144160558
2749,19.4081531519654
2750,19.4035935468182
2751,19.3990355994078
2752,19.3944793085293
2753,19.3899246729791
2754,19.3853716915547
2755,19.3808203630552
2756,19.3762706862809
2757,19.3717226600332
2758,19.3671762831152
2759,19.3626315543309
2760,19.3580884724859
2761,19.3535470363869
2762,19.3490072448421
2763,19.3444690966607
2764,19.3399325906535
2765,19.3353977256324
2766,19.3308645004106
2767,19.3263329138028
2768,19.3218029646246
2769,19.3172746516932
2770,19.3127479738271
2771,19.3082229298458
2772,19.3036995185702
2773,19.2991777388227
2774,19.2946575894266
2775,19.2901390692068
2776,19.2856221769893
2777,19.2811069116013
2778,19.2765932718715
2779,19.2720812566297
2780,19.2675708647069
2781,19.2630620949355
2782,19.2585549461492
2783,19.2540494171828
2784,19.2495455068724
2785,19.2450432140554
2786,19.2405425375705
2787,19.2360434762575
2788,19.2315460289575
2789,19.227050194513
2790,19.2225559717676
2791,19.2180633595661
2792,19.2135723567546
2793,19.2090829621805
2794,19.2045951746924
2795,19.2001089931401
2796,19.1956244163747
2797,19.1911414432484
2798,19.1866600726147
2799,19.1821803033285
2800,19.1777021342456
2801,19.1732255642234
2802,19.1687505921201
2803,19.1642772167955
2804,19.1598054371105
2805,19.155335251927
2806,19.1508666601085
2807,19.1463996605194
2808,19.1419342520255
2809,19.1374704334937
2810,19.1330082037921
2811,19.1285475617902
2812,19.1240885063585
2813,19.1196310363687
2814,19.1151751506939
2815,19.1107208482082
2816,19.106268127787
2817,19.1018169883068
2818,19.0973674286455
2819,19.092919447682
2820,19.0884730442965
2821,19.0840282173702
2822,19.0795849657858
2823,19.075143288427
2824,19.0707031841787
2825,19.0662646519269
2826,19.061827690559
2827,19.0573922989634
2828,19.0529584760298
2829,19.048526220649
2830,19.0440955317129
2831,19.0396664081147
2832,19.0352388487489
2833,19.0308128525108
2834,19.0263884182972
2835,19.0219655450059
2836,19.0175442315359
2837,19.0131244767875
2838,19.0087062796619
2839,19.0042896390616
2840,18.9998745538904
2841,18.995461023053
2842,18.9910490454554
2843,18.9866386200048
2844,18.9822297456094
2845,18.9778224211786
2846,18.9734166456231
2847,18.9690124178546
2848,18.964609736786
2849,18.9602086013312
2850,18.9558090104055
2851,18.9514109629251
2852,18.9470144578076
2853,18.9426194939715
2854,18.9382260703365
2855,18.9338341858235
2856,18.9294438393545
2857,18.9250550298526
2858,18.9206677562421
2859,18.9162820174483
2860,18.9118978123978
2861,18.9075151400182
2862,18.9031339992383
2863,18.8987543889879
2864,18.8943763081982
2865,18.8899997558011
2866,18.8856247307299
2867,18.8812512319191
2868,18.876879258304
2869,18.8725088088213
2870,18.8681398824087
2871,18.8637724780049
2872,18.85940659455
2873,18.8550422309849
2874,18.8506793862518
2875,18.8463180592938
2876,18.8419582490555
2877,18.837599954482
2878,18.8332431745202
2879,18.8288879081175
2880,18.8245341542226
2881,18.8201819117855
2882,18.8158311797571
2883,18.8114819570893
2884,18.8071342427353
2885,18.8027880356493
2886,18.7984433347865
2887,18.7941001391033
2888,18.7897584475571
2889,18.7854182591066
2890,18.7810795727113
2891,18.7767423873319
2892,18.7724067019302
2893,18.768072515469
2894,18.7637398269122
2895,18.7594086352249
2896,18.7550789393732
2897,18.7507507383241
2898,18.7464240310459
2899,18.7420988165079
2900,18.7377750936804
2901,18.7334528615347
2902,18.7291321190435
2903,18.7248128651803
2904,18.7204950989195
2905,18.716178819237
2906,18.7118640251093
2907,18.7075507155143
2908,18.7032388894309
2909,18.6989285458388
2910,18.694619683719
2911,18.6903123020534
2912,18.6860063998253
2913,18.6817019760185
2914,18.6773990296182
2915,18.6730975596106
2916,18.6687975649829
2917,18.6644990447233
2918,18.6602019978212
2919,18.6559064232669
2920,18.6516123200517
2921,18.6473196871681
2922,18.6430285236095
2923,18.6387388283703
2924,18.6344506004461
2925,18.6301638388335
2926,18.6258785425298
2927,18.6215947105339
2928,18.6173123418452
2929,18.6130314354645
2930,18.6087519903934
2931,18.6044740056345
2932,18.6001974801917
2933,18.5959224130696
2934,18.5916488032739
2935,18.5873766498115
2936,18.5831059516901
2937,18.5788367079185
2938,18.5745689175065
2939,18.570302579465
2940,18.5660376928057
2941,18.5617742565414
2942,18.5575122696861
2943,18.5532517312546
2944,18.5489926402627
2945,18.5447349957272
2946,18.5404787966661
2947,18.5362240420981
2948,18.5319707310432
2949,18.5277188625221
2950,18.5234684355568
2951,18.5192194491701
2952,18.5149719023857
2953,18.5107257942285
2954,18.5064811237244
2955,18.5022378899002
2956,18.4979960917835
2957,18.4937557284033
2958,18.4895167987892
2959,18.4852793019721
2960,18.4810432369836
2961,18.4768086028565
2962,18.4725753986244
2963,18.4683436233221
2964,18.4641132759851
2965,18.4598843556501
2966,18.4556568613548
2967,18.4514307921376
2968,18.4472061470381
2969,18.4429829250968
2970,18.4387611253552
2971,18.4345407468558
2972,18.4303217886419
2973,18.426104249758
2974,18.4218881292494
2975,18.4176734261624
2976,18.4134601395444
2977,18.4092482684434
2978,18.4050378119087
2979,18.4008287689905
2980,18.3966211387398
2981,18.3924149202088
2982,18.3882101124504
2983,18.3840067145186
2984,18.3798047254683
2985,18.3756041443554
2986,18.3714049702368
2987,18.36720720217
2988,18.363010839214
2989,18.3588158804283
2990,18.3546223248735
2991,18.3504301716112
2992,18.3462394197038
2993,18.3420500682148
2994,18.3378621162085
2995,18.3336755627503
2996,18.3294904069064
2997,18.3253066477438
2998,18.3211242843309
2999,18.3169433157365
3000,18.3127637410306
3001,18.3085855592842
3002,18.304408769569
3003,18.3002333709578
3004,18.2960593625243
3005,18.2918867433431
3006,18.2877155124898
3007,18.2835456690407
3008,18.2793772120732
3009,18.2752101406657
3010,18.2710444538973
3011,18.2668801508482
3012,18.2627172305993
3013,18.2585556922328
3014,18.2543955348314
3015,18.2502367574789
3016,18.24607935926
3017,18.2419233392603
3018,18.2377686965664
3019,18.2336154302657
3020,18.2294635394464
3021,18.2253130231979
3022,18.2211638806103
3023,18.2170161107745
3024,18.2128697127827
3025,18.2087246857275
3026,18.2045810287028
3027,18.2004387408032
3028,18.1962978211242
3029,18.1921582687623
3030,18.1880200828148
3031,18.1838832623799
3032,18.1797478065567
3033,18.1756137144454
3034,18.1714809851467
3035,18.1673496177624
3036,18.1632196113952
3037,18.1590909651487
3038,18.1549636781274
3039,18.1508377494365
3040,18.1467131781822
3041,18.1425899634718
3042,18.1384681044131
3043,18.134347600115
3044,18.1302284496872
3045,18.1261106522404
3046,18.121994206886
3047,18.1178791127364
3048,18.1137653689049
3049,18.1096529745055
3050,18.1055419286532
3051,18.1014322304639
3052,18.0973238790543
3053,18.0932168735421
3054,18.0891112130455
3055,18.085006896684
3056,18.0809039235778
3057,18.0768022928479
3058,18.0727020036162
3059,18.0686030550055
3060,18.0645054461394
3061,18.0604091761425
3062,18.05631424414
3063,18.0522206492582
3064,18.0481283906242
3065,18.0440374673657
3066,18.0399478786118
3067,18.0358596234918
3068,18.0317727011365
3069,18.0276871106769
3070,18.0236028512454
3071,18.0195199219749
3072,18.0154383219994
3073,18.0113580504535
3074,18.0072791064728
3075,18.0032014891936
3076,17.9991251977534
3077,17.99505023129
3078,17.9909765889425
3079,17.9869042698506
3080,17.9828332731549
3081,17.978763597997
3082,17.9746952435189
3083,17.9706282088639
3084,17.9665624931758
3085,17.9624980955996
3086,17.9584350152807
3087,17.9543732513657
3088,17.9503128030017
3089,17.9462536693369
3090,17.9421958495203
3091,17.9381393427015
3092,17.9340841480311
3093,17.9300302646606
3094,17.9259776917421
3095,17.9219264284287
3096,17.9178764738743
3097,17.9138278272335
3098,17.9097804876619
3099,17.9057344543158
3100,17.9016897263523
3101,17.8976463029294
3102,17.8936041832058
3103,17.8895633663411
3104,17.8855238514957
3105,17.8814856378309
3106,17.8774487245085
3107,17.8734131106916
3108,17.8693787955436
3109,17.8653457782291
3110,17.8613140579132
3111,17.8572836337621
3112,17.8532545049425
3113,17.8492266706222
3114,17.8452001299696
3115,17.8411748821539
3116,17.8371509263453
3117,17.8331282617146
3118,17.8291068874334
3119,17.8250868026742
3120,17.8210680066102
3121,17.8170504984156
3122,17.813034277265
3123,17.8090193423343
3124,17.8050056927997
3125,17.8009933278385
3126,17.7969822466288
3127,17.7929724483492
3128,17.7889639321795
3129,17.7849566972999
3130,17.7809507428916
3131,17.7769460681365
3132,17.7729426722174
3133,17.7689405543177
3134,17.7649397136219
3135,17.7609401493148
3136,17.7569418605824
3137,17.7529448466113
3138,17.7489491065889
3139,17.7449546397034
3140,17.7409614451437
3141,17.7369695220996
3142,17.7329788697615
3143,17.7289894873208
3144,17.7250013739695
3145,17.7210145289004
3146,17.7170289513071
3147,17.713044640384
3148,17.7090615953261
3149,17.7050798153294
3150,17.7010992995906
3151,17.697120047307
3152,17.6931420576769
3153,17.6891653298992
3154,17.6851898631736
3155,17.6812156567006
3156,17.6772427096814
3157,17.673271021318
3158,17.6693005908132
3159,17.6653314173705
3160,17.6613635001941
3161,17.6573968384891
3162,17.6534314314612
3163,17.649467278317
3164,17.6455043782637
3165,17.6415427305094
3166,17.6375823342629
3167,17.6336231887336
3168,17.6296652931319
3169,17.6257086466689
3170,17.6217532485562
3171,17.6177990980064
3172,17.6138461942328
3173,17.6098945364494
3174,17.6059441238709
3175,17.6019949557128
3176,17.5980470311914
3177,17.5941003495236
3178,17.5901549099272
3179,17.5862107116206
3180,17.582267753823
3181,17.5783260357543
3182,17.5743855566352
3183,17.5704463156872
3184,17.5665083121322
3185,17.5625715451932
3186,17.5586360140938
3187,17.5547017180584
3188,17.5507686563119
3189,17.5468368280801
3190,17.5429062325897
3191,17.5389768690677
3192,17.5350487367423
3193,17.531121834842
3194,17.5271961625963
3195,17.5232717192354
3196,17.51934850399
3197,17.5154265160919
3198,17.5115057547733
3199,17.5075862192672
3200,17.5036679088074
3201,17.4997508226283
3202,17.4958349599651
3203,17.4919203200538
3204,17.4880069021309
3205,17.4840947054338
3206,17.4801837292005
3207,17.4762739726698
3208,17.4723654350811
3209,17.4684581156747
3210,17.4645520136913
3211,17.4606471283727
3212,17.4567434589611
3213,17.4528410046995
3214,17.4489397648316
3215,17.445039738602
3216,17.4411409252556
3217,17.4372433240384
3218,17.4333469341969
3219,17.4294517549783
3220,17.4255577856306
3221,17.4216650254025
3222,17.4177734735431
3223,17.4138831293027
3224,17.4099939919319
3225,17.4061060606822
3226,17.4022193348058
3227,17.3983338135554
3228,17.3944494961845
3229,17.3905663819474
3230,17.3866844700991
3231,17.382803759895
3232,17.3789242505915
3233,17.3750459414456
3234,17.371168831715
3235,17.3672929206579
3236,17.3634182075335
3237,17.3595446916016
3238,17.3556723721224
3239,17.3518012483571
3240,17.3479313195676
3241,17.3440625850163
3242,17.3401950439663
3243,17.3363286956815
3244,17.3324635394263
3245,17.3285995744661
3246,17.3247368000667
3247,17.3208752154946
3248,17.3170148200171
3249,17.3131556129021
3250,17.3092975934182
3251,17.3054407608346
3252,17.3015851144212
3253,17.2977306534488
3254,17.2938773771885
3255,17.2900252849123
3256,17.2861743758929
3257,17.2823246494035
3258,17.2784761047182
3259,17.2746287411114
3260,17.2707825578586
3261,17.2669375542358
3262,17.2630937295194
3263,17.2592510829869
3264,17.2554096139162
3265,17.251569321586
3266,17.2477302052754
3267,17.2438922642645
3268,17.2400554978339
3269,17.2362199052649
3270,17.2323854858393
3271,17.2285522388398
3272,17.2247201635497
3273,17.2208892592527
3274,17.2170595252336
3275,17.2132309607775
3276,17.2094035651702
3277,17.2055773376984
3278,17.2017522776492
3279,17.1979283843103
3280,17.1941056569704
3281,17.1902840949185
3282,17.1864636974445
3283,17.1826444638386
3284,17.1788263933921
3285,17.1750094853967
3286,17.1711937391447
3287,17.1673791539292
3288,17.1635657290438
3289,17.1597534637828
3290,17.1559423574412
3291,17.1521324093146
3292,17.1483236186992
3293,17.1445159848919
3294,17.1407095071902
3295,17.1369041848923
3296,17.133100017297
3297,17.1292970037037
3298,17.1254951434125
3299,17.1216944357241
3300,17.1178948799399
3301,17.1140964753618
3302,17.1102992212924
3303,17.1065031170351
3304,17.1027081618936
3305,17.0989143551725
3306,17.095121696177
3307,17.0913301842128
3308,17.0875398185863
3309,17.0837505986045
3310,17.0799625235752
3311,17.0761755928066
3312,17.0723898056076
3313,17.0686051612878
3314,17.0648216591574
3315,17.061039298527
3316,17.0572580787083
3317,17.0534779990131
3318,17.0496990587541
3319,17.0459212572447
3320,17.0421445937987
3321,17.0383690677307
3322,17.0345946783557
3323,17.0308214249897
3324,17.0270493069488
3325,17.0232783235502
3326,17.0195084741115
3327,17.0157397579508
3328,17.011972174387
3329,17.0082057227396
3330,17.0044404023286
3331,17.0006762124747
3332,16.9969131524992
3333,16.9931512217241
3334,16.9893904194717
3335,16.9856307450654
3336,16.9818721978286
3337,16.978114777086
3338,16.9743584821622
3339,16.970603312383
3340,16.9668492670745
3341,16.9630963455634
3342,16.9593445471772
3343,16.9555938712437
3344,16.9518443170916
3345,16.94809588405
3346,16.9443485714487
3347,16.9406023786182
3348,16.9368573048893
3349,16.9331133495937
3350,16.9293705120636
3351,16.9256287916316
3352,16.9218881876313
3353,16.9181486993965
3354,16.9144103262619
3355,16.9106730675625
3356,16.9069369226342
3357,16.9032018908133
3358,16.8994679714368
3359,16.8957351638421
3360,16.8920034673674
3361,16.8882728813514
3362,16.8845434051335
3363,16.8808150380535
3364,16.8770877794519
3365,16.8733616286697
3366,16.8696365850488
3367,16.8659126479312
3368,16.8621898166598
3369,16.8584680905782
3370,16.8547474690301
3371,16.8510279513603
3372,16.8473095369139
3373,16.8435922250366
3374,16.8398760150749
3375,16.8361609063756
3376,16.8324468982861
3377,16.8287339901547
3378,16.8250221813299
3379,16.821311471161
3380,16.8176018589978
3381,16.8138933441906
3382,16.8101859260905
3383,16.806479604049
3384,16.8027743774182
3385,16.7990702455508
3386,16.7953672078
3387,16.7916652635197
3388,16.7879644120643
3389,16.7842646527887
3390,16.7805659850486
3391,16.7768684082001
3392,16.7731719215998
3393,16.769476524605
3394,16.7657822165735
3395,16.7620889968637
3396,16.7583968648346
3397,16.7547058198457
3398,16.7510158612572
3399,16.7473269884296
3400,16.7436392007242
3401,16.7399524975027
3402,16.7362668781276
3403,16.7325823419618
3404,16.7288988883686
3405,16.7252165167122
3406,16.7215352263571
3407,16.7178550166685
3408,16.7141758870121
3409,16.7104978367542
3410,16.7068208652616
3411,16.7031449719017
3412,16.6994701560425
3413,16.6957964170523
3414,16.6921237543004
3415,16.6884521671562
3416,16.68478165499
3417,16.6811122171724
3418,16.6774438530748
3419,16.673776562069
3420,16.6701103435272
3421,16.6664451968225
3422,16.6627811213283
3423,16.6591181164187
3424,16.6554561814681
3425,16.6517953158517
3426,16.6481355189453
3427,16.6444767901248
3428,16.6408191287673
3429,16.6371625342498
3430,16.6335070059504
3431,16.6298525432473
3432,16.6261991455195
3433,16.6225468121465
3434,16.6188955425083
3435,16.6152453359855
3436,16.6115961919591
3437,16.6079481098108
3438,16.6043010889228
3439,16.6006551286778
3440,16.597010228459
3441,16.5933663876503
3442,16.589723605636
3443,16.5860818818009
3444,16.5824412155304
3445,16.5788016062106
3446,16.5751630532278
3447,16.5715255559691
3448,16.567889113822
3449,16.5642537261747
3450,16.5606193924156
3451,16.556986111934
3452,16.5533538841194
3453,16.5497227083622
3454,16.546092584053
3455,16.5424635105832
3456,16.5388354873444
3457,16.535208513729
3458,16.5315825891299
3459,16.5279577129403
3460,16.5243338845543
3461,16.5207111033662
3462,16.517089368771
3463,16.5134686801641
3464,16.5098490369416
3465,16.5062304384999
3466,16.5026128842362
3467,16.4989963735478
3468,16.495380905833
3469,16.4917664804904
3470,16.488153096919
3471,16.4845407545185
3472,16.4809294526891
3473,16.4773191908314
3474,16.4737099683467
3475,16.4701017846366
3476,16.4664946391034
3477,16.4628885311498
3478,16.4592834601792
3479,16.4556794255952
3480,16.4520764268021
3481,16.4484744632048
3482,16.4448735342086
3483,16.4412736392193
3484,16.4376747776432
3485,16.4340769488872
3486,16.4304801523587
3487,16.4268843874655
3488,16.4232896536161
3489,16.4196959502192
3490,16.4161032766843
3491,16.4125116324214
3492,16.4089210168407
3493,16.4053314293533
3494,16.4017428693705
3495,16.3981553363044
3496,16.3945688295673
3497,16.3909833485721
3498,16.3873988927323
3499,16.3838154614619
3500,16.3802330541753
3501,16.3766516702875
3502,16.3730713092138
3503,16.3694919703704
3504,16.3659136531735
3505,16.3623363570402
3506,16.3587600813879
3507,16.3551848256345
3508,16.3516105891986
3509,16.348037371499
3510,16.3444651719552
3511,16.3408939899871
3512,16.3373238250152
3513,16.3337546764604
3514,16.3301865437441
3515,16.3266194262882
3516,16.3230533235151
3517,16.3194882348478
3518,16.3159241597096
3519,16.3123610975245
3520,16.3087990477167
3521,16.3052380097112
3522,16.3016779829332
3523,16.2981189668088
3524,16.2945609607642
3525,16.2910039642262
3526,16.2874479766221
3527,16.2838929973797
3528,16.2803390259274
3529,16.2767860616938
3530,16.2732341041084
3531,16.2696831526006
3532,16.266133206601
3533,16.26258426554
3534,16.2590363288489
3535,16.2554893959595
3536,16.2519434663038
3537,16.2483985393145
3538,16.2448546144247
3539,16.241311691068
3540,16.2377697686786
3541,16.2342288466909
3542,16.2306889245399
3543,16.2271500016614
3544,16.2236120774911
3545,16.2200751514656
3546,16.2165392230219
3547,16.2130042915973
3548,16.2094703566299
3549,16.2059374175578
3550,16.2024054738201
3551,16.198874524856
3552,16.1953445701053
3553,16.1918156090084
3554,16.1882876410059
3555,16.1847606655391
3556,16.1812346820496
3557,16.1777096899797
3558,16.1741856887719
3559,16.1706626778694
3560,16.1671406567157
3561,16.1636196247548
3562,16.1600995814314
3563,16.1565805261902
3564,16.1530624584769
3565,16.1495453777373
3566,16.1460292834178
3567,16.1425141749652
3568,16.1390000518268
3569,16.1354869134504
3570,16.1319747592842
3571,16.128463588777
3572,16.1249534013778
3573,16.1214441965364
3574,16.1179359737028
3575,16.1144287323275
3576,16.1109224718616
3577,16.1074171917565
3578,16.1039128914642
3579,16.100409570437
3580,16.0969072281278
3581,16.09340586399
3582,16.0899054774772
3583,16.0864060680437
3584,16.0829076351441
3585,16.0794101782337
3586,16.075913696768
3587,16.072418190203
3588,16.0689236579952
3589,16.0654300996017
3590,16.0619375144797
3591,16.0584459020872
3592,16.0549552618826
3593,16.0514655933244
3594,16.0479768958721
3595,16.0444891689852
3596,16.0410024121238
3597,16.0375166247486
3598,16.0340318063206
3599,16.0305479563012
3600,16.0270650741523
3601,16.0235831593364
3602,16.0201022113162
3603,16.0166222295551
3604,16.0131432135166
3605,16.009665162665
3606,16.0061880764649
3607,16.0027119543813
3608,15.9992367958797
3609,15.9957626004261
3610,15.9922893674868
3611,15.9888170965287
3612,15.985345787019
3613,15.9818754384255
3614,15.9784060502162
3615,15.9749376218599
3616,15.9714701528254
3617,15.9680036425824
3618,15.9645380906006
3619,15.9610734963505
3620,15.9576098593029
3621,15.954147178929
3622,15.9506854547004
3623,15.9472246860893
3624,15.9437648725682
3625,15.9403060136101
3626,15.9368481086884
3627,15.9333911572769
3628,15.92993515885
3629,15.9264801128824
3630,15.9230260188492
3631,15.9195728762261
3632,15.9161206844889
3633,15.9126694431143
3634,15.9092191515791
3635,15.9057698093606
3636,15.9023214159365
3637,15.8988739707851
3638,15.8954274733849
3639,15.8919819232151
3640,15.888537319755
3641,15.8850936624845
3642,15.8816509508841
3643,15.8782091844345
3644,15.8747683626167
3645,15.8713284849126
3646,15.867889550804
3647,15.8644515597735
3648,15.861014511304
3649,15.8575784048787
3650,15.8541432399814
3651,15.8507090160964
3652,15.847275732708
3653,15.8438433893015
3654,15.8404119853621
3655,15.8369815203758
3656,15.8335519938289
3657,15.830123405208
3658,15.8266957540003
3659,15.8232690396933
3660,15.8198432617749
3661,15.8164184197337
3662,15.8129945130582
3663,15.8095715412379
3664,15.8061495037623
3665,15.8027284001214
3666,15.7993082298058
3667,15.7958889923063
3668,15.7924706871143
3669,15.7890533137214
3670,15.7856368716198
3671,15.7822213603021
3672,15.7788067792612
3673,15.7753931279905
3674,15.7719804059838
3675,15.7685686127354
3676,15.7651577477397
3677,15.7617478104919
3678,15.7583388004875
3679,15.7549307172222
3680,15.7515235601924
3681,15.7481173288946
3682,15.7447120228261
3683,15.7413076414843
3684,15.7379041843671
3685,15.7345016509729
3686,15.7311000408003
3687,15.7276993533485
3688,15.7242995881171
3689,15.7209007446059
3690,15.7175028223154
3691,15.7141058207463
3692,15.7107097393997
3693,15.7073145777773
3694,15.703920335381
3695,15.7005270117132
3696,15.6971346062767
3697,15.6937431185747
3698,15.6903525481107
3699,15.6869628943888
3700,15.6835741569133
3701,15.6801863351891
3702,15.6767994287213
3703,15.6734134370156
3704,15.670028359578
3705,15.6666441959148
3706,15.6632609455329
3707,15.6598786079394
3708,15.656497182642
3709,15.6531166691487
3710,15.6497370669677
3711,15.6463583756081
3712,15.6429805945789
3713,15.6396037233897
3714,15.6362277615504
3715,15.6328527085716
3716,15.6294785639639
3717,15.6261053272386
3718,15.6227329979071
3719,15.6193615754815
3720,15.6159910594741
3721,15.6126214493976
3722,15.6092527447651
3723,15.6058849450903
3724,15.602518049887
3725,15.5991520586695
3726,15.5957869709526
3727,15.5924227862513
3728,15.5890595040811
3729,15.585697123958
3730,15.582335645398
3731,15.578975067918
3732,15.575615391035
3733,15.5722566142663
3734,15.5688987371298
3735,15.5655417591437
3736,15.5621856798266
3737,15.5588304986975
3738,15.5554762152757
3739,15.552122829081
3740,15.5487703396335
3741,15.5454187464538
3742,15.5420680490627
3743,15.5387182469815
3744,15.535369339732
3745,15.5320213268361
3746,15.5286742078163
3747,15.5253279821954
3748,15.5219826494967
3749,15.5186382092436
3750,15.5152946609603
3751,15.5119520041709
3752,15.5086102384004
3753,15.5052693631736
3754,15.5019293780162
3755,15.498590282454
3756,15.4952520760133
3757,15.4919147582206
3758,15.488578328603
3759,15.4852427866879
3760,15.4819081320029
3761,15.4785743640763
3762,15.4752414824365
3763,15.4719094866125
3764,15.4685783761335
3765,15.465248150529
3766,15.4619188093292
3767,15.4585903520645
3768,15.4552627782655
3769,15.4519360874634
3770,15.4486102791897
3771,15.4452853529763
3772,15.4419613083554
3773,15.4386381448597
3774,15.4353158620222
3775,15.4319944593761
3776,15.4286739364553
3777,15.4253542927939
3778,15.4220355279263
3779,15.4187176413874
3780,15.4154006327124
3781,15.4120845014368
3782,15.4087692470967
3783,15.4054548692283
3784,15.4021413673683
3785,15.3988287410539
3786,15.3955169898223
3787,15.3922061132115
3788,15.3888961107595
3789,15.3855869820048
3790,15.3822787264865
3791,15.3789713437436
3792,15.3756648333158
3793,15.3723591947432
3794,15.369054427566
3795,15.3657505313249
3796,15.3624475055611
3797,15.3591453498159
3798,15.3558440636311
3799,15.352543646549
3800,15.3492440981119
3801,15.3459454178629
3802,15.3426476053451
3803,15.3393506601021
3804,15.336054581678
3805,15.3327593696169
3806,15.3294650234636
3807,15.3261715427632
3808,15.322878927061
3809,15.3195871759027
3810,15.3162962888346
3811,15.313006265403
3812,15.3097171051548
3813,15.3064288076371
3814,15.3031413723976
3815,15.299854798984
3816,15.2965690869447
3817,15.2932842358283
3818,15.2900002451837
3819,15.2867171145602
3820,15.2834348435075
3821,15.2801534315757
3822,15.276872878315
3823,15.2735931832762
3824,15.2703143460105
3825,15.2670363660692
3826,15.2637592430041
3827,15.2604829763673
3828,15.2572075657114
3829,15.2539330105892
3830,15.2506593105538
3831,15.2473864651589
3832,15.2441144739583
3833,15.2408433365061
3834,15.2375730523571
3835,15.2343036210662
3836,15.2310350421885
3837,15.2277673152799
3838,15.2245004398961
3839,15.2212344155936
3840,15.2179692419291
3841,15.2147049184595
3842,15.2114414447422
3843,15.208178820335
3844,15.2049170447958
3845,15.2016561176831
3846,15.1983960385556
3847,15.1951368069724
3848,15.1918784224929
3849,15.188620884677
3850,15.1853641930847
3851,15.1821083472764
3852,15.1788533468131
3853,15.1755991912558
3854,15.172345880166
3855,15.1690934131055
3856,15.1658417896366
3857,15.1625910093217
3858,15.1593410717237
3859,15.1560919764058
3860,15.1528437229314
3861,15.1495963108645
3862,15.1463497397693
3863,15.1431040092103
3864,15.1398591187524
3865,15.1366150679608
3866,15.1333718564011
3867,15.1301294836391
3868,15.1268879492412
3869,15.1236472527739
3870,15.120407393804
3871,15.1171683718988
3872,15.113930186626
3873,15.1106928375533
3874,15.1074563242492
3875,15.104220646282
3876,15.1009858032208
3877,15.0977517946348
3878,15.0945186200936
3879,15.091286279167
3880,15.0880547714254
3881,15.0848240964393
3882,15.0815942537797
3883,15.0783652430177
3884,15.0751370637249
3885,15.0719097154733
3886,15.0686831978351
3887,15.0654575103828
3888,15.0622326526894
3889,15.059008624328
3890,15.0557854248722
3891,15.0525630538959
3892,15.0493415109734
3893,15.0461207956791
3894,15.0429009075879
3895,15.039681846275
3896,15.036463611316
3897,15.0332462022866
3898,15.0300296187631
3899,15.0268138603219
3900,15.0235989265399
3901,15.0203848169943
3902,15.0171715312624
3903,15.0139590689222
3904,15.0107474295517
3905,15.0075366127294
3906,15.0043266180341
3907,15.0011174450448
3908,14.997909093341
3909,14.9947015625024
3910,14.9914948521092
3911,14.9882889617416
3912,14.9850838909804
3913,14.9818796394066
3914,14.9786762066016
3915,14.9754735921471
3916,14.972271795625
3917,14.9690708166176
3918,14.9658706547077
3919,14.9626713094781
3920,14.9594727805121
3921,14.9562750673934
3922,14.9530781697057
3923,14.9498820870334
3924,14.946686818961
3925,14.9434923650734
3926,14.9402987249557
3927,14.9371058981935
3928,14.9339138843725
3929,14.930722683079
3930,14.9275322938992
3931,14.9243427164201
3932,14.9211539502286
3933,14.9179659949122
3934,14.9147788500586
3935,14.9115925152558
3936,14.9084069900922
3937,14.9052222741563
3938,14.9020383670372
3939,14.8988552683241
3940,14.8956729776066
3941,14.8924914944747
3942,14.8893108185185
3943,14.8861309493285
3944,14.8829518864957
3945,14.8797736296111
3946,14.8765961782662
3947,14.8734195320528
3948,14.8702436905629
3949,14.867068653389
3950,14.8638944201238
3951,14.8607209903602
3952,14.8575483636916
3953,14.8543765397116
3954,14.8512055180141
3955,14.8480352981934
3956,14.844865879844
3957,14.8416972625608
3958,14.838529445939
3959,14.835362429574
3960,14.8321962130617
3961,14.829030795998
3962,14.8258661779794
3963,14.8227023586025
3964,14.8195393374645
3965,14.8163771141625
3966,14.8132156882943
3967,14.8100550594576
3968,14.8068952272508
3969,14.8037361912724
3970,14.8005779511211
3971,14.7974205063962
3972,14.794263856697
3973,14.7911080016232
3974,14.787952940775
3975,14.7847986737527
3976,14.7816452001569
3977,14.7784925195885
3978,14.7753406316488
3979,14.7721895359393
3980,14.7690392320619
3981,14.7658897196187
3982,14.7627409982122
3983,14.7595930674451
3984,14.7564459269205
3985,14.7532995762416
3986,14.7501540150121
3987,14.7470092428361
3988,14.7438652593176
3989,14.7407220640613
3990,14.737579656672
3991,14.7344380367547
3992,14.731297203915
3993,14.7281571577586
3994,14.7250178978914
3995,14.7218794239197
3996,14.7187417354503
3997,14.71560483209
3998,14.712468713446
3999,14.7093333791257
4000,14.7061988287371
4001,14.7020001342449
4002,14.6978024890328
4003,14.6936058925766
4004,14.6894103443523
4005,14.6852158438364
4006,14.6810223905058
4007,14.6768299838377
4008,14.6726386233097
4009,14.6684483084
4010,14.6642590385868
4011,14.6600708133492
4012,14.6558836321662
4013,14.6516974945175
4014,14.647512399883
4015,14.6433283477431
4016,14.6391453375786
4017,14.6349633688707
4018,14.6307824411009
4019,14.626602553751
4020,14.6224237063035
4021,14.6182458982411
4022,14.6140691290467
4023,14.6098933982039
4024,14.6057187051965
4025,14.6015450495089
4026,14.5973724306255
4027,14.5932008480315
4028,14.5890303012121
4029,14.5848607896533
4030,14.580692312841
4031,14.576524870262
4032,14.5723584614031
4033,14.5681930857516
4034,14.5640287427952
4035,14.559865432022
4036,14.5557031529203
4037,14.5515419049792
4038,14.5473816876877
4039,14.5432225005354
4040,14.5390643430123
4041,14.5349072146088
4042,14.5307511148156
4043,14.5265960431238
4044,14.5224419990248
4045,14.5182889820105
4046,14.5141369915732
4047,14.5099860272055
4048,14.5058360884003
4049,14.501687174651
4050,14.4975392854513
4051,14.4933924202955
4052,14.4892465786778
4053,14.4851017600933
4054,14.4809579640371
4055,14.4768151900048
4056,14.4726734374925
4057,14.4685327059965
4058,14.4643929950134
4059,14.4602543040405
4060,14.4561166325752
4061,14.4519799801152
4062,14.447844346159
4063,14.4437097302049
4064,14.439576131752
4065,14.4354435502996
4066,14.4313119853473
4067,14.4271814363953
4068,14.423051902944
4069,14.4189233844942
4070,14.414795880547
4071,14.410669390604
4072,14.406543914167
4073,14.4024194507384
4074,14.3982959998208
4075,14.3941735609171
4076,14.3900521335308
4077,14.3859317171656
4078,14.3818123113256
4079,14.3776939155151
4080,14.3735765292392
4081,14.3694601520029
4082,14.3653447833118
4083,14.3612304226719
4084,14.3571170695893
4085,14.3530047235709
4086,14.3488933841234
4087,14.3447830507544
4088,14.3406737229716
4089,14.336565400283
4090,14.3324580821971
4091,14.3283517682227
4092,14.324246457869
4093,14.3201421506455
4094,14.3160388460621
4095,14.311936543629
4096,14.3078352428569
4097,14.3037349432568
4098,14.2996356443399
4099,14.2955373456179
4100,14.2914400466029
4101,14.2873437468073
4102,14.2832484457439
4103,14.2791541429256
4104,14.2750608378661
4105,14.2709685300791
4106,14.2668772190789
4107,14.2627869043798
4108,14.2586975854969
4109,14.2546092619454
4110,14.2505219332408
4111,14.2464355988991
4112,14.2423502584366
4113,14.23826591137
4114,14.2341825572163
4115,14.2301001954928
4116,14.2260188257173
4117,14.2219384474078
4118,14.2178590600826
4119,14.2137806632607
4120,14.2097032564611
4121,14.2056268392032
4122,14.2015514110069
4123,14.1974769713924
4124,14.1934035198801
4125,14.1893310559909
4126,14.185259579246
4127,14.1811890891671
4128,14.1771195852759
4129,14.1730510670948
4130,14.1689835341463
4131,14.1649169859535
4132,14.1608514220395
4133,14.156786841928
4134,14.1527232451431
4135,14.148660631209
4136,14.1445989996504
4137,14.1405383499924
4138,14.1364786817603
4139,14.1324199944798
4140,14.128362287677
4141,14.1243055608782
4142,14.1202498136103
4143,14.1161950454002
4144,14.1121412557755
4145,14.1080884442638
4146,14.1040366103933
4147,14.0999857536925
4148,14.0959358736901
4149,14.0918869699152
4150,14.0878390418974
4151,14.0837920891665
4152,14.0797461112525
4153,14.075701107686
4154,14.0716570779979
4155,14.0676140217192
4156,14.0635719383815
4157,14.0595308275167
4158,14.0554906886569
4159,14.0514515213347
4160,14.0474133250828
4161,14.0433760994346
4162,14.0393398439235
4163,14.0353045580834
4164,14.0312702414485
4165,14.0272368935534
4166,14.0232045139329
4167,14.0191731021222
4168,14.0151426576569
4169,14.0111131800728
4170,14.0070846689062
4171,14.0030571236936
4172,13.9990305439719
4173,13.9950049292783
4174,13.9909802791504
4175,13.986956593126
4176,13.9829338707433
4177,13.9789121115409
4178,13.9748913150576
4179,13.9708714808327
4180,13.9668526084057
4181,13.9628346973164
4182,13.9588177471051
4183,13.9548017573122
4184,13.9507867274787
4185,13.9467726571457
4186,13.9427595458547
4187,13.9387473931475
4188,13.9347361985664
4189,13.9307259616538
4190,13.9267166819526
4191,13.9227083590058
4192,13.9187009923571
4193,13.9146945815501
4194,13.910689126129
4195,13.9066846256383
4196,13.9026810796228
4197,13.8986784876276
4198,13.894676849198
4199,13.8906761638799
4200,13.8866764312194
4201,13.8826776507628
4202,13.8786798220568
4203,13.8746829446487
4204,13.8706870180856
4205,13.8666920419154
4206,13.862698015686
4207,13.8587049389457
4208,13.8547128112434
4209,13.8507216321279
4210,13.8467314011485
4211,13.842742117855
4212,13.8387537817971
4213,13.8347663925253
4214,13.8307799495901
4215,13.8267944525424
4216,13.8228099009335
4217,13.8188262943149
4218,13.8148436322385
4219,13.8108619142565
4220,13.8068811399213
4221,13.8029013087858
4222,13.7989224204032
4223,13.7949444743269
4224,13.7909674701108
4225,13.7869914073088
4226,13.7830162854754
4227,13.7790421041653
4228,13.7750688629336
4229,13.7710965613357
4230,13.7671251989272
4231,13.763154775264
4232,13.7591852899026
4233,13.7552167423996
4234,13.7512491323118
4235,13.7472824591965
4236,13.7433167226113
4237,13.739351922114
4238,13.7353880572629
4239,13.7314251276165
4240,13.7274631327335
4241,13.723502072173
4242,13.7195419454946
4243,13.715582752258
4244,13.7116244920232
4245,13.7076671643506
4246,13.7037107688009
4247,13.6997553049351
4248,13.6958007723145
4249,13.6918471705006
4250,13.6878944990555
4251,13.6839427575413
4252,13.6799919455206
4253,13.6760420625562
4254,13.6720931082113
4255,13.6681450820494
4256,13.6641979836342
4257,13.6602518125298
4258,13.6563065683006
4259,13.6523622505112
4260,13.6484188587268
4261,13.6444763925126
4262,13.6405348514342
4263,13.6365942350575
4264,13.6326545429487
4265,13.6287157746745
4266,13.6247779298015
4267,13.620841007897
4268,13.6169050085285
4269,13.6129699312635
4270,13.6090357756702
4271,13.605102541317
4272,13.6011702277725
4273,13.5972388346057
4274,13.5933083613858
4275,13.5893788076824
4276,13.5854501730654
4277,13.5815224571048
4278,13.5775956593713
4279,13.5736697794356
4280,13.5697448168687
4281,13.565820771242
4282,13.5618976421272
4283,13.5579754290963
4284,13.5540541317215
4285,13.5501337495754
4286,13.5462142822309
4287,13.5422957292612
4288,13.5383780902397
4289,13.5344613647401
4290,13.5305455523367
4291,13.5266306526036
4292,13.5227166651157
4293,13.5188035894477
4294,13.5148914251751
4295,13.5109801718733
4296,13.5070698291182
4297,13.503160396486
4298,13.499251873553
4299,13.4953442598961
4300,13.4914375550922
4301,13.4875317587187
4302,13.4836268703532
4303,13.4797228895736
4304,13.4758198159581
4305,13.4719176490852
4306,13.4680163885338
4307,13.4641160338829
4308,13.4602165847119
4309,13.4563180406005
4310,13.4524204011287
4311,13.4485236658766
4312,13.444627834425
4313,13.4407329063545
4314,13.4368388812464
4315,13.432945758682
4316,13.4290535382432
4317,13.4251622195119
4318,13.4212718020704
4319,13.4173822855013
4320,13.4134936693875
4321,13.4096059533121
4322,13.4057191368587
4323,13.4018332196109
4324,13.3979482011528
4325,13.3940640810688
4326,13.3901808589434
4327,13.3862985343615
4328,13.3824171069084
4329,13.3785365761695
4330,13.3746569417306
4331,13.3707782031777
4332,13.3669003600972
4333,13.3630234120757
4334,13.3591473587001
4335,13.3552721995576
4336,13.3513979342357
4337,13.3475245623222
4338,13.3436520834051
4339,13.3397804970727
4340,13.3359098029137
4341,13.332040000517
4342,13.3281710894718
4343,13.3243030693675
4344,13.3204359397939
4345,13.3165697003411
4346,13.3127043505993
4347,13.3088398901593
4348,13.3049763186118
4349,13.3011136355481
4350,13.2972518405595
4351,13.293390933238
4352,13.2895309131753
4353,13.285671779964
4354,13.2818135331964
4355,13.2779561724656
4356,13.2740996973646
4357,13.2702441074869
4358,13.2663894024261
4359,13.2625355817762
4360,13.2586826451316
4361,13.2548305920867
4362,13.2509794222364
4363,13.2471291351757
4364,13.2432797305001
4365,13.2394312078052
4366,13.2355835666868
4367,13.2317368067413
4368,13.2278909275652
4369,13.224045928755
4370,13.220201809908
4371,13.2163585706215
4372,13.212516210493
4373,13.2086747291203
4374,13.2048341261018
4375,13.2009944010356
4376,13.1971555535207
4377,13.1933175831558
4378,13.1894804895404
4379,13.1856442722738
4380,13.1818089309559
4381,13.1779744651868
4382,13.1741408745669
4383,13.1703081586966
4384,13.1664763171769
4385,13.162645349609
4386,13.1588152555943
4387,13.1549860347346
4388,13.1511576866317
4389,13.147330210888
4390,13.143503607106
4391,13.1396778748884
4392,13.1358530138384
4393,13.1320290235592
4394,13.1282059036545
4395,13.1243836537282
4396,13.1205622733845
4397,13.1167417622276
4398,13.1129221198624
4399,13.1091033458938
4400,13.105285439927
4401,13.1014684015675
4402,13.0976522304211
4403,13.0938369260939
4404,13.090022488192
4405,13.0862089163222
4406,13.0823962100912
4407,13.0785843691061
4408,13.0747733929743
4409,13.0709632813036
4410,13.0671540337017
4411,13.0633456497768
4412,13.0595381291374
4413,13.0557314713923
4414,13.0519256761503
4415,13.0481207430208
4416,13.0443166716131
4417,13.0405134615372
4418,13.036711112403
4419,13.0329096238208
4420,13.0291089954013
4421,13.0253092267551
4422,13.0215103174935
4423,13.0177122672278
4424,13.0139150755696
4425,13.0101187421307
4426,13.0063232665234
4427,13.0025286483601
4428,12.9987348872534
4429,12.9949419828162
4430,12.9911499346618
4431,12.9873587424036
4432,12.9835684056553
4433,12.979778924031
4434,12.9759902971448
4435,12.9722025246114
4436,12.9684156060453
4437,12.9646295410617
4438,12.9608443292758
4439,12.9570599703033
4440,12.9532764637599
4441,12.9494938092616
4442,12.9457120064248
4443,12.9419310548661
4444,12.9381509542023
4445,12.9343717040506
4446,12.9305933040282
4447,12.9268157537528
4448,12.9230390528423
4449,12.9192632009149
4450,12.9154881975888
4451,12.9117140424828
4452,12.9079407352158
4453,12.9041682754068
4454,12.9003966626755
4455,12.8966258966413
4456,12.8928559769243
4457,12.8890869031446
4458,12.8853186749227
4459,12.8815512918793
4460,12.8777847536354
4461,12.874019059812
4462,12.8702542100308
4463,12.8664902039134
4464,12.8627270410818
4465,12.8589647211582
4466,12.8552032437651
4467,12.8514426085253
4468,12.8476828150617
4469,12.8439238629975
4470,12.8401657519563
4471,12.8364084815618
4472,12.832652051438
4473,12.8288964612091
4474,12.8251417104997
4475,12.8213877989345
4476,12.8176347261385
4477,12.813882491737
4478,12.8101310953554
4479,12.8063805366196
4480,12.8026308151555
4481,12.7988819305894
4482,12.7951338825478
4483,12.7913866706575
4484,12.7876402945455
4485,12.783894753839
4486,12.7801500481656
4487,12.776406177153
4488,12.7726631404292
4489,12.7689209376224
4490,12.7651795683612
4491,12.7614390322744
4492,12.7576993289908
4493,12.7539604581399
4494,12.750222419351
4495,12.7464852122539
4496,12.7427488364786
4497,12.7390132916553
4498,12.7352785774146
4499,12.731544693387
4500,12.7278116392037
4501,12.7240794144959
4502,12.7203480188949
4503,12.7166174520326
4504,12.7128877135408
4505,12.7091588030519
4506,12.7054307201981
4507,12.7017034646123
4508,12.6979770359273
4509,12.6942514337764
4510,12.6905266577929
4511,12.6868027076106
4512,12.6830795828633
4513,12.6793572831852
4514,12.6756358082107
4515,12.6719151575745
4516,12.6681953309114
4517,12.6644763278565
4518,12.6607581480453
4519,12.6570407911133
4520,12.6533242566964
4521,12.6496085444307
4522,12.6458936539526
4523,12.6421795848985
4524,12.6384663369053
4525,12.6347539096102
4526,12.6310423026503
4527,12.6273315156632
4528,12.6236215482868
4529,12.619912400159
4530,12.616204070918
4531,12.6124965602024
4532,12.608789867651
4533,12.6050839929027
4534,12.6013789355967
4535,12.5976746953725
4536,12.5939712718698
4537,12.5902686647285
4538,12.5865668735887
4539,12.582865898091
4540,12.5791657378758
4541,12.5754663925842
4542,12.5717678618573
4543,12.5680701453363
4544,12.564373242663
4545,12.560677153479
4546,12.5569818774266
4547,12.5532874141479
4548,12.5495937632856
4549,12.5459009244825
4550,12.5422088973814
4551,12.5385176816257
4552,12.5348272768589
4553,12.5311376827247
4554,12.527448898867
4555,12.52376092493
4556,12.5200737605581
4557,12.516387405396
4558,12.5127018590886
4559,12.509017121281
4560,12.5053331916185
4561,12.5016500697468
4562,12.4979677553117
4563,12.4942862479592
4564,12.4906055473356
4565,12.4869256530874
4566,12.4832465648614
4567,12.4795682823046
4568,12.4758908050641
4569,12.4722141327875
4570,12.4685382651224
4571,12.4648632017168
4572,12.4611889422187
4573,12.4575154862765
4574,12.4538428335389
4575,12.4501709836546
4576,12.4464999362728
4577,12.4428296910427
4578,12.4391602476139
4579,12.4354916056361
4580,12.4318237647593
4581,12.4281567246337
4582,12.4244904849097
4583,12.4208250452381
4584,12.4171604052697
4585,12.4134965646556
4586,12.4098335230473
4587,12.4061712800962
4588,12.4025098354542
4589,12.3988491887733
4590,12.3951893397059
4591,12.3915302879043
4592,12.3878720330214
4593,12.38421457471
4594,12.3805579126234
4595,12.3769020464149
4596,12.3732469757382
4597,12.3695927002471
4598,12.3659392195956
4599,12.3622865334383
4600,12.3586346414294
4601,12.3549835432238
4602,12.3513332384765
4603,12.3476837268427
4604,12.3440350079778
4605,12.3403870815374
4606,12.3367399471775
4607,12.3330936045541
4608,12.3294480533236
4609,12.3258032931425
4610,12.3221593236676
4611,12.318516144556
4612,12.3148737554647
4613,12.3112321560513
4614,12.3075913459733
4615,12.3039513248889
4616,12.3003120924559
4617,12.2966736483328
4618,12.2930359921781
4619,12.2893991236506
4620,12.2857630424093
4621,12.2821277481134
4622,12.2784932404224
4623,12.2748595189959
4624,12.2712265834937
4625,12.2675944335761
4626,12.2639630689033
4627,12.2603324891359
4628,12.2567026939346
4629,12.2530736829604
4630,12.2494454558746
4631,12.2458180123385
4632,12.2421913520138
4633,12.2385654745623
4634,12.2349403796462
4635,12.2313160669277
4636,12.2276925360694
4637,12.224069786734
4638,12.2204478185844
4639,12.2168266312838
4640,12.2132062244957
4641,12.2095865978835
4642,12.2059677511113
4643,12.2023496838429
4644,12.1987323957426
4645,12.195115886475
4646,12.1915001557047
4647,12.1878852030966
4648,12.1842710283159
4649,12.1806576310278
4650,12.1770450108981
4651,12.1734331675923
4652,12.1698221007766
4653,12.1662118101171
4654,12.1626022952803
4655,12.1589935559327
4656,12.1553855917413
4657,12.1517784023731
4658,12.1481719874953
4659,12.1445663467755
4660,12.1409614798814
4661,12.1373573864809
4662,12.1337540662421
4663,12.1301515188335
4664,12.1265497439234
4665,12.1229487411808
4666,12.1193485102746
4667,12.115749050874
4668,12.1121503626484
4669,12.1085524452675
4670,12.1049552984011
4671,12.1013589217192
4672,12.0977633148921
4673,12.0941684775903
4674,12.0905744094844
4675,12.0869811102454
4676,12.0833885795444
4677,12.0797968170527
4678,12.0762058224418
4679,12.0726155953834
4680,12.0690261355495
4681,12.0654374426123
4682,12.0618495162442
4683,12.0582623561177
4684,12.0546759619056
4685,12.0510903332809
4686,12.0475054699168
4687,12.0439213714868
4688,12.0403380376644
4689,12.0367554681235
4690,12.0331736625382
4691,12.0295926205827
4692,12.0260123419315
4693,12.0224328262592
4694,12.0188540732408
4695,12.0152760825512
4696,12.0116988538659
4697,12.0081223868602
4698,12.00454668121
4699,12.000971736591
4700,11.9973975526796
4701,11.9938241291519
4702,11.9902514656845
4703,11.9866795619541
4704,11.9831084176378
4705,11.9795380324126
4706,11.975968405956
4707,11.9723995379454
4708,11.9688314280586
4709,11.9652640759738
4710,11.9616974813689
4711,11.9581316439224
4712,11.9545665633129
4713,11.9510022392192
4714,11.9474386713202
4715,11.9438758592953
4716,11.9403138028237
4717,11.9367525015852
4718,11.9331919552595
4719,11.9296321635266
4720,11.9260731260669
4721,11.9225148425606
4722,11.9189573126884
4723,11.9154005361312
4724,11.91184451257
4725,11.908289241686
4726,11.9047347231607
4727,11.9011809566758
4728,11.8976279419129
4729,11.8940756785543
4730,11.8905241662822
4731,11.8869734047789
4732,11.8834233937272
4733,11.8798741328099
4734,11.8763256217101
4735,11.8727778601109
4736,11.869230847696
4737,11.8656845841489
4738,11.8621390691534
4739,11.8585943023937
4740,11.8550502835539
4741,11.8515070123187
4742,11.8479644883725
4743,11.8444227114002
4744,11.840881681087
4745,11.837341397118
4746,11.8338018591787
4747,11.8302630669548
4748,11.8267250201322
4749,11.8231877183967
4750,11.8196511614348
4751,11.8161153489328
4752,11.8125802805774
4753,11.8090459560555
4754,11.805512375054
4755,11.8019795372602
4756,11.7984474423616
4757,11.7949160900457
4758,11.7913854800004
4759,11.7878556119137
4760,11.7843264854739
4761,11.7807981003693
4762,11.7772704562886
4763,11.7737435529206
4764,11.7702173899542
4765,11.7666919670787
4766,11.7631672839835
4767,11.7596433403581
4768,11.7561201358924
4769,11.7525976702764
4770,11.7490759432001
4771,11.7455549543541
4772,11.7420347034288
4773,11.738515190115
4774,11.7349964141037
4775,11.731478375086
4776,11.7279610727532
4777,11.724444506797
4778,11.720928676909
4779,11.7174135827811
4780,11.7138992241056
4781,11.7103856005746
4782,11.7068727118807
4783,11.7033605577166
4784,11.6998491377752
4785,11.6963384517495
4786,11.6928284993329
4787,11.6893192802188
4788,11.6858107941008
4789,11.6823030406729
4790,11.678796019629
4791,11.6752897306635
4792,11.6717841734706
4793,11.6682793477451
4794,11.6647752531817
4795,11.6612718894755
4796,11.6577692563216
4797,11.6542673534154
4798,11.6507661804525
4799,11.6472657371287
4800,11.6437660231399
4801,11.6402670381822
4802,11.636768781952
4803,11.6332712541458
4804,11.6297744544603
4805,11.6262783825924
4806,11.6227830382392
4807,11.619288421098
4808,11.6157945308663
4809,11.6123013672416
4810,11.6088089299219
4811,11.6053172186052
4812,11.6018262329897
4813,11.5983359727738
4814,11.5948464376561
4815,11.5913576273354
4816,11.5878695415106
4817,11.584382179881
4818,11.5808955421459
4819,11.5774096280048
4820,11.5739244371575
4821,11.5704399693037
4822,11.5669562241438
4823,11.5634732013778
4824,11.5599909007064
4825,11.55650932183
4826,11.5530284644497
4827,11.5495483282664
4828,11.5460689129814
4829,11.5425902182959
4830,11.5391122439117
4831,11.5356349895305
4832,11.5321584548541
4833,11.5286826395849
4834,11.5252075434251
4835,11.5217331660772
4836,11.5182595072439
4837,11.514786566628
4838,11.5113143439327
4839,11.5078428388613
4840,11.504372051117
4841,11.5009019804036
4842,11.4974326264248
4843,11.4939639888846
4844,11.4904960674872
4845,11.4870288619369
4846,11.4835623719383
4847,11.4800965971961
4848,11.4766315374152
4849,11.4731671923006
4850,11.4697035615576
4851,11.4662406448916
4852,11.4627784420084
4853,11.4593169526136
4854,11.4558561764133
4855,11.4523961131137
4856,11.4489367624211
4857,11.445478124042
4858,11.4420201976832
4859,11.4385629830516
4860,11.4351064798542
4861,11.4316506877982
4862,11.4281956065912
4863,11.4247412359408
4864,11.4212875755547
4865,11.4178346251409
4866,11.4143823844076
4867,11.4109308530632
4868,11.4074800308161
4869,11.4040299173751
4870,11.400580512449
4871,11.3971318157469
4872,11.393683826978
4873,11.3902365458518
4874,11.3867899720778
4875,11.3833441053658
4876,11.3798989454258
4877,11.3764544919679
4878,11.3730107447024
4879,11.3695677033398
4880,11.3661253675908
4881,11.3626837371661
4882,11.359242811777
4883,11.3558025911344
4884,11.3523630749498
4885,11.3489242629348
4886,11.3454861548011
4887,11.3420487502606
4888,11.3386120490254
4889,11.3351760508077
4890,11.3317407553199
4891,11.3283061622748
4892,11.3248722713851
4893,11.3214390823637
4894,11.3180065949238
4895,11.3145748087788
4896,11.311143723642
4897,11.3077133392272
4898,11.3042836552483
4899,11.3008546714191
4900,11.2974263874541
4901,11.2939988030674
4902,11.2905719179737
4903,11.2871457318876
4904,11.2837202445241
4905,11.2802954555983
4906,11.2768713648253
4907,11.2734479719207
4908,11.2700252765999
4909,11.2666032785788
4910,11.2631819775732
4911,11.2597613732994
4912,11.2563414654736
4913,11.2529222538121
4914,11.2495037380318
4915,11.2460859178494
4916,11.2426687929818
4917,11.2392523631463
4918,11.23583662806
4919,11.2324215874407
4920,11.2290072410058
4921,11.2255935884732
4922,11.222180629561
4923,11.2187683639873
4924,11.2153567914706
4925,11.2119459117292
4926,11.208535724482
4927,11.2051262294477
4928,11.2017174263455
4929,11.1983093148945
4930,11.1949018948141
4931,11.1914951658239
4932,11.1880891276436
4933,11.1846837799931
4934,11.1812791225924
4935,11.1778751551619
4936,11.1744718774218
4937,11.1710692890928
4938,11.1676673898957
4939,11.1642661795512
4940,11.1608656577806
4941,11.157465824305
4942,11.154066678846
4943,11.150668221125
4944,11.1472704508639
4945,11.1438733677845
4946,11.1404769716091
4947,11.1370812620597
4948,11.1336862388589
4949,11.1302919017294
4950,11.1268982503937
4951,11.123505284575
4952,11.1201130039962
4953,11.1167214083807
4954,11.113330497452
4955,11.1099402709335
4956,11.1065507285492
4957,11.1031618700229
4958,11.0997736950787
4959,11.096386203441
4960,11.0929993948342
4961,11.0896132689829
4962,11.0862278256118
4963,11.082843064446
4964,11.0794589852105
4965,11.0760755876306
4966,11.0726928714318
4967,11.0693108363396
4968,11.0659294820798
4969,11.0625488083784
4970,11.0591688149615
4971,11.0557895015554
4972,11.0524108678864
4973,11.0490329136812
4974,11.0456556386666
4975,11.0422790425695
4976,11.038903125117
4977,11.0355278860362
4978,11.0321533250548
4979,11.0287794419002
4980,11.0254062363002
4981,11.0220337079828
4982,11.018661856676
4983,11.015290682108
4984,11.0119201840073
4985,11.0085503621023
4986,11.005181216122
4987,11.0018127457952
4988,10.9984449508508
4989,10.9950778310182
4990,10.9917113860268
4991,10.988345615606
4992,10.9849805194857
4993,10.9816160973956
4994,10.9782523490658
4995,10.9748892742265
4996,10.9715268726081
4997,10.9681651439411
4998,10.9648040879562
4999,10.9614437043842
5000,10.9580839929561
5001,10.9547249534032
5002,10.9513665854566
5003,10.948008888848
5004,10.944651863309
5005,10.9412955085714
5006,10.9379398243671
5007,10.9345848104283
5008,10.9312304664874
5009,10.9278767922767
5010,10.9245237875288
5011,10.9211714519766
5012,10.9178197853529
5013,10.914468787391
5014,10.911118457824
5015,10.9077687963853
5016,10.9044198028085
5017,10.9010714768274
5018,10.8977238181758
5019,10.8943768265879
5020,10.8910305017977
5021,10.8876848435398
5022,10.8843398515485
5023,10.8809955255586
5024,10.877651865305
5025,10.8743088705226
5026,10.8709665409467
5027,10.8676248763124
5028,10.8642838763554
5029,10.8609435408112
5030,10.8576038694156
5031,10.8542648619047
5032,10.8509265180144
5033,10.8475888374811
5034,10.8442518200412
5035,10.8409154654312
5036,10.8375797733879
5037,10.8342447436483
5038,10.8309103759493
5039,10.8275766700281
5040,10.8242436256222
5041,10.820911242469
5042,10.8175795203062
5043,10.8142484588717
5044,10.8109180579033
5045,10.8075883171394
5046,10.8042592363182
5047,10.8009308151781
5048,10.7976030534577
5049,10.7942759508958
5050,10.7909495072314
5051,10.7876237222035
5052,10.7842985955513
5053,10.7809741270143
5054,10.7776503163319
5055,10.7743271632439
5056,10.7710046674901
5057,10.7676828288105
5058,10.7643616469453
5059,10.7610411216347
5060,10.7577212526194
5061,10.7544020396397
5062,10.7510834824367
5063,10.7477655807511
5064,10.7444483343241
5065,10.7411317428969
5066,10.7378158062108
5067,10.7345005240075
5068,10.7311858960286
5069,10.727871922016
5070,10.7245586017116
5071,10.7212459348576
5072,10.7179339211964
5073,10.7146225604703
5074,10.711311852422
5075,10.7080017967943
5076,10.70469239333
5077,10.7013836417722
5078,10.6980755418642
5079,10.6947680933493
5080,10.6914612959711
5081,10.6881551494731
5082,10.6848496535993
5083,10.6815448080936
5084,10.6782406127001
5085,10.6749370671631
5086,10.6716341712271
5087,10.6683319246366
5088,10.6650303271363
5089,10.6617293784711
5090,10.6584290783861
5091,10.6551294266264
5092,10.6518304229374
5093,10.6485320670645
5094,10.6452343587535
5095,10.6419372977499
5096,10.6386408837999
5097,10.6353451166494
5098,10.6320499960447
5099,10.6287555217321
5100,10.6254616934583
5101,10.6221685109698
5102,10.6188759740135
5103,10.6155840823364
5104,10.6122928356857
5105,10.6090022338084
5106,10.6057122764522
5107,10.6024229633645
5108,10.5991342942931
5109,10.5958462689858
5110,10.5925588871907
5111,10.5892721486558
5112,10.5859860531296
5113,10.5827006003605
5114,10.5794157900971
5115,10.576131622088
5116,10.5728480960823
5117,10.569565211829
5118,10.5662829690773
5119,10.5630013675765
5120,10.559720407076
5121,10.5564400873256
5122,10.553160408075
5123,10.5498813690741
5124,10.5466029700731
5125,10.543325210822
5126,10.5400480910714
5127,10.5367716105717
5128,10.5334957690735
5129,10.5302205663277
5130,10.5269460020852
5131,10.5236720760972
5132,10.5203987881147
5133,10.5171261378893
5134,10.5138541251725
5135,10.510582749716
5136,10.5073120112715
5137,10.504041909591
5138,10.5007724444267
5139,10.4975036155308
5140,10.4942354226557
5141,10.490967865554
5142,10.4877009439782
5143,10.4844346576814
5144,10.4811690064164
5145,10.4779039899364
5146,10.4746396079946
5147,10.4713758603444
5148,10.4681127467395
5149,10.4648502669335
5150,10.4615884206801
5151,10.4583272077336
5152,10.4550666278478
5153,10.4518066807772
5154,10.4485473662761
5155,10.4452886840991
5156,10.4420306340009
5157,10.4387732157364
5158,10.4355164290604
5159,10.4322602737282
5160,10.429004749495
5161,10.4257498561162
5162,10.4224955933474
5163,10.4192419609443
5164,10.4159889586627
5165,10.4127365862586
5166,10.4094848434881
5167,10.4062337301074
5168,10.4029832458731
5169,10.3997333905416
5170,10.3964841638695
5171,10.3932355656139
5172,10.3899875955315
5173,10.3867402533796
5174,10.3834935389153
5175,10.3802474518961
5176,10.3770019920795
5177,10.3737571592231
5178,10.3705129530849
5179,10.3672693734226
5180,10.3640264199945
5181,10.3607840925588
5182,10.3575423908738
5183,10.3543013146981
5184,10.3510608637903
5185,10.3478210379092
5186,10.3445818368137
5187,10.3413432602629
5188,10.338105308016
5189,10.3348679798324
5190,10.3316312754716
5191,10.3283951946931
5192,10.3251597372568
5193,10.3219249029226
5194,10.3186906914505
5195,10.3154571026006
5196,10.3122241361334
5197,10.3089917918093
5198,10.3057600693888
5199,10.3025289686327
5200,10.2992984893019
5201,10.2960686311575
5202,10.2928393939604
5203,10.2896107774721
5204,10.286382781454
5205,10.2831554056676
5206,10.2799286498747
5207,10.276702513837
5208,10.2734769973165
5209,10.2702521000754
5210,10.2670278218759
5211,10.2638041624805
5212,10.2605811216515
5213,10.2573586991517
5214,10.2541368947439
5215,10.250915708191
5216,10.2476951392561
5217,10.2444751877023
5218,10.2412558532932
5219,10.238037135792
5220,10.2348190349624
5221,10.2316015505682
5222,10.2283846823732
5223,10.2251684301415
5224,10.2219527936373
5225,10.2187377726248
5226,10.2155233668684
5227,10.2123095761328
5228,10.2090964001825
5229,10.2058838387826
5230,10.2026718916978
5231,10.1994605586933
5232,10.1962498395344
5233,10.1930397339865
5234,10.1898302418149
5235,10.1866213627855
5236,10.1834130966639
5237,10.180205443216
5238,10.176998402208
5239,10.1737919734059
5240,10.1705861565761
5241,10.1673809514851
5242,10.1641763578994
5243,10.1609723755857
5244,10.1577690043109
5245,10.1545662438419
5246,10.1513640939459
5247,10.1481625543901
5248,10.1449616249419
5249,10.1417613053688
5250,10.1385615954384
5251,10.1353624949186
5252,10.1321640035772
5253,10.1289661211823
5254,10.125768847502
5255,10.1225721823047
5256,10.1193761253588
5257,10.1161806764328
5258,10.1129858352955
5259,10.1097916017158
5260,10.1065979754625
5261,10.1034049563048
5262,10.1002125440118
5263,10.0970207383531
5264,10.093829539098
5265,10.0906389460162
5266,10.0874489588774
5267,10.0842595774516
5268,10.0810708015088
5269,10.077882630819
5270,10.0746950651526
5271,10.07150810428
5272,10.0683217479718
5273,10.0651359959985
5274,10.0619508481311
5275,10.0587663041404
5276,10.0555823637975
5277,10.0523990268736
5278,10.04921629314
5279,10.0460341623683
5280,10.0428526343299
5281,10.0396717087965
5282,10.0364913855401
5283,10.0333116643326
5284,10.030132544946
5285,10.0269540271527
5286,10.023776110725
5287,10.0205987954353
5288,10.0174220810564
5289,10.0142459673609
5290,10.0110704541217
5291,10.0078955411119
5292,10.0047212281045
5293,10.0015475148728
5294,9.99837440119027
5295,9.99520188683037
5296,9.99202997156674
5297,9.98885865517317
5298,9.98568793742357
5299,9.98251781809197
5300,9.97934829695254
5301,9.97617937377954
5302,9.97301104834743
5303,9.96984332043071
5304,9.96667618980408
5305,9.96350965624231
5306,9.96034371952035
5307,9.95717837941326
5308,9.9540136356962
5309,9.95084948814448
5310,9.94768593653355
5311,9.94452298063895
5312,9.94136062023638
5313,9.93819885510167
5314,9.93503768501072
5315,9.93187710973964
5316,9.9287171290646
5317,9.92555774276193
5318,9.92239895060808
5319,9.91924075237962
5320,9.91608314785324
5321,9.91292613680577
5322,9.90976971901416
5323,9.90661389425549
5324,9.90345866230696
5325,9.90030402294589
5326,9.89714997594976
5327,9.89399652109611
5328,9.89084365816266
5329,9.88769138692725
5330,9.88453970716781
5331,9.88138861866246
5332,9.87823812118934
5333,9.87508821452684
5334,9.87193889845338
5335,9.86879017274753
5336,9.86564203718802
5337,9.86249449155367
5338,9.8593475356234
5339,9.85620116917633
5340,9.85305539199164
5341,9.84991020384863
5342,9.84676560452677
5343,9.84362159380565
5344,9.84047817146493
5345,9.83733533728445
5346,9.83419309104413
5347,9.83105143252404
5348,9.82791036150441
5349,9.82476987776549
5350,9.82162998108776
5351,9.81849067125176
5352,9.81535194803819
5353,9.81221381122781
5354,9.8090762606016
5355,9.80593929594058
5356,9.80280291702593
5357,9.79966712363895
5358,9.79653191556103
5359,9.79339729257375
5360,9.79026325445875
5361,9.78712980099782
5362,9.78399693197288
5363,9.78086464716592
5364,9.77773294635912
5365,9.77460182933475
5366,9.77147129587519
5367,9.76834134576298
5368,9.76521197878072
5369,9.76208319471122
5370,9.75895499333732
5371,9.75582737444202
5372,9.75270033780849
5373,9.7495738832199
5374,9.74644801045967
5375,9.74332271931128
5376,9.74019800955832
5377,9.73707388098452
5378,9.73395033337372
5379,9.73082736650992
5380,9.72770498017717
5381,9.72458317415971
5382,9.72146194824186
5383,9.71834130220806
5384,9.71522123584289
5385,9.71210174893104
5386,9.70898284125729
5387,9.70586451260663
5388,9.70274676276406
5389,9.69962959151477
5390,9.69651299864403
5391,9.69339698393728
5392,9.69028154718001
5393,9.6871666881579
5394,9.6840524066567
5395,9.6809387024623
5396,9.67782557536069
5397,9.67471302513803
5398,9.6716010515805
5399,9.66848965447453
5400,9.66537883360655
5401,9.66226858876319
5402,9.65915891973114
5403,9.65604982629726
5404,9.65294130824849
5405,9.64983336537189
5406,9.64672599745468
5407,9.64361920428415
5408,9.64051298564771
5409,9.63740734133294
5410,9.63430227112749
5411,9.63119777481911
5412,9.62809385219573
5413,9.62499050304536
5414,9.62188772715613
5415,9.61878552431628
5416,9.61568389431418
5417,9.61258283693832
5418,9.60948235197731
5419,9.60638243921986
5420,9.60328309845479
5421,9.60018432947106
5422,9.59708613205776
5423,9.59398850600406
5424,9.59089145109925
5425,9.58779496713278
5426,9.58469905389416
5427,9.58160371117305
5428,9.5785089387592
5429,9.57541473644251
5430,9.57232110401298
5431,9.56922804126075
5432,9.566135547976
5433,9.56304362394913
5434,9.55995226897056
5435,9.55686148283089
5436,9.55377126532083
5437,9.55068161623115
5438,9.54759253535282
5439,9.54450402247686
5440,9.54141607739442
5441,9.53832869989677
5442,9.53524188977532
5443,9.53215564682156
5444,9.52906997082711
5445,9.52598486158368
5446,9.52290031888313
5447,9.51981634251743
5448,9.51673293227864
5449,9.51365008795896
5450,9.5105678093507
5451,9.50748609624627
5452,9.50440494843819
5453,9.50132436571913
5454,9.49824434788183
5455,9.4951648947192
5456,9.49208600602418
5457,9.4890076815899
5458,9.48592992120959
5459,9.48285272467655
5460,9.47977609178423
5461,9.4767000223262
5462,9.47362451609613
5463,9.47054957288779
5464,9.46747519249511
5465,9.46440137471205
5466,9.46132811933278
5467,9.45825542615149
5468,9.45518329496257
5469,9.45211172556046
5470,9.44904071773975
5471,9.44597027129512
5472,9.44290038602135
5473,9.43983106171338
5474,9.43676229816623
5475,9.43369409517504
5476,9.43062645253504
5477,9.42755937004161
5478,9.42449284749022
5479,9.42142688467644
5480,9.41836148139599
5481,9.41529663744467
5482,9.4122323526184
5483,9.40916862671322
5484,9.40610545952526
5485,9.40304285085078
5486,9.39998080048616
5487,9.39691930822787
5488,9.3938583738725
5489,9.39079799721675
5490,9.38773817805744
5491,9.38467891619149
5492,9.38162021141592
5493,9.37856206352789
5494,9.37550447232465
5495,9.37244743760357
5496,9.36939095916213
5497,9.3663350367979
5498,9.36327967030861
5499,9.36022485949203
5500,9.35717060414612
5501,9.35411690406886
5502,9.35106375905844
5503,9.34801116891308
5504,9.34495913343115
5505,9.34190765241111
5506,9.33885672565154
5507,9.33580635295115
5508,9.33275653410869
5509,9.32970726892313
5510,9.32665855719344
5511,9.32361039871875
5512,9.32056279329833
5513,9.31751574073149
5514,9.31446924081771
5515,9.31142329335654
5516,9.30837789814764
5517,9.30533305499083
5518,9.30228876368596
5519,9.29924502403305
5520,9.29620183583221
5521,9.29315919888364
5522,9.2901171129877
5523,9.28707557794477
5524,9.28403459355544
5525,9.28099415962033
5526,9.27795427594022
5527,9.27491494231597
5528,9.27187615854855
5529,9.26883792443904
5530,9.26580023978864
5531,9.26276310439864
5532,9.25972651807045
5533,9.25669048060561
5534,9.25365499180568
5535,9.25062005147245
5536,9.24758565940772
5537,9.24455181541345
5538,9.24151851929168
5539,9.23848577084459
5540,9.23545356987442
5541,9.23242191618357
5542,9.22939080957449
5543,9.22636024984978
5544,9.22333023681215
5545,9.22030077026437
5546,9.21727185000936
5547,9.21424347585015
5548,9.21121564758984
5549,9.20818836503165
5550,9.20516162797893
5551,9.20213543623512
5552,9.19910978960375
5553,9.1960846878885
5554,9.19306013089308
5555,9.1900361184214
5556,9.1870126502774
5557,9.18398972626517
5558,9.1809673461889
5559,9.17794550985284
5560,9.17492421706142
5561,9.17190346761913
5562,9.16888326133056
5563,9.16586359800043
5564,9.16284447743356
5565,9.15982589943485
5566,9.15680786380933
5567,9.15379037036214
5568,9.1507734188985
5569,9.14775700922377
5570,9.14474114114338
5571,9.14172581446288
5572,9.13871102898793
5573,9.13569678452427
5574,9.1326830808778
5575,9.12966991785446
5576,9.12665729526032
5577,9.12364521290155
5578,9.12063367058444
5579,9.1176226681154
5580,9.11461220530089
5581,9.1116022819475
5582,9.10859289786195
5583,9.10558405285102
5584,9.10257574672162
5585,9.09956797928075
5586,9.09656075033555
5587,9.09355405969321
5588,9.09054790716104
5589,9.08754229254648
5590,9.08453721565707
5591,9.08153267630041
5592,9.07852867428425
5593,9.07552520941641
5594,9.07252228150484
5595,9.06951989035759
5596,9.06651803578278
5597,9.06351671758867
5598,9.06051593558363
5599,9.05751568957608
5600,9.05451597937459
5601,9.0515168047878
5602,9.0485181656245
5603,9.04552006169354
5604,9.04252249280389
5605,9.03952545876461
5606,9.03652895938486
5607,9.03353299447393
5608,9.03053756384118
5609,9.02754266729609
5610,9.02454830464826
5611,9.02155447570732
5612,9.0185611802831
5613,9.01556841818544
5614,9.01257618922437
5615,9.00958449320994
5616,9.00659332995235
5617,9.00360269926189
5618,9.00061260094894
5619,8.997623034824
5620,8.99463400069767
5621,8.99164549838063
5622,8.98865752768367
5623,8.98567008841771
5624,8.98268318039373
5625,8.97969680342282
5626,8.9767109573162
5627,8.97372564188515
5628,8.97074085694106
5629,8.96775660229546
5630,8.96477287775992
5631,8.96178968314617
5632,8.95880701826598
5633,8.95582488293128
5634,8.95284327695406
5635,8.9498622001464
5636,8.94688165232053
5637,8.94390163328874
5638,8.94092214286343
5639,8.93794318085711
5640,8.93496474708239
5641,8.93198684135193
5642,8.92900946347857
5643,8.92603261327519
5644,8.92305629055478
5645,8.92008049513048
5646,8.91710522681545
5647,8.91413048542298
5648,8.9111562707665
5649,8.90818258265949
5650,8.90520942091552
5651,8.90223678534833
5652,8.89926467577169
5653,8.89629309199946
5654,8.89332203384569
5655,8.89035150112443
5656,8.88738149364987
5657,8.8844120112363
5658,8.8814430536981
5659,8.87847462084977
5660,8.87550671250586
5661,8.87253932848107
5662,8.86957246859018
5663,8.86660613264806
5664,8.86364032046968
5665,8.86067503187011
5666,8.85771026666453
5667,8.8547460246682
5668,8.85178230569649
5669,8.84881910956485
5670,8.84585643608887
5671,8.84289428508415
5672,8.83993265636652
5673,8.83697154975178
5674,8.8340109650559
5675,8.83105090209491
5676,8.82809136068499
5677,8.82513234064234
5678,8.82217384178334
5679,8.81921586392439
5680,8.81625840688204
5681,8.81330147047293
5682,8.81034505451377
5683,8.80738915882138
5684,8.8044337832127
5685,8.80147892750474
5686,8.7985245915146
5687,8.79557077505951
5688,8.79261747795675
5689,8.78966470002376
5690,8.786712441078
5691,8.7837607009371
5692,8.78080947941872
5693,8.77785877634066
5694,8.77490859152083
5695,8.77195892477716
5696,8.76900977592777
5697,8.76606114479079
5698,8.76311303118452
5699,8.76016543492732
5700,8.75721835583762
5701,8.75427179373399
5702,8.7513257484351
5703,8.74838021975966
5704,8.74543520752655
5705,8.74249071155466
5706,8.73954673166304
5707,8.73660326767082
5708,8.73366031939721
5709,8.73071788666155
5710,8.72777596928322
5711,8.72483456708176
5712,8.72189367987673
5713,8.71895330748784
5714,8.71601344973489
5715,8.71307410643774
5716,8.71013527741642
5717,8.70719696249094
5718,8.70425916148151
5719,8.70132187420837
5720,8.69838510049189
5721,8.69544884015253
5722,8.6925130930108
5723,8.68957785888737
5724,8.68664313760296
5725,8.6837089289784
5726,8.68077523283458
5727,8.67784204899257
5728,8.67490937727345
5729,8.67197721749842
5730,8.66904556948879
5731,8.66611443306591
5732,8.6631838080513
5733,8.66025369426654
5734,8.65732409153328
5735,8.65439499967327
5736,8.65146641850838
5737,8.64853834786058
5738,8.64561078755188
5739,8.64268373740444
5740,8.63975719724047
5741,8.63683116688231
5742,8.63390564615235
5743,8.6309806348731
5744,8.62805613286717
5745,8.62513213995724
5746,8.62220865596612
5747,8.61928568071667
5748,8.61636321403186
5749,8.61344125573473
5750,8.61051980564847
5751,8.60759886359632
5752,8.6046784294016
5753,8.60175850288776
5754,8.59883908387829
5755,8.59592017219684
5756,8.59300176766711
5757,8.5900838701129
5758,8.58716647935809
5759,8.58424959522666
5760,8.5813332175427
5761,8.57841734613035
5762,8.57550198081389
5763,8.57258712141766
5764,8.5696727677661
5765,8.56675891968376
5766,8.56384557699522
5767,8.56093273952524
5768,8.55802040709859
5769,8.55510857954017
5770,8.552197256675
5771,8.54928643832812
5772,8.54637612432472
5773,8.54346631449005
5774,8.54055700864947
5775,8.53764820662841
5776,8.53473990825242
5777,8.53183211334711
5778,8.52892482173817
5779,8.52601803325145
5780,8.52311174771283
5781,8.52020596494826
5782,8.51730068478388
5783,8.51439590704579
5784,8.51149163156028
5785,8.50858785815368
5786,8.50568458665244
5787,8.50278181688307
5788,8.4998795486722
5789,8.49697778184654
5790,8.49407651623287
5791,8.49117575165807
5792,8.48827548794913
5793,8.4853757249331
5794,8.48247646243715
5795,8.47957770028851
5796,8.47667943831452
5797,8.47378167634258
5798,8.47088441420023
5799,8.46798765171508
5800,8.46509138871477
5801,8.46219562502712
5802,8.45930036047998
5803,8.45640559490133
5804,8.45351132811918
5805,8.45061755996169
5806,8.44772429025708
5807,8.44483151883366
5808,8.44193924551981
5809,8.43904747014406
5810,8.43615619253496
5811,8.43326541252118
5812,8.43037512993147
5813,8.42748534459469
5814,8.42459605633976
5815,8.4217072649957
5816,8.41881897039163
5817,8.41593117235674
5818,8.4130438707203
5819,8.4101570653117
5820,8.40727075596038
5821,8.40438494249592
5822,8.40149962474792
5823,8.39861480254614
5824,8.39573047572036
5825,8.39284664410052
5826,8.38996330751655
5827,8.38708046579857
5828,8.38419811877671
5829,8.38131626628125
5830,8.37843490814251
5831,8.37555404419091
5832,8.37267367425698
5833,8.36979379817129
5834,8.36691441576454
5835,8.36403552686751
5836,8.36115713131105
5837,8.35827922892612
5838,8.35540181954372
5839,8.35252490299501
5840,8.34964847911117
5841,8.34677254772352
5842,8.34389710866339
5843,8.34102216176232
5844,8.3381477068518
5845,8.33527374376349
5846,8.33240027232913
5847,8.32952729238051
5848,8.32665480374956
5849,8.32378280626823
5850,8.32091129976861
5851,8.31804028408286
5852,8.31516975904321
5853,8.31229972448201
5854,8.30943018023164
5855,8.30656112612465
5856,8.30369256199358
5857,8.30082448767114
5858,8.29795690299005
5859,8.29508980778319
5860,8.29222320188347
5861,8.28935708512394
5862,8.28649145733763
5863,8.28362631835779
5864,8.28076166801766
5865,8.27789750615061
5866,8.27503383259008
5867,8.27217064716959
5868,8.26930794972277
5869,8.2664457400833
5870,8.26358401808496
5871,8.26072278356163
5872,8.25786203634724
5873,8.25500177627587
5874,8.25214200318159
5875,8.24928271689865
5876,8.24642391726131
5877,8.24356560410398
5878,8.24070777726107
5879,8.23785043656716
5880,8.23499358185688
5881,8.23213721296493
5882,8.22928132972613
5883,8.22642593197534
5884,8.22357101954752
5885,8.22071659227774
5886,8.21786265000113
5887,8.21500919255289
5888,8.21215621976834
5889,8.20930373148287
5890,8.20645172753196
5891,8.20360020775113
5892,8.20074917197604
5893,8.19789862004241
5894,8.19504855178603
5895,8.19219896704282
5896,8.18934986564873
5897,8.18650124743982
5898,8.18365311225221
5899,8.18080545992216
5900,8.17795829028595
5901,8.17511160317996
5902,8.1722653984407
5903,8.16941967590469
5904,8.16657443540858
5905,8.1637296767891
5906,8.16088539988304
5907,8.15804160452728
5908,8.15519829055881
5909,8.15235545781469
5910,8.14951310613202
5911,8.14667123534806
5912,8.14382984530007
5913,8.14098893582544
5914,8.13814850676167
5915,8.13530855794629
5916,8.13246908921691
5917,8.12963010041127
5918,8.12679159136715
5919,8.12395356192243
5920,8.12111601191506
5921,8.11827894118311
5922,8.11544234956468
5923,8.11260623689799
5924,8.1097706030213
5925,8.10693544777302
5926,8.10410077099158
5927,8.1012665725155
5928,8.09843285218341
5929,8.09559960983401
5930,8.09276684530607
5931,8.08993455843844
5932,8.0871027490701
5933,8.08427141704002
5934,8.08144056218734
5935,8.07861018435125
5936,8.07578028337098
5937,8.07295085908591
5938,8.07012191133546
5939,8.06729343995913
5940,8.06446544479653
5941,8.06163792568732
5942,8.05881088247125
5943,8.05598431498817
5944,8.05315822307797
5945,8.05033260658067
5946,8.04750746533632
5947,8.0446827991851
5948,8.04185860796726
5949,8.03903489152309
5950,8.03621164969298
5951,8.03338888231745
5952,8.03056658923703
5953,8.02774477029237
5954,8.02492342532417
5955,8.02210255417326
5956,8.01928215668052
5957,8.01646223268689
5958,8.01364278203341
5959,8.01082380456122
5960,8.00800530011152
5961,8.00518726852557
5962,8.00236970964476
5963,7.99955262331051
5964,7.99673600936434
5965,7.99391986764785
5966,7.99110419800275
5967,7.98828900027075
5968,7.98547427429372
5969,7.98266001991358
5970,7.97984623697231
5971,7.97703292531201
5972,7.97422008477481
5973,7.97140771520296
5974,7.96859581643878
5975,7.96578438832465
5976,7.96297343070307
5977,7.96016294341656
5978,7.95735292630777
5979,7.9545433792194
5980,7.95173430199426
5981,7.94892569447521
5982,7.94611755650517
5983,7.9433098879272
5984,7.94050268858439
5985,7.93769595831993
5986,7.93488969697706
5987,7.93208390439915
5988,7.9292785804296
5989,7.92647372491193
5990,7.92366933768968
5991,7.92086541860653
5992,7.91806196750621
5993,7.91525898423251
5994,7.91245646862936
5995,7.90965442054067
5996,7.90685283981053
5997,7.90405172628306
5998,7.90125107980243
5999,7.89845090021295
6000,7.89565118735895
6001,7.89285194108491
6002,7.89005316123529
6003,7.8872548476547
6004,7.88445700018782
6005,7.88165961867938
6006,7.87886270297421
6007,7.8760662529172
6008,7.87327026835334
6009,7.87047474912768
6010,7.86767969508534
6011,7.86488510607156
6012,7.8620909819316
6013,7.85929732251085
6014,7.85650412765472
6015,7.85371139720874
6016,7.85091913101852
6017,7.84812732892972
6018,7.84533599078809
6019,7.84254511643946
6020,7.83975470572973
6021,7.83696475850486
6022,7.83417527461094
6023,7.8313862538941
6024,7.82859769620053
6025,7.82580960137655
6026,7.82302196926847
6027,7.82023479972278
6028,7.81744809258597
6029,7.81466184770464
6030,7.81187606492544
6031,7.80909074409515
6032,7.80630588506056
6033,7.8035214876686
6034,7.8007375517662
6035,7.79795407720045
6036,7.79517106381844
6037,7.79238851146741
6038,7.78960641999463
6039,7.78682478924742
6040,7.78404361907323
6041,7.78126290931956
6042,7.77848265983401
6043,7.77570287046423
6044,7.77292354105793
6045,7.77014467146295
6046,7.76736626152714
6047,7.76458831109848
6048,7.761810820025
6049,7.75903378815481
6050,7.75625721533608
6051,7.75348110141709
6052,7.75070544624618
6053,7.74793024967174
6054,7.74515551154224
6055,7.74238123170629
6056,7.73960741001249
6057,7.73683404630957
6058,7.73406114044629
6059,7.73128869227155
6060,7.72851670163425
6061,7.72574516838341
6062,7.72297409236811
6063,7.72020347343752
6064,7.71743331144087
6065,7.71466360622747
6066,7.71189435764671
6067,7.70912556554802
6068,7.70635722978096
6069,7.70358935019512
6070,7.70082192664021
6071,7.69805495896595
6072,7.69528844702218
6073,7.69252239065881
6074,7.68975678972581
6075,7.68699164407325
6076,7.68422695355123
6077,7.68146271800996
6078,7.6786989372997
6079,7.67593561127084
6080,7.67317273977375
6081,7.67041032265896
6082,7.66764835977704
6083,7.66488685097861
6084,7.6621257961144
6085,7.65936519503519
6086,7.65660504759186
6087,7.65384535363533
6088,7.65108611301662
6089,7.64832732558683
6090,7.64556899119708
6091,7.64281110969861
6092,7.64005368094276
6093,7.63729670478087
6094,7.6345401810644
6095,7.63178410964486
6096,7.62902849037389
6097,7.62627332310312
6098,7.62351860768429
6099,7.62076434396924
6100,7.61801053180984
6101,7.61525717105807
6102,7.61250426156595
6103,7.60975180318558
6104,7.60699979576914
6105,7.6042482391689
6106,7.60149713323718
6107,7.59874647782636
6108,7.59599627278893
6109,7.59324651797741
6110,7.59049721324444
6111,7.58774835844269
6112,7.58499995342492
6113,7.58225199804397
6114,7.57950449215274
6115,7.57675743560419
6116,7.5740108282514
6117,7.57126466994745
6118,7.56851896054557
6119,7.56577369989901
6120,7.56302888786109
6121,7.56028452428525
6122,7.55754060902495
6123,7.55479714193373
6124,7.55205412286524
6125,7.54931155167315
6126,7.54656942821125
6127,7.54382775233336
6128,7.54108652389339
6129,7.53834574274533
6130,7.53560540874323
6131,7.53286552174122
6132,7.53012608159348
6133,7.52738708815428
6134,7.52464854127799
6135,7.52191044081896
6136,7.51917278663174
6137,7.51643557857082
6138,7.51369881649085
6139,7.51096250024655
6140,7.50822662969262
6141,7.50549120468396
6142,7.50275622507544
6143,7.50002169072206
6144,7.49728760147884
6145,7.4945539572009
6146,7.49182075774347
6147,7.48908800296178
6148,7.48635569271118
6149,7.48362382684703
6150,7.48089240522485
6151,7.47816142770016
6152,7.47543089412857
6153,7.47270080436579
6154,7.46997115826754
6155,7.46724195568964
6156,7.46451319648804
6157,7.46178488051866
6158,7.45905700763753
6159,7.45632957770076
6160,7.45360259056455
6161,7.45087604608512
6162,7.44814994411881
6163,7.44542428452198
6164,7.4426990671511
6165,7.43997429186267
6166,7.43724995851332
6167,7.4345260669597
6168,7.43180261705854
6169,7.42907960866664
6170,7.42635704164089
6171,7.42363491583822
6172,7.42091323111565
6173,7.41819198733024
6174,7.4154711843392
6175,7.41275082199968
6176,7.410030900169
6177,7.40731141870454
6178,7.4045923774637
6179,7.40187377630398
6180,7.39915561508296
6181,7.39643789365828
6182,7.39372061188764
6183,7.39100376962881
6184,7.38828736673962
6185,7.38557140307803
6186,7.38285587850197
6187,7.38014079286952
6188,7.37742614603877
6189,7.37471193786794
6190,7.37199816821528
6191,7.36928483693911
6192,7.36657194389782
6193,7.3638594889499
6194,7.36114747195384
6195,7.35843589276826
6196,7.35572475125181
6197,7.35301404726326
6198,7.3503037806614
6199,7.3475939513051
6200,7.34488455905329
6201,7.342175603765
6202,7.33946708529931
6203,7.33675900351536
6204,7.33405135827234
6205,7.33134414942958
6206,7.32863737684639
6207,7.32593104038222
6208,7.32322513989653
6209,7.32051967524887
6210,7.3178146462989
6211,7.31511005290626
6212,7.31240589493076
6213,7.30970217223219
6214,7.30699888467044
6215,7.3042960321055
6216,7.30159361439737
6217,7.29889163140616
6218,7.29619008299204
6219,7.29348896901523
6220,7.29078828933603
6221,7.2880880438148
6222,7.28538823231198
6223,7.28268885468807
6224,7.27998991080366
6225,7.27729140051933
6226,7.27459332369583
6227,7.2718956801939
6228,7.2691984698744
6229,7.26650169259823
6230,7.26380534822633
6231,7.26110943661977
6232,7.25841395763965
6233,7.25571891114713
6234,7.25302429700344
6235,7.25033011506991
6236,7.2476363652079
6237,7.24494304727882
6238,7.24225016114423
6239,7.23955770666565
6240,7.23686568370474
6241,7.23417409212322
6242,7.23148293178283
6243,7.22879220254541
6244,7.22610190427288
6245,7.22341203682721
6246,7.22072260007044
6247,7.21803359386465
6248,7.21534501807202
6249,7.21265687255476
6250,7.20996915717522
6251,7.20728187179575
6252,7.20459501627876
6253,7.20190859048678
6254,7.19922259428235
6255,7.1965370275281
6256,7.19385189008675
6257,7.19116718182105
6258,7.18848290259383
6259,7.18579905226797
6260,7.18311563070646
6261,7.18043263777229
6262,7.17775007332857
6263,7.17506793723846
6264,7.17238622936518
6265,7.16970494957202
6266,7.16702409772232
6267,7.16434367367953
6268,7.16166367730709
6269,7.15898410846856
6270,7.15630496702759
6271,7.15362625284783
6272,7.15094796579302
6273,7.14827010572699
6274,7.1455926725136
6275,7.1429156660168
6276,7.14023908610059
6277,7.13756293262906
6278,7.1348872054663
6279,7.13221190447656
6280,7.12953702952409
6281,7.1268625804732
6282,7.12418855718829
6283,7.12151495953385
6284,7.11884178737438
6285,7.11616904057447
6286,7.11349671899876
6287,7.110824822512
6288,7.10815335097895
6289,7.10548230426448
6290,7.10281168223347
6291,7.10014148475093
6292,7.09747171168187
6293,7.09480236289141
6294,7.09213343824472
6295,7.08946493760703
6296,7.08679686084364
6297,7.08412920781991
6298,7.08146197840126
6299,7.07879517245319
6300,7.07612878984126
6301,7.07346283043107
6302,7.07079729408832
6303,7.06813218067874
6304,7.06546749006817
6305,7.06280322212244
6306,7.06013937670751
6307,7.05747595368939
6308,7.05481295293413
6309,7.05215037430787
6310,7.04948821767679
6311,7.04682648290715
6312,7.04416516986529
6313,7.04150427841756
6314,7.03884380843044
6315,7.03618375977041
6316,7.03352413230408
6317,7.03086492589805
6318,7.02820614041902
6319,7.02554777573378
6320,7.02288983170915
6321,7.02023230821202
6322,7.01757520510934
6323,7.01491852226811
6324,7.01226225955544
6325,7.00960641683845
6326,7.00695099398434
6327,7.0042959908604
6328,7.00164140733397
6329,6.99898724327242
6330,6.99633349854319
6331,6.99368017301386
6332,6.99102726655194
6333,6.98837477902513
6334,6.98572271030114
6335,6.98307106024769
6336,6.98041982873266
6337,6.97776901562394
6338,6.97511862078946
6339,6.97246864409727
6340,6.96981908541545
6341,6.96716994461213
6342,6.96452122155552
6343,6.96187291611392
6344,6.95922502815563
6345,6.95657755754906
6346,6.95393050416267
6347,6.95128386786497
6348,6.94863764852453
6349,6.94599184601004
6350,6.94334646019016
6351,6.94070149093366
6352,6.93805693810941
6353,6.93541280158626
6354,6.93276908123317
6355,6.93012577691919
6356,6.92748288851335
6357,6.92484041588483
6358,6.9221983589028
6359,6.91955671743653
6360,6.91691549135536
6361,6.91427468052866
6362,6.91163428482589
6363,6.90899430411654
6364,6.90635473827022
6365,6.90371558715651
6366,6.90107685064513
6367,6.89843852860583
6368,6.89580062090845
6369,6.89316312742283
6370,6.89052604801894
6371,6.88788938256677
6372,6.88525313093635
6373,6.88261729299787
6374,6.87998186862145
6375,6.87734685767736
6376,6.87471226003592
6377,6.87207807556747
6378,6.86944430414245
6379,6.86681094563137
6380,6.86417799990475
6381,6.8615454668332
6382,6.85891334628741
6383,6.8562816381381
6384,6.85365034225606
6385,6.85101945851216
6386,6.84838898677731
6387,6.84575892692247
6388,6.84312927881867
6389,6.84050004233704
6390,6.83787121734872
6391,6.83524280372493
6392,6.83261480133693
6393,6.82998721005607
6394,6.82736002975375
6395,6.82473326030144
6396,6.82210690157064
6397,6.81948095343293
6398,6.81685541575997
6399,6.81423028842343
6400,6.8116055712951
6401,6.80898126424678
6402,6.80635736715035
6403,6.80373387987777
6404,6.801110802301
6405,6.79848813429215
6406,6.79586587572331
6407,6.79324402646665
6408,6.79062258639444
6409,6.78800155537897
6410,6.78538093329259
6411,6.78276072000772
6412,6.78014091539682
6413,6.77752151933248
6414,6.77490253168725
6415,6.77228395233381
6416,6.76966578114488
6417,6.76704801799322
6418,6.76443066275168
6419,6.76181371529315
6420,6.75919717549059
6421,6.756581043217
6422,6.75396531834547
6423,6.75135000074911
6424,6.74873509030114
6425,6.74612058687481
6426,6.74350649034341
6427,6.74089280058031
6428,6.73827951745896
6429,6.73566664085283
6430,6.73305417063549
6431,6.7304421066805
6432,6.72783044886158
6433,6.72521919705242
6434,6.7226083511268
6435,6.71999791095859
6436,6.71738787642166
6437,6.71477824738996
6438,6.71216902373757
6439,6.7095602053385
6440,6.70695179206692
6441,6.70434378379701
6442,6.70173618040302
6443,6.69912898175927
6444,6.69652218774013
6445,6.69391579822003
6446,6.69130981307345
6447,6.68870423217494
6448,6.68609905539908
6449,6.68349428262056
6450,6.68088991371411
6451,6.67828594855445
6452,6.67568238701648
6453,6.67307922897507
6454,6.67047647430517
6455,6.66787412288179
6456,6.66527217458
6457,6.66267062927493
6458,6.66006948684176
6459,6.65746874715574
6460,6.65486841009216
6461,6.65226847552639
6462,6.64966894333384
6463,6.64706981339
6464,6.64447108557038
6465,6.64187275975058
6466,6.63927483580625
6467,6.63667731361308
6468,6.63408019304686
6469,6.63148347398338
6470,6.62888715629854
6471,6.62629123986827
6472,6.62369572456857
6473,6.62110061027548
6474,6.61850589686511
6475,6.61591158421364
6476,6.61331767219727
6477,6.6107241606923
6478,6.60813104957505
6479,6.60553833872192
6480,6.60294602800938
6481,6.60035411731391
6482,6.59776260651211
6483,6.59517149548056
6484,6.592580784096
6485,6.58999047223511
6486,6.58740055977471
6487,6.58481104659166
6488,6.58222193256285
6489,6.57963321756528
6490,6.57704490147592
6491,6.57445698417189
6492,6.5718694655303
6493,6.56928234542837
6494,6.56669562374333
6495,6.56410930035248
6496,6.56152337513322
6497,6.55893784796293
6498,6.55635271871909
6499,6.55376798727927
6500,6.55118365352101
6501,6.54859971732199
6502,6.54601617855991
6503,6.5434330371125
6504,6.54085029285761
6505,6.53826794567309
6506,6.53568599543687
6507,6.53310444202696
6508,6.53052328532136
6509,6.52794252519818
6510,6.52536216153561
6511,6.5227821942118
6512,6.52020262310504
6513,6.51762344809366
6514,6.51504466905602
6515,6.51246628587058
6516,6.50988829841581
6517,6.50731070657024
6518,6.50473351021252
6519,6.50215670922126
6520,6.49958030347517
6521,6.49700429285306
6522,6.49442867723371
6523,6.49185345649604
6524,6.48927863051895
6525,6.48670419918145
6526,6.48413016236259
6527,6.48155651994146
6528,6.47898327179724
6529,6.47641041780913
6530,6.47383795785638
6531,6.47126589181834
6532,6.46869421957437
6533,6.46612294100393
6534,6.4635520559865
6535,6.46098156440161
6536,6.45841146612889
6537,6.45584176104799
6538,6.45327244903861
6539,6.4507035299805
6540,6.44813500375352
6541,6.44556687023753
6542,6.44299912931246
6543,6.4404317808583
6544,6.43786482475511
6545,6.43529826088295
6546,6.43273208912201
6547,6.43016630935247
6548,6.42760092145461
6549,6.42503592530873
6550,6.42247132079522
6551,6.41990710779451
6552,6.41734328618706
6553,6.4147798558534
6554,6.41221681667416
6555,6.40965416852995
6556,6.40709191130149
6557,6.40453004486952
6558,6.40196856911488
6559,6.39940748391838
6560,6.39684678916098
6561,6.39428648472365
6562,6.39172657048741
6563,6.38916704633333
6564,6.38660791214257
6565,6.38404916779629
6566,6.38149081317578
6567,6.37893284816227
6568,6.37637527263718
6569,6.37381808648189
6570,6.37126128957786
6571,6.36870488180661
6572,6.36614886304969
6573,6.36359323318875
6574,6.36103799210547
6575,6.35848313968155
6576,6.35592867579882
6577,6.35337460033907
6578,6.35082091318424
6579,6.34826761421623
6580,6.34571470331708
6581,6.34316218036884
6582,6.34061004525361
6583,6.33805829785355
6584,6.33550693805086
6585,6.33295596572785
6586,6.33040538076682
6587,6.32785518305014
6588,6.32530537246027
6589,6.32275594887965
6590,6.32020691219086
6591,6.31765826227646
6592,6.3151099990191
6593,6.31256212230149
6594,6.31001463200638
6595,6.30746752801658
6596,6.30492081021494
6597,6.30237447848434
6598,6.29982853270779
6599,6.29728297276831
6600,6.29473779854893
6601,6.2921930099328
6602,6.28964860680311
6603,6.28710458904306
6604,6.28456095653595
6605,6.28201770916511
6606,6.27947484681393
6607,6.27693236936586
6608,6.27439027670439
6609,6.27184856871307
6610,6.26930724527549
6611,6.26676630627532
6612,6.26422575159624
6613,6.26168558112205
6614,6.25914579473653
6615,6.25660639232356
6616,6.25406737376705
6617,6.25152873895097
6618,6.24899048775935
6619,6.24645262007626
6620,6.24391513578581
6621,6.24137803477222
6622,6.23884131691968
6623,6.23630498211251
6624,6.23376903023503
6625,6.23123346117163
6626,6.22869827480674
6627,6.2261634710249
6628,6.2236290497106
6629,6.22109501074846
6630,6.21856135402315
6631,6.21602807941936
6632,6.21349518682185
6633,6.2109626761154
6634,6.20843054718491
6635,6.20589879991529
6636,6.20336743419147
6637,6.20083644989847
6638,6.1983058469214
6639,6.19577562514534
6640,6.19324578445547
6641,6.19071632473702
6642,6.18818724587527
6643,6.18565854775554
6644,6.1831302302632
6645,6.18060229328369
6646,6.17807473670251
6647,6.17554756040515
6648,6.17302076427725
6649,6.17049434820441
6650,6.16796831207233
6651,6.16544265576674
6652,6.16291737917347
6653,6.16039248217831
6654,6.1578679646672
6655,6.15534382652605
6656,6.15282006764089
6657,6.15029668789775
6658,6.14777368718274
6659,6.14525106538199
6660,6.14272882238175
6661,6.14020695806823
6662,6.13768547232776
6663,6.13516436504669
6664,6.13264363611142
6665,6.13012328540843
6666,6.12760331282421
6667,6.12508371824534
6668,6.1225645015584
6669,6.12004566265009
6670,6.1175272014071
6671,6.11500911771622
6672,6.11249141146425
6673,6.10997408253804
6674,6.10745713082455
6675,6.10494055621071
6676,6.10242435858357
6677,6.09990853783017
6678,6.09739309383766
6679,6.09487802649319
6680,6.092363335684
6681,6.08984902129736
6682,6.0873350832206
6683,6.08482152134107
6684,6.08230833554621
6685,6.07979552572348
6686,6.07728309176044
6687,6.07477103354465
6688,6.07225935096372
6689,6.06974804390536
6690,6.06723711225726
6691,6.06472655590724
6692,6.06221637474309
6693,6.05970656865272
6694,6.05719713752402
6695,6.05468808124502
6696,6.0521793997037
6697,6.04967109278818
6698,6.04716316038658
6699,6.04465560238704
6700,6.04214841867784
6701,6.03964160914724
6702,6.03713517368357
6703,6.03462911217522
6704,6.0321234245106
6705,6.02961811057821
6706,6.02711317026655
6707,6.02460860346424
6708,6.02210441005988
6709,6.01960058994217
6710,6.01709714299982
6711,6.01459406912162
6712,6.01209136819639
6713,6.009589040113
6714,6.0070870847604
6715,6.00458550202756
6716,6.00208429180351
6717,5.99958345397732
6718,5.99708298843811
6719,5.99458289507506
6720,5.9920831737774
6721,5.9895838244344
6722,5.98708484693539
6723,5.98458624116974
6724,5.98208800702688
6725,5.97959014439627
6726,5.97709265316742
6727,5.97459553322993
6728,5.9720987844734
6729,5.96960240678752
6730,5.96710640006197
6731,5.96461076418655
6732,5.96211549905107
6733,5.95962060454539
6734,5.95712608055943
6735,5.95463192698314
6736,5.95213814370655
6737,5.94964473061972
6738,5.94715168761276
6739,5.94465901457582
6740,5.94216671139911
6741,5.93967477797288
6742,5.93718321418747
6743,5.9346920199332
6744,5.93220119510049
6745,5.92971073957978
6746,5.92722065326159
6747,5.92473093603646
6748,5.92224158779498
6749,5.91975260842782
6750,5.91726399782565
6751,5.91477575587922
6752,5.91228788247934
6753,5.90980037751682
6754,5.9073132408826
6755,5.90482647246757
6756,5.90234007216275
6757,5.89985403985915
6758,5.89736837544785
6759,5.89488307882002
6760,5.8923981498668
6761,5.88991358847945
6762,5.88742939454921
6763,5.88494556796744
6764,5.88246210862551
6765,5.87997901641482
6766,5.87749629122685
6767,5.87501393295312
6768,5.87253194148519
6769,5.87005031671469
6770,5.86756905853327
6771,5.86508816683265
6772,5.86260764150455
6773,5.86012748244082
6774,5.8576476895333
6775,5.85516826267388
6776,5.85268920175452
6777,5.85021050666723
6778,5.84773217730403
6779,5.84525421355701
6780,5.84277661531835
6781,5.84029938248021
6782,5.83782251493481
6783,5.83534601257447
6784,5.83286987529149
6785,5.83039410297827
6786,5.82791869552724
6787,5.82544365283087
6788,5.82296897478165
6789,5.82049466127219
6790,5.81802071219509
6791,5.81554712744301
6792,5.81307390690868
6793,5.81060105048483
6794,5.80812855806429
6795,5.80565642953991
6796,5.80318466480459
6797,5.80071326375126
6798,5.79824222627294
6799,5.79577155226265
6800,5.79330124161351
6801,5.79083129421862
6802,5.7883617099712
6803,5.78589248876446
6804,5.78342363049167
6805,5.78095513504618
6806,5.77848700232136
6807,5.7760192322106
6808,5.77355182460741
6809,5.77108477940526
6810,5.76861809649773
6811,5.76615177577843
6812,5.76368581714101
6813,5.76122022047918
6814,5.75875498568667
6815,5.75629011265728
6816,5.75382560128487
6817,5.75136145146329
6818,5.74889766308651
6819,5.74643423604848
6820,5.74397117024327
6821,5.74150846556491
6822,5.73904612190754
6823,5.73658413916535
6824,5.73412251723252
6825,5.73166125600332
6826,5.72920035537207
6827,5.72673981523309
6828,5.72427963548082
6829,5.72181981600969
6830,5.71936035671418
6831,5.71690125748886
6832,5.71444251822829
6833,5.7119841388271
6834,5.70952611917998
6835,5.70706845918166
6836,5.70461115872689
6837,5.7021542177105
6838,5.69969763602735
6839,5.69724141357234
6840,5.69478555024044
6841,5.69233004592665
6842,5.689874900526
6843,5.6874201139336
6844,5.68496568604457
6845,5.68251161675413
6846,5.68005790595747
6847,5.6776045535499
6848,5.67515155942672
6849,5.67269892348332
6850,5.67024664561508
6851,5.66779472571749
6852,5.66534316368605
6853,5.6628919594163
6854,5.66044111280386
6855,5.65799062374435
6856,5.65554049213346
6857,5.65309071786695
6858,5.65064130084057
6859,5.64819224095016
6860,5.6457435380916
6861,5.64329519216077
6862,5.64084720305368
6863,5.6383995706663
6864,5.63595229489472
6865,5.63350537563501
6866,5.63105881278331
6867,5.62861260623582
6868,5.62616675588879
6869,5.62372126163846
6870,5.6212761233812
6871,5.61883134101337
6872,5.61638691443136
6873,5.61394284353165
6874,5.61149912821075
6875,5.60905576836519
6876,5.6066127638916
6877,5.60417011468659
6878,5.60172782064687
6879,5.59928588166916
6880,5.59684429765024
6881,5.59440306848693
6882,5.59196219407608
6883,5.58952167431464
6884,5.58708150909953
6885,5.58464169832779
6886,5.58220224189641
6887,5.57976313970254
6888,5.57732439164329
6889,5.57488599761583
6890,5.57244795751742
6891,5.57001027124529
6892,5.56757293869678
6893,5.56513595976924
6894,5.56269933436007
6895,5.56026306236673
6896,5.55782714368671
6897,5.55539157821757
6898,5.55295636585685
6899,5.5505215065022
6900,5.5480870000513
6901,5.54565284640186
6902,5.54321904545162
6903,5.54078559709841
6904,5.53835250124009
6905,5.53591975777452
6906,5.53348736659967
6907,5.5310553276135
6908,5.52862364071406
6909,5.52619230579939
6910,5.52376132276763
6911,5.52133069151694
6912,5.51890041194551
6913,5.51647048395161
6914,5.51404090743351
6915,5.51161168228955
6916,5.50918280841812
6917,5.50675428571763
6918,5.50432611408657
6919,5.50189829342344
6920,5.4994708236268
6921,5.49704370459526
6922,5.49461693622745
6923,5.49219051842205
6924,5.48976445107781
6925,5.48733873409352
6926,5.48491336736796
6927,5.48248835080004
6928,5.48006368428863
6929,5.4776393677327
6930,5.47521540103124
6931,5.47279178408329
6932,5.47036851678793
6933,5.46794559904431
6934,5.46552303075155
6935,5.46310081180893
6936,5.46067894211565
6937,5.45825742157103
6938,5.45583625007443
6939,5.45341542752521
6940,5.45099495382284
6941,5.44857482886676
6942,5.4461550525565
6943,5.44373562479163
6944,5.44131654547174
6945,5.43889781449649
6946,5.43647943176556
6947,5.43406139717871
6948,5.43164371063568
6949,5.42922637203633
6950,5.42680938128052
6951,5.42439273826813
6952,5.42197644289913
6953,5.41956049507352
6954,5.41714489469132
6955,5.41472964165263
6956,5.41231473585757
6957,5.40990017720631
6958,5.40748596559905
6959,5.40507210093604
6960,5.4026585831176
6961,5.40024541204403
6962,5.39783258761575
6963,5.39542010973317
6964,5.39300797829675
6965,5.39059619320703
6966,5.38818475436451
6967,5.38577366166984
6968,5.38336291502364
6969,5.38095251432658
6970,5.37854245947939
6971,5.37613275038287
6972,5.37372338693776
6973,5.371314369045
6974,5.36890569660541
6975,5.36649736951997
6976,5.36408938768966
6977,5.36168175101549
6978,5.35927445939853
6979,5.35686751273988
6980,5.35446091094071
6981,5.35205465390219
6982,5.34964874152558
6983,5.34724317371214
6984,5.3448379503632
6985,5.34243307138012
6986,5.34002853666431
6987,5.33762434611723
6988,5.33522049964033
6989,5.33281699713517
6990,5.33041383850333
6991,5.32801102364642
6992,5.32560855246609
6993,5.32320642486405
6994,5.32080464074206
6995,5.31840320000187
6996,5.31600210254534
6997,5.31360134827431
6998,5.31120093709071
6999,5.30880086889651
7000,5.30640114359366
7001,5.30400176108426
7002,5.30160272127033
7003,5.29920402405403
7004,5.29680566933751
7005,5.29440765702298
7006,5.29200998701269
7007,5.28961265920892
7008,5.28721567351399
7009,5.28481902983031
7010,5.28242272806027
7011,5.28002676810632
7012,5.27763114987099
7013,5.2752358732568
7014,5.27284093816631
7015,5.27044634450217
7016,5.26805209216706
7017,5.26565818106365
7018,5.26326461109472
7019,5.26087138216302
7020,5.25847849417144
7021,5.2560859470228
7022,5.25369374062003
7023,5.25130187486609
7024,5.24891034966399
7025,5.24651916491676
7026,5.24412832052746
7027,5.24173781639924
7028,5.23934765243524
7029,5.23695782853869
7030,5.23456834461282
7031,5.23217920056091
7032,5.2297903962863
7033,5.22740193169235
7034,5.22501380668248
7035,5.22262602116015
7036,5.22023857502883
7037,5.21785146819206
7038,5.21546470055344
7039,5.21307827201655
7040,5.21069218248508
7041,5.20830643186269
7042,5.20592102005315
7043,5.20353594696024
7044,5.20115121248778
7045,5.19876681653962
7046,5.19638275901967
7047,5.19399903983187
7048,5.19161565888021
7049,5.18923261606872
7050,5.18684991130146
7051,5.18446754448255
7052,5.18208551551612
7053,5.17970382430637
7054,5.17732247075753
7055,5.17494145477388
7056,5.17256077625971
7057,5.17018043511938
7058,5.16780043125728
7059,5.16542076457787
7060,5.16304143498559
7061,5.16066244238495
7062,5.15828378668055
7063,5.15590546777696
7064,5.15352748557879
7065,5.15114983999076
7066,5.14877253091757
7067,5.14639555826397
7068,5.14401892193477
7069,5.14164262183481
7070,5.13926665786894
7071,5.13689102994212
7072,5.13451573795929
7073,5.13214078182544
7074,5.12976616144565
7075,5.12739187672495
7076,5.12501792756849
7077,5.1226443138814
7078,5.12027103556893
7079,5.11789809253628
7080,5.11552548468877
7081,5.11315321193169
7082,5.11078127417039
7083,5.10840967131032
7084,5.10603840325689
7085,5.10366746991558
7086,5.10129687119192
7087,5.09892660699146
7088,5.09655667721982
7089,5.09418708178266
7090,5.0918178205856
7091,5.08944889353441
7092,5.08708030053485
7093,5.0847120414927
7094,5.0823441163138
7095,5.07997652490406
7096,5.07760926716939
7097,5.07524234301574
7098,5.07287575234911
7099,5.07050949507555
7100,5.06814357110112
7101,5.06577798033198
7102,5.06341272267423
7103,5.06104779803414
7104,5.05868320631789
7105,5.05631894743178
7106,5.05395502128213
7107,5.05159142777529
7108,5.04922816681768
7109,5.04686523831569
7110,5.04450264217584
7111,5.04214037830463
7112,5.0397784466086
7113,5.03741684699436
7114,5.03505557936854
7115,5.0326946436378
7116,5.03033403970889
7117,5.02797376748851
7118,5.02561382688349
7119,5.02325421780066
7120,5.02089494014684
7121,5.018535993829
7122,5.01617737875406
7123,5.01381909482901
7124,5.01146114196086
7125,5.00910352005671
7126,5.00674622902362
7127,5.00438926876878
7128,5.00203263919935
7129,4.99967634022253
7130,4.99732037174562
7131,4.99496473367591
7132,4.99260942592072
7133,4.99025444838743
7134,4.98789980098348
7135,4.9855454836163
7136,4.98319149619341
7137,4.98083783862231
7138,4.9784845108106
7139,4.97613151266588
7140,4.97377884409581
7141,4.97142650500806
7142,4.96907449531038
7143,4.9667228149105
7144,4.96437146371626
7145,4.96202044163549
7146,4.95966974857608
7147,4.95731938444596
7148,4.95496934915305
7149,4.95261964260538
7150,4.95027026471099
7151,4.94792121537793
7152,4.94557249451434
7153,4.94322410202835
7154,4.94087603782818
7155,4.93852830182204
7156,4.9361808939182
7157,4.93383381402496
7158,4.93148706205068
7159,4.92914063790373
7160,4.92679454149255
7161,4.92444877272556
7162,4.92210333151131
7163,4.9197582177583
7164,4.91741343137512
7165,4.9150689722704
7166,4.91272484035275
7167,4.9103810355309
7168,4.90803755771355
7169,4.90569440680946
7170,4.90335158272747
7171,4.90100908537641
7172,4.89866691466515
7173,4.89632507050261
7174,4.89398355279774
7175,4.89164236145956
7176,4.88930149639709
7177,4.88696095751939
7178,4.88462074473558
7179,4.8822808579548
7180,4.87994129708626
7181,4.87760206203914
7182,4.87526315272274
7183,4.87292456904633
7184,4.87058631091929
7185,4.86824837825093
7186,4.86591077095072
7187,4.86357348892807
7188,4.8612365320925
7189,4.85889990035352
7190,4.85656359362069
7191,4.8542276118036
7192,4.85189195481192
7193,4.84955662255532
7194,4.8472216149435
7195,4.8448869318862
7196,4.84255257329325
7197,4.84021853907444
7198,4.83788482913966
7199,4.83555144339878
7200,4.83321838176178
7201,4.83088564413861
7202,4.82855323043931
7203,4.82622114057389
7204,4.82388937445248
7205,4.8215579319852
7206,4.81922681308219
7207,4.81689601765368
7208,4.8145655456099
7209,4.81223539686112
7210,4.80990557131768
7211,4.80757606888988
7212,4.80524688948817
7213,4.80291803302292
7214,4.80058949940464
7215,4.79826128854381
7216,4.79593340035096
7217,4.79360583473668
7218,4.79127859161157
7219,4.78895167088628
7220,4.78662507247151
7221,4.78429879627796
7222,4.78197284221641
7223,4.77964721019767
7224,4.77732190013253
7225,4.7749969119319
7226,4.7726722455067
7227,4.77034790076784
7228,4.76802387762629
7229,4.76570017599312
7230,4.76337679577935
7231,4.76105373689609
7232,4.75873099925448
7233,4.75640858276567
7234,4.75408648734086
7235,4.7517647128913
7236,4.74944325932825
7237,4.74712212656306
7238,4.74480131450706
7239,4.74248082307163
7240,4.74016065216821
7241,4.73784080170825
7242,4.73552127160326
7243,4.73320206176478
7244,4.73088317210435
7245,4.72856460253359
7246,4.72624635296417
7247,4.72392842330775
7248,4.72161081347605
7249,4.71929352338082
7250,4.71697655293386
7251,4.71465990204699
7252,4.71234357063208
7253,4.71002755860102
7254,4.70771186586576
7255,4.70539649233827
7256,4.70308143793055
7257,4.70076670255465
7258,4.69845228612266
7259,4.6961381885467
7260,4.6938244097389
7261,4.69151094961147
7262,4.68919780807665
7263,4.68688498504667
7264,4.68457248043387
7265,4.68226029415056
7266,4.67994842610911
7267,4.67763687622194
7268,4.6753256444015
7269,4.67301473056024
7270,4.67070413461072
7271,4.66839385646547
7272,4.66608389603706
7273,4.66377425323816
7274,4.66146492798139
7275,4.65915592017947
7276,4.65684722974513
7277,4.65453885659113
7278,4.65223080063029
7279,4.64992306177544
7280,4.64761563993946
7281,4.64530853503526
7282,4.64300174697579
7283,4.64069527567403
7284,4.63838912104302
7285,4.6360832829958
7286,4.63377776144546
7287,4.63147255630514
7288,4.629167667488
7289,4.62686309490722
7290,4.62455883847605
7291,4.62225489810778
7292,4.61995127371568
7293,4.61764796521313
7294,4.61534497251347
7295,4.61304229553015
7296,4.61073993417657
7297,4.60843788836627
7298,4.60613615801274
7299,4.60383474302954
7300,4.60153364333026
7301,4.59923285882853
7302,4.59693238943801
7303,4.59463223507242
7304,4.59233239564544
7305,4.59003287107089
7306,4.58773366126253
7307,4.58543476613426
7308,4.58313618559989
7309,4.58083791957338
7310,4.57853996796865
7311,4.57624233069967
7312,4.57394500768048
7313,4.57164799882513
7314,4.56935130404769
7315,4.5670549232623
7316,4.5647588563831
7317,4.56246310332429
7318,4.5601676640001
7319,4.55787253832479
7320,4.55557772621267
7321,4.55328322757805
7322,4.5509890423353
7323,4.54869517039885
7324,4.54640161168311
7325,4.54410836610256
7326,4.54181543357173
7327,4.53952281400512
7328,4.53723050731735
7329,4.534938513423
7330,4.53264683223676
7331,4.53035546367327
7332,4.52806440764725
7333,4.52577366407349
7334,4.52348323286675
7335,4.52119311394185
7336,4.51890330721367
7337,4.51661381259707
7338,4.51432463000702
7339,4.51203575935843
7340,4.50974720056633
7341,4.50745895354575
7342,4.50517101821174
7343,4.50288339447943
7344,4.50059608226392
7345,4.49830908148041
7346,4.49602239204408
7347,4.49373601387017
7348,4.49144994687398
7349,4.4891641909708
7350,4.48687874607598
7351,4.48459361210488
7352,4.48230878897294
7353,4.48002427659558
7354,4.47774007488829
7355,4.4754561837666
7356,4.47317260314605
7357,4.47088933294222
7358,4.46860637307074
7359,4.46632372344724
7360,4.46404138398743
7361,4.46175935460704
7362,4.45947763522179
7363,4.4571962257475
7364,4.4549151261
7365,4.45263433619513
7366,4.45035385594879
7367,4.44807368527691
7368,4.44579382409545
7369,4.44351427232041
7370,4.44123502986782
7371,4.43895609665373
7372,4.43667747259427
7373,4.43439915760554
7374,4.43212115160373
7375,4.42984345450504
7376,4.42756606622568
7377,4.42528898668196
7378,4.42301221579015
7379,4.42073575346659
7380,4.41845959962767
7381,4.41618375418979
7382,4.41390821706939
7383,4.41163298818292
7384,4.40935806744691
7385,4.40708345477791
7386,4.40480915009247
7387,4.40253515330723
7388,4.40026146433879
7389,4.39798808310387
7390,4.39571500951916
7391,4.3934422435014
7392,4.39116978496737
7393,4.3888976338339
7394,4.38662579001781
7395,4.384354253436
7396,4.38208302400538
7397,4.37981210164288
7398,4.37754148626549
7399,4.37527117779024
7400,4.37300117613415
7401,4.37073148121434
7402,4.36846209294788
7403,4.36619301125194
7404,4.3639242360437
7405,4.36165576724039
7406,4.35938760475925
7407,4.35711974851755
7408,4.35485219843262
7409,4.35258495442181
7410,4.3503180164025
7411,4.3480513842921
7412,4.34578505800807
7413,4.34351903746788
7414,4.34125332258908
7415,4.33898791328917
7416,4.33672280948579
7417,4.3344580110965
7418,4.33219351803901
7419,4.32992933023095
7420,4.32766544759007
7421,4.3254018700341
7422,4.32313859748083
7423,4.32087562984811
7424,4.31861296705373
7425,4.31635060901562
7426,4.31408855565166
7427,4.31182680687984
7428,4.30956536261811
7429,4.3073042227845
7430,4.30504338729706
7431,4.30278285607386
7432,4.30052262903303
7433,4.2982627060927
7434,4.29600308717107
7435,4.29374377218635
7436,4.29148476105678
7437,4.28922605370063
7438,4.28696765003625
7439,4.28470954998193
7440,4.28245175345612
7441,4.28019426037717
7442,4.27793707066356
7443,4.27568018423374
7444,4.27342360100625
7445,4.2711673208996
7446,4.2689113438324
7447,4.26665566972325
7448,4.26440029849078
7449,4.26214523005365
7450,4.25989046433061
7451,4.25763600124037
7452,4.25538184070171
7453,4.25312798263343
7454,4.25087442695439
7455,4.24862117358343
7456,4.24636822243946
7457,4.24411557344145
7458,4.24186322650832
7459,4.2396111815591
7460,4.23735943851282
7461,4.23510799728852
7462,4.23285685780535
7463,4.23060601998239
7464,4.22835548373885
7465,4.2261052489939
7466,4.22385531566675
7467,4.22160568367671
7468,4.21935635294303
7469,4.21710732338506
7470,4.21485859492214
7471,4.2126101674737
7472,4.21036204095912
7473,4.20811421529787
7474,4.20586669040943
7475,4.20361946621336
7476,4.20137254262916
7477,4.19912591957643
7478,4.19687959697481
7479,4.19463357474392
7480,4.19238785280348
7481,4.19014243107316
7482,4.18789730947273
7483,4.18565248792197
7484,4.18340796634067
7485,4.1811637446487
7486,4.17891982276591
7487,4.17667620061222
7488,4.17443287810757
7489,4.17218985517192
7490,4.16994713172528
7491,4.16770470768771
7492,4.16546258297922
7493,4.16322075751996
7494,4.16097923123004
7495,4.15873800402962
7496,4.1564970758389
7497,4.15425644657812
7498,4.1520161161675
7499,4.14977608452737
7500,4.14753635157805
7501,4.14529691723987
7502,4.14305778143324
7503,4.14081894407856
7504,4.13858040509629
7505,4.13634216440691
7506,4.13410422193092
7507,4.13186657758889
7508,4.12962923130139
7509,4.12739218298902
7510,4.12515543257241
7511,4.12291897997227
7512,4.12068282510926
7513,4.11844696790416
7514,4.11621140827769
7515,4.1139761461507
7516,4.11174118144397
7517,4.10950651407838
7518,4.10727214397484
7519,4.10503807105427
7520,4.10280429523761
7521,4.10057081644585
7522,4.09833763460004
7523,4.09610474962119
7524,4.09387216143042
7525,4.0916398699488
7526,4.08940787509752
7527,4.08717617679774
7528,4.08494477497065
7529,4.08271366953754
7530,4.08048286041963
7531,4.07825234753823
7532,4.07602213081471
7533,4.0737922101704
7534,4.07156258552669
7535,4.06933325680504
7536,4.06710422392691
7537,4.06487548681376
7538,4.06264704538713
7539,4.06041889956856
7540,4.05819104927965
7541,4.055963494442
7542,4.05373623497727
7543,4.05150927080715
7544,4.04928260185333
7545,4.04705622803753
7546,4.04483014928157
7547,4.0426043655072
7548,4.04037887663629
7549,4.0381536825907
7550,4.03592878329231
7551,4.03370417866306
7552,4.0314798686249
7553,4.02925585309982
7554,4.02703213200986
7555,4.02480870527703
7556,4.02258557282343
7557,4.02036273457118
7558,4.01814019044241
7559,4.01591794035932
7560,4.01369598424409
7561,4.01147432201896
7562,4.00925295360619
7563,4.0070318789281
7564,4.00481109790701
7565,4.00259061046525
7566,4.00037041652526
7567,3.99815051600943
7568,3.9959309088402
7569,3.99371159494009
7570,3.99149257423158
7571,3.98927384663724
7572,3.98705541207961
7573,3.98483727048132
7574,3.98261942176501
7575,3.98040186585332
7576,3.97818460266899
7577,3.9759676321347
7578,3.97375095417324
7579,3.97153456870739
7580,3.96931847565996
7581,3.9671026749538
7582,3.96488716651182
7583,3.9626719502569
7584,3.96045702611198
7585,3.95824239400005
7586,3.9560280538441
7587,3.95381400556717
7588,3.95160024909232
7589,3.94938678434264
7590,3.94717361124127
7591,3.94496072971134
7592,3.94274813967605
7593,3.94053584105862
7594,3.93832383378227
7595,3.9361121177703
7596,3.93390069294602
7597,3.93168955923275
7598,3.92947871655386
7599,3.92726816483275
7600,3.92505790399284
7601,3.9228479339576
7602,3.92063825465052
7603,3.9184288659951
7604,3.91621976791489
7605,3.91401096033348
7606,3.91180244317448
7607,3.90959421636152
7608,3.90738627981826
7609,3.90517863346843
7610,3.90297127723572
7611,3.90076421104391
7612,3.89855743481677
7613,3.89635094847816
7614,3.89414475195189
7615,3.89193884516184
7616,3.88973322803194
7617,3.88752790048613
7618,3.88532286244836
7619,3.88311811384263
7620,3.88091365459297
7621,3.87870948462345
7622,3.87650560385817
7623,3.8743020122212
7624,3.87209870963674
7625,3.86989569602894
7626,3.867692971322
7627,3.86549053544018
7628,3.86328838830775
7629,3.86108652984899
7630,3.85888495998824
7631,3.85668367864982
7632,3.85448268575819
7633,3.8522819812377
7634,3.85008156501281
7635,3.84788143700801
7636,3.8456815971478
7637,3.84348204535672
7638,3.84128278155932
7639,3.83908380568021
7640,3.83688511764401
7641,3.83468671737536
7642,3.83248860479896
7643,3.83029077983952
7644,3.82809324242177
7645,3.82589599247047
7646,3.82369902991047
7647,3.82150235466656
7648,3.81930596666361
7649,3.81710986582651
7650,3.81491405208019
7651,3.81271852534957
7652,3.81052328555966
7653,3.80832833263547
7654,3.80613366650198
7655,3.80393928708432
7656,3.80174519430755
7657,3.79955138809683
7658,3.79735786837728
7659,3.79516463507408
7660,3.79297168811247
7661,3.79077902741768
7662,3.78858665291498
7663,3.78639456452967
7664,3.78420276218708
7665,3.78201124581255
7666,3.77982001533151
7667,3.77762907066936
7668,3.77543841175154
7669,3.77324803850353
7670,3.77105795085083
7671,3.76886814871897
7672,3.76667863203351
7673,3.76448940072008
7674,3.76230045470426
7675,3.76011179391172
7676,3.75792341826812
7677,3.75573532769919
7678,3.75354752213067
7679,3.75136000148832
7680,3.74917276569793
7681,3.74698581468532
7682,3.74479914837635
7683,3.7426127666969
7684,3.74042666957289
7685,3.73824085693026
7686,3.73605532869496
7687,3.73387008479302
7688,3.73168512515044
7689,3.7295004496933
7690,3.72731605834766
7691,3.72513195103964
7692,3.7229481276954
7693,3.72076458824109
7694,3.71858133260292
7695,3.71639836070712
7696,3.71421567247994
7697,3.71203326784768
7698,3.70985114673663
7699,3.70766930907316
7700,3.70548775478364
7701,3.70330648379446
7702,3.70112549603204
7703,3.69894479142286
7704,3.6967643698934
7705,3.69458423137017
7706,3.69240437577973
7707,3.69022480304864
7708,3.68804551310349
7709,3.68586650587095
7710,3.68368778127763
7711,3.68150933925025
7712,3.6793311797155
7713,3.67715330260016
7714,3.67497570783096
7715,3.67279839533473
7716,3.67062136503829
7717,3.66844461686853
7718,3.66626815075227
7719,3.66409196661649
7720,3.66191606438808
7721,3.65974044399406
7722,3.65756510536139
7723,3.65539004841714
7724,3.65321527308833
7725,3.65104077930206
7726,3.64886656698543
7727,3.6466926360656
7728,3.64451898646974
7729,3.64234561812504
7730,3.64017253095871
7731,3.63799972489804
7732,3.6358271998703
7733,3.63365495580278
7734,3.63148299262286
7735,3.62931131025786
7736,3.62713990863521
7737,3.62496878768234
7738,3.62279794732665
7739,3.62062738749569
7740,3.61845710811691
7741,3.6162871091179
7742,3.61411739042618
7743,3.61194795196934
7744,3.60977879367503
7745,3.60760991547091
7746,3.60544131728461
7747,3.60327299904386
7748,3.6011049606764
7749,3.59893720210997
7750,3.59676972327239
7751,3.59460252409143
7752,3.59243560449498
7753,3.5902689644109
7754,3.58810260376707
7755,3.58593652249144
7756,3.58377072051196
7757,3.58160519775661
7758,3.5794399541534
7759,3.57727498963037
7760,3.5751103041156
7761,3.57294589753718
7762,3.57078176982323
7763,3.56861792090191
7764,3.56645435070137
7765,3.56429105914984
7766,3.56212804617555
7767,3.55996531170677
7768,3.55780285567177
7769,3.55564067799889
7770,3.55347877861647
7771,3.55131715745286
7772,3.54915581443647
7773,3.54699474949576
7774,3.54483396255913
7775,3.54267345355512
7776,3.5405132224122
7777,3.53835326905892
7778,3.53619359342384
7779,3.53403419543558
7780,3.53187507502273
7781,3.52971623211397
7782,3.52755766663794
7783,3.52539937852334
7784,3.52324136769894
7785,3.52108363409349
7786,3.51892617763576
7787,3.51676899825456
7788,3.51461209587873
7789,3.51245547043717
7790,3.51029912185874
7791,3.50814305007237
7792,3.50598725500702
7793,3.50383173659166
7794,3.5016764947553
7795,3.49952152942697
7796,3.49736684053573
7797,3.49521242801067
7798,3.4930582917809
7799,3.49090443177557
7800,3.48875084792384
7801,3.48659754015489
7802,3.48444450839798
7803,3.48229175258233
7804,3.48013927263723
7805,3.47798706849198
7806,3.47583514007592
7807,3.47368348731839
7808,3.4715321101488
7809,3.46938100849656
7810,3.46723018229109
7811,3.46507963146188
7812,3.46292935593841
7813,3.46077935565023
7814,3.45862963052684
7815,3.45648018049786
7816,3.45433100549285
7817,3.45218210544149
7818,3.45003348027341
7819,3.44788512991829
7820,3.44573705430584
7821,3.4435892533658
7822,3.44144172702796
7823,3.43929447522209
7824,3.437147497878
7825,3.43500079492553
7826,3.43285436629459
7827,3.43070821191505
7828,3.42856233171685
7829,3.42641672562993
7830,3.42427139358427
7831,3.42212633550989
7832,3.41998155133682
7833,3.41783704099511
7834,3.41569280441485
7835,3.41354884152616
7836,3.41140515225918
7837,3.40926173654409
7838,3.40711859431106
7839,3.40497572549031
7840,3.40283313001211
7841,3.40069080780672
7842,3.39854875880443
7843,3.3964069829356
7844,3.39426548013054
7845,3.39212425031968
7846,3.3899832934334
7847,3.38784260940213
7848,3.38570219815635
7849,3.38356205962651
7850,3.38142219374316
7851,3.37928260043684
7852,3.3771432796381
7853,3.37500423127753
7854,3.37286545528578
7855,3.37072695159346
7856,3.36858872013126
7857,3.36645076082988
7858,3.36431307362005
7859,3.36217565843251
7860,3.36003851519805
7861,3.35790164384746
7862,3.3557650443116
7863,3.35362871652129
7864,3.35149266040744
7865,3.34935687590096
7866,3.34722136293277
7867,3.34508612143386
7868,3.34295115133519
7869,3.3408164525678
7870,3.33868202506273
7871,3.33654786875103
7872,3.33441398356381
7873,3.33228036943219
7874,3.33014702628731
7875,3.32801395406036
7876,3.3258811526825
7877,3.32374862208501
7878,3.32161636219912
7879,3.31948437295609
7880,3.31735265428724
7881,3.31522120612392
7882,3.31309002839744
7883,3.31095912103923
7884,3.30882848398067
7885,3.30669811715321
7886,3.3045680204883
7887,3.30243819391745
7888,3.30030863737214
7889,3.29817935078392
7890,3.29605033408438
7891,3.29392158720507
7892,3.29179311007765
7893,3.28966490263374
7894,3.28753696480502
7895,3.28540929652315
7896,3.28328189771991
7897,3.281154768327
7898,3.27902790827622
7899,3.27690131749937
7900,3.27477499592825
7901,3.27264894349472
7902,3.27052316013068
7903,3.26839764576799
7904,3.26627240033863
7905,3.26414742377453
7906,3.26202271600764
7907,3.25989827697002
7908,3.25777410659367
7909,3.25565020481065
7910,3.25352657155306
7911,3.25140320675297
7912,3.24928011034257
7913,3.24715728225397
7914,3.24503472241939
7915,3.24291243077104
7916,3.24079040724114
7917,3.23866865176195
7918,3.23654716426577
7919,3.23442594468493
7920,3.23230499295175
7921,3.2301843089986
7922,3.22806389275787
7923,3.22594374416199
7924,3.22382386314339
7925,3.22170424963453
7926,3.21958490356793
7927,3.21746582487608
7928,3.21534701349154
7929,3.21322846934689
7930,3.21111019237473
7931,3.20899218250765
7932,3.20687443967832
7933,3.2047569638194
7934,3.20263975486358
7935,3.20052281274363
7936,3.19840613739225
7937,3.19628972874223
7938,3.19417358672639
7939,3.19205771127753
7940,3.18994210232848
7941,3.18782675981217
7942,3.18571168366146
7943,3.18359687380931
7944,3.18148233018864
7945,3.17936805273244
7946,3.17725404137371
7947,3.17514029604549
7948,3.1730268166808
7949,3.17091360321275
7950,3.16880065557445
7951,3.16668797369899
7952,3.16457555751956
7953,3.16246340696933
7954,3.1603515219815
7955,3.15823990248929
7956,3.15612854842598
7957,3.15401745972481
7958,3.15190663631914
7959,3.14979607814226
7960,3.14768578512754
7961,3.14557575720835
7962,3.1434659943181
7963,3.14135649639022
7964,3.13924726335818
7965,3.13713829515545
7966,3.13502959171553
7967,3.13292115297195
7968,3.13081297885829
7969,3.12870506930809
7970,3.12659742425501
7971,3.12449004363264
7972,3.12238292737463
7973,3.1202760754147
7974,3.11816948768652
7975,3.11606316412384
7976,3.1139571046604
7977,3.11185130923
7978,3.10974577776642
7979,3.10764051020352
7980,3.10553550647515
7981,3.10343076651517
7982,3.10132629025751
7983,3.09922207763608
7984,3.09711812858483
7985,3.09501444303776
7986,3.09291102092888
7987,3.09080786219218
7988,3.08870496676175
7989,3.08660233457166
7990,3.08449996555602
7991,3.08239785964894
7992,3.08029601678458
7993,3.07819443689712
7994,3.07609311992076
7995,3.07399206578973
7996,3.07189127443828
7997,3.0697907458007
7998,3.06769047981126
7999,3.0655904764043
8000,3.06349073551418
8001,3.05916292087429
8002,3.05483564710982
8003,3.05050891408559
8004,3.04618272166648
8005,3.0418570697174
8006,3.03753195810334
8007,3.03320738668933
8008,3.02888335534043
8009,3.02455986392176
8010,3.02023691229853
8011,3.01591450033594
8012,3.01159262789928
8013,3.00727129485388
8014,3.00295050106512
8015,2.99863024639842
8016,2.99431053071927
8017,2.98999135389319
8018,2.98567271578577
8019,2.98135461626264
8020,2.97703705518949
8021,2.97272003243202
8022,2.96840354785605
8023,2.96408760132739
8024,2.95977219271193
8025,2.9554573218756
8026,2.95114298868438
8027,2.94682919300431
8028,2.94251593470146
8029,2.93820321364197
8030,2.93389102969203
8031,2.92957938271785
8032,2.92526827258574
8033,2.92095769916202
8034,2.91664766231306
8035,2.91233816190532
8036,2.90802919780526
8037,2.90372076987942
8038,2.89941287799438
8039,2.89510552201678
8040,2.89079870181329
8041,2.88649241725064
8042,2.88218666819562
8043,2.87788145451505
8044,2.87357677607582
8045,2.86927263274486
8046,2.86496902438915
8047,2.8606659508757
8048,2.85636341207162
8049,2.85206140784401
8050,2.84775993806006
8051,2.84345900258701
8052,2.83915860129212
8053,2.83485873404271
8054,2.83055940070617
8055,2.82626060114992
8056,2.82196233524144
8057,2.81766460284824
8058,2.8133674038379
8059,2.80907073807805
8060,2.80477460543635
8061,2.80047900578053
8062,2.79618393897836
8063,2.79188940489765
8064,2.78759540340627
8065,2.78330193437215
8066,2.77900899766324
8067,2.77471659314757
8068,2.77042472069319
8069,2.76613338016823
8070,2.76184257144084
8071,2.75755229437925
8072,2.7532625488517
8073,2.7489733347265
8074,2.74468465187203
8075,2.74039650015668
8076,2.73610887944891
8077,2.73182178961723
8078,2.72753523053019
8079,2.72324920205639
8080,2.7189637040645
8081,2.7146787364232
8082,2.71039429900124
8083,2.70611039166744
8084,2.70182701429062
8085,2.69754416673969
8086,2.69326184888359
8087,2.68898006059132
8088,2.68469880173192
8089,2.68041807217446
8090,2.67613787178811
8091,2.67185820044204
8092,2.66757905800548
8093,2.66330044434772
8094,2.6590223593381
8095,2.65474480284599
8096,2.65046777474082
8097,2.64619127489208
8098,2.64191530316928
8099,2.63763985944201
8100,2.63336494357988
8101,2.62909055545256
8102,2.62481669492979
8103,2.62054336188131
8104,2.61627055617695
8105,2.61199827768657
8106,2.60772652628009
8107,2.60345530182746
8108,2.59918460419869
8109,2.59491443326384
8110,2.59064478889302
8111,2.58637567095637
8112,2.5821070793241
8113,2.57783901386645
8114,2.57357147445372
8115,2.56930446095626
8116,2.56503797324445
8117,2.56077201118874
8118,2.55650657465963
8119,2.55224166352763
8120,2.54797727766335
8121,2.54371341693739
8122,2.53945008122046
8123,2.53518727038327
8124,2.53092498429659
8125,2.52666322283127
8126,2.52240198585816
8127,2.51814127324817
8128,2.51388108487229
8129,2.50962142060151
8130,2.5053622803069
8131,2.50110366385958
8132,2.49684557113069
8133,2.49258800199144
8134,2.48833095631307
8135,2.4840744339669
8136,2.47981843482427
8137,2.47556295875655
8138,2.47130800563522
8139,2.46705357533174
8140,2.46279966771764
8141,2.45854628266453
8142,2.45429342004402
8143,2.45004107972779
8144,2.44578926158758
8145,2.44153796549515
8146,2.43728719132231
8147,2.43303693894094
8148,2.42878720822296
8149,2.42453799904031
8150,2.42028931126501
8151,2.41604114476912
8152,2.41179349942474
8153,2.407546375104
8154,2.40329977167913
8155,2.39905368902235
8156,2.39480812700595
8157,2.39056308550228
8158,2.38631856438372
8159,2.38207456352268
8160,2.37783108279168
8161,2.37358812206321
8162,2.36934568120985
8163,2.36510376010423
8164,2.36086235861901
8165,2.3566214766269
8166,2.35238111400065
8167,2.34814127061308
8168,2.34390194633703
8169,2.33966314104541
8170,2.33542485461117
8171,2.33118708690729
8172,2.32694983780681
8173,2.32271310718282
8174,2.31847689490846
8175,2.31424120085689
8176,2.31000602490135
8177,2.30577136691512
8178,2.30153722677149
8179,2.29730360434385
8180,2.2930704995056
8181,2.2888379121302
8182,2.28460584209115
8183,2.28037428926202
8184,2.27614325351638
8185,2.27191273472789
8186,2.26768273277023
8187,2.26345324751715
8188,2.25922427884241
8189,2.25499582661986
8190,2.25076789072337
8191,2.24654047102684
8192,2.24231356740427
8193,2.23808717972965
8194,2.23386130787704
8195,2.22963595172056
8196,2.22541111113435
8197,2.22118678599261
8198,2.21696297616958
8199,2.21273968153955
8200,2.20851690197687
8201,2.2042946373559
8202,2.20007288755108
8203,2.19585165243688
8204,2.19163093188782
8205,2.18741072577846
8206,2.18319103398343
8207,2.17897185637736
8208,2.17475319283497
8209,2.17053504323101
8210,2.16631740744025
8211,2.16210028533756
8212,2.15788367679782
8213,2.15366758169595
8214,2.14945199990693
8215,2.14523693130579
8216,2.14102237576759
8217,2.13680833316744
8218,2.13259480338052
8219,2.12838178628201
8220,2.12416928174718
8221,2.11995728965132
8222,2.11574580986977
8223,2.11153484227791
8224,2.10732438675119
8225,2.10311444316508
8226,2.09890501139509
8227,2.09469609131682
8228,2.09048768280585
8229,2.08627978573787
8230,2.08207239998855
8231,2.07786552543368
8232,2.07365916194903
8233,2.06945330941044
8234,2.0652479676938
8235,2.06104313667506
8236,2.05683881623016
8237,2.05263500623516
8238,2.04843170656611
8239,2.0442289170991
8240,2.04002663771033
8241,2.03582486827597
8242,2.03162360867228
8243,2.02742285877555
8244,2.02322261846212
8245,2.01902288760836
8246,2.01482366609071
8247,2.01062495378564
8248,2.00642675056967
8249,2.00222905631935
8250,1.9980318709113
8251,1.99383519422216
8252,1.98963902612863
8253,1.98544336650746
8254,1.98124821523544
8255,1.97705357218938
8256,1.97285943724617
8257,1.96866581028273
8258,1.96447269117602
8259,1.96028007980305
8260,1.95608797604088
8261,1.95189637976661
8262,1.94770529085738
8263,1.94351470919038
8264,1.93932463464284
8265,1.93513506709204
8266,1.9309460064153
8267,1.92675745249
8268,1.92256940519352
8269,1.91838186440335
8270,1.91419482999698
8271,1.91000830185194
8272,1.90582227984584
8273,1.90163676385629
8274,1.89745175376099
8275,1.89326724943765
8276,1.88908325076404
8277,1.88489975761797
8278,1.88071676987729
8279,1.87653428741991
8280,1.87235231012377
8281,1.86817083786684
8282,1.86398987052718
8283,1.85980940798286
8284,1.85562945011198
8285,1.85144999679273
8286,1.8472710479033
8287,1.84309260332194
8288,1.83891466292697
8289,1.83473722659672
8290,1.83056029420956
8291,1.82638386564393
8292,1.82220794077831
8293,1.81803251949122
8294,1.81385760166119
8295,1.80968318716685
8296,1.80550927588685
8297,1.80133586769987
8298,1.79716296248466
8299,1.79299056011999
8300,1.78881866048468
8301,1.78464726345761
8302,1.78047636891768
8303,1.77630597674385
8304,1.77213608681513
8305,1.76796669901054
8306,1.76379781320919
8307,1.75962942929019
8308,1.75546154713272
8309,1.75129416661601
8310,1.7471272876193
8311,1.74296091002191
8312,1.73879503370319
8313,1.73462965854251
8314,1.73046478441933
8315,1.72630041121312
8316,1.72213653880339
8317,1.71797316706972
8318,1.71381029589172
8319,1.70964792514903
8320,1.70548605472136
8321,1.70132468448844
8322,1.69716381433006
8323,1.69300344412603
8324,1.68884357375624
8325,1.68468420310059
8326,1.68052533203903
8327,1.67636696045157
8328,1.67220908821826
8329,1.66805171521916
8330,1.66389484133443
8331,1.65973846644422
8332,1.65558259042874
8333,1.65142721316827
8334,1.6472723345431
8335,1.64311795443356
8336,1.63896407272007
8337,1.63481068928303
8338,1.63065780400294
8339,1.62650541676028
8340,1.62235352743564
8341,1.61820213590962
8342,1.61405124206285
8343,1.60990084577603
8344,1.60575094692989
8345,1.6016015454052
8346,1.59745264108278
8347,1.59330423384349
8348,1.58915632356822
8349,1.58500891013794
8350,1.58086199343362
8351,1.57671557333629
8352,1.57256964972704
8353,1.56842422248697
8354,1.56427929149724
8355,1.56013485663906
8356,1.55599091779367
8357,1.55184747484236
8358,1.54770452766645
8359,1.54356207614732
8360,1.53942012016639
8361,1.5352786596051
8362,1.53113769434497
8363,1.52699722426753
8364,1.52285724925436
8365,1.51871776918711
8366,1.51457878394743
8367,1.51044029341702
8368,1.50630229747767
8369,1.50216479601116
8370,1.49802778889932
8371,1.49389127602404
8372,1.48975525726725
8373,1.48561973251091
8374,1.48148470163701
8375,1.47735016452764
8376,1.47321612106487
8377,1.46908257113083
8378,1.46494951460771
8379,1.46081695137772
8380,1.45668488132313
8381,1.45255330432624
8382,1.44842222026941
8383,1.444291629035
8384,1.44016153050546
8385,1.43603192456326
8386,1.43190281109092
8387,1.42777418997097
8388,1.42364606108605
8389,1.41951842431877
8390,1.41539127955181
8391,1.41126462666792
8392,1.40713846554985
8393,1.4030127960804
8394,1.39888761814244
8395,1.39476293161885
8396,1.39063873639256
8397,1.38651503234656
8398,1.38239181936386
8399,1.37826909732752
8400,1.37414686612063
8401,1.37002512562635
8402,1.36590387572785
8403,1.36178311630836
8404,1.35766284725117
8405,1.35354306843956
8406,1.34942377975688
8407,1.34530498108655
8408,1.34118667231199
8409,1.33706885331666
8410,1.33295152398411
8411,1.32883468419788
8412,1.32471833384156
8413,1.32060247279882
8414,1.31648710095332
8415,1.3123722181888
8416,1.30825782438901
8417,1.30414391943778
8418,1.30003050321894
8419,1.29591757561639
8420,1.29180513651407
8421,1.28769318579594
8422,1.28358172334601
8423,1.27947074904835
8424,1.27536026278706
8425,1.27125026444627
8426,1.26714075391016
8427,1.26303173106296
8428,1.25892319578892
8429,1.25481514797235
8430,1.2507075874976
8431,1.24660051424905
8432,1.24249392811111
8433,1.23838782896829
8434,1.23428221670507
8435,1.23017709120599
8436,1.22607245235567
8437,1.22196830003873
8438,1.21786463413984
8439,1.21376145454372
8440,1.20965876113513
8441,1.20555655379885
8442,1.20145483241973
8443,1.19735359688265
8444,1.19325284707252
8445,1.18915258287431
8446,1.18505280417302
8447,1.18095351085368
8448,1.17685470280138
8449,1.17275637990125
8450,1.16865854203845
8451,1.16456118909818
8452,1.16046432096569
8453,1.15636793752627
8454,1.15227203866524
8455,1.14817662426797
8456,1.14408169421988
8457,1.13998724840639
8458,1.13589328671303
8459,1.1317998090253
8460,1.12770681522877
8461,1.12361430520908
8462,1.11952227885186
8463,1.11543073604281
8464,1.11133967666765
8465,1.10724910061217
8466,1.10315900776218
8467,1.09906939800353
8468,1.09498027122212
8469,1.09089162730389
8470,1.0868034661348
8471,1.08271578760089
8472,1.07862859158819
8473,1.07454187798281
8474,1.0704556466709
8475,1.06636989753862
8476,1.06228463047219
8477,1.05819984535788
8478,1.05411554208198
8479,1.05003172053082
8480,1.04594838059079
8481,1.04186552214831
8482,1.03778314508984
8483,1.03370124930187
8484,1.02961983467095
8485,1.02553890108365
8486,1.0214584484266
8487,1.01737847658645
8488,1.01329898544991
8489,1.00921997490371
8490,1.00514144483465
8491,1.00106339512952
8492,0.996985825675199
8493,0.992908736358588
8494,0.988832127066622
8495,0.984755997686281
8496,0.980680348104578
8497,0.976605178208588
8498,0.972530487885401
8499,0.968456277022152
8500,0.964382545506033
8501,0.960309293224255
8502,0.956236520064072
8503,0.952164225912795
8504,0.948092410657757
8505,0.944021074186328
8506,0.939950216385939
8507,0.935879837144043
8508,0.931809936348136
8509,0.927740513885747
8510,0.923671569644468
8511,0.919603103511908
8512,0.915535115375715
8513,0.911467605123599
8514,0.907400572643288
8515,0.90333401782255
8516,0.899267940549213
8517,0.895202340711122
8518,0.891137218196165
8519,0.887072572892287
8520,0.883008404687455
8521,0.878944713469672
8522,0.874881499127003
8523,0.870818761547532
8524,0.866756500619388
8525,0.862694716230734
8526,0.858633408269792
8527,0.854572576624802
8528,0.850512221184045
8529,0.846452341835861
8530,0.842392938468609
8531,0.838334010970686
8532,0.834275559230552
8533,0.830217583136681
8534,0.826160082577591
8535,0.822103057441856
8536,0.818046507618071
8537,0.813990432994868
8538,0.80993483346094
8539,0.805879708905
8540,0.801825059215805
8541,0.797770884282144
8542,0.793717183992866
8543,0.78966395823684
8544,0.785611206902971
8545,0.781558929880227
8546,0.777507127057592
8547,0.773455798324089
8548,0.769404943568802
8549,0.765354562680834
8550,0.761304655549323
8551,0.757255222063471
8552,0.753206262112495
8553,0.749157775585652
8554,0.745109762372259
8555,0.741062222361651
8556,0.737015155443208
8557,0.732968561506343
8558,0.728922440440527
8559,0.724876792135251
8560,0.720831616480043
8561,0.71678691336449
8562,0.712742682678198
8563,0.708698924310814
8564,0.704655638152039
8565,0.700612824091598
8566,0.696570482019249
8567,0.692528611824813
8568,0.688487213398128
8569,0.684446286629069
8570,0.680405831407573
8571,0.676365847623594
8572,0.672326335167129
8573,0.668287293928209
8574,0.664248723796924
8575,0.660210624663382
8576,0.656172996417727
8577,0.652135838950165
8578,0.648099152150919
8579,0.644062935910249
8580,0.640027190118476
8581,0.635991914665938
8582,0.63195710944301
8583,0.627922774340127
8584,0.623888909247743
8585,0.619855514056348
8586,0.615822588656493
8587,0.611790132938743
8588,0.607758146793714
8589,0.603726630112047
8590,0.599695582784447
8591,0.595665004701632
8592,0.591634895754363
8593,0.587605255833455
8594,0.583576084829745
8595,0.579547382634103
8596,0.575519149137463
8597,0.571491384230773
8598,0.56746408780502
8599,0.56343725975125
8600,0.559410899960525
8601,0.555385008323948
8602,0.551359584732677
8603,0.54733462907789
8604,0.543310141250808
8605,0.539286121142685
8606,0.535262568644831
8607,0.531239483648576
8608,0.527216866045286
8609,0.523194715726385
8610,0.519173032583318
8611,0.515151816507562
8612,0.511131067390657
8613,0.507110785124159
8614,0.50309096959966
8615,0.499071620708814
8616,0.495052738343288
8617,0.491034322394789
8618,0.487016372755083
8619,0.48299888931595
8620,0.478981871969219
8621,0.474965320606745
8622,0.470949235120445
8623,0.466933615402251
8624,0.462918461344134
8625,0.458903772838121
8626,0.454889549776258
8627,0.450875792050628
8628,0.446862499553371
8629,0.442849672176646
8630,0.438837309812648
8631,0.43482541235363
8632,0.430813979691863
8633,0.42680301171966
8634,0.422792508329368
8635,0.41878246941339
8636,0.414772894864144
8637,0.410763784574089
8638,0.40675513843574
8639,0.402746956341629
8640,0.398739238184324
8641,0.394731983856453
8642,0.390725193250661
8643,0.386718866259627
8644,0.382713002776092
8645,0.37870760269281
8646,0.374702665902575
8647,0.370698192298237
8648,0.366694181772663
8649,0.362690634218764
8650,0.358687549529482
8651,0.354684927597816
8652,0.350682768316782
8653,0.346681071579432
8654,0.342679837278878
8655,0.338679065308246
8656,0.334678755560699
8657,0.330678907929459
8658,0.326679522307766
8659,0.322680598588893
8660,0.318682136666173
8661,0.314684136432954
8662,0.310686597782624
8663,0.306689520608625
8664,0.302692904804416
8665,0.298696750263503
8666,0.294701056879416
8667,0.290705824545748
8668,0.286711053156106
8669,0.282716742604133
8670,0.278722892783531
8671,0.274729503588018
8672,0.270736574911347
8673,0.266744106647332
8674,0.262752098689798
8675,0.25876055093261
8676,0.254769463269692
8677,0.250778835594978
8678,0.246788667802447
8679,0.242798959786128
8680,0.238809711440068
8681,0.234820922658361
8682,0.230832593335127
8683,0.226844723364543
8684,0.222857312640805
8685,0.218870361058142
8686,0.214883868510843
8687,0.210897834893212
8688,0.206912260099588
8689,0.202927144024369
8690,0.198942486561969
8691,0.194958287606836
8692,0.190974547053478
8693,0.186991264796417
8694,0.183008440730211
8695,0.179026074749478
8696,0.175044166748848
8697,0.171062716622997
8698,0.167081724266628
8699,0.163101189574503
8700,0.159121112441398
8701,0.155141492762128
8702,0.151162330431561
8703,0.147183625344584
8704,0.143205377396119
8705,0.139227586481144
8706,0.135250252494655
8707,0.131273375331679
8708,0.127296954887307
8709,0.12332099105664
8710,0.119345483734818
8711,0.115370432817035
8712,0.111395838198503
8713,0.107421699774477
8714,0.103448017440239
8715,0.0994747910911302
8716,0.0955020206225057
8717,0.0915297059297555
8718,0.0875578469083291
8719,0.0835864434536897
8720,0.0796154954613355
8721,0.0756450028268243
8722,0.0716749654457258
8723,0.0677053832136476
8724,0.0637362560262535
8725,0.0597675837792222
8726,0.0557993663682685
8727,0.0518316036891644
8728,0.0478642956376953
8729,0.0438974421096905
8730,0.0399310430010082
8731,0.035965098207563
8732,0.0319996076252851
8733,0.0280345711501386
8734,0.0240699886781464
8735,0.0201058601053443
8736,0.0161421853278059
8737,0.0121789642416594
8738,0.00821619674304896
8739,0.00425388272815308
8740,0.000292022093208999
8741,-0.00366938526553273
8742,-0.00763033945178648
8743,-0.0115908405692089
8744,-0.0155508887214433
8745,-0.0195104840120885
8746,-0.0234696265447174
8747,-0.0274283164228439
8748,-0.0313865537499689
8749,-0.0353443386295567
8750,-0.0393016711650169
8751,-0.0432585514597426
8752,-0.0472149796170931
8753,-0.0511709557403699
8754,-0.055126479932861
8755,-0.059081552297819
8756,-0.0630361729384399
8757,-0.0669903419579048
8758,-0.0709440594593538
8759,-0.0748973255458969
8760,-0.0788501403205903
8761,-0.0828025038864726
8762,-0.0867544163465492
8763,-0.0907058778037699
8764,-0.0946568883610688
8765,-0.0986074481213448
8766,-0.102557557187441
8767,-0.106507215662187
8768,-0.110456423648376
8769,-0.114405181248746
8770,-0.118353488566021
8771,-0.122301345702887
8772,-0.126248752761978
8773,-0.130195709845912
8774,-0.134142217057265
8775,-0.138088274498584
8776,-0.142033882272361
8777,-0.145979040481075
8778,-0.149923749227167
8779,-0.153868008613026
8780,-0.157811818741023
8781,-0.161755179713496
8782,-0.165698091632728
8783,-0.169640554600986
8784,-0.173582568720502
8785,-0.177524134093455
8786,-0.181465250822009
8787,-0.185405919008288
8788,-0.189346138754369
8789,-0.193285910162309
8790,-0.197225233334123
8791,-0.201164108371802
8792,-0.205102535377279
8793,-0.209040514452472
8794,-0.212978045699267
8795,-0.216915129219493
8796,-0.220851765114964
8797,-0.22478795348746
8798,-0.228723694438707
8799,-0.232658988070416
8800,-0.236593834484262
8801,-0.240528233781867
8802,-0.244462186064838
8803,-0.248395691434745
8804,-0.252328749993108
8805,-0.256261361841429
8806,-0.260193527081169
8807,-0.264125245813762
8808,-0.268056518140587
8809,-0.271987344163009
8810,-0.275917723982358
8811,-0.279847657699909
8812,-0.283777145416924
8813,-0.28770618723463
8814,-0.291634783254199
8815,-0.295562933576786
8816,-0.299490638303519
8817,-0.303417897535462
8818,-0.307344711373674
8819,-0.311271079919172
8820,-0.315197003272925
8821,-0.31912248153588
8822,-0.323047514808951
8823,-0.32697210319302
8824,-0.330896246788915
8825,-0.33481994569745
8826,-0.338743200019405
8827,-0.342666009855507
8828,-0.346588375306467
8829,-0.350510296472961
8830,-0.354431773455613
8831,-0.358352806355032
8832,-0.362273395271793
8833,-0.366193540306415
8834,-0.370113241559406
8835,-0.374032499131238
8836,-0.377951313122328
8837,-0.381869683633081
8838,-0.38578761076386
8839,-0.389705094615001
8840,-0.393622135286786
8841,-0.397538732879483
8842,-0.401454887493325
8843,-0.405370599228493
8844,-0.409285868185151
8845,-0.413200694463433
8846,-0.417115078163415
8847,-0.421029019385162
8848,-0.424942518228705
8849,-0.428855574794017
8850,-0.432768189181063
8851,-0.43668036148977
8852,-0.440592091820012
8853,-0.444503380271652
8854,-0.448414226944507
8855,-0.452324631938372
8856,-0.456234595352986
8857,-0.460144117288074
8858,-0.464053197843326
8859,-0.467961837118382
8860,-0.471870035212866
8861,-0.475777792226368
8862,-0.479685108258423
8863,-0.483591983408556
8864,-0.487498417776256
8865,-0.491404411460957
8866,-0.495309964562082
8867,-0.49921507717902
8868,-0.503119749411105
8869,-0.507023981357658
8870,-0.51092777311796
8871,-0.514831124791264
8872,-0.518734036476771
8873,-0.522636508273668
8874,-0.526538540281108
8875,-0.530440132598191
8876,-0.534341285324003
8877,-0.538241998557597
8878,-0.542142272397972
8879,-0.546042106944114
8880,-0.549941502294975
8881,-0.553840458549455
8882,-0.557738975806438
8883,-0.56163705416477
8884,-0.56553469372327
8885,-0.569431894580704
8886,-0.573328656835823
8887,-0.577224980587348
8888,-0.58112086593394
8889,-0.585016312974255
8890,-0.58891132180691
8891,-0.592805892530472
8892,-0.596700025243491
8893,-0.600593720044488
8894,-0.604486977031928
8895,-0.608379796304264
8896,-0.612272177959914
8897,-0.616164122097246
8898,-0.620055628814612
8899,-0.623946698210325
8900,-0.627837330382673
8901,-0.631727525429888
8902,-0.635617283450191
8903,-0.63950660454177
8904,-0.64339548880276
8905,-0.64728393633128
8906,-0.651171947225419
8907,-0.655059521583213
8908,-0.658946659502683
8909,-0.66283336108182
8910,-0.666719626418557
8911,-0.67060545561082
8912,-0.674490848756498
8913,-0.678375805953428
8914,-0.682260327299435
8915,-0.686144412892304
8916,-0.690028062829792
8917,-0.693911277209606
8918,-0.697794056129438
8919,-0.701676399686948
8920,-0.705558307979742
8921,-0.709439781105417
8922,-0.713320819161532
8923,-0.717201422245595
8924,-0.721081590455104
8925,-0.724961323887521
8926,-0.728840622640256
8927,-0.732719486810707
8928,-0.736597916496238
8929,-0.740475911794161
8930,-0.744353472801777
8931,-0.748230599616344
8932,-0.752107292335098
8933,-0.755983551055219
8934,-0.759859375873876
8935,-0.763734766888204
8936,-0.767609724195289
8937,-0.7714842478922
8938,-0.775358338075976
8939,-0.779231994843603
8940,-0.783105218292053
8941,-0.786978008518268
8942,-0.790850365619136
8943,-0.794722289691531
8944,-0.798593780832298
8945,-0.802464839138227
8946,-0.806335464706097
8947,-0.810205657632645
8948,-0.814075418014586
8949,-0.81794474594858
8950,-0.821813641531277
8951,-0.825682104859291
8952,-0.829550136029188
8953,-0.833417735137517
8954,-0.837284902280798
8955,-0.841151637555498
8956,-0.845017941058071
8957,-0.84888381288494
8958,-0.852749253132473
8959,-0.856614261897028
8960,-0.860478839274931
8961,-0.864342985362454
8962,-0.868206700255858
8963,-0.872069984051366
8964,-0.875932836845173
8965,-0.879795258733424
8966,-0.883657249812249
8967,-0.887518810177751
8968,-0.891379939925975
8969,-0.895240639152957
8970,-0.899100907954701
8971,-0.902960746427157
8972,-0.906820154666266
8973,-0.910679132767934
8974,-0.914537680828016
8975,-0.918395798942357
8976,-0.922253487206764
8977,-0.926110745716999
8978,-0.929967574568808
8979,-0.9338239738579
8980,-0.937679943679957
8981,-0.941535484130611
8982,-0.945390595305479
8983,-0.949245277300151
8984,-0.953099530210161
8985,-0.956953354131032
8986,-0.960806749158254
8987,-0.96465971538727
8988,-0.968512252913505
8989,-0.972364361832356
8990,-0.976216042239166
8991,-0.980067294229268
8992,-0.983918117897963
8993,-0.987768513340497
8994,-0.99161848065211
8995,-0.995468019927999
8996,-0.999317131263338
8997,-1.00316581475325
8998,-1.00701407049284
8999,-1.01086189857718
9000,-1.01470929910132
9001,-1.01855627216025
9002,-1.02240281784897
9003,-1.0262489362624
9004,-1.03009462749547
9005,-1.03393989164306
9006,-1.0377847288
9007,-1.04162913906114
9008,-1.04547312252124
9009,-1.04931667927508
9010,-1.05315980941735
9011,-1.05700251304278
9012,-1.06084479024601
9013,-1.06468664112166
9014,-1.06852806576434
9015,-1.07236906426863
9016,-1.07620963672904
9017,-1.08004978324008
9018,-1.08388950389623
9019,-1.08772879879192
9020,-1.09156766802157
9021,-1.09540611167955
9022,-1.09924412986021
9023,-1.10308172265785
9024,-1.10691889016677
9025,-1.11075563248123
9026,-1.11459194969543
9027,-1.11842784190356
9028,-1.1222633091998
9029,-1.12609835167825
9030,-1.12993296943302
9031,-1.13376716255818
9032,-1.13760093114775
9033,-1.14143427529574
9034,-1.14526719509612
9035,-1.14909969064282
9036,-1.15293176202976
9037,-1.15676340935081
9038,-1.16059463269982
9039,-1.16442543217059
9040,-1.16825580785693
9041,-1.17208575985258
9042,-1.17591528825126
9043,-1.17974439314665
9044,-1.18357307463243
9045,-1.18740133280221
9046,-1.1912291677496
9047,-1.19505657956816
9048,-1.19888356835142
9049,-1.2027101341929
9050,-1.20653627718606
9051,-1.21036199742433
9052,-1.21418729500115
9053,-1.21801217000989
9054,-1.22183662254388
9055,-1.22566065269646
9056,-1.22948426056091
9057,-1.23330744623049
9058,-1.23713020979841
9059,-1.24095255135788
9060,-1.24477447100207
9061,-1.2485959688241
9062,-1.25241704491707
9063,-1.25623769937406
9064,-1.26005793228811
9065,-1.26387774375222
9066,-1.26769713385938
9067,-1.27151610270253
9068,-1.27533465037459
9069,-1.27915277696846
9070,-1.28297048257697
9071,-1.28678776729296
9072,-1.29060463120922
9073,-1.29442107441853
9074,-1.2982370970136
9075,-1.30205269908714
9076,-1.30586788073183
9077,-1.3096826420403
9078,-1.31349698310517
9079,-1.31731090401902
9080,-1.32112440487439
9081,-1.3249374857638
9082,-1.32875014677975
9083,-1.33256238801469
9084,-1.33637420956104
9085,-1.34018561151121
9086,-1.34399659395756
9087,-1.34780715699242
9088,-1.3516173007081
9089,-1.35542702519688
9090,-1.359236330551
9091,-1.36304521686267
9092,-1.36685368422408
9093,-1.37066173272738
9094,-1.37446936246469
9095,-1.3782765735281
9096,-1.38208336600968
9097,-1.38588974000146
9098,-1.38969569559544
9099,-1.39350123288358
9100,-1.39730635195783
9101,-1.40111105291011
9102,-1.40491533583229
9103,-1.40871920081621
9104,-1.4125226479537
9105,-1.41632567733655
9106,-1.42012828905651
9107,-1.42393048320532
9108,-1.42773225987467
9109,-1.43153361915624
9110,-1.43533456114164
9111,-1.43913508592252
9112,-1.44293519359042
9113,-1.4467348842369
9114,-1.45053415795349
9115,-1.45433301483165
9116,-1.45813145496286
9117,-1.46192947843855
9118,-1.4657270853501
9119,-1.46952427578888
9120,-1.47332104984623
9121,-1.47711740761346
9122,-1.48091334918184
9123,-1.48470887464263
9124,-1.48850398408703
9125,-1.49229867760624
9126,-1.4960929552914
9127,-1.49988681723366
9128,-1.50368026352409
9129,-1.50747329425378
9130,-1.51126590951376
9131,-1.51505810939503
9132,-1.51884989398857
9133,-1.52264126338533
9134,-1.52643221767623
9135,-1.53022275695215
9136,-1.53401288130396
9137,-1.53780259082248
9138,-1.54159188559849
9139,-1.54538076572279
9140,-1.5491692312861
9141,-1.55295728237914
9142,-1.55674491909257
9143,-1.56053214151706
9144,-1.56431894974321
9145,-1.56810534386162
9146,-1.57189132396286
9147,-1.57567689013744
9148,-1.57946204247587
9149,-1.58324678106862
9150,-1.58703110600615
9151,-1.59081501737883
9152,-1.59459851527708
9153,-1.59838159979123
9154,-1.60216427101161
9155,-1.60594652902852
9156,-1.60972837393221
9157,-1.61350980581293
9158,-1.61729082476086
9159,-1.6210714308662
9160,-1.62485162421908
9161,-1.62863140490963
9162,-1.63241077302792
9163,-1.63618972866401
9164,-1.63996827190793
9165,-1.64374640284968
9166,-1.64752412157924
9167,-1.65130142818652
9168,-1.65507832276145
9169,-1.65885480539391
9170,-1.66263087617373
9171,-1.66640653519076
9172,-1.67018178253478
9173,-1.67395661829554
9174,-1.67773104256279
9175,-1.68150505542623
9176,-1.68527865697553
9177,-1.68905184730034
9178,-1.69282462649027
9179,-1.69659699463491
9180,-1.70036895182382
9181,-1.70414049814652
9182,-1.70791163369252
9183,-1.71168235855128
9184,-1.71545267281224
9185,-1.71922257656482
9186,-1.72299206989839
9187,-1.72676115290231
9188,-1.73052982566591
9189,-1.73429808827847
9190,-1.73806594082926
9191,-1.74183338340752
9192,-1.74560041610245
9193,-1.74936703900324
9194,-1.75313325219903
9195,-1.75689905577894
9196,-1.76066444983205
9197,-1.76442943444744
9198,-1.76819400971414
9199,-1.77195817572115
9200,-1.77572193255743
9201,-1.77948528031195
9202,-1.78324821907361
9203,-1.7870107489313
9204,-1.79077286997389
9205,-1.79453458229018
9206,-1.798295885969
9207,-1.80205678109912
9208,-1.80581726776926
9209,-1.80957734606816
9210,-1.81333701608449
9211,-1.8170962779069
9212,-1.82085513162403
9213,-1.82461357732447
9214,-1.8283716150968
9215,-1.83212924502954
9216,-1.83588646721123
9217,-1.83964328173033
9218,-1.84339968867531
9219,-1.84715568813457
9220,-1.85091128019654
9221,-1.85466646494957
9222,-1.85842124248199
9223,-1.86217561288213
9224,-1.86592957623826
9225,-1.86968313263863
9226,-1.87343628217148
9227,-1.87718902492498
9228,-1.88094136098732
9229,-1.88469329044662
9230,-1.88844481339101
9231,-1.89219592990856
9232,-1.89594664008731
9233,-1.89969694401531
9234,-1.90344684178053
9235,-1.90719633347094
9236,-1.9109454191745
9237,-1.9146940989791
9238,-1.91844237297261
9239,-1.92219024124292
9240,-1.92593770387781
9241,-1.9296847609651
9242,-1.93343141259256
9243,-1.93717765884791
9244,-1.94092349981887
9245,-1.94466893559313
9246,-1.94841396625833
9247,-1.95215859190209
9248,-1.95590281261202
9249,-1.95964662847569
9250,-1.96339003958062
9251,-1.96713304601433
9252,-1.97087564786431
9253,-1.974617845218
9254,-1.97835963816283
9255,-1.98210102678621
9256,-1.98584201117549
9257,-1.98958259141802
9258,-1.99332276760112
9259,-1.99706253981206
9260,-2.0008019081381
9261,-2.00454087266647
9262,-2.00827943348437
9263,-2.01201759067897
9264,-2.01575534433741
9265,-2.01949269454681
9266,-2.02322964139425
9267,-2.02696618496678
9268,-2.03070232535146
9269,-2.03443806263526
9270,-2.03817339690517
9271,-2.04190832824813
9272,-2.04564285675106
9273,-2.04937698250084
9274,-2.05311070558434
9275,-2.05684402608841
9276,-2.06057694409982
9277,-2.06430945970536
9278,-2.0680415729918
9279,-2.07177328404583
9280,-2.07550459295416
9281,-2.07923549980345
9282,-2.08296600468034
9283,-2.08669610767143
9284,-2.09042580886331
9285,-2.09415510834253
9286,-2.09788400619561
9287,-2.10161250250906
9288,-2.10534059736933
9289,-2.10906829086287
9290,-2.1127955830761
9291,-2.1165224740954
9292,-2.12024896400712
9293,-2.12397505289759
9294,-2.12770074085313
9295,-2.13142602795999
9296,-2.13515091430442
9297,-2.13887539997266
9298,-2.14259948505087
9299,-2.14632316962523
9300,-2.15004645378188
9301,-2.15376933760691
9302,-2.1574918211864
9303,-2.16121390460642
9304,-2.16493558795298
9305,-2.16865687131206
9306,-2.17237775476966
9307,-2.1760982384117
9308,-2.1798183223241
9309,-2.18353800659274
9310,-2.18725729130348
9311,-2.19097617654215
9312,-2.19469466239454
9313,-2.19841274894645
9314,-2.20213043628361
9315,-2.20584772449173
9316,-2.20956461365652
9317,-2.21328110386363
9318,-2.21699719519871
9319,-2.22071288774736
9320,-2.22442818159516
9321,-2.22814307682766
9322,-2.23185757353039
9323,-2.23557167178886
9324,-2.23928537168852
9325,-2.24299867331483
9326,-2.2467115767532
9327,-2.25042408208902
9328,-2.25413618940765
9329,-2.25784789879442
9330,-2.26155921033464
9331,-2.26527012411359
9332,-2.26898064021652
9333,-2.27269075872865
9334,-2.27640047973518
9335,-2.28010980332128
9336,-2.28381872957209
9337,-2.28752725857272
9338,-2.29123539040827
9339,-2.29494312516379
9340,-2.29865046292432
9341,-2.30235740377485
9342,-2.30606394780037
9343,-2.30977009508583
9344,-2.31347584571614
9345,-2.31718119977622
9346,-2.32088615735092
9347,-2.32459071852509
9348,-2.32829488338354
9349,-2.33199865201106
9350,-2.3357020244924
9351,-2.33940500091232
9352,-2.34310758135549
9353,-2.3468097659066
9354,-2.35051155465031
9355,-2.35421294767125
9356,-2.35791394505399
9357,-2.36161454688313
9358,-2.36531475324319
9359,-2.3690145642187
9360,-2.37271397989414
9361,-2.37641300035397
9362,-2.38011162568263
9363,-2.38380985596453
9364,-2.38750769128404
9365,-2.39120513172552
9366,-2.39490217737329
9367,-2.39859882831167
9368,-2.4022950846249
9369,-2.40599094639724
9370,-2.40968641371291
9371,-2.41338148665611
9372,-2.41707616531098
9373,-2.42077044976168
9374,-2.42446434009232
9375,-2.42815783638696
9376,-2.43185093872968
9377,-2.4355436472045
9378,-2.43923596189543
9379,-2.44292788288643
9380,-2.44661941026147
9381,-2.45031054410445
9382,-2.45400128449928
9383,-2.45769163152983
9384,-2.46138158527994
9385,-2.46507114583341
9386,-2.46876031327405
9387,-2.47244908768561
9388,-2.47613746915182
9389,-2.47982545775639
9390,-2.48351305358302
9391,-2.48720025671534
9392,-2.49088706723698
9393,-2.49457348523156
9394,-2.49825951078264
9395,-2.50194514397376
9396,-2.50563038488846
9397,-2.50931523361022
9398,-2.51299969022251
9399,-2.51668375480877
9400,-2.52036742745242
9401,-2.52405070823685
9402,-2.5277335972454
9403,-2.53141609456144
9404,-2.53509820026825
9405,-2.53877991444911
9406,-2.54246123718729
9407,-2.54614216856601
9408,-2.54982270866848
9409,-2.55350285757786
9410,-2.55718261537731
9411,-2.56086198214995
9412,-2.56454095797888
9413,-2.56821954294715
9414,-2.57189773713782
9415,-2.5755755406339
9416,-2.57925295351839
9417,-2.58292997587424
9418,-2.5866066077844
9419,-2.59028284933177
9420,-2.59395870059922
9421,-2.59763416166964
9422,-2.60130923262584
9423,-2.60498391355063
9424,-2.60865820452679
9425,-2.61233210563707
9426,-2.61600561696419
9427,-2.61967873859086
9428,-2.62335147059976
9429,-2.62702381307351
9430,-2.63069576609475
9431,-2.63436732974606
9432,-2.63803850411004
9433,-2.64170928926919
9434,-2.64537968530606
9435,-2.64904969230312
9436,-2.65271931034283
9437,-2.65638853950764
9438,-2.66005737987996
9439,-2.66372583154217
9440,-2.66739389457662
9441,-2.67106156906565
9442,-2.67472885509157
9443,-2.67839575273665
9444,-2.68206226208316
9445,-2.6857283832133
9446,-2.6893941162093
9447,-2.69305946115331
9448,-2.69672441812751
9449,-2.70038898721399
9450,-2.70405316849487
9451,-2.70771696205221
9452,-2.71138036796806
9453,-2.71504338632443
9454,-2.71870601720333
9455,-2.72236826068671
9456,-2.72603011685651
9457,-2.72969158579466
9458,-2.73335266758304
9459,-2.73701336230351
9460,-2.74067367003792
9461,-2.74433359086806
9462,-2.74799312487573
9463,-2.75165227214268
9464,-2.75531103275066
9465,-2.75896940678135
9466,-2.76262739431646
9467,-2.76628499543763
9468,-2.76994221022649
9469,-2.77359903876464
9470,-2.77725548113367
9471,-2.78091153741512
9472,-2.78456720769053
9473,-2.78822249204139
9474,-2.79187739054917
9475,-2.79553190329533
9476,-2.79918603036129
9477,-2.80283977182844
9478,-2.80649312777815
9479,-2.81014609829178
9480,-2.81379868345065
9481,-2.81745088333604
9482,-2.82110269802922
9483,-2.82475412761145
9484,-2.82840517216392
9485,-2.83205583176784
9486,-2.83570610650438
9487,-2.83935599645467
9488,-2.84300550169982
9489,-2.84665462232093
9490,-2.85030335839905
9491,-2.85395171001523
9492,-2.85759967725049
9493,-2.86124726018579
9494,-2.8648944589021
9495,-2.86854127348037
9496,-2.87218770400149
9497,-2.87583375054636
9498,-2.87947941319583
9499,-2.88312469203073
9500,-2.88676958713187
9501,-2.89041409858004
9502,-2.89405822645599
9503,-2.89770197084044
9504,-2.90134533181411
9505,-2.90498830945768
9506,-2.90863090385179
9507,-2.91227311507709
9508,-2.91591494321416
9509,-2.9195563883436
9510,-2.92319745054595
9511,-2.92683812990174
9512,-2.93047842649147
9513,-2.93411834039562
9514,-2.93775787169464
9515,-2.94139702046896
9516,-2.94503578679896
9517,-2.94867417076504
9518,-2.95231217244754
9519,-2.95594979192679
9520,-2.95958702928307
9521,-2.96322388459668
9522,-2.96686035794785
9523,-2.9704964494168
9524,-2.97413215908375
9525,-2.97776748702886
9526,-2.98140243333226
9527,-2.9850369980741
9528,-2.98867118133447
9529,-2.99230498319343
9530,-2.99593840373103
9531,-2.99957144302731
9532,-3.00320410116224
9533,-3.0068363782158
9534,-3.01046827426794
9535,-3.01409978939858
9536,-3.01773092368761
9537,-3.02136167721491
9538,-3.02499205006031
9539,-3.02862204230365
9540,-3.0322516540247
9541,-3.03588088530326
9542,-3.03950973621905
9543,-3.0431382068518
9544,-3.04676629728121
9545,-3.05039400758693
9546,-3.05402133784862
9547,-3.05764828814591
9548,-3.06127485855837
9549,-3.06490104916558
9550,-3.0685268600471
9551,-3.07215229128242
9552,-3.07577734295105
9553,-3.07940201513247
9554,-3.08302630790611
9555,-3.08665022135138
9556,-3.0902737555477
9557,-3.09389691057444
9558,-3.09751968651092
9559,-3.10114208343647
9560,-3.1047641014304
9561,-3.10838574057196
9562,-3.1120070009404
9563,-3.11562788261496
9564,-3.1192483856748
9565,-3.12286851019912
9566,-3.12648825626707
9567,-3.13010762395774
9568,-3.13372661335025
9569,-3.13734522452368
9570,-3.14096345755704
9571,-3.14458131252939
9572,-3.1481987895197
9573,-3.15181588860697
9574,-3.15543260987012
9575,-3.15904895338809
9576,-3.16266491923978
9577,-3.16628050750405
9578,-3.16989571825976
9579,-3.17351055158573
9580,-3.17712500756075
9581,-3.18073908626361
9582,-3.18435278777307
9583,-3.18796611216782
9584,-3.19157905952659
9585,-3.19519162992805
9586,-3.19880382345084
9587,-3.2024156401736
9588,-3.20602708017492
9589,-3.2096381435334
9590,-3.21324883032757
9591,-3.21685914063597
9592,-3.2204690745371
9593,-3.22407863210944
9594,-3.22768781343145
9595,-3.23129661858156
9596,-3.23490504763816
9597,-3.23851310067965
9598,-3.24212077778439
9599,-3.24572807903069
9600,-3.24933500449687
9601,-3.25294155426123
9602,-3.256547728402
9603,-3.26015352699743
9604,-3.26375895012572
9605,-3.26736399786508
9606,-3.27096867029365
9607,-3.27457296748956
9608,-3.27817688953095
9609,-3.28178043649589
9610,-3.28538360846244
9611,-3.28898640550865
9612,-3.29258882771252
9613,-3.29619087515206
9614,-3.29979254790523
9615,-3.30339384604996
9616,-3.30699476966418
9617,-3.31059531882579
9618,-3.31419549361263
9619,-3.31779529410258
9620,-3.32139472037343
9621,-3.32499377250301
9622,-3.32859245056905
9623,-3.33219075464933
9624,-3.33578868482157
9625,-3.33938624116345
9626,-3.34298342375267
9627,-3.34658023266686
9628,-3.35017666798366
9629,-3.35377272978066
9630,-3.35736841813546
9631,-3.36096373312558
9632,-3.36455867482858
9633,-3.36815324332195
9634,-3.37174743868319
9635,-3.37534126098973
9636,-3.37893471031903
9637,-3.38252778674848
9638,-3.38612049035547
9639,-3.38971282121737
9640,-3.39330477941151
9641,-3.3968963650152
9642,-3.40048757810573
9643,-3.40407841876037
9644,-3.40766888705636
9645,-3.41125898307091
9646,-3.41484870688123
9647,-3.41843805856446
9648,-3.42202703819777
9649,-3.42561564585826
9650,-3.42920388162306
9651,-3.43279174556921
9652,-3.43637923777376
9653,-3.43996635831376
9654,-3.44355310726619
9655,-3.44713948470803
9656,-3.45072549071625
9657,-3.45431112536775
9658,-3.45789638873946
9659,-3.46148128090826
9660,-3.46506580195099
9661,-3.46864995194449
9662,-3.47223373096558
9663,-3.47581713909104
9664,-3.47940017639763
9665,-3.48298284296208
9666,-3.48656513886113
9667,-3.49014706417145
9668,-3.49372861896971
9669,-3.49730980333257
9670,-3.50089061733662
9671,-3.50447106105847
9672,-3.5080511345747
9673,-3.51163083796185
9674,-3.51521017129643
9675,-3.51878913465497
9676,-3.52236772811393
9677,-3.52594595174976
9678,-3.52952380563891
9679,-3.53310128985775
9680,-3.5366784044827
9681,-3.54025514959009
9682,-3.54383152525627
9683,-3.54740753155755
9684,-3.55098316857021
9685,-3.55455843637052
9686,-3.55813333503472
9687,-3.56170786463902
9688,-3.56528202525962
9689,-3.56885581697269
9690,-3.57242923985437
9691,-3.5760022939808
9692,-3.57957497942805
9693,-3.58314729627221
9694,-3.58671924458934
9695,-3.59029082445545
9696,-3.59386203594655
9697,-3.59743287913863
9698,-3.60100335410765
9699,-3.60457346092953
9700,-3.60814319968019
9701,-3.61171257043551
9702,-3.61528157327136
9703,-3.61885020826358
9704,-3.62241847548798
9705,-3.62598637502036
9706,-3.62955390693648
9707,-3.63312107131211
9708,-3.63668786822294
9709,-3.64025429774469
9710,-3.64382035995305
9711,-3.64738605492364
9712,-3.6509513827321
9713,-3.65451634345405
9714,-3.65808093716506
9715,-3.6616451639407
9716,-3.66520902385649
9717,-3.66877251698796
9718,-3.67233564341059
9719,-3.67589840319984
9720,-3.67946079643117
9721,-3.68302282317999
9722,-3.68658448352169
9723,-3.69014577753166
9724,-3.69370670528523
9725,-3.69726726685773
9726,-3.70082746232448
9727,-3.70438729176074
9728,-3.70794675524178
9729,-3.71150585284283
9730,-3.71506458463911
9731,-3.71862295070578
9732,-3.72218095111803
9733,-3.725738585951
9734,-3.72929585527979
9735,-3.7328527591795
9736,-3.73640929772522
9737,-3.73996547099197
9738,-3.74352127905479
9739,-3.7470767219887
9740,-3.75063179986864
9741,-3.75418651276959
9742,-3.75774086076649
9743,-3.76129484393423
9744,-3.76484846234771
9745,-3.76840171608179
9746,-3.77195460521131
9747,-3.77550712981108
9748,-3.77905928995591
9749,-3.78261108572056
9750,-3.78616251717978
9751,-3.7897135844083
9752,-3.79326428748082
9753,-3.79681462647202
9754,-3.80036460145655
9755,-3.80391421250906
9756,-3.80746345970415
9757,-3.8110123431164
9758,-3.81456086282038
9759,-3.81810901889065
9760,-3.8216568114017
9761,-3.82520424042804
9762,-3.82875130604415
9763,-3.83229800832447
9764,-3.83584434734342
9765,-3.83939032317543
9766,-3.84293593589486
9767,-3.84648118557607
9768,-3.85002607229341
9769,-3.85357059612118
9770,-3.85711475713367
9771,-3.86065855540516
9772,-3.86420199100989
9773,-3.86774506402207
9774,-3.8712877745159
9775,-3.87483012256558
9776,-3.87837210824524
9777,-3.88191373162902
9778,-3.88545499279103
9779,-3.88899589180534
9780,-3.89253642874604
9781,-3.89607660368715
9782,-3.89961641670268
9783,-3.90315586786665
9784,-3.90669495725302
9785,-3.91023368493572
9786,-3.9137720509887
9787,-3.91731005548587
9788,-3.92084769850109
9789,-3.92438498010822
9790,-3.92792190038111
9791,-3.93145845939357
9792,-3.93499465721937
9793,-3.93853049393231
9794,-3.94206596960612
9795,-3.94560108431452
9796,-3.94913583813121
9797,-3.95267023112987
9798,-3.95620426338416
9799,-3.95973793496771
9800,-3.96327124595412
9801,-3.966804196417
9802,-3.97033678642989
9803,-3.97386901606635
9804,-3.97740088539988
9805,-3.980932394504
9806,-3.98446354345218
9807,-3.98799433231787
9808,-3.99152476117449
9809,-3.99505483009546
9810,-3.99858453915416
9811,-4.00211388842395
9812,-4.00564287797818
9813,-4.00917150789016
9814,-4.01269977823319
9815,-4.01622768908053
9816,-4.01975524050545
9817,-4.02328243258117
9818,-4.02680926538089
9819,-4.03033573897781
9820,-4.03386185344506
9821,-4.03738760885581
9822,-4.04091300528316
9823,-4.04443804280022
9824,-4.04796272148004
9825,-4.05148704139568
9826,-4.05501100262017
9827,-4.05853460522651
9828,-4.06205784928769
9829,-4.06558073487666
9830,-4.06910326206636
9831,-4.07262543092972
9832,-4.07614724153961
9833,-4.07966869396892
9834,-4.08318978829049
9835,-4.08671052457716
9836,-4.09023090290171
9837,-4.09375092333694
9838,-4.09727058595561
9839,-4.10078989083045
9840,-4.10430883803419
9841,-4.1078274276395
9842,-4.11134565971908
9843,-4.11486353434556
9844,-4.11838105159157
9845,-4.12189821152972
9846,-4.12541501423259
9847,-4.12893145977274
9848,-4.13244754822271
9849,-4.13596327965502
9850,-4.13947865414216
9851,-4.1429936717566
9852,-4.1465083325708
9853,-4.15002263665717
9854,-4.15353658408814
9855,-4.15705017493609
9856,-4.16056340927336
9857,-4.16407628717232
9858,-4.16758880870527
9859,-4.1711009739445
9860,-4.1746127829623
9861,-4.17812423583093
9862,-4.18163533262259
9863,-4.18514607340951
9864,-4.18865645826387
9865,-4.19216648725784
9866,-4.19567616046355
9867,-4.19918547795314
9868,-4.20269443979869
9869,-4.20620304607228
9870,-4.20971129684597
9871,-4.2132191921918
9872,-4.21672673218176
9873,-4.22023391688786
9874,-4.22374074638206
9875,-4.22724722073629
9876,-4.2307533400225
9877,-4.23425910431257
9878,-4.23776451367839
9879,-4.24126956819182
9880,-4.2447742679247
9881,-4.24827861294882
9882,-4.251782603336
9883,-4.25528623915799
9884,-4.25878952048656
9885,-4.26229244739342
9886,-4.26579501995028
9887,-4.26929723822883
9888,-4.27279910230072
9889,-4.2763006122376
9890,-4.27980176811109
9891,-4.28330256999278
9892,-4.28680301795424
9893,-4.29030311206704
9894,-4.29380285240269
9895,-4.29730223903272
9896,-4.30080127202861
9897,-4.30429995146182
9898,-4.3077982774038
9899,-4.31129624992598
9900,-4.31479386909976
9901,-4.3182911349965
9902,-4.32178804768759
9903,-4.32528460724435
9904,-4.32878081373808
9905,-4.3322766672401
9906,-4.33577216782168
9907,-4.33926731555404
9908,-4.34276211050844
9909,-4.34625655275609
9910,-4.34975064236815
9911,-4.35324437941579
9912,-4.35673776397017
9913,-4.3602307961024
9914,-4.36372347588357
9915,-4.36721580338477
9916,-4.37070777867707
9917,-4.37419940183147
9918,-4.37769067291901
9919,-4.38118159201068
9920,-4.38467215917743
9921,-4.38816237449023
9922,-4.39165223802001
9923,-4.39514174983766
9924,-4.39863091001407
9925,-4.40211971862011
9926,-4.40560817572662
9927,-4.40909628140441
9928,-4.41258403572429
9929,-4.41607143875704
9930,-4.4195584905734
9931,-4.42304519124412
9932,-4.42653154083991
9933,-4.43001753943146
9934,-4.43350318708945
9935,-4.43698848388452
9936,-4.44047342988729
9937,-4.44395802516838
9938,-4.44744226979837
9939,-4.45092616384783
9940,-4.4544097073873
9941,-4.4578929004873
9942,-4.46137574321833
9943,-4.46485823565086
9944,-4.46834037785537
9945,-4.47182216990228
9946,-4.47530361186201
9947,-4.47878470380496
9948,-4.48226544580149
9949,-4.48574583792196
9950,-4.48922588023669
9951,-4.49270557281602
9952,-4.49618491573019
9953,-4.4996639090495
9954,-4.5031425528442
9955,-4.50662084718449
9956,-4.51009879214059
9957,-4.51357638778268
9958,-4.51705363418092
9959,-4.52053053140544
9960,-4.52400707952637
9961,-4.52748327861381
9962,-4.53095912873783
9963,-4.53443462996848
9964,-4.53790978237581
9965,-4.54138458602982
9966,-4.54485904100051
9967,-4.54833314735785
9968,-4.55180690517178
9969,-4.55528031451224
9970,-4.55875337544913
9971,-4.56222608805235
9972,-4.56569845239175
9973,-4.56917046853719
9974,-4.57264213655848
9975,-4.57611345652542
9976,-4.57958442850782
9977,-4.58305505257541
9978,-4.58652532879794
9979,-4.58999525724513
9980,-4.59346483798668
9981,-4.59693407109227
9982,-4.60040295663154
9983,-4.60387149467415
9984,-4.60733968528969
9985,-4.61080752854777
9986,-4.61427502451796
9987,-4.6177421732698
9988,-4.62120897487282
9989,-4.62467542939656
9990,-4.62814153691047
9991,-4.63160729748404
9992,-4.63507271118671
9993,-4.63853777808791
9994,-4.64200249825704
9995,-4.64546687176349
9996,-4.64893089867663
9997,-4.65239457906578
9998,-4.65585791300028
9999,-4.65932090054944
10000,-4.66278354178252
10001,-4.66624583676879
10002,-4.66970778557749
10003,-4.67316938827783
10004,-4.67663064493901
10005,-4.68009155563022
10006,-4.6835521204206
10007,-4.68701233937929
10008,-4.69047221257541
10009,-4.69393174007805
10010,-4.69739092195627
10011,-4.70084975827915
10012,-4.7043082491157
10013,-4.70776639453493
10014,-4.71122419460585
10015,-4.71468164939742
10016,-4.71813875897857
10017,-4.72159552341826
10018,-4.72505194278538
10019,-4.72850801714881
10020,-4.73196374657743
10021,-4.73541913114009
10022,-4.7388741709056
10023,-4.74232886594277
10024,-4.74578321632038
10025,-4.74923722210721
10026,-4.75269088337199
10027,-4.75614420018344
10028,-4.75959717261027
10029,-4.76304980072116
10030,-4.76650208458476
10031,-4.76995402426973
10032,-4.77340561984467
10033,-4.77685687137818
10034,-4.78030777893886
10035,-4.78375834259524
10036,-4.78720856241587
10037,-4.79065843846928
10038,-4.79410797082395
10039,-4.79755715954835
10040,-4.80100600471095
10041,-4.80445450638019
10042,-4.80790266462447
10043,-4.81135047951219
10044,-4.81479795111173
10045,-4.81824507949143
10046,-4.82169186471964
10047,-4.82513830686466
10048,-4.82858440599478
10049,-4.83203016217828
10050,-4.83547557548341
10051,-4.8389206459784
10052,-4.84236537373146
10053,-4.84580975881079
10054,-4.84925380128454
10055,-4.85269750122087
10056,-4.85614085868792
10057,-4.85958387375379
10058,-4.86302654648656
10059,-4.8664688769543
10060,-4.86991086522508
10061,-4.87335251136691
10062,-4.87679381544779
10063,-4.88023477753573
10064,-4.88367539769867
10065,-4.88711567600458
10066,-4.89055561252138
10067,-4.89399520731697
10068,-4.89743446045924
10069,-4.90087337201606
10070,-4.90431194205526
10071,-4.90775017064468
10072,-4.91118805785213
10073,-4.91462560374538
10074,-4.9180628083922
10075,-4.92149967186034
10076,-4.92493619421752
10077,-4.92837237553144
10078,-4.9318082158698
10079,-4.93524371530024
10080,-4.93867887389043
10081,-4.94211369170796
10082,-4.94554816882047
10083,-4.94898230529552
10084,-4.95241610120069
10085,-4.95584955660351
10086,-4.9592826715715
10087,-4.96271544617217
10088,-4.96614788047301
10089,-4.96957997454147
10090,-4.973011728445
10091,-4.97644314225102
10092,-4.97987421602694
10093,-4.98330494984014
10094,-4.98673534375797
10095,-4.99016539784779
10096,-4.99359511217691
10097,-4.99702448681264
10098,-5.00045352182226
10099,-5.00388221727303
10100,-5.0073105732322
10101,-5.01073858976699
10102,-5.01416626694459
10103,-5.01759360483221
10104,-5.02102060349698
10105,-5.02444726300608
10106,-5.0278735834266
10107,-5.03129956482565
10108,-5.03472520727034
10109,-5.0381505108277
10110,-5.04157547556478
10111,-5.04500010154862
10112,-5.0484243888462
10113,-5.05184833752453
10114,-5.05527194765055
10115,-5.05869521929122
10116,-5.06211815251346
10117,-5.06554074738417
10118,-5.06896300397023
10119,-5.07238492233852
10120,-5.07580650255587
10121,-5.07922774468912
10122,-5.08264864880506
10123,-5.08606921497048
10124,-5.08948944325215
10125,-5.09290933371682
10126,-5.0963288864312
10127,-5.09974810146201
10128,-5.10316697887593
10129,-5.10658551873962
10130,-5.11000372111975
10131,-5.11342158608292
10132,-5.11683911369575
10133,-5.12025630402484
10134,-5.12367315713674
10135,-5.127089673098
10136,-5.13050585197516
10137,-5.13392169383472
10138,-5.13733719874317
10139,-5.14075236676698
10140,-5.1441671979726
10141,-5.14758169242646
10142,-5.15099585019498
10143,-5.15440967134454
10144,-5.15782315594151
10145,-5.16123630405224
10146,-5.16464911574308
10147,-5.16806159108032
10148,-5.17147373013027
10149,-5.1748855329592
10150,-5.17829699963336
10151,-5.18170813021897
10152,-5.18511892478227
10153,-5.18852938338945
10154,-5.19193950610667
10155,-5.1953492930001
10156,-5.19875874413587
10157,-5.2021678595801
10158,-5.20557663939888
10159,-5.2089850836583
10160,-5.21239319242441
10161,-5.21580096576325
10162,-5.21920840374084
10163,-5.22261550642318
10164,-5.22602227387625
10165,-5.22942870616601
10166,-5.2328348033584
10167,-5.23624056551934
10168,-5.23964599271474
10169,-5.24305108501049
10170,-5.24645584247243
10171,-5.24986026516642
10172,-5.25326435315829
10173,-5.25666810651382
10174,-5.26007152529882
10175,-5.26347460957906
10176,-5.26687735942026
10177,-5.27027977488817
10178,-5.2736818560485
10179,-5.27708360296692
10180,-5.28048501570912
10181,-5.28388609434073
10182,-5.2872868389274
10183,-5.29068724953473
10184,-5.29408732622832
10185,-5.29748706907374
10186,-5.30088647813654
10187,-5.30428555348225
10188,-5.30768429517641
10189,-5.31108270328448
10190,-5.31448077787196
10191,-5.3178785190043
10192,-5.32127592674694
10193,-5.3246730011653
10194,-5.32806974232478
10195,-5.33146615029075
10196,-5.33486222512858
10197,-5.3382579669036
10198,-5.34165337568116
10199,-5.34504845152653
10200,-5.34844319450502
10201,-5.35183760468188
10202,-5.35523168212236
10203,-5.35862542689169
10204,-5.36201883905507
10205,-5.36541191867769
10206,-5.36880466582472
10207,-5.37219708056132
10208,-5.3755891629526
10209,-5.37898091306368
10210,-5.38237233095967
10211,-5.38576341670562
10212,-5.38915417036658
10213,-5.39254459200761
10214,-5.39593468169372
10215,-5.39932443948989
10216,-5.4027138654611
10217,-5.40610295967233
10218,-5.4094917221885
10219,-5.41288015307453
10220,-5.41626825239534
10221,-5.4196560202158
10222,-5.42304345660076
10223,-5.42643056161509
10224,-5.4298173353236
10225,-5.4332037777911
10226,-5.43658988908237
10227,-5.43997566926219
10228,-5.4433611183953
10229,-5.44674623654644
10230,-5.45013102378032
10231,-5.45351548016162
10232,-5.45689960575502
10233,-5.46028340062518
10234,-5.46366686483673
10235,-5.46704999845428
10236,-5.47043280154245
10237,-5.47381527416579
10238,-5.47719741638888
10239,-5.48057922827625
10240,-5.48396070989243
10241,-5.48734186130191
10242,-5.4907226825692
10243,-5.49410317375874
10244,-5.49748333493497
10245,-5.50086316616235
10246,-5.50424266750526
10247,-5.50762183902811
10248,-5.51100068079525
10249,-5.51437919287105
10250,-5.51775737531983
10251,-5.52113522820591
10252,-5.5245127515936
10253,-5.52788994554715
10254,-5.53126681013082
10255,-5.53464334540888
10256,-5.53801955144552
10257,-5.54139542830495
10258,-5.54477097605135
10259,-5.5481461947489
10260,-5.55152108446172
10261,-5.55489564525396
10262,-5.55826987718972
10263,-5.56164378033308
10264,-5.56501735474811
10265,-5.56839060049888
10266,-5.5717635176494
10267,-5.5751361062637
10268,-5.57850836640578
10269,-5.58188029813959
10270,-5.58525190152911
10271,-5.58862317663828
10272,-5.59199412353101
10273,-5.5953647422712
10274,-5.59873503292275
10275,-5.60210499554951
10276,-5.60547463021534
10277,-5.60884393698405
10278,-5.61221291591946
10279,-5.61558156708535
10280,-5.6189498905455
10281,-5.62231788636367
10282,-5.62568555460358
10283,-5.62905289532895
10284,-5.63241990860348
10285,-5.63578659449084
10286,-5.6391529530547
10287,-5.64251898435871
10288,-5.64588468846647
10289,-5.64925006544159
10290,-5.65261511534767
10291,-5.65597983824827
10292,-5.65934423420693
10293,-5.66270830328719
10294,-5.66607204555256
10295,-5.66943546106653
10296,-5.67279854989257
10297,-5.67616131209416
10298,-5.6795237477347
10299,-5.68288585687764
10300,-5.68624763958637
10301,-5.68960909592427
10302,-5.6929702259547
10303,-5.69633102974102
10304,-5.69969150734654
10305,-5.70305165883458
10306,-5.70641148426842
10307,-5.70977098371135
10308,-5.71313015722661
10309,-5.71648900487742
10310,-5.71984752672703
10311,-5.72320572283861
10312,-5.72656359327535
10313,-5.72992113810042
10314,-5.73327835737695
10315,-5.73663525116806
10316,-5.73999181953687
10317,-5.74334806254646
10318,-5.7467039802599
10319,-5.75005957274025
10320,-5.75341484005053
10321,-5.75676978225376
10322,-5.76012439941293
10323,-5.76347869159103
10324,-5.76683265885101
10325,-5.77018630125581
10326,-5.77353961886837
10327,-5.77689261175157
10328,-5.78024527996831
10329,-5.78359762358146
10330,-5.78694964265386
10331,-5.79030133724835
10332,-5.79365270742774
10333,-5.79700375325482
10334,-5.80035447479238
10335,-5.80370487210317
10336,-5.80705494524993
10337,-5.81040469429538
10338,-5.81375411930224
10339,-5.81710322033317
10340,-5.82045199745086
10341,-5.82380045071795
10342,-5.82714858019707
10343,-5.83049638595083
10344,-5.83384386804183
10345,-5.83719102653266
10346,-5.84053786148585
10347,-5.84388437296396
10348,-5.84723056102952
10349,-5.85057642574501
10350,-5.85392196717293
10351,-5.85726718537575
10352,-5.86061208041591
10353,-5.86395665235586
10354,-5.86730090125799
10355,-5.87064482718471
10356,-5.8739884301984
10357,-5.87733171036141
10358,-5.88067466773609
10359,-5.88401730238476
10360,-5.88735961436972
10361,-5.89070160375327
10362,-5.89404327059766
10363,-5.89738461496516
10364,-5.900725636918
10365,-5.90406633651838
10366,-5.90740671382852
10367,-5.91074676891058
10368,-5.91408650182673
10369,-5.91742591263911
10370,-5.92076500140984
10371,-5.92410376820105
10372,-5.9274422130748
10373,-5.93078033609318
10374,-5.93411813731824
10375,-5.93745561681202
10376,-5.94079277463652
10377,-5.94412961085376
10378,-5.9474661255257
10379,-5.95080231871432
10380,-5.95413819048157
10381,-5.95747374088936
10382,-5.96080896999962
10383,-5.96414387787422
10384,-5.96747846457506
10385,-5.97081273016397
10386,-5.97414667470281
10387,-5.97748029825339
10388,-5.98081360087751
10389,-5.98414658263696
10390,-5.98747924359351
10391,-5.99081158380891
10392,-5.99414360334488
10393,-5.99747530226314
10394,-6.00080668062539
10395,-6.0041377384933
10396,-6.00746847592855
10397,-6.01079889299276
10398,-6.01412898974755
10399,-6.01745876625455
10400,-6.02078822257534
10401,-6.02411735877148
10402,-6.02744617490454
10403,-6.03077467103605
10404,-6.03410284722752
10405,-6.03743070354046
10406,-6.04075824003635
10407,-6.04408545677666
10408,-6.04741235382282
10409,-6.05073893123628
10410,-6.05406518907844
10411,-6.05739112741069
10412,-6.06071674629443
10413,-6.06404204579099
10414,-6.06736702596172
10415,-6.07069168686795
10416,-6.07401602857098
10417,-6.07734005113211
10418,-6.08066375461259
10419,-6.08398713907369
10420,-6.08731020457663
10421,-6.09063295118263
10422,-6.09395537895291
10423,-6.09727748794863
10424,-6.10059927823096
10425,-6.10392074986105
10426,-6.10724190290003
10427,-6.11056273740901
10428,-6.11388325344909
10429,-6.11720345108133
10430,-6.1205233303668
10431,-6.12384289136655
10432,-6.12716213414159
10433,-6.13048105875294
10434,-6.13379966526157
10435,-6.13711795372847
10436,-6.14043592421458
10437,-6.14375357678085
10438,-6.14707091148819
10439,-6.15038792839749
10440,-6.15370462756966
10441,-6.15702100906555
10442,-6.160337072946
10443,-6.16365281927186
10444,-6.16696824810394
10445,-6.17028335950303
10446,-6.17359815352991
10447,-6.17691263024534
10448,-6.18022678971007
10449,-6.18354063198483
10450,-6.18685415713031
10451,-6.19016736520722
10452,-6.19348025627623
10453,-6.19679283039799
10454,-6.20010508763316
10455,-6.20341702804233
10456,-6.20672865168613
10457,-6.21003995862514
10458,-6.21335094891992
10459,-6.21666162263104
10460,-6.21997197981903
10461,-6.22328202054439
10462,-6.22659174486764
10463,-6.22990115284926
10464,-6.23321024454971
10465,-6.23651902002945
10466,-6.23982747934889
10467,-6.24313562256847
10468,-6.24644344974857
10469,-6.24975096094956
10470,-6.25305815623183
10471,-6.2563650356557
10472,-6.25967159928151
10473,-6.26297784716957
10474,-6.26628377938016
10475,-6.26958939597356
10476,-6.27289469701004
10477,-6.27619968254983
10478,-6.27950435265316
10479,-6.28280870738023
10480,-6.28611274679124
10481,-6.28941647094634
10482,-6.29271987990571
10483,-6.29602297372947
10484,-6.29932575247775
10485,-6.30262821621065
10486,-6.30593036498826
10487,-6.30923219887064
10488,-6.31253371791784
10489,-6.31583492218991
10490,-6.31913581174685
10491,-6.32243638664867
10492,-6.32573664695536
10493,-6.32903659272686
10494,-6.33233622402314
10495,-6.33563554090413
10496,-6.33893454342974
10497,-6.34223323165987
10498,-6.34553160565439
10499,-6.34882966547318
10500,-6.35212741117607
10501,-6.35542484282289
10502,-6.35872196047347
10503,-6.36201876418758
10504,-6.36531525402502
10505,-6.36861143004553
10506,-6.37190729230887
10507,-6.37520284087475
10508,-6.37849807580289
10509,-6.38179299715299
10510,-6.38508760498471
10511,-6.38838189935771
10512,-6.39167588033164
10513,-6.39496954796612
10514,-6.39826290232075
10515,-6.40155594345514
10516,-6.40484867142883
10517,-6.4081410863014
10518,-6.4114331881324
10519,-6.41472497698132
10520,-6.41801645290768
10521,-6.42130761597098
10522,-6.42459846623068
10523,-6.42788900374623
10524,-6.43117922857707
10525,-6.43446914078263
10526,-6.4377587404223
10527,-6.44104802755548
10528,-6.44433700224153
10529,-6.4476256645398
10530,-6.45091401450963
10531,-6.45420205221035
10532,-6.45748977770124
10533,-6.4607771910416
10534,-6.4640642922907
10535,-6.46735108150778
10536,-6.47063755875208
10537,-6.47392372408282
10538,-6.47720957755919
10539,-6.48049511924039
10540,-6.48378034918558
10541,-6.48706526745391
10542,-6.49034987410451
10543,-6.49363416919649
10544,-6.49691815278898
10545,-6.50020182494102
10546,-6.50348518571171
10547,-6.50676823516009
10548,-6.51005097334518
10549,-6.51333340032601
10550,-6.51661551616157
10551,-6.51989732091085
10552,-6.5231788146328
10553,-6.5264599973864
10554,-6.52974086923054
10555,-6.53302143022417
10556,-6.53630168042617
10557,-6.53958161989543
10558,-6.54286124869081
10559,-6.54614056687116
10560,-6.54941957449531
10561,-6.55269827162208
10562,-6.55597665831025
10563,-6.55925473461863
10564,-6.56253250060596
10565,-6.565809956331
10566,-6.56908710185248
10567,-6.57236393722911
10568,-6.57564046251959
10569,-6.57891667778261
10570,-6.58219258307682
10571,-6.58546817846088
10572,-6.58874346399341
10573,-6.59201843973303
10574,-6.59529310573834
10575,-6.59856746206792
10576,-6.60184150878033
10577,-6.60511524593413
10578,-6.60838867358784
10579,-6.61166179179998
10580,-6.61493460062905
10581,-6.61820710013352
10582,-6.62147929037188
10583,-6.62475117140255
10584,-6.62802274328397
10585,-6.63129400607458
10586,-6.63456495983274
10587,-6.63783560461686
10588,-6.64110594048529
10589,-6.6443759674964
10590,-6.6476456857085
10591,-6.65091509517992
10592,-6.65418419596896
10593,-6.65745298813389
10594,-6.66072147173299
10595,-6.66398964682451
10596,-6.66725751346667
10597,-6.67052507171769
10598,-6.67379232163579
10599,-6.67705926327914
10600,-6.6803258967059
10601,-6.68359222197425
10602,-6.68685823914229
10603,-6.69012394826815
10604,-6.69338934940994
10605,-6.69665444262575
10606,-6.69991922797363
10607,-6.70318370551165
10608,-6.70644787529784
10609,-6.70971173739022
10610,-6.71297529184678
10611,-6.71623853872554
10612,-6.71950147808443
10613,-6.72276410998143
10614,-6.72602643447448
10615,-6.72928845162149
10616,-6.73255016148037
10617,-6.73581156410901
10618,-6.73907265956528
10619,-6.74233344790703
10620,-6.74559392919211
10621,-6.74885410347835
10622,-6.75211397082353
10623,-6.75537353128547
10624,-6.75863278492193
10625,-6.76189173179066
10626,-6.76515037194942
10627,-6.76840870545593
10628,-6.77166673236789
10629,-6.774924452743
10630,-6.77818186663894
10631,-6.78143897411337
10632,-6.78469577522392
10633,-6.78795227002823
10634,-6.79120845858392
10635,-6.79446434094856
10636,-6.79771991717975
10637,-6.80097518733506
10638,-6.80423015147201
10639,-6.80748480964814
10640,-6.81073916192098
10641,-6.81399320834801
10642,-6.81724694898672
10643,-6.82050038389457
10644,-6.82375351312901
10645,-6.82700633674748
10646,-6.8302588548074
10647,-6.83351106736615
10648,-6.83676297448113
10649,-6.84001457620971
10650,-6.84326587260925
10651,-6.84651686373706
10652,-6.84976754965047
10653,-6.8530179304068
10654,-6.85626800606332
10655,-6.85951777667731
10656,-6.86276724230602
10657,-6.8660164030067
10658,-6.86926525883656
10659,-6.87251380985281
10660,-6.87576205611265
10661,-6.87900999767324
10662,-6.88225763459176
10663,-6.88550496692533
10664,-6.88875199473109
10665,-6.89199871806614
10666,-6.89524513698759
10667,-6.89849125155251
10668,-6.90173706181796
10669,-6.90498256784099
10670,-6.90822776967863
10671,-6.91147266738789
10672,-6.91471726102578
10673,-6.91796155064926
10674,-6.92120553631532
10675,-6.9244492180809
10676,-6.92769259600293
10677,-6.93093567013833
10678,-6.93417844054401
10679,-6.93742090727685
10680,-6.94066307039372
10681,-6.94390492995148
10682,-6.94714648600696
10683,-6.95038773861699
10684,-6.95362868783837
10685,-6.9568693337279
10686,-6.96010967634233
10687,-6.96334971573845
10688,-6.96658945197299
10689,-6.96982888510267
10690,-6.9730680151842
10691,-6.97630684227429
10692,-6.97954536642961
10693,-6.98278358770682
10694,-6.98602150616257
10695,-6.98925912185349
10696,-6.9924964348362
10697,-6.99573344516729
10698,-6.99897015290336
10699,-7.00220655810096
10700,-7.00544266081665
10701,-7.00867846110697
10702,-7.01191395902843
10703,-7.01514915463754
10704,-7.0183840479908
10705,-7.02161863914466
10706,-7.02485292815558
10707,-7.02808691508003
10708,-7.0313205999744
10709,-7.03455398289511
10710,-7.03778706389857
10711,-7.04101984304114
10712,-7.04425232037918
10713,-7.04748449596905
10714,-7.05071636986708
10715,-7.05394794212957
10716,-7.05717921281283
10717,-7.06041018197314
10718,-7.06364084966677
10719,-7.06687121594996
10720,-7.07010128087897
10721,-7.07333104451
10722,-7.07656050689925
10723,-7.07978966810293
10724,-7.0830185281772
10725,-7.08624708717822
10726,-7.08947534516213
10727,-7.09270330218505
10728,-7.09593095830311
10729,-7.09915831357238
10730,-7.10238536804896
10731,-7.10561212178889
10732,-7.10883857484824
10733,-7.11206472728303
10734,-7.11529057914928
10735,-7.11851613050298
10736,-7.12174138140014
10737,-7.1249663318967
10738,-7.12819098204863
10739,-7.13141533191187
10740,-7.13463938154233
10741,-7.13786313099593
10742,-7.14108658032855
10743,-7.14430972959607
10744,-7.14753257885435
10745,-7.15075512815923
10746,-7.15397737756655
10747,-7.15719932713211
10748,-7.16042097691172
10749,-7.16364232696115
10750,-7.16686337733617
10751,-7.17008412809253
10752,-7.17330457928598
10753,-7.17652473097222
10754,-7.17974458320696
10755,-7.18296413604589
10756,-7.18618338954469
10757,-7.189402343759
10758,-7.19262099874447
10759,-7.19583935455674
10760,-7.19905741125141
10761,-7.20227516888407
10762,-7.20549262751031
10763,-7.20870978718568
10764,-7.21192664796575
10765,-7.21514320990604
10766,-7.21835947306207
10767,-7.22157543748934
10768,-7.22479110324335
10769,-7.22800647037955
10770,-7.23122153895341
10771,-7.23443630902037
10772,-7.23765078063586
10773,-7.24086495385528
10774,-7.24407882873402
10775,-7.24729240532748
10776,-7.25050568369101
10777,-7.25371866387995
10778,-7.25693134594965
10779,-7.26014372995542
10780,-7.26335581595256
10781,-7.26656760399636
10782,-7.26977909414209
10783,-7.272990286445
10784,-7.27620118096034
10785,-7.27941177774333
10786,-7.28262207684917
10787,-7.28583207833308
10788,-7.28904178225022
10789,-7.29225118865575
10790,-7.29546029760483
10791,-7.2986691091526
10792,-7.30187762335415
10793,-7.30508584026461
10794,-7.30829375993906
10795,-7.31150138243255
10796,-7.31470870780017
10797,-7.31791573609694
10798,-7.32112246737789
10799,-7.32432890169804
10800,-7.32753503911237
10801,-7.33074087967587
10802,-7.3339464234435
10803,-7.33715167047022
10804,-7.34035662081094
10805,-7.3435612745206
10806,-7.3467656316541
10807,-7.34996969226634
10808,-7.35317345641216
10809,-7.35637692414644
10810,-7.35958009552404
10811,-7.36278297059975
10812,-7.36598554942841
10813,-7.3691878320648
10814,-7.37238981856372
10815,-7.37559150897992
10816,-7.37879290336816
10817,-7.38199400178317
10818,-7.38519480427968
10819,-7.38839531091239
10820,-7.391595521736
10821,-7.39479543680517
10822,-7.39799505617457
10823,-7.40119437989884
10824,-7.40439340803262
10825,-7.40759214063052
10826,-7.41079057774714
10827,-7.41398871943707
10828,-7.41718656575486
10829,-7.42038411675509
10830,-7.42358137249228
10831,-7.42677833302097
10832,-7.42997499839566
10833,-7.43317136867084
10834,-7.436367443901
10835,-7.4395632241406
10836,-7.44275870944408
10837,-7.44595389986589
10838,-7.44914879546043
10839,-7.45234339628212
10840,-7.45553770238535
10841,-7.45873171382447
10842,-7.46192543065387
10843,-7.46511885292788
10844,-7.46831198070081
10845,-7.47150481402701
10846,-7.47469735296074
10847,-7.47788959755631
10848,-7.48108154786799
10849,-7.48427320395001
10850,-7.48746456585663
10851,-7.49065563364206
10852,-7.49384640736052
10853,-7.49703688706619
10854,-7.50022707281326
10855,-7.5034169646559
10856,-7.50660656264823
10857,-7.50979586684441
10858,-7.51298487729855
10859,-7.51617359406475
10860,-7.5193620171971
10861,-7.52255014674969
10862,-7.52573798277655
10863,-7.52892552533174
10864,-7.5321127744693
10865,-7.53529973024322
10866,-7.53848639270751
10867,-7.54167276191616
10868,-7.54485883792313
10869,-7.54804462078238
10870,-7.55123011054785
10871,-7.55441530727346
10872,-7.55760021101312
10873,-7.56078482182073
10874,-7.56396913975017
10875,-7.5671531648553
10876,-7.57033689718997
10877,-7.57352033680803
10878,-7.57670348376327
10879,-7.57988633810953
10880,-7.58306889990058
10881,-7.5862511691902
10882,-7.58943314603215
10883,-7.59261483048017
10884,-7.59579622258802
10885,-7.59897732240939
10886,-7.60215812999798
10887,-7.6053386454075
10888,-7.6085188686916
10889,-7.61169879990395
10890,-7.6148784390982
10891,-7.61805778632795
10892,-7.62123684164683
10893,-7.62441560510846
10894,-7.62759407676638
10895,-7.63077225667419
10896,-7.63395014488544
10897,-7.63712774145366
10898,-7.64030504643239
10899,-7.64348205987512
10900,-7.64665878183536
10901,-7.64983521236658
10902,-7.65301135152226
10903,-7.65618719935584
10904,-7.65936275592076
10905,-7.66253802127044
10906,-7.66571299545829
10907,-7.6688876785377
10908,-7.67206207056205
10909,-7.6752361715847
10910,-7.678409981659
10911,-7.68158350083828
10912,-7.68475672917587
10913,-7.68792966672507
10914,-7.69110231353915
10915,-7.69427466967141
10916,-7.69744673517511
10917,-7.70061851010348
10918,-7.70378999450975
10919,-7.70696118844716
10920,-7.71013209196889
10921,-7.71330270512813
10922,-7.71647302797807
10923,-7.71964306057184
10924,-7.7228128029626
10925,-7.72598225520349
10926,-7.7291514173476
10927,-7.73232028944804
10928,-7.73548887155791
10929,-7.73865716373025
10930,-7.74182516601814
10931,-7.74499287847461
10932,-7.7481603011527
10933,-7.7513274341054
10934,-7.75449427738573
10935,-7.75766083104667
10936,-7.76082709514117
10937,-7.7639930697222
10938,-7.76715875484271
10939,-7.77032415055559
10940,-7.77348925691379
10941,-7.77665407397018
10942,-7.77981860177765
10943,-7.78298284038906
10944,-7.78614678985728
10945,-7.78931045023514
10946,-7.79247382157545
10947,-7.79563690393103
10948,-7.79879969735469
10949,-7.80196220189918
10950,-7.80512441761728
10951,-7.80828634456176
10952,-7.81144798278532
10953,-7.81460933234071
10954,-7.81777039328063
10955,-7.82093116565777
10956,-7.82409164952481
10957,-7.82725184493442
10958,-7.83041175193924
10959,-7.83357137059192
10960,-7.83673070094507
10961,-7.8398897430513
10962,-7.84304849696321
10963,-7.84620696273336
10964,-7.84936514041434
10965,-7.85252303005867
10966,-7.85568063171891
10967,-7.85883794544757
10968,-7.86199497129715
10969,-7.86515170932016
10970,-7.86830815956906
10971,-7.87146432209632
10972,-7.87462019695439
10973,-7.8777757841957
10974,-7.88093108387268
10975,-7.88408609603772
10976,-7.88724082074323
10977,-7.89039525804157
10978,-7.89354940798512
10979,-7.89670327062621
10980,-7.8998568460172
10981,-7.90301013421038
10982,-7.90616313525807
10983,-7.90931584921257
10984,-7.91246827612615
10985,-7.91562041605106
10986,-7.91877226903957
10987,-7.9219238351439
10988,-7.92507511441628
10989,-7.92822610690891
10990,-7.93137681267398
10991,-7.93452723176366
10992,-7.93767736423014
10993,-7.94082721012554
10994,-7.94397676950201
10995,-7.94712604241166
10996,-7.95027502890661
10997,-7.95342372903894
10998,-7.95657214286074
10999,-7.95972027042406
11000,-7.96286811178096
11001,-7.96601566698346
11002,-7.9691629360836
11003,-7.97230991913338
11004,-7.97545661618479
11005,-7.9786030272898
11006,-7.9817491525004
11007,-7.98489499186851
11008,-7.98804054544608
11009,-7.99118581328504
11010,-7.99433079543728
11011,-7.99747549195471
11012,-8.0006199028892
11013,-8.00376402829262
11014,-8.00690786821681
11015,-8.01005142271363
11016,-8.01319469183487
11017,-8.01633767563236
11018,-8.0194803741579
11019,-8.02262278746327
11020,-8.02576491560021
11021,-8.0289067586205
11022,-8.03204831657587
11023,-8.03518958951804
11024,-8.03833057749872
11025,-8.04147128056962
11026,-8.0446116987824
11027,-8.04775183218875
11028,-8.05089168084031
11029,-8.05403124478872
11030,-8.05717052408561
11031,-8.06030951878259
11032,-8.06344822893126
11033,-8.0665866545832
11034,-8.06972479578999
11035,-8.07286265260317
11036,-8.07600022507428
11037,-8.07913751325487
11038,-8.08227451719643
11039,-8.08541123695047
11040,-8.08854767256848
11041,-8.09168382410193
11042,-8.09481969160227
11043,-8.09795527512095
11044,-8.1010905747094
11045,-8.10422559041902
11046,-8.10736032230123
11047,-8.11049477040742
11048,-8.11362893478895
11049,-8.11676281549719
11050,-8.11989641258349
11051,-8.12302972609916
11052,-8.12616275609554
11053,-8.12929550262392
11054,-8.1324279657356
11055,-8.13556014548185
11056,-8.13869204191393
11057,-8.14182365508311
11058,-8.1449549850406
11059,-8.14808603183762
11060,-8.1512167955254
11061,-8.15434727615511
11062,-8.15747747377793
11063,-8.16060738844505
11064,-8.16373702020759
11065,-8.1668663691167
11066,-8.16999543522352
11067,-8.17312421857913
11068,-8.17625271923464
11069,-8.17938093724114
11070,-8.18250887264968
11071,-8.18563652551133
11072,-8.18876389587712
11073,-8.19189098379809
11074,-8.19501778932523
11075,-8.19814431250956
11076,-8.20127055340206
11077,-8.2043965120537
11078,-8.20752218851543
11079,-8.21064758283821
11080,-8.21377269507295
11081,-8.21689752527058
11082,-8.220022073482
11083,-8.22314633975809
11084,-8.22627032414974
11085,-8.2293940267078
11086,-8.23251744748312
11087,-8.23564058652653
11088,-8.23876344388886
11089,-8.24188601962091
11090,-8.24500831377347
11091,-8.24813032639731
11092,-8.25125205754322
11093,-8.25437350726193
11094,-8.25749467560418
11095,-8.2606155626207
11096,-8.2637361683622
11097,-8.26685649287937
11098,-8.2699765362229
11099,-8.27309629844344
11100,-8.27621577959167
11101,-8.27933497971822
11102,-8.28245389887372
11103,-8.28557253710877
11104,-8.28869089447399
11105,-8.29180897101997
11106,-8.29492676679726
11107,-8.29804428185643
11108,-8.30116151624804
11109,-8.3042784700226
11110,-8.30739514323064
11111,-8.31051153592266
11112,-8.31362764814915
11113,-8.3167434799606
11114,-8.31985903140746
11115,-8.32297430254019
11116,-8.32608929340921
11117,-8.32920400406497
11118,-8.33231843455786
11119,-8.33543258493827
11120,-8.3385464552566
11121,-8.34166004556322
11122,-8.34477335590847
11123,-8.34788638634269
11124,-8.35099913691622
11125,-8.35411160767937
11126,-8.35722379868243
11127,-8.36033570997571
11128,-8.36344734160947
11129,-8.36655869363397
11130,-8.36966976609946
11131,-8.37278055905616
11132,-8.37589107255431
11133,-8.3790013066441
11134,-8.38211126137573
11135,-8.38522093679938
11136,-8.38833033296521
11137,-8.39143944992338
11138,-8.39454828772401
11139,-8.39765684641725
11140,-8.40076512605319
11141,-8.40387312668194
11142,-8.40698084835358
11143,-8.41008829111819
11144,-8.4131954550258
11145,-8.41630234012649
11146,-8.41940894647027
11147,-8.42251527410715
11148,-8.42562132308715
11149,-8.42872709346025
11150,-8.43183258527644
11151,-8.43493779858566
11152,-8.43804273343789
11153,-8.44114738988304
11154,-8.44425176797104
11155,-8.4473558677518
11156,-8.45045968927522
11157,-8.45356323259118
11158,-8.45666649774955
11159,-8.45976948480019
11160,-8.46287219379293
11161,-8.46597462477761
11162,-8.46907677780404
11163,-8.47217865292202
11164,-8.47528025018135
11165,-8.47838156963179
11166,-8.48148261132312
11167,-8.48458337530507
11168,-8.48768386162739
11169,-8.49078407033979
11170,-8.49388400149198
11171,-8.49698365513367
11172,-8.50008303131453
11173,-8.50318213008423
11174,-8.50628095149242
11175,-8.50937949558875
11176,-8.51247776242285
11177,-8.51557575204432
11178,-8.51867346450279
11179,-8.52177089984782
11180,-8.52486805812899
11181,-8.52796493939588
11182,-8.53106154369802
11183,-8.53415787108495
11184,-8.5372539216062
11185,-8.54034969531128
11186,-8.54344519224967
11187,-8.54654041247086
11188,-8.54963535602434
11189,-8.55273002295952
11190,-8.55582441332588
11191,-8.55891852717284
11192,-8.56201236454981
11193,-8.5651059255062
11194,-8.5681992100914
11195,-8.57129221835477
11196,-8.57438495034569
11197,-8.5774774061135
11198,-8.58056958570755
11199,-8.58366148917716
11200,-8.58675311657162
11201,-8.58984446794025
11202,-8.59293554333233
11203,-8.59602634279712
11204,-8.59911686638389
11205,-8.60220711414187
11206,-8.6052970861203
11207,-8.6083867823684
11208,-8.61147620293537
11209,-8.6145653478704
11210,-8.61765421722267
11211,-8.62074281104135
11212,-8.62383112937558
11213,-8.62691917227452
11214,-8.63000693978728
11215,-8.63309443196296
11216,-8.63618164885069
11217,-8.63926859049954
11218,-8.64235525695857
11219,-8.64544164827686
11220,-8.64852776450346
11221,-8.65161360568738
11222,-8.65469917187766
11223,-8.65778446312331
11224,-8.66086947947331
11225,-8.66395422097665
11226,-8.6670386876823
11227,-8.67012287963921
11228,-8.67320679689632
11229,-8.67629043950256
11230,-8.67937380750686
11231,-8.6824569009581
11232,-8.68553971990519
11233,-8.688622264397
11234,-8.69170453448238
11235,-8.6947865302102
11236,-8.69786825162929
11237,-8.70094969878848
11238,-8.70403087173657
11239,-8.70711177052237
11240,-8.71019239519466
11241,-8.7132727458022
11242,-8.71635282239378
11243,-8.71943262501812
11244,-8.72251215372397
11245,-8.72559140856003
11246,-8.72867038957503
11247,-8.73174909681765
11248,-8.73482753033658
11249,-8.73790569018048
11250,-8.74098357639802
11251,-8.74406118903782
11252,-8.74713852814853
11253,-8.75021559377875
11254,-8.7532923859771
11255,-8.75636890479217
11256,-8.75944515027252
11257,-8.76252112246673
11258,-8.76559682142334
11259,-8.76867224719091
11260,-8.77174739981794
11261,-8.77482227935296
11262,-8.77789688584447
11263,-8.78097121934094
11264,-8.78404527989087
11265,-8.7871190675427
11266,-8.79019258234489
11267,-8.79326582434587
11268,-8.79633879359407
11269,-8.79941149013789
11270,-8.80248391402573
11271,-8.80555606530599
11272,-8.80862794402701
11273,-8.81169955023717
11274,-8.81477088398481
11275,-8.81784194531827
11276,-8.82091273428586
11277,-8.82398325093588
11278,-8.82705349531664
11279,-8.83012346747642
11280,-8.83319316746347
11281,-8.83626259532607
11282,-8.83933175111245
11283,-8.84240063487083
11284,-8.84546924664945
11285,-8.84853758649649
11286,-8.85160565446016
11287,-8.85467345058864
11288,-8.85774097493007
11289,-8.86080822753263
11290,-8.86387520844445
11291,-8.86694191771366
11292,-8.87000835538836
11293,-8.87307452151667
11294,-8.87614041614668
11295,-8.87920603932645
11296,-8.88227139110406
11297,-8.88533647152755
11298,-8.88840128064496
11299,-8.89146581850432
11300,-8.89453008515363
11301,-8.8975940806409
11302,-8.90065780501412
11303,-8.90372125832126
11304,-8.90678444061028
11305,-8.90984735192912
11306,-8.91290999232573
11307,-8.91597236184804
11308,-8.91903446054394
11309,-8.92209628846134
11310,-8.92515784564812
11311,-8.92821913215215
11312,-8.9312801480213
11313,-8.93434089330342
11314,-8.93740136804632
11315,-8.94046157229785
11316,-8.9435215061058
11317,-8.94658116951797
11318,-8.94964056258215
11319,-8.95269968534611
11320,-8.95575853785761
11321,-8.95881712016438
11322,-8.96187543231417
11323,-8.96493347435469
11324,-8.96799124633366
11325,-8.97104874829877
11326,-8.97410598029769
11327,-8.97716294237811
11328,-8.98021963458767
11329,-8.98327605697403
11330,-8.9863322095848
11331,-8.98938809246762
11332,-8.9924437056701
11333,-8.99549904923981
11334,-8.99855412322435
11335,-9.00160892767129
11336,-9.00466346262818
11337,-9.00771772814256
11338,-9.01077172426196
11339,-9.01382545103392
11340,-9.01687890850592
11341,-9.01993209672547
11342,-9.02298501574004
11343,-9.02603766559711
11344,-9.02909004634412
11345,-9.03214215802853
11346,-9.03519400069776
11347,-9.03824557439923
11348,-9.04129687918035
11349,-9.0443479150885
11350,-9.04739868217109
11351,-9.05044918047545
11352,-9.05349941004897
11353,-9.05654937093896
11354,-9.05959906319278
11355,-9.06264848685774
11356,-9.06569764198113
11357,-9.06874652861026
11358,-9.07179514679241
11359,-9.07484349657483
11360,-9.0778915780048
11361,-9.08093939112955
11362,-9.0839869359963
11363,-9.08703421265229
11364,-9.09008122114472
11365,-9.09312796152077
11366,-9.09617443382764
11367,-9.09922063811248
11368,-9.10226657442246
11369,-9.10531224280471
11370,-9.10835764330637
11371,-9.11140277597457
11372,-9.11444764085639
11373,-9.11749223799894
11374,-9.1205365674493
11375,-9.12358062925453
11376,-9.1266244234617
11377,-9.12966795011785
11378,-9.13271120927
11379,-9.13575420096518
11380,-9.1387969252504
11381,-9.14183938217264
11382,-9.1448815717789
11383,-9.14792349411613
11384,-9.15096514923131
11385,-9.15400653717137
11386,-9.15704765798324
11387,-9.16008851171385
11388,-9.16312909841011
11389,-9.1661694181189
11390,-9.16920947088711
11391,-9.17224925676162
11392,-9.17528877578928
11393,-9.17832802801694
11394,-9.18136701349142
11395,-9.18440573225956
11396,-9.18744418436816
11397,-9.19048236986402
11398,-9.19352028879392
11399,-9.19655794120463
11400,-9.19959532714293
11401,-9.20263244665554
11402,-9.2056692997892
11403,-9.20870588659066
11404,-9.2117422071066
11405,-9.21477826138372
11406,-9.21781404946873
11407,-9.22084957140828
11408,-9.22388482724904
11409,-9.22691981703767
11410,-9.22995454082079
11411,-9.23298899864503
11412,-9.23602319055701
11413,-9.23905711660331
11414,-9.24209077683054
11415,-9.24512417128527
11416,-9.24815730001406
11417,-9.25119016306346
11418,-9.25422276048
11419,-9.25725509231023
11420,-9.26028715860066
11421,-9.26331895939777
11422,-9.26635049474807
11423,-9.26938176469804
11424,-9.27241276929412
11425,-9.2754435085828
11426,-9.27847398261049
11427,-9.28150419142364
11428,-9.28453413506866
11429,-9.28756381359195
11430,-9.29059322703991
11431,-9.29362237545891
11432,-9.29665125889533
11433,-9.29967987739552
11434,-9.30270823100582
11435,-9.30573631977257
11436,-9.30876414374208
11437,-9.31179170296068
11438,-9.31481899747464
11439,-9.31784602733024
11440,-9.32087279257377
11441,-9.32389929325149
11442,-9.32692552940963
11443,-9.32995150109443
11444,-9.33297720835213
11445,-9.33600265122891
11446,-9.33902782977098
11447,-9.34205274402454
11448,-9.34507739403576
11449,-9.34810177985078
11450,-9.35112590151578
11451,-9.35414975907688
11452,-9.3571733525802
11453,-9.36019668207187
11454,-9.36321974759799
11455,-9.36624254920463
11456,-9.36926508693788
11457,-9.37228736084382
11458,-9.37530937096848
11459,-9.37833111735791
11460,-9.38135260005815
11461,-9.38437381911519
11462,-9.38739477457506
11463,-9.39041546648375
11464,-9.39343589488723
11465,-9.39645605983147
11466,-9.39947596136243
11467,-9.40249559952607
11468,-9.4055149743683
11469,-9.40853408593505
11470,-9.41155293427223
11471,-9.41457151942573
11472,-9.41758984144144
11473,-9.42060790036524
11474,-9.42362569624298
11475,-9.42664322912051
11476,-9.42966049904368
11477,-9.4326775060583
11478,-9.43569425021018
11479,-9.43871073154513
11480,-9.44172695010894
11481,-9.44474290594738
11482,-9.44775859910622
11483,-9.45077402963121
11484,-9.45378919756809
11485,-9.4568041029626
11486,-9.45981874586045
11487,-9.46283312630734
11488,-9.46584724434896
11489,-9.46886110003101
11490,-9.47187469339915
11491,-9.47488802449903
11492,-9.4779010933763
11493,-9.4809139000766
11494,-9.48392644464554
11495,-9.48693872712875
11496,-9.48995074757181
11497,-9.49296250602031
11498,-9.49597400251982
11499,-9.49898523711591
11500,-9.50199620985413
11501,-9.50500692078002
11502,-9.5080173699391
11503,-9.51102755737688
11504,-9.51403748313888
11505,-9.51704714727058
11506,-9.52005654981746
11507,-9.52306569082499
11508,-9.52607457033862
11509,-9.5290831884038
11510,-9.53209154506596
11511,-9.53509964037051
11512,-9.53810747436289
11513,-9.54111504708845
11514,-9.5441223585926
11515,-9.54712940892072
11516,-9.55013619811816
11517,-9.55314272623027
11518,-9.55614899330238
11519,-9.55915499937983
11520,-9.56216074450792
11521,-9.56516622873197
11522,-9.56817145209725
11523,-9.57117641464904
11524,-9.57418111643262
11525,-9.57718555749324
11526,-9.58018973787613
11527,-9.58319365762653
11528,-9.58619731678968
11529,-9.58920071541075
11530,-9.59220385353495
11531,-9.59520673120748
11532,-9.59820934847349
11533,-9.60121170537815
11534,-9.60421380196662
11535,-9.60721563828401
11536,-9.61021721437547
11537,-9.61321853028611
11538,-9.61621958606101
11539,-9.61922038174529
11540,-9.62222091738401
11541,-9.62522119302224
11542,-9.62822120870504
11543,-9.63122096447744
11544,-9.63422046038449
11545,-9.6372196964712
11546,-9.64021867278257
11547,-9.64321738936361
11548,-9.6462158462593
11549,-9.64921404351461
11550,-9.65221198117451
11551,-9.65520965928394
11552,-9.65820707788783
11553,-9.66120423703114
11554,-9.66420113675875
11555,-9.66719777711557
11556,-9.6701941581465
11557,-9.67319027989642
11558,-9.6761861424102
11559,-9.67918174573268
11560,-9.68217708990872
11561,-9.68517217498315
11562,-9.68816700100079
11563,-9.69116156800645
11564,-9.69415587604492
11565,-9.697149925161
11566,-9.70014371539946
11567,-9.70313724680506
11568,-9.70613051942256
11569,-9.70912353329669
11570,-9.71211628847219
11571,-9.71510878499376
11572,-9.71810102290612
11573,-9.72109300225397
11574,-9.72408472308197
11575,-9.7270761854348
11576,-9.73006738935712
11577,-9.73305833489358
11578,-9.73604902208882
11579,-9.73903945098746
11580,-9.74202962163411
11581,-9.74501953407337
11582,-9.74800918834983
11583,-9.75099858450807
11584,-9.75398772259266
11585,-9.75697660264816
11586,-9.75996522471909
11587,-9.76295358885
11588,-9.76594169508541
11589,-9.76892954346983
11590,-9.77191713404775
11591,-9.77490446686366
11592,-9.77789154196204
11593,-9.78087835938734
11594,-9.78386491918402
11595,-9.78685122139651
11596,-9.78983726606926
11597,-9.79282305324666
11598,-9.79580858297314
11599,-9.79879385529308
11600,-9.80177887025085
11601,-9.80476362789085
11602,-9.80774812825743
11603,-9.81073237139492
11604,-9.81371635734767
11605,-9.81670008616001
11606,-9.81968355787624
11607,-9.82266677254067
11608,-9.8256497301976
11609,-9.82863243089129
11610,-9.83161487466602
11611,-9.83459706156605
11612,-9.83757899163561
11613,-9.84056066491895
11614,-9.84354208146028
11615,-9.84652324130381
11616,-9.84950414449375
11617,-9.85248479107428
11618,-9.85546518108958
11619,-9.8584453145838
11620,-9.86142519160112
11621,-9.86440481218567
11622,-9.86738417638157
11623,-9.87036328423295
11624,-9.87334213578393
11625,-9.87632073107858
11626,-9.87929907016099
11627,-9.88227715307526
11628,-9.88525497986543
11629,-9.88823255057555
11630,-9.89120986524967
11631,-9.89418692393181
11632,-9.897163726666
11633,-9.90014027349622
11634,-9.9031165644665
11635,-9.90609259962079
11636,-9.90906837900308
11637,-9.91204390265733
11638,-9.91501917062748
11639,-9.91799418295748
11640,-9.92096893969124
11641,-9.92394344087269
11642,-9.92691768654572
11643,-9.92989167675424
11644,-9.93286541154211
11645,-9.93583889095321
11646,-9.93881211503141
11647,-9.94178508382054
11648,-9.94475779736444
11649,-9.94773025570694
11650,-9.95070245889185
11651,-9.95367440696297
11652,-9.95664609996409
11653,-9.959617537939
11654,-9.96258872093146
11655,-9.96555964898522
11656,-9.96853032214404
11657,-9.97150074045164
11658,-9.97447090395175
11659,-9.97744081268809
11660,-9.98041046670434
11661,-9.98337986604421
11662,-9.98634901075138
11663,-9.98931790086949
11664,-9.99228653644222
11665,-9.99525491751321
11666,-9.99822304412609
11667,-10.0011909163245
11668,-10.004158534152
11669,-10.0071258976522
11670,-10.0100930068688
11671,-10.0130598618452
11672,-10.0160264626251
11673,-10.018992809252
11674,-10.0219589017695
11675,-10.024924740221
11676,-10.0278903246502
11677,-10.0308556551004
11678,-10.0338207316153
11679,-10.0367855542383
11680,-10.0397501230128
11681,-10.0427144379824
11682,-10.0456784991906
11683,-10.0486423066806
11684,-10.051605860496
11685,-10.0545691606802
11686,-10.0575322072767
11687,-10.0604950003287
11688,-10.0634575398797
11689,-10.0664198259731
11690,-10.0693818586522
11691,-10.0723436379604
11692,-10.075305163941
11693,-10.0782664366374
11694,-10.0812274560928
11695,-10.0841882223507
11696,-10.0871487354542
11697,-10.0901089954467
11698,-10.0930690023715
11699,-10.0960287562718
11700,-10.0989882571908
11701,-10.1019475051719
11702,-10.1049065002582
11703,-10.107865242493
11704,-10.1108237319194
11705,-10.1137819685807
11706,-10.1167399525201
11707,-10.1196976837807
11708,-10.1226551624057
11709,-10.1256123884383
11710,-10.1285693619216
11711,-10.1315260828987
11712,-10.1344825514128
11713,-10.1374387675069
11714,-10.1403947312242
11715,-10.1433504426077
11716,-10.1463059017005
11717,-10.1492611085458
11718,-10.1522160631865
11719,-10.1551707656657
11720,-10.1581252160264
11721,-10.1610794143116
11722,-10.1640333605644
11723,-10.1669870548278
11724,-10.1699404971447
11725,-10.1728936875582
11726,-10.1758466261111
11727,-10.1787993128465
11728,-10.1817517478072
11729,-10.1847039310363
11730,-10.1876558625766
11731,-10.1906075424711
11732,-10.1935589707627
11733,-10.1965101474942
11734,-10.1994610727085
11735,-10.2024117464485
11736,-10.2053621687571
11737,-10.2083123396771
11738,-10.2112622592513
11739,-10.2142119275225
11740,-10.2171613445337
11741,-10.2201105103275
11742,-10.2230594249468
11743,-10.2260080884343
11744,-10.2289565008328
11745,-10.2319046621852
11746,-10.234852572534
11747,-10.2378002319221
11748,-10.2407476403922
11749,-10.2436947979869
11750,-10.2466417047491
11751,-10.2495883607214
11752,-10.2525347659465
11753,-10.255480920467
11754,-10.2584268243256
11755,-10.2613724775649
11756,-10.2643178802277
11757,-10.2672630323565
11758,-10.2702079339939
11759,-10.2731525851826
11760,-10.2760969859652
11761,-10.2790411363841
11762,-10.2819850364821
11763,-10.2849286863016
11764,-10.2878720858853
11765,-10.2908152352756
11766,-10.2937581345151
11767,-10.2967007836462
11768,-10.2996431827117
11769,-10.3025853317538
11770,-10.3055272308151
11771,-10.3084688799381
11772,-10.3114102791652
11773,-10.3143514285389
11774,-10.3172923281017
11775,-10.3202329778959
11776,-10.323173377964
11777,-10.3261135283485
11778,-10.3290534290916
11779,-10.3319930802358
11780,-10.3349324818235
11781,-10.337871633897
11782,-10.3408105364987
11783,-10.343749189671
11784,-10.3466875934561
11785,-10.3496257478964
11786,-10.3525636530343
11787,-10.355501308912
11788,-10.3584387155717
11789,-10.3613758730559
11790,-10.3643127814067
11791,-10.3672494406665
11792,-10.3701858508774
11793,-10.3731220120817
11794,-10.3760579243217
11795,-10.3789935876395
11796,-10.3819290020774
11797,-10.3848641676776
11798,-10.3877990844821
11799,-10.3907337525333
11800,-10.3936681718733
11801,-10.3966023425442
11802,-10.3995362645882
11803,-10.4024699380474
11804,-10.4054033629639
11805,-10.4083365393798
11806,-10.4112694673373
11807,-10.4142021468784
11808,-10.4171345780452
11809,-10.4200667608798
11810,-10.4229986954242
11811,-10.4259303817205
11812,-10.4288618198106
11813,-10.4317930097367
11814,-10.4347239515408
11815,-10.4376546452648
11816,-10.4405850909507
11817,-10.4435152886405
11818,-10.4464452383762
11819,-10.4493749401998
11820,-10.4523043941532
11821,-10.4552336002783
11822,-10.4581625586171
11823,-10.4610912692115
11824,-10.4640197321034
11825,-10.4669479473346
11826,-10.4698759149471
11827,-10.4728036349828
11828,-10.4757311074835
11829,-10.4786583324911
11830,-10.4815853100474
11831,-10.4845120401942
11832,-10.4874385229734
11833,-10.4903647584267
11834,-10.4932907465961
11835,-10.4962164875232
11836,-10.4991419812498
11837,-10.5020672278178
11838,-10.5049922272689
11839,-10.5079169796448
11840,-10.5108414849872
11841,-10.513765743338
11842,-10.5166897547387
11843,-10.5196135192312
11844,-10.522537036857
11845,-10.525460307658
11846,-10.5283833316757
11847,-10.5313061089518
11848,-10.5342286395281
11849,-10.537150923446
11850,-10.5400729607473
11851,-10.5429947514736
11852,-10.5459162956665
11853,-10.5488375933676
11854,-10.5517586446184
11855,-10.5546794494606
11856,-10.5576000079357
11857,-10.5605203200854
11858,-10.563440385951
11859,-10.5663602055742
11860,-10.5692797789965
11861,-10.5721991062594
11862,-10.5751181874045
11863,-10.5780370224731
11864,-10.5809556115069
11865,-10.5838739545472
11866,-10.5867920516355
11867,-10.5897099028134
11868,-10.5926275081221
11869,-10.5955448676033
11870,-10.5984619812982
11871,-10.6013788492483
11872,-10.604295471495
11873,-10.6072118480797
11874,-10.6101279790438
11875,-10.6130438644286
11876,-10.6159595042755
11877,-10.6188748986258
11878,-10.6217900475209
11879,-10.6247049510022
11880,-10.6276196091108
11881,-10.6305340218882
11882,-10.6334481893756
11883,-10.6363621116143
11884,-10.6392757886457
11885,-10.6421892205109
11886,-10.6451024072512
11887,-10.6480153489078
11888,-10.650928045522
11889,-10.6538404971351
11890,-10.6567527037882
11891,-10.6596646655225
11892,-10.6625763823792
11893,-10.6654878543995
11894,-10.6683990816246
11895,-10.6713100640957
11896,-10.6742208018538
11897,-10.6771312949401
11898,-10.6800415433958
11899,-10.682951547262
11900,-10.6858613065798
11901,-10.6887708213902
11902,-10.6916800917344
11903,-10.6945891176535
11904,-10.6974978991885
11905,-10.7004064363804
11906,-10.7033147292704
11907,-10.7062227778995
11908,-10.7091305823086
11909,-10.7120381425388
11910,-10.7149454586312
11911,-10.7178525306266
11912,-10.7207593585661
11913,-10.7236659424907
11914,-10.7265722824413
11915,-10.7294783784589
11916,-10.7323842305845
11917,-10.7352898388588
11918,-10.738195203323
11919,-10.7411003240179
11920,-10.7440052009843
11921,-10.7469098342632
11922,-10.7498142238956
11923,-10.7527183699221
11924,-10.7556222723838
11925,-10.7585259313214
11926,-10.7614293467758
11927,-10.7643325187879
11928,-10.7672354473983
11929,-10.7701381326481
11930,-10.7730405745779
11931,-10.7759427732286
11932,-10.7788447286408
11933,-10.7817464408555
11934,-10.7846479099133
11935,-10.7875491358551
11936,-10.7904501187214
11937,-10.7933508585532
11938,-10.796251355391
11939,-10.7991516092756
11940,-10.8020516202477
11941,-10.804951388348
11942,-10.8078509136172
11943,-10.8107501960959
11944,-10.8136492358247
11945,-10.8165480328444
11946,-10.8194465871955
11947,-10.8223448989188
11948,-10.8252429680547
11949,-10.8281407946439
11950,-10.8310383787271
11951,-10.8339357203447
11952,-10.8368328195374
11953,-10.8397296763458
11954,-10.8426262908103
11955,-10.8455226629715
11956,-10.84841879287
11957,-10.8513146805463
11958,-10.8542103260409
11959,-10.8571057293943
11960,-10.860000890647
11961,-10.8628958098394
11962,-10.8657904870121
11963,-10.8686849222056
11964,-10.8715791154602
11965,-10.8744730668164
11966,-10.8773667763147
11967,-10.8802602439954
11968,-10.883153469899
11969,-10.8860464540659
11970,-10.8889391965365
11971,-10.8918316973511
11972,-10.8947239565502
11973,-10.897615974174
11974,-10.900507750263
11975,-10.9033992848574
11976,-10.9062905779977
11977,-10.9091816297242
11978,-10.912072440077
11979,-10.9149630090966
11980,-10.9178533368233
11981,-10.9207434232973
11982,-10.9236332685588
11983,-10.9265228726482
11984,-10.9294122356058
11985,-10.9323013574716
11986,-10.9351902382861
11987,-10.9380788780893
11988,-10.9409672769215
11989,-10.943855434823
11990,-10.9467433518338
11991,-10.9496310279942
11992,-10.9525184633444
11993,-10.9554056579244
11994,-10.9582926117745
11995,-10.9611793249349
11996,-10.9640657974455
11997,-10.9669520293466
11998,-10.9698380206782
11999,-10.9727237714805
12000,-10.9756092817936
12001,-10.9784945516574
12002,-10.9813795811122
12003,-10.9842643701979
12004,-10.9871489189547
12005,-10.9900332274224
12006,-10.9929172956413
12007,-10.9958011236512
12008,-10.9986847114923
12009,-11.0015680592044
12010,-11.0044511668276
12011,-11.007334034402
12012,-11.0102166619673
12013,-11.0130990495637
12014,-11.015981197231
12015,-11.0188631050092
12016,-11.0217447729383
12017,-11.024626201058
12018,-11.0275073894085
12019,-11.0303883380295
12020,-11.0332690469609
12021,-11.0361495162426
12022,-11.0390297459146
12023,-11.0419097360166
12024,-11.0447894865885
12025,-11.0476689976701
12026,-11.0505482693014
12027,-11.053427301522
12028,-11.0563060943718
12029,-11.0591846478906
12030,-11.0620629621183
12031,-11.0649410370945
12032,-11.067818872859
12033,-11.0706964694517
12034,-11.0735738269122
12035,-11.0764509452804
12036,-11.0793278245958
12037,-11.0822044648983
12038,-11.0850808662276
12039,-11.0879570286234
12040,-11.0908329521253
12041,-11.093708636773
12042,-11.0965840826063
12043,-11.0994592896647
12044,-11.102334257988
12045,-11.1052089876157
12046,-11.1080834785876
12047,-11.1109577309431
12048,-11.113831744722
12049,-11.1167055199638
12050,-11.1195790567082
12051,-11.1224523549947
12052,-11.1253254148628
12053,-11.1281982363523
12054,-11.1310708195025
12055,-11.1339431643531
12056,-11.1368152709435
12057,-11.1396871393134
12058,-11.1425587695021
12059,-11.1454301615493
12060,-11.1483013154945
12061,-11.151172231377
12062,-11.1540429092364
12063,-11.1569133491121
12064,-11.1597835510437
12065,-11.1626535150705
12066,-11.1655232412319
12067,-11.1683927295675
12068,-11.1712619801166
12069,-11.1741309929186
12070,-11.1769997680129
12071,-11.179868305439
12072,-11.1827366052361
12073,-11.1856046674437
12074,-11.1884724921011
12075,-11.1913400792477
12076,-11.1942074289227
12077,-11.1970745411656
12078,-11.1999414160156
12079,-11.2028080535121
12080,-11.2056744536943
12081,-11.2085406166016
12082,-11.2114065422732
12083,-11.2142722307483
12084,-11.2171376820663
12085,-11.2200028962664
12086,-11.2228678733878
12087,-11.2257326134698
12088,-11.2285971165516
12089,-11.2314613826724
12090,-11.2343254118714
12091,-11.2371892041878
12092,-11.2400527596607
12093,-11.2429160783294
12094,-11.245779160233
12095,-11.2486420054106
12096,-11.2515046139015
12097,-11.2543669857447
12098,-11.2572291209793
12099,-11.2600910196445
12100,-11.2629526817794
12101,-11.2658141074231
12102,-11.2686752966146
12103,-11.271536249393
12104,-11.2743969657974
12105,-11.2772574458669
12106,-11.2801176896405
12107,-11.2829776971572
12108,-11.2858374684561
12109,-11.2886970035761
12110,-11.2915563025563
12111,-11.2944153654357
12112,-11.2972741922533
12113,-11.300132783048
12114,-11.3029911378588
12115,-11.3058492567247
12116,-11.3087071396847
12117,-11.3115647867776
12118,-11.3144221980423
12119,-11.3172793735179
12120,-11.3201363132432
12121,-11.3229930172572
12122,-11.3258494855986
12123,-11.3287057183065
12124,-11.3315617154196
12125,-11.3344174769769
12126,-11.3372730030171
12127,-11.3401282935792
12128,-11.3429833487019
12129,-11.3458381684242
12130,-11.3486927527847
12131,-11.3515471018223
12132,-11.3544012155758
12133,-11.357255094084
12134,-11.3601087373857
12135,-11.3629621455196
12136,-11.3658153185245
12137,-11.3686682564392
12138,-11.3715209593023
12139,-11.3743734271526
12140,-11.3772256600288
12141,-11.3800776579697
12142,-11.3829294210138
12143,-11.3857809492
12144,-11.3886322425669
12145,-11.3914833011532
12146,-11.3943341249975
12147,-11.3971847141385
12148,-11.4000350686148
12149,-11.402885188465
12150,-11.4057350737279
12151,-11.4085847244419
12152,-11.4114341406457
12153,-11.414283322378
12154,-11.4171322696772
12155,-11.4199809825819
12156,-11.4228294611308
12157,-11.4256777053623
12158,-11.4285257153151
12159,-11.4313734910277
12160,-11.4342210325385
12161,-11.4370683398861
12162,-11.4399154131091
12163,-11.4427622522458
12164,-11.4456088573349
12165,-11.4484552284147
12166,-11.4513013655238
12167,-11.4541472687007
12168,-11.4569929379836
12169,-11.4598383734113
12170,-11.4626835750219
12171,-11.465528542854
12172,-11.468373276946
12173,-11.4712177773363
12174,-11.4740620440633
12175,-11.4769060771653
12176,-11.4797498766808
12177,-11.4825934426481
12178,-11.4854367751056
12179,-11.4882798740916
12180,-11.4911227396444
12181,-11.4939653718024
12182,-11.496807770604
12183,-11.4996499360873
12184,-11.5024918682907
12185,-11.5053335672526
12186,-11.5081750330111
12187,-11.5110162656047
12188,-11.5138572650714
12189,-11.5166980314496
12190,-11.5195385647775
12191,-11.5223788650934
12192,-11.5252189324355
12193,-11.5280587668419
12194,-11.530898368351
12195,-11.5337377370008
12196,-11.5365768728297
12197,-11.5394157758757
12198,-11.5422544461771
12199,-11.5450928837719
12200,-11.5479310886984
12201,-11.5507690609947
12202,-11.5536068006989
12203,-11.5564443078491
12204,-11.5592815824835
12205,-11.5621186246401
12206,-11.5649554343571
12207,-11.5677920116725
12208,-11.5706283566245
12209,-11.573464469251
12210,-11.5763003495901
12211,-11.5791359976799
12212,-11.5819714135585
12213,-11.5848065972637
12214,-11.5876415488338
12215,-11.5904762683066
12216,-11.5933107557202
12217,-11.5961450111125
12218,-11.5989790345216
12219,-11.6018128259854
12220,-11.6046463855419
12221,-11.6074797132291
12222,-11.6103128090848
12223,-11.613145673147
12224,-11.6159783054537
12225,-11.6188107060427
12226,-11.621642874952
12227,-11.6244748122195
12228,-11.627306517883
12229,-11.6301379919805
12230,-11.6329692345497
12231,-11.6358002456286
12232,-11.638631025255
12233,-11.6414615734668
12234,-11.6442918903018
12235,-11.6471219757978
12236,-11.6499518299926
12237,-11.652781452924
12238,-11.6556108446299
12239,-11.658440005148
12240,-11.6612689345161
12241,-11.6640976327719
12242,-11.6669260999533
12243,-11.6697543360979
12244,-11.6725823412435
12245,-11.6754101154279
12246,-11.6782376586887
12247,-11.6810649710638
12248,-11.6838920525906
12249,-11.6867189033071
12250,-11.6895455232508
12251,-11.6923719124595
12252,-11.6951980709707
12253,-11.6980239988222
12254,-11.7008496960516
12255,-11.7036751626966
12256,-11.7065003987947
12257,-11.7093254043836
12258,-11.7121501795009
12259,-11.7149747241843
12260,-11.7177990384712
12261,-11.7206231223993
12262,-11.7234469760062
12263,-11.7262705993293
12264,-11.7290939924064
12265,-11.7319171552749
12266,-11.7347400879723
12267,-11.7375627905363
12268,-11.7403852630042
12269,-11.7432075054137
12270,-11.7460295178021
12271,-11.7488513002071
12272,-11.7516728526661
12273,-11.7544941752166
12274,-11.757315267896
12275,-11.7601361307418
12276,-11.7629567637914
12277,-11.7657771670822
12278,-11.7685973406518
12279,-11.7714172845375
12280,-11.7742369987767
12281,-11.7770564834069
12282,-11.7798757384653
12283,-11.7826947639895
12284,-11.7855135600167
12285,-11.7883321265844
12286,-11.7911504637298
12287,-11.7939685714904
12288,-11.7967864499035
12289,-11.7996040990063
12290,-11.8024215188363
12291,-11.8052387094307
12292,-11.8080556708268
12293,-11.810872403062
12294,-11.8136889061734
12295,-11.8165051801984
12296,-11.8193212251742
12297,-11.8221370411382
12298,-11.8249526281274
12299,-11.8277679861793
12300,-11.8305831153309
12301,-11.8333980156195
12302,-11.8362126870824
12303,-11.8390271297567
12304,-11.8418413436796
12305,-11.8446553288883
12306,-11.8474690854199
12307,-11.8502826133117
12308,-11.8530959126008
12309,-11.8559089833243
12310,-11.8587218255194
12311,-11.8615344392232
12312,-11.8643468244728
12313,-11.8671589813053
12314,-11.8699709097578
12315,-11.8727826098675
12316,-11.8755940816713
12317,-11.8784053252065
12318,-11.8812163405099
12319,-11.8840271276188
12320,-11.8868376865701
12321,-11.8896480174008
12322,-11.8924581201481
12323,-11.8952679948489
12324,-11.8980776415402
12325,-11.900887060259
12326,-11.9036962510424
12327,-11.9065052139272
12328,-11.9093139489506
12329,-11.9121224561494
12330,-11.9149307355606
12331,-11.9177387872211
12332,-11.9205466111679
12333,-11.923354207438
12334,-11.9261615760682
12335,-11.9289687170954
12336,-11.9317756305566
12337,-11.9345823164886
12338,-11.9373887749283
12339,-11.9401950059127
12340,-11.9430010094785
12341,-11.9458067856626
12342,-11.9486123345019
12343,-11.9514176560332
12344,-11.9542227502934
12345,-11.9570276173192
12346,-11.9598322571475
12347,-11.9626366698151
12348,-11.9654408553587
12349,-11.9682448138152
12350,-11.9710485452214
12351,-11.9738520496139
12352,-11.9766553270297
12353,-11.9794583775053
12354,-11.9822612010776
12355,-11.9850637977833
12356,-11.987866167659
12357,-11.9906683107416
12358,-11.9934702270678
12359,-11.9962719166741
12360,-11.9990733795974
12361,-12.0018746158743
12362,-12.0046756255414
12363,-12.0074764086355
12364,-12.0102769651931
12365,-12.0130772952509
12366,-12.0158773988456
12367,-12.0186772760138
12368,-12.0214769267921
12369,-12.024276351217
12370,-12.0270755493253
12371,-12.0298745211535
12372,-12.0326732667381
12373,-12.0354717861157
12374,-12.038270079323
12375,-12.0410681463965
12376,-12.0438659873726
12377,-12.046663602288
12378,-12.0494609911791
12379,-12.0522581540825
12380,-12.0550550910348
12381,-12.0578518020723
12382,-12.0606482872316
12383,-12.0634445465492
12384,-12.0662405800616
12385,-12.0690363878051
12386,-12.0718319698164
12387,-12.0746273261317
12388,-12.0774224567876
12389,-12.0802173618205
12390,-12.0830120412669
12391,-12.085806495163
12392,-12.0886007235454
12393,-12.0913947264504
12394,-12.0941885039144
12395,-12.0969820559738
12396,-12.0997753826649
12397,-12.1025684840242
12398,-12.1053613600879
12399,-12.1081540108924
12400,-12.1109464364741
12401,-12.1137386368693
12402,-12.1165306121142
12403,-12.1193223622453
12404,-12.1221138872987
12405,-12.1249051873108
12406,-12.1276962623178
12407,-12.1304871123561
12408,-12.1332777374619
12409,-12.1360681376715
12410,-12.138858313021
12411,-12.1416482635468
12412,-12.144437989285
12413,-12.1472274902719
12414,-12.1500167665437
12415,-12.1528058181366
12416,-12.1555946450868
12417,-12.1583832474305
12418,-12.1611716252038
12419,-12.1639597784429
12420,-12.166747707184
12421,-12.1695354114632
12422,-12.1723228913167
12423,-12.1751101467806
12424,-12.177897177891
12425,-12.180683984684
12426,-12.1834705671958
12427,-12.1862569254624
12428,-12.1890430595199
12429,-12.1918289694045
12430,-12.1946146551521
12431,-12.1974001167988
12432,-12.2001853543808
12433,-12.202970367934
12434,-12.2057551574944
12435,-12.2085397230982
12436,-12.2113240647813
12437,-12.2141081825797
12438,-12.2168920765294
12439,-12.2196757466665
12440,-12.2224591930269
12441,-12.2252424156466
12442,-12.2280254145615
12443,-12.2308081898076
12444,-12.2335907414209
12445,-12.2363730694373
12446,-12.2391551738927
12447,-12.2419370548231
12448,-12.2447187122643
12449,-12.2475001462524
12450,-12.2502813568231
12451,-12.2530623440123
12452,-12.255843107856
12453,-12.2586236483901
12454,-12.2614039656503
12455,-12.2641840596725
12456,-12.2669639304926
12457,-12.2697435781465
12458,-12.2725230026698
12459,-12.2753022040986
12460,-12.2780811824685
12461,-12.2808599378154
12462,-12.283638470175
12463,-12.2864167795832
12464,-12.2891948660758
12465,-12.2919727296884
12466,-12.294750370457
12467,-12.2975277884171
12468,-12.3003049836046
12469,-12.3030819560551
12470,-12.3058587058045
12471,-12.3086352328884
12472,-12.3114115373426
12473,-12.3141876192026
12474,-12.3169634785044
12475,-12.3197391152834
12476,-12.3225145295754
12477,-12.325289721416
12478,-12.328064690841
12479,-12.3308394378859
12480,-12.3336139625864
12481,-12.3363882649781
12482,-12.3391623450967
12483,-12.3419362029777
12484,-12.3447098386568
12485,-12.3474832521695
12486,-12.3502564435515
12487,-12.3530294128383
12488,-12.3558021600655
12489,-12.3585746852687
12490,-12.3613469884834
12491,-12.3641190697452
12492,-12.3668909290895
12493,-12.369662566552
12494,-12.3724339821681
12495,-12.3752051759733
12496,-12.3779761480032
12497,-12.3807468982933
12498,-12.383517426879
12499,-12.3862877337958
12500,-12.3890578190792
12501,-12.3918276827646
12502,-12.3945973248876
12503,-12.3973667454834
12504,-12.4001359445877
12505,-12.4029049222357
12506,-12.4056736784629
12507,-12.4084422133048
12508,-12.4112105267967
12509,-12.413978618974
12510,-12.4167464898721
12511,-12.4195141395264
12512,-12.4222815679722
12513,-12.4250487752449
12514,-12.4278157613799
12515,-12.4305825264124
12516,-12.4333490703779
12517,-12.4361153933116
12518,-12.4388814952488
12519,-12.441647376225
12520,-12.4444130362753
12521,-12.447178475435
12522,-12.4499436937395
12523,-12.452708691224
12524,-12.4554734679238
12525,-12.4582380238741
12526,-12.4610023591102
12527,-12.4637664736673
12528,-12.4665303675807
12529,-12.4692940408856
12530,-12.4720574936171
12531,-12.4748207258105
12532,-12.477583737501
12533,-12.4803465287238
12534,-12.4831090995141
12535,-12.485871449907
12536,-12.4886335799377
12537,-12.4913954896413
12538,-12.494157179053
12539,-12.496918648208
12540,-12.4996798971414
12541,-12.5024409258882
12542,-12.5052017344836
12543,-12.5079623229628
12544,-12.5107226913607
12545,-12.5134828397126
12546,-12.5162427680534
12547,-12.5190024764182
12548,-12.5217619648422
12549,-12.5245212333603
12550,-12.5272802820077
12551,-12.5300391108192
12552,-12.5327977198301
12553,-12.5355561090752
12554,-12.5383142785897
12555,-12.5410722284084
12556,-12.5438299585665
12557,-12.5465874690989
12558,-12.5493447600405
12559,-12.5521018314264
12560,-12.5548586832915
12561,-12.5576153156707
12562,-12.5603717285991
12563,-12.5631279221115
12564,-12.5658838962429
12565,-12.5686396510282
12566,-12.5713951865022
12567,-12.5741505027
12568,-12.5769055996564
12569,-12.5796604774063
12570,-12.5824151359846
12571,-12.5851695754261
12572,-12.5879237957658
12573,-12.5906777970383
12574,-12.5934315792787
12575,-12.5961851425218
12576,-12.5989384868023
12577,-12.6016916121551
12578,-12.604444518615
12579,-12.6071972062168
12580,-12.6099496749954
12581,-12.6127019249854
12582,-12.6154539562217
12583,-12.6182057687391
12584,-12.6209573625722
12585,-12.6237087377559
12586,-12.626459894325
12587,-12.629210832314
12588,-12.6319615517579
12589,-12.6347120526913
12590,-12.6374623351488
12591,-12.6402123991653
12592,-12.6429622447754
12593,-12.6457118720138
12594,-12.6484612809152
12595,-12.6512104715142
12596,-12.6539594438456
12597,-12.6567081979439
12598,-12.6594567338438
12599,-12.66220505158
12600,-12.6649531511871
12601,-12.6677010326997
12602,-12.6704486961524
12603,-12.6731961415799
12604,-12.6759433690167
12605,-12.6786903784974
12606,-12.6814371700566
12607,-12.6841837437289
12608,-12.6869300995488
12609,-12.6896762375509
12610,-12.6924221577697
12611,-12.6951678602398
12612,-12.6979133449958
12613,-12.700658612072
12614,-12.7034036615032
12615,-12.7061484933236
12616,-12.708893107568
12617,-12.7116375042707
12618,-12.7143816834662
12619,-12.717125645189
12620,-12.7198693894736
12621,-12.7226129163544
12622,-12.7253562258659
12623,-12.7280993180426
12624,-12.7308421929187
12625,-12.7335848505289
12626,-12.7363272909074
12627,-12.7390695140888
12628,-12.7418115201074
12629,-12.7445533089975
12630,-12.7472948807937
12631,-12.7500362355302
12632,-12.7527773732414
12633,-12.7555182939617
12634,-12.7582589977255
12635,-12.760999484567
12636,-12.7637397545207
12637,-12.7664798076208
12638,-12.7692196439016
12639,-12.7719592633976
12640,-12.7746986661429
12641,-12.7774378521719
12642,-12.7801768215188
12643,-12.782915574218
12644,-12.7856541103037
12645,-12.7883924298102
12646,-12.7911305327716
12647,-12.7938684192224
12648,-12.7966060891966
12649,-12.7993435427286
12650,-12.8020807798526
12651,-12.8048178006027
12652,-12.8075546050132
12653,-12.8102911931182
12654,-12.8130275649521
12655,-12.8157637205488
12656,-12.8184996599427
12657,-12.8212353831679
12658,-12.8239708902585
12659,-12.8267061812487
12660,-12.8294412561726
12661,-12.8321761150644
12662,-12.8349107579582
12663,-12.837645184888
12664,-12.8403793958881
12665,-12.8431133909924
12666,-12.8458471702352
12667,-12.8485807336505
12668,-12.8513140812723
12669,-12.8540472131347
12670,-12.8567801292719
12671,-12.8595128297177
12672,-12.8622453145064
12673,-12.8649775836718
12674,-12.8677096372481
12675,-12.8704414752693
12676,-12.8731730977693
12677,-12.8759045047823
12678,-12.8786356963421
12679,-12.8813666724827
12680,-12.8840974332382
12681,-12.8868279786425
12682,-12.8895583087296
12683,-12.8922884235334
12684,-12.8950183230879
12685,-12.897748007427
12686,-12.9004774765846
12687,-12.9032067305947
12688,-12.9059357694912
12689,-12.908664593308
12690,-12.911393202079
12691,-12.914121595838
12692,-12.916849774619
12693,-12.9195777384559
12694,-12.9223054873824
12695,-12.9250330214326
12696,-12.9277603406401
12697,-12.9304874450389
12698,-12.9332143346628
12699,-12.9359410095456
12700,-12.9386674697211
12701,-12.9413937152232
12702,-12.9441197460856
12703,-12.9468455623422
12704,-12.9495711640267
12705,-12.9522965511729
12706,-12.9550217238146
12707,-12.9577466819856
12708,-12.9604714257196
12709,-12.9631959550503
12710,-12.9659202700114
12711,-12.9686443706368
12712,-12.9713682569602
12713,-12.9740919290152
12714,-12.9768153868356
12715,-12.979538630455
12716,-12.9822616599072
12717,-12.9849844752258
12718,-12.9877070764445
12719,-12.990429463597
12720,-12.993151636717
12721,-12.995873595838
12722,-12.9985953409938
12723,-13.0013168722179
12724,-13.0040381895441
12725,-13.0067592930058
12726,-13.0094801826368
12727,-13.0122008584706
12728,-13.0149213205409
12729,-13.0176415688811
12730,-13.020361603525
12731,-13.0230814245061
12732,-13.0258010318578
12733,-13.0285204256139
12734,-13.0312396058078
12735,-13.0339585724731
12736,-13.0366773256433
12737,-13.0393958653519
12738,-13.0421141916325
12739,-13.0448323045186
12740,-13.0475502040436
12741,-13.0502678902411
12742,-13.0529853631446
12743,-13.0557026227874
12744,-13.0584196692032
12745,-13.0611365024253
12746,-13.0638531224872
12747,-13.0665695294223
12748,-13.0692857232642
12749,-13.0720017040462
12750,-13.0747174718017
12751,-13.0774330265642
12752,-13.0801483683671
12753,-13.0828634972437
12754,-13.0855784132274
12755,-13.0882931163518
12756,-13.09100760665
12757,-13.0937218841555
12758,-13.0964359489017
12759,-13.0991498009218
12760,-13.1018634402493
12761,-13.1045768669175
12762,-13.1072900809596
12763,-13.1100030824091
12764,-13.1127158712992
12765,-13.1154284476633
12766,-13.1181408115346
12767,-13.1208529629464
12768,-13.123564901932
12769,-13.1262766285247
12770,-13.1289881427578
12771,-13.1316994446645
12772,-13.134410534278
12773,-13.1371214116316
12774,-13.1398320767585
12775,-13.142542529692
12776,-13.1452527704653
12777,-13.1479627991116
12778,-13.150672615664
12779,-13.1533822201559
12780,-13.1560916126203
12781,-13.1588007930905
12782,-13.1615097615996
12783,-13.1642185181807
12784,-13.1669270628672
12785,-13.169635395692
12786,-13.1723435166884
12787,-13.1750514258894
12788,-13.1777591233282
12789,-13.180466609038
12790,-13.1831738830517
12791,-13.1858809454026
12792,-13.1885877961237
12793,-13.1912944352481
12794,-13.1940008628089
12795,-13.1967070788391
12796,-13.1994130833719
12797,-13.2021188764402
12798,-13.2048244580772
12799,-13.2075298283158
12800,-13.2102349871891
12801,-13.2129399347302
12802,-13.2156446709719
12803,-13.2183491959474
12804,-13.2210535096897
12805,-13.2237576122317
12806,-13.2264615036064
12807,-13.2291651838468
12808,-13.2318686529859
12809,-13.2345719110566
12810,-13.2372749580919
12811,-13.2399777941248
12812,-13.2426804191881
12813,-13.2453828333149
12814,-13.248085036538
12815,-13.2507870288903
12816,-13.2534888104048
12817,-13.2561903811143
12818,-13.2588917410518
12819,-13.2615928902502
12820,-13.2642938287422
12821,-13.2669945565609
12822,-13.2696950737389
12823,-13.2723953803093
12824,-13.2750954763049
12825,-13.2777953617584
12826,-13.2804950367028
12827,-13.2831945011708
12828,-13.2858937551953
12829,-13.288592798809
12830,-13.2912916320448
12831,-13.2939902549355
12832,-13.2966886675138
12833,-13.2993868698126
12834,-13.3020848618645
12835,-13.3047826437025
12836,-13.3074802153591
12837,-13.3101775768672
12838,-13.3128747282595
12839,-13.3155716695688
12840,-13.3182684008277
12841,-13.320964922069
12842,-13.3236612333254
12843,-13.3263573346295
12844,-13.3290532260142
12845,-13.331748907512
12846,-13.3344443791557
12847,-13.3371396409779
12848,-13.3398346930113
12849,-13.3425295352885
12850,-13.3452241678422
12851,-13.347918590705
12852,-13.3506128039096
12853,-13.3533068074886
12854,-13.3560006014746
12855,-13.3586941859002
12856,-13.361387560798
12857,-13.3640807262006
12858,-13.3667736821406
12859,-13.3694664286506
12860,-13.3721589657632
12861,-13.3748512935108
12862,-13.3775434119262
12863,-13.3802353210417
12864,-13.38292702089
12865,-13.3856185115036
12866,-13.3883097929151
12867,-13.3910008651568
12868,-13.3936917282615
12869,-13.3963823822614
12870,-13.3990728271893
12871,-13.4017630630774
12872,-13.4044530899584
12873,-13.4071429078647
12874,-13.4098325168288
12875,-13.4125219168831
12876,-13.41521110806
12877,-13.4179000903921
12878,-13.4205888639117
12879,-13.4232774286513
12880,-13.4259657846432
12881,-13.42865393192
12882,-13.431341870514
12883,-13.4340296004577
12884,-13.4367171217833
12885,-13.4394044345233
12886,-13.4420915387101
12887,-13.444778434376
12888,-13.4474651215534
12889,-13.4501516002746
12890,-13.4528378705721
12891,-13.455523932478
12892,-13.4582097860248
12893,-13.4608954312448
12894,-13.4635808681703
12895,-13.4662660968336
12896,-13.468951117267
12897,-13.4716359295027
12898,-13.4743205335732
12899,-13.4770049295106
12900,-13.4796891173472
12901,-13.4823730971153
12902,-13.4850568688472
12903,-13.4877404325751
12904,-13.4904237883312
12905,-13.4931069361477
12906,-13.4957898760569
12907,-13.4984726080911
12908,-13.5011551322823
12909,-13.5038374486629
12910,-13.506519557265
12911,-13.5092014581208
12912,-13.5118831512625
12913,-13.5145646367222
12914,-13.5172459145321
12915,-13.5199269847244
12916,-13.5226078473313
12917,-13.5252885023848
12918,-13.5279689499171
12919,-13.5306491899603
12920,-13.5333292225466
12921,-13.5360090477081
12922,-13.5386886654768
12923,-13.5413680758849
12924,-13.5440472789645
12925,-13.5467262747476
12926,-13.5494050632663
12927,-13.5520836445527
12928,-13.5547620186388
12929,-13.5574401855567
12930,-13.5601181453385
12931,-13.5627958980162
12932,-13.5654734436218
12933,-13.5681507821873
12934,-13.5708279137448
12935,-13.5735048383262
12936,-13.5761815559636
12937,-13.578858066689
12938,-13.5815343705343
12939,-13.5842104675315
12940,-13.5868863577126
12941,-13.5895620411096
12942,-13.5922375177544
12943,-13.5949127876789
12944,-13.5975878509152
12945,-13.6002627074951
12946,-13.6029373574506
12947,-13.6056118008135
12948,-13.6082860376159
12949,-13.6109600678896
12950,-13.6136338916664
12951,-13.6163075089784
12952,-13.6189809198573
12953,-13.6216541243351
12954,-13.6243271224436
12955,-13.6269999142147
12956,-13.6296724996802
12957,-13.632344878872
12958,-13.6350170518219
12959,-13.6376890185618
12960,-13.6403607791234
12961,-13.6430323335386
12962,-13.6457036818393
12963,-13.6483748240571
12964,-13.6510457602239
12965,-13.6537164903715
12966,-13.6563870145317
12967,-13.6590573327361
12968,-13.6617274450167
12969,-13.6643973514052
12970,-13.6670670519332
12971,-13.6697365466326
12972,-13.6724058355351
12973,-13.6750749186724
12974,-13.6777437960762
12975,-13.6804124677783
12976,-13.6830809338103
12977,-13.685749194204
12978,-13.688417248991
12979,-13.691085098203
12980,-13.6937527418718
12981,-13.6964201800289
12982,-13.699087412706
12983,-13.7017544399349
12984,-13.704421261747
12985,-13.7070878781742
12986,-13.709754289248
12987,-13.712420495
12988,-13.7150864954618
12989,-13.7177522906652
12990,-13.7204178806416
12991,-13.7230832654226
12992,-13.72574844504
12993,-13.7284134195251
12994,-13.7310781889097
12995,-13.7337427532252
12996,-13.7364071125033
12997,-13.7390712667755
12998,-13.7417352160733
12999,-13.7443989604283
13000,-13.747062499872
13001,-13.749725834436
13002,-13.7523889641516
13003,-13.7550518890506
13004,-13.7577146091643
13005,-13.7603771245242
13006,-13.7630394351619
13007,-13.7657015411088
13008,-13.7683634423964
13009,-13.7710251390561
13010,-13.7736866311195
13011,-13.776347918618
13012,-13.7790090015829
13013,-13.7816698800458
13014,-13.7843305540381
13015,-13.7869910235911
13016,-13.7896512887364
13017,-13.7923113495053
13018,-13.7949712059292
13019,-13.7976308580396
13020,-13.8002903058677
13021,-13.802949549445
13022,-13.8056085888028
13023,-13.8082674239726
13024,-13.8109260549857
13025,-13.8135844818733
13026,-13.8162427046669
13027,-13.8189007233979
13028,-13.8215585380974
13029,-13.8242161487969
13030,-13.8268735555277
13031,-13.829530758321
13032,-13.8321877572082
13033,-13.8348445522205
13034,-13.8375011433893
13035,-13.8401575307458
13036,-13.8428137143213
13037,-13.845469694147
13038,-13.8481254702543
13039,-13.8507810426743
13040,-13.8534364114383
13041,-13.8560915765775
13042,-13.8587465381232
13043,-13.8614012961066
13044,-13.8640558505589
13045,-13.8667102015113
13046,-13.8693643489949
13047,-13.8720182930411
13048,-13.874672033681
13049,-13.8773255709456
13050,-13.8799789048664
13051,-13.8826320354742
13052,-13.8852849628005
13053,-13.8879376868762
13054,-13.8905902077325
13055,-13.8932425254006
13056,-13.8958946399116
13057,-13.8985465512966
13058,-13.9011982595867
13059,-13.9038497648131
13060,-13.9065010670068
13061,-13.9091521661989
13062,-13.9118030624204
13063,-13.9144537557026
13064,-13.9171042460764
13065,-13.9197545335729
13066,-13.9224046182232
13067,-13.9250545000583
13068,-13.9277041791092
13069,-13.9303536554071
13070,-13.9330029289828
13071,-13.9356519998675
13072,-13.9383008680921
13073,-13.9409495336877
13074,-13.9435979966852
13075,-13.9462462571157
13076,-13.9488943150101
13077,-13.9515421703994
13078,-13.9541898233146
13079,-13.9568372737866
13080,-13.9594845218464
13081,-13.962131567525
13082,-13.9647784108532
13083,-13.967425051862
13084,-13.9700714905824
13085,-13.9727177270453
13086,-13.9753637612815
13087,-13.978009593322
13088,-13.9806552231977
13089,-13.9833006509395
13090,-13.9859458765782
13091,-13.9885909001448
13092,-13.9912357216701
13093,-13.9938803411849
13094,-13.9965247587202
13095,-13.9991689743067
13096,-14.0018129879754
13097,-14.004456799757
13098,-14.0071004096825
13099,-14.0097438177825
13100,-14.0123870240879
13101,-14.0150300286296
13102,-14.0176728314383
13103,-14.0203154325448
13104,-14.0229578319799
13105,-14.0256000297744
13106,-14.0282420259591
13107,-14.0308838205647
13108,-14.033525413622
13109,-14.0361668051617
13110,-14.0388079952145
13111,-14.0414489838113
13112,-14.0440897709827
13113,-14.0467303567595
13114,-14.0493707411724
13115,-14.0520109242521
13116,-14.0546509060292
13117,-14.0572906865345
13118,-14.0599302657987
13119,-14.0625696438525
13120,-14.0652088207264
13121,-14.0678477964513
13122,-14.0704865710577
13123,-14.0731251445763
13124,-14.0757635170378
13125,-14.0784016884728
13126,-14.0810396589118
13127,-14.0836774283857
13128,-14.0863149969248
13129,-14.08895236456
13130,-14.0915895313217
13131,-14.0942264972406
13132,-14.0968632623473
13133,-14.0994998266723
13134,-14.1021361902462
13135,-14.1047723530996
13136,-14.107408315263
13137,-14.1100440767671
13138,-14.1126796376423
13139,-14.1153149979192
13140,-14.1179501576283
13141,-14.1205851168002
13142,-14.1232198754654
13143,-14.1258544336543
13144,-14.1284887913975
13145,-14.1311229487255
13146,-14.1337569056688
13147,-14.1363906622579
13148,-14.1390242185232
13149,-14.1416575744952
13150,-14.1442907302044
13151,-14.1469236856812
13152,-14.1495564409561
13153,-14.1521889960596
13154,-14.154821351022
13155,-14.1574535058738
13156,-14.1600854606454
13157,-14.1627172153672
13158,-14.1653487700697
13159,-14.1679801247833
13160,-14.1706112795382
13161,-14.173242234365
13162,-14.175872989294
13163,-14.1785035443556
13164,-14.1811338995801
13165,-14.1837640549979
13166,-14.1863940106394
13167,-14.1890237665349
13168,-14.1916533227147
13169,-14.1942826792093
13170,-14.1969118360488
13171,-14.1995407932636
13172,-14.2021695508841
13173,-14.2047981089405
13174,-14.2074264674631
13175,-14.2100546264823
13176,-14.2126825860282
13177,-14.2153103461313
13178,-14.2179379068217
13179,-14.2205652681298
13180,-14.2231924300857
13181,-14.2258193927197
13182,-14.2284461560621
13183,-14.2310727201431
13184,-14.233699084993
13185,-14.2363252506419
13186,-14.23895121712
13187,-14.2415769844577
13188,-14.244202552685
13189,-14.2468279218322
13190,-14.2494530919295
13191,-14.252078063007
13192,-14.2547028350949
13193,-14.2573274082235
13194,-14.2599517824227
13195,-14.2625759577229
13196,-14.2651999341541
13197,-14.2678237117465
13198,-14.2704472905302
13199,-14.2730706705353
13200,-14.275693851792
13201,-14.2783168343304
13202,-14.2809396181805
13203,-14.2835622033726
13204,-14.2861845899366
13205,-14.2888067779027
13206,-14.2914287673009
13207,-14.2940505581613
13208,-14.2966721505139
13209,-14.2992935443889
13210,-14.3019147398163
13211,-14.3045357368261
13212,-14.3071565354483
13213,-14.3097771357131
13214,-14.3123975376503
13215,-14.3150177412901
13216,-14.3176377466624
13217,-14.3202575537973
13218,-14.3228771627247
13219,-14.3254965734746
13220,-14.328115786077
13221,-14.3307348005619
13222,-14.3333536169593
13223,-14.3359722352991
13224,-14.3385906556113
13225,-14.3412088779257
13226,-14.3438269022725
13227,-14.3464447286814
13228,-14.3490623571825
13229,-14.3516797878056
13230,-14.3542970205807
13231,-14.3569140555376
13232,-14.3595308927063
13233,-14.3621475321167
13234,-14.3647639737986
13235,-14.367380217782
13236,-14.3699962640967
13237,-14.3726121127725
13238,-14.3752277638394
13239,-14.3778432173272
13240,-14.3804584732657
13241,-14.3830735316847
13242,-14.3856883926142
13243,-14.3883030560839
13244,-14.3909175221237
13245,-14.3935317907634
13246,-14.3961458620327
13247,-14.3987597359615
13248,-14.4013734125795
13249,-14.4039868919167
13250,-14.4066001740026
13251,-14.4092132588672
13252,-14.4118261465401
13253,-14.4144388370511
13254,-14.4170513304301
13255,-14.4196636267066
13256,-14.4222757259106
13257,-14.4248876280716
13258,-14.4274993332195
13259,-14.4301108413839
13260,-14.4327221525945
13261,-14.4353332668812
13262,-14.4379441842734
13263,-14.4405549048011
13264,-14.4431654284937
13265,-14.4457757553811
13266,-14.4483858854929
13267,-14.4509958188587
13268,-14.4536055555083
13269,-14.4562150954712
13270,-14.4588244387771
13271,-14.4614335854556
13272,-14.4640425355364
13273,-14.4666512890492
13274,-14.4692598460234
13275,-14.4718682064888
13276,-14.4744763704749
13277,-14.4770843380114
13278,-14.4796921091278
13279,-14.4822996838536
13280,-14.4849070622186
13281,-14.4875142442523
13282,-14.4901212299841
13283,-14.4927280194438
13284,-14.4953346126607
13285,-14.4979410096646
13286,-14.5005472104849
13287,-14.5031532151511
13288,-14.5057590236928
13289,-14.5083646361394
13290,-14.5109700525206
13291,-14.5135752728658
13292,-14.5161802972045
13293,-14.5187851255662
13294,-14.5213897579803
13295,-14.5239941944765
13296,-14.526598435084
13297,-14.5292024798324
13298,-14.5318063287512
13299,-14.5344099818698
13300,-14.5370134392177
13301,-14.5396167008242
13302,-14.5422197667189
13303,-14.544822636931
13304,-14.5474253114902
13305,-14.5500277904257
13306,-14.552630073767
13307,-14.5552321615435
13308,-14.5578340537845
13309,-14.5604357505195
13310,-14.5630372517778
13311,-14.5656385575889
13312,-14.5682396679819
13313,-14.5708405829865
13314,-14.5734413026318
13315,-14.5760418269472
13316,-14.5786421559621
13317,-14.5812422897057
13318,-14.5838422282075
13319,-14.5864419714967
13320,-14.5890415196027
13321,-14.5916408725548
13322,-14.5942400303821
13323,-14.5968389931142
13324,-14.5994377607802
13325,-14.6020363334093
13326,-14.604634711031
13327,-14.6072328936744
13328,-14.6098308813689
13329,-14.6124286741436
13330,-14.6150262720278
13331,-14.6176236750507
13332,-14.6202208832417
13333,-14.6228178966298
13334,-14.6254147152444
13335,-14.6280113391147
13336,-14.6306077682697
13337,-14.6332040027389
13338,-14.6358000425512
13339,-14.638395887736
13340,-14.6409915383225
13341,-14.6435869943397
13342,-14.6461822558168
13343,-14.6487773227831
13344,-14.6513721952677
13345,-14.6539668732996
13346,-14.6565613569081
13347,-14.6591556461224
13348,-14.6617497409714
13349,-14.6643436414844
13350,-14.6669373476904
13351,-14.6695308596186
13352,-14.6721241772981
13353,-14.6747173007579
13354,-14.6773102300272
13355,-14.6799029651351
13356,-14.6824955061105
13357,-14.6850878529826
13358,-14.6876800057805
13359,-14.6902719645332
13360,-14.6928637292697
13361,-14.6954553000191
13362,-14.6980466768104
13363,-14.7006378596727
13364,-14.703228848635
13365,-14.7058196437263
13366,-14.7084102449756
13367,-14.7110006524119
13368,-14.7135908660642
13369,-14.7161808859616
13370,-14.7187707121329
13371,-14.7213603446072
13372,-14.7239497834134
13373,-14.7265390285805
13374,-14.7291280801375
13375,-14.7317169381133
13376,-14.7343056025369
13377,-14.7368940734372
13378,-14.7394823508431
13379,-14.7420704347835
13380,-14.7446583252875
13381,-14.7472460223838
13382,-14.7498335261014
13383,-14.7524208364693
13384,-14.7550079535162
13385,-14.7575948772711
13386,-14.7601816077629
13387,-14.7627681450203
13388,-14.7653544890724
13389,-14.767940639948
13390,-14.7705265976759
13391,-14.7731123622849
13392,-14.775697933804
13393,-14.7782833122619
13394,-14.7808684976875
13395,-14.7834534901095
13396,-14.7860382895569
13397,-14.7886228960584
13398,-14.7912073096428
13399,-14.793791530339
13400,-14.7963755581757
13401,-14.7989593931816
13402,-14.8015430353857
13403,-14.8041264848165
13404,-14.806709741503
13405,-14.8092928054739
13406,-14.8118756767579
13407,-14.8144583553837
13408,-14.8170408413802
13409,-14.819623134776
13410,-14.8222052355998
13411,-14.8247871438804
13412,-14.8273688596466
13413,-14.8299503829269
13414,-14.8325317137501
13415,-14.8351128521449
13416,-14.83769379814
13417,-14.8402745517641
13418,-14.8428551130458
13419,-14.8454354820138
13420,-14.8480156586968
13421,-14.8505956431234
13422,-14.8531754353223
13423,-14.8557550353221
13424,-14.8583344431515
13425,-14.860913658839
13426,-14.8634926824134
13427,-14.8660715139031
13428,-14.8686501533369
13429,-14.8712286007434
13430,-14.873806856151
13431,-14.8763849195885
13432,-14.8789627910845
13433,-14.8815404706674
13434,-14.8841179583658
13435,-14.8866952542084
13436,-14.8892723582237
13437,-14.8918492704402
13438,-14.8944259908865
13439,-14.8970025195912
13440,-14.8995788565827
13441,-14.9021550018896
13442,-14.9047309555404
13443,-14.9073067175636
13444,-14.9098822879878
13445,-14.9124576668414
13446,-14.9150328541529
13447,-14.9176078499509
13448,-14.9201826542637
13449,-14.92275726712
13450,-14.9253316885481
13451,-14.9279059185765
13452,-14.9304799572337
13453,-14.9330538045481
13454,-14.9356274605482
13455,-14.9382009252624
13456,-14.9407741987192
13457,-14.9433472809469
13458,-14.945920171974
13459,-14.9484928718289
13460,-14.95106538054
13461,-14.9536376981358
13462,-14.9562098246445
13463,-14.9587817600946
13464,-14.9613535045145
13465,-14.9639250579325
13466,-14.9664964203771
13467,-14.9690675918766
13468,-14.9716385724592
13469,-14.9742093621535
13470,-14.9767799609877
13471,-14.9793503689902
13472,-14.9819205861892
13473,-14.9844906126132
13474,-14.9870604482905
13475,-14.9896300932493
13476,-14.9921995475179
13477,-14.9947688111247
13478,-14.997337884098
13479,-14.999906766466
13480,-15.002475458257
13481,-15.0050439594994
13482,-15.0076122702213
13483,-15.010180390451
13484,-15.0127483202168
13485,-15.0153160595469
13486,-15.0178836084696
13487,-15.0204509670131
13488,-15.0230181352057
13489,-15.0255851130755
13490,-15.0281519006508
13491,-15.0307184979599
13492,-15.0332849050308
13493,-15.0358511218918
13494,-15.0384171485711
13495,-15.0409829850969
13496,-15.0435486314973
13497,-15.0461140878006
13498,-15.0486793540349
13499,-15.0512444302283
13500,-15.0538093164091
13501,-15.0563740126053
13502,-15.0589385188451
13503,-15.0615028351567
13504,-15.0640669615682
13505,-15.0666308981076
13506,-15.0691946448032
13507,-15.071758201683
13508,-15.0743215687752
13509,-15.0768847461078
13510,-15.0794477337089
13511,-15.0820105316066
13512,-15.084573139829
13513,-15.0871355584042
13514,-15.0896977873602
13515,-15.0922598267251
13516,-15.094821676527
13517,-15.0973833367938
13518,-15.0999448075538
13519,-15.1025060888347
13520,-15.1050671806649
13521,-15.1076280830721
13522,-15.1101887960845
13523,-15.1127493197301
13524,-15.1153096540368
13525,-15.1178697990327
13526,-15.1204297547458
13527,-15.122989521204
13528,-15.1255490984353
13529,-15.1281084864678
13530,-15.1306676853293
13531,-15.1332266950479
13532,-15.1357855156514
13533,-15.138344147168
13534,-15.1409025896253
13535,-15.1434608430516
13536,-15.1460189074745
13537,-15.1485767829222
13538,-15.1511344694224
13539,-15.1536919670032
13540,-15.1562492756923
13541,-15.1588063955178
13542,-15.1613633265075
13543,-15.1639200686893
13544,-15.1664766220911
13545,-15.1690329867408
13546,-15.1715891626661
13547,-15.1741451498951
13548,-15.1767009484555
13549,-15.1792565583752
13550,-15.181811979682
13551,-15.1843672124039
13552,-15.1869222565685
13553,-15.1894771122038
13554,-15.1920317793375
13555,-15.1945862579975
13556,-15.1971405482116
13557,-15.1996946500076
13558,-15.2022485634132
13559,-15.2048022884563
13560,-15.2073558251647
13561,-15.2099091735661
13562,-15.2124623336883
13563,-15.215015305559
13564,-15.2175680892061
13565,-15.2201206846572
13566,-15.2226730919402
13567,-15.2252253110827
13568,-15.2277773421125
13569,-15.2303291850574
13570,-15.2328808399449
13571,-15.235432306803
13572,-15.2379835856592
13573,-15.2405346765413
13574,-15.2430855794769
13575,-15.2456362944938
13576,-15.2481868216197
13577,-15.2507371608821
13578,-15.2532873123089
13579,-15.2558372759276
13580,-15.258387051766
13581,-15.2609366398516
13582,-15.2634860402122
13583,-15.2660352528753
13584,-15.2685842778687
13585,-15.2711331152198
13586,-15.2736817649565
13587,-15.2762302271062
13588,-15.2787785016966
13589,-15.2813265887552
13590,-15.2838744883098
13591,-15.2864222003879
13592,-15.288969725017
13593,-15.2915170622248
13594,-15.2940642120388
13595,-15.2966111744867
13596,-15.2991579495959
13597,-15.301704537394
13598,-15.3042509379085
13599,-15.3067971511671
13600,-15.3093431771973
13601,-15.3118890160265
13602,-15.3144346676823
13603,-15.3169801321923
13604,-15.3195254095839
13605,-15.3220704998847
13606,-15.3246154031221
13607,-15.3271601193237
13608,-15.329704648517
13609,-15.3322489907293
13610,-15.3347931459883
13611,-15.3373371143213
13612,-15.3398808957559
13613,-15.3424244903195
13614,-15.3449678980396
13615,-15.3475111189435
13616,-15.3500541530588
13617,-15.3525970004129
13618,-15.3551396610332
13619,-15.3576821349472
13620,-15.3602244221821
13621,-15.3627665227656
13622,-15.3653084367249
13623,-15.3678501640875
13624,-15.3703917048808
13625,-15.3729330591321
13626,-15.3754742268688
13627,-15.3780152081183
13628,-15.380556002908
13629,-15.3830966112653
13630,-15.3856370332175
13631,-15.3881772687919
13632,-15.3907173180158
13633,-15.3932571809168
13634,-15.395796857522
13635,-15.3983363478587
13636,-15.4008756519544
13637,-15.4034147698364
13638,-15.4059537015318
13639,-15.4084924470681
13640,-15.4110310064726
13641,-15.4135693797724
13642,-15.416107566995
13643,-15.4186455681676
13644,-15.4211833833174
13645,-15.4237210124718
13646,-15.426258455658
13647,-15.4287957129032
13648,-15.4313327842347
13649,-15.4338696696798
13650,-15.4364063692656
13651,-15.4389428830194
13652,-15.4414792109685
13653,-15.44401535314
13654,-15.4465513095612
13655,-15.4490870802593
13656,-15.4516226652614
13657,-15.4541580645949
13658,-15.4566932782867
13659,-15.4592283063643
13660,-15.4617631488546
13661,-15.4642978057849
13662,-15.4668322771824
13663,-15.4693665630742
13664,-15.4719006634875
13665,-15.4744345784494
13666,-15.476968307987
13667,-15.4795018521276
13668,-15.4820352108982
13669,-15.4845683843259
13670,-15.4871013724379
13671,-15.4896341752612
13672,-15.4921667928231
13673,-15.4946992251505
13674,-15.4972314722706
13675,-15.4997635342105
13676,-15.5022954109972
13677,-15.5048271026578
13678,-15.5073586092195
13679,-15.5098899307092
13680,-15.512421067154
13681,-15.514952018581
13682,-15.5174827850171
13683,-15.5200133664896
13684,-15.5225437630253
13685,-15.5250739746514
13686,-15.5276040013948
13687,-15.5301338432825
13688,-15.5326635003417
13689,-15.5351929725991
13690,-15.537722260082
13691,-15.5402513628173
13692,-15.5427802808318
13693,-15.5453090141528
13694,-15.547837562807
13695,-15.5503659268215
13696,-15.5528941062233
13697,-15.5554221010392
13698,-15.5579499112963
13699,-15.5604775370215
13700,-15.5630049782418
13701,-15.565532234984
13702,-15.5680593072751
13703,-15.570586195142
13704,-15.5731128986117
13705,-15.575639417711
13706,-15.5781657524669
13707,-15.5806919029062
13708,-15.5832178690559
13709,-15.5857436509428
13710,-15.5882692485939
13711,-15.5907946620359
13712,-15.5933198912957
13713,-15.5958449364003
13714,-15.5983697973765
13715,-15.6008944742511
13716,-15.603418967051
13717,-15.605943275803
13718,-15.6084674005339
13719,-15.6109913412706
13720,-15.6135150980399
13721,-15.6160386708687
13722,-15.6185620597836
13723,-15.6210852648116
13724,-15.6236082859794
13725,-15.6261311233139
13726,-15.6286537768418
13727,-15.6311762465898
13728,-15.6336985325848
13729,-15.6362206348536
13730,-15.6387425534228
13731,-15.6412642883194
13732,-15.6437858395699
13733,-15.6463072072012
13734,-15.64882839124
13735,-15.651349391713
13736,-15.653870208647
13737,-15.6563908420686
13738,-15.6589112920047
13739,-15.6614315584818
13740,-15.6639516415268
13741,-15.6664715411663
13742,-15.6689912574271
13743,-15.6715107903357
13744,-15.6740301399189
13745,-15.6765493062033
13746,-15.6790682892157
13747,-15.6815870889826
13748,-15.6841057055309
13749,-15.686624138887
13750,-15.6891423890777
13751,-15.6916604561295
13752,-15.6941783400692
13753,-15.6966960409233
13754,-15.6992135587186
13755,-15.7017308934815
13756,-15.7042480452387
13757,-15.7067650140169
13758,-15.7092817998425
13759,-15.7117984027423
13760,-15.7143148227428
13761,-15.7168310598705
13762,-15.7193471141522
13763,-15.7218629856142
13764,-15.7243786742833
13765,-15.7268941801859
13766,-15.7294095033486
13767,-15.731924643798
13768,-15.7344396015606
13769,-15.736954376663
13770,-15.7394689691316
13771,-15.741983378993
13772,-15.7444976062737
13773,-15.7470116510003
13774,-15.7495255131992
13775,-15.7520391928969
13776,-15.75455269012
13777,-15.7570660048949
13778,-15.7595791372481
13779,-15.7620920872061
13780,-15.7646048547954
13781,-15.7671174400424
13782,-15.7696298429737
13783,-15.7721420636155
13784,-15.7746541019945
13785,-15.777165958137
13786,-15.7796776320695
13787,-15.7821891238184
13788,-15.7847004334102
13789,-15.7872115608712
13790,-15.789722506228
13791,-15.7922332695068
13792,-15.7947438507341
13793,-15.7972542499363
13794,-15.7997644671398
13795,-15.802274502371
13796,-15.8047843556562
13797,-15.8072940270219
13798,-15.8098035164944
13799,-15.8123128241
13800,-15.8148219498652
13801,-15.8173308938162
13802,-15.8198396559795
13803,-15.8223482363814
13804,-15.8248566350481
13805,-15.8273648520061
13806,-15.8298728872816
13807,-15.832380740901
13808,-15.8348884128907
13809,-15.8373959032768
13810,-15.8399032120857
13811,-15.8424103393436
13812,-15.844917285077
13813,-15.847424049312
13814,-15.849930632075
13815,-15.8524370333922
13816,-15.8549432532899
13817,-15.8574492917943
13818,-15.8599551489318
13819,-15.8624608247285
13820,-15.8649663192106
13821,-15.8674716324045
13822,-15.8699767643364
13823,-15.8724817150325
13824,-15.874986484519
13825,-15.8774910728221
13826,-15.8799954799681
13827,-15.8824997059831
13828,-15.8850037508933
13829,-15.887507614725
13830,-15.8900112975043
13831,-15.8925147992574
13832,-15.8950181200105
13833,-15.8975212597897
13834,-15.9000242186213
13835,-15.9025269965313
13836,-15.905029593546
13837,-15.9075320096914
13838,-15.9100342449938
13839,-15.9125362994792
13840,-15.9150381731738
13841,-15.9175398661037
13842,-15.9200413782951
13843,-15.9225427097739
13844,-15.9250438605665
13845,-15.9275448306988
13846,-15.9300456201969
13847,-15.932546229087
13848,-15.9350466573951
13849,-15.9375469051473
13850,-15.9400469723696
13851,-15.9425468590883
13852,-15.9450465653292
13853,-15.9475460911185
13854,-15.9500454364822
13855,-15.9525446014464
13856,-15.9550435860371
13857,-15.9575423902804
13858,-15.9600410142022
13859,-15.9625394578286
13860,-15.9650377211856
13861,-15.9675358042992
13862,-15.9700337071954
13863,-15.9725314299003
13864,-15.9750289724398
13865,-15.9775263348399
13866,-15.9800235171266
13867,-15.9825205193259
13868,-15.9850173414637
13869,-15.9875139835661
13870,-15.9900104456589
13871,-15.9925067277681
13872,-15.9950028299198
13873,-15.9974987521397
13874,-15.9999944944539
13875,-16.0024900568884
13876,-16.0049854394689
13877,-16.0074806422215
13878,-16.009975665172
13879,-16.0124705083465
13880,-16.0149651717707
13881,-16.0174596554706
13882,-16.019953959472
13883,-16.022448083801
13884,-16.0249420284832
13885,-16.0274357935447
13886,-16.0299293790113
13887,-16.0324227849089
13888,-16.0349160112632
13889,-16.0374090581003
13890,-16.0399019254459
13891,-16.0423946133258
13892,-16.0448871217659
13893,-16.0473794507921
13894,-16.0498716004302
13895,-16.0523635707059
13896,-16.0548553616452
13897,-16.0573469732737
13898,-16.0598384056174
13899,-16.062329658702
13900,-16.0648207325533
13901,-16.0673116271971
13902,-16.0698023426592
13903,-16.0722928789654
13904,-16.0747832361413
13905,-16.0772734142129
13906,-16.0797634132058
13907,-16.0822532331459
13908,-16.0847428740588
13909,-16.0872323359703
13910,-16.0897216189062
13911,-16.0922107228921
13912,-16.0946996479538
13913,-16.0971883941171
13914,-16.0996769614076
13915,-16.102165349851
13916,-16.1046535594731
13917,-16.1071415902995
13918,-16.109629442356
13919,-16.1121171156683
13920,-16.1146046102619
13921,-16.1170919261626
13922,-16.1195790633962
13923,-16.1220660219881
13924,-16.1245528019641
13925,-16.1270394033499
13926,-16.1295258261711
13927,-16.1320120704533
13928,-16.1344981362222
13929,-16.1369840235034
13930,-16.1394697323225
13931,-16.1419552627052
13932,-16.1444406146771
13933,-16.1469257882637
13934,-16.1494107834908
13935,-16.1518956003838
13936,-16.1543802389685
13937,-16.1568646992703
13938,-16.1593489813149
13939,-16.1618330851278
13940,-16.1643170107346
13941,-16.1668007581609
13942,-16.1692843274322
13943,-16.1717677185741
13944,-16.1742509316122
13945,-16.1767339665719
13946,-16.1792168234789
13947,-16.1816995023586
13948,-16.1841820032366
13949,-16.1866643261385
13950,-16.1891464710896
13951,-16.1916284381156
13952,-16.194110227242
13953,-16.1965918384942
13954,-16.1990732718977
13955,-16.201554527478
13956,-16.2040356052607
13957,-16.2065165052712
13958,-16.2089972275349
13959,-16.2114777720774
13960,-16.2139581389241
13961,-16.2164383281004
13962,-16.2189183396318
13963,-16.2213981735438
13964,-16.2238778298618
13965,-16.2263573086112
13966,-16.2288366098175
13967,-16.231315733506
13968,-16.2337946797023
13969,-16.2362734484317
13970,-16.2387520397195
13971,-16.2412304535914
13972,-16.2437086900725
13973,-16.2461867491883
13974,-16.2486646309643
13975,-16.2511423354257
13976,-16.253619862598
13977,-16.2560972125065
13978,-16.2585743851765
13979,-16.2610513806336
13980,-16.2635281989029
13981,-16.2660048400099
13982,-16.2684813039798
13983,-16.2709575908381
13984,-16.2734337006101
13985,-16.275909633321
13986,-16.2783853889963
13987,-16.2808609676611
13988,-16.2833363693409
13989,-16.2858115940609
13990,-16.2882866418465
13991,-16.2907615127229
13992,-16.2932362067154
13993,-16.2957107238493
13994,-16.2981850641499
13995,-16.3006592276424
13996,-16.3031332143521
13997,-16.3056070243043
13998,-16.3080806575243
13999,-16.3105541140372
14000,-16.3130273938683
14001,-16.3155004970429
14002,-16.3179734235862
14003,-16.3204461735235
14004,-16.3229187468798
14005,-16.3253911436806
14006,-16.3278633639509
14007,-16.330335407716
14008,-16.3328072750011
14009,-16.3352789658314
14010,-16.3377504802321
14011,-16.3402218182283
14012,-16.3426929798452
14013,-16.3451639651081
14014,-16.3476347740421
14015,-16.3501054066723
14016,-16.3525758630239
14017,-16.3550461431221
14018,-16.3575162469919
14019,-16.3599861746587
14020,-16.3624559261474
14021,-16.3649255014832
14022,-16.3673949006913
14023,-16.3698641237967
14024,-16.3723331708246
14025,-16.3748020418002
14026,-16.3772707367484
14027,-16.3797392556943
14028,-16.3822075986632
14029,-16.3846757656801
14030,-16.38714375677
14031,-16.3896115719581
14032,-16.3920792112693
14033,-16.3945466747289
14034,-16.3970139623617
14035,-16.399481074193
14036,-16.4019480102477
14037,-16.4044147705509
14038,-16.4068813551277
14039,-16.409347764003
14040,-16.4118139972019
14041,-16.4142800547494
14042,-16.4167459366706
14043,-16.4192116429904
14044,-16.4216771737339
14045,-16.424142528926
14046,-16.4266077085918
14047,-16.4290727127562
14048,-16.4315375414443
14049,-16.434002194681
14050,-16.4364666724914
14051,-16.4389309749002
14052,-16.4413951019326
14053,-16.4438590536136
14054,-16.4463228299679
14055,-16.4487864310207
14056,-16.4512498567968
14057,-16.4537131073211
14058,-16.4561761826187
14059,-16.4586390827145
14060,-16.4611018076333
14061,-16.4635643574001
14062,-16.4660267320397
14063,-16.4684889315772
14064,-16.4709509560374
14065,-16.4734128054452
14066,-16.4758744798255
14067,-16.4783359792032
14068,-16.4807973036031
14069,-16.4832584530502
14070,-16.4857194275692
14071,-16.4881802271851
14072,-16.4906408519228
14073,-16.493101301807
14074,-16.4955615768627
14075,-16.4980216771146
14076,-16.5004816025877
14077,-16.5029413533067
14078,-16.5054009292964
14079,-16.5078603305818
14080,-16.5103195571876
14081,-16.5127786091386
14082,-16.5152374864596
14083,-16.5176961891754
14084,-16.5201547173109
14085,-16.5226130708908
14086,-16.5250712499398
14087,-16.5275292544829
14088,-16.5299870845447
14089,-16.5324447401501
14090,-16.5349022213237
14091,-16.5373595280904
14092,-16.5398166604749
14093,-16.5422736185019
14094,-16.5447304021962
14095,-16.5471870115826
14096,-16.5496434466857
14097,-16.5520997075303
14098,-16.5545557941411
14099,-16.5570117065428
14100,-16.5594674447602
14101,-16.5619230088179
14102,-16.5643783987407
14103,-16.5668336145532
14104,-16.5692886562801
14105,-16.5717435239461
14106,-16.574198217576
14107,-16.5766527371943
14108,-16.5791070828258
14109,-16.581561254495
14110,-16.5840152522268
14111,-16.5864690760456
14112,-16.5889227259762
14113,-16.5913762020432
14114,-16.5938295042713
14115,-16.5962826326851
14116,-16.5987355873091
14117,-16.6011883681681
14118,-16.6036409752866
14119,-16.6060934086893
14120,-16.6085456684008
14121,-16.6109977544456
14122,-16.6134496668483
14123,-16.6159014056337
14124,-16.6183529708261
14125,-16.6208043624503
14126,-16.6232555805308
14127,-16.6257066250921
14128,-16.6281574961589
14129,-16.6306081937557
14130,-16.633058717907
14131,-16.6355090686374
14132,-16.6379592459714
14133,-16.6404092499336
14134,-16.6428590805485
14135,-16.6453087378406
14136,-16.6477582218345
14137,-16.6502075325547
14138,-16.6526566700257
14139,-16.6551056342719
14140,-16.657554425318
14141,-16.6600030431884
14142,-16.6624514879075
14143,-16.6648997594999
14144,-16.6673478579901
14145,-16.6697957834025
14146,-16.6722435357616
14147,-16.6746911150919
14148,-16.6771385214178
14149,-16.6795857547638
14150,-16.6820328151543
14151,-16.6844797026138
14152,-16.6869264171667
14153,-16.6893729588375
14154,-16.6918193276506
14155,-16.6942655236304
14156,-16.6967115468013
14157,-16.6991573971877
14158,-16.7016030748141
14159,-16.7040485797049
14160,-16.7064939118844
14161,-16.708939071377
14162,-16.7113840582072
14163,-16.7138288723993
14164,-16.7162735139777
14165,-16.7187179829668
14166,-16.7211622793909
14167,-16.7236064032744
14168,-16.7260503546417
14169,-16.728494133517
14170,-16.7309377399249
14171,-16.7333811738895
14172,-16.7358244354353
14173,-16.7382675245865
14174,-16.7407104413675
14175,-16.7431531858026
14176,-16.7455957579162
14177,-16.7480381577325
14178,-16.7504803852758
14179,-16.7529224405705
14180,-16.7553643236408
14181,-16.7578060345111
14182,-16.7602475732055
14183,-16.7626889397485
14184,-16.7651301341643
14185,-16.767571156477
14186,-16.7700120067111
14187,-16.7724526848908
14188,-16.7748931910403
14189,-16.7773335251838
14190,-16.7797736873457
14191,-16.7822136775501
14192,-16.7846534958213
14193,-16.7870931421835
14194,-16.7895326166609
14195,-16.7919719192778
14196,-16.7944110500584
14197,-16.7968500090269
14198,-16.7992887962074
14199,-16.8017274116242
14200,-16.8041658553015
14201,-16.8066041272634
14202,-16.8090422275342
14203,-16.811480156138
14204,-16.8139179130991
14205,-16.8163554984414
14206,-16.8187929121893
14207,-16.8212301543669
14208,-16.8236672249983
14209,-16.8261041241077
14210,-16.8285408517192
14211,-16.8309774078569
14212,-16.8334137925451
14213,-16.8358500058077
14214,-16.838286047669
14215,-16.8407219181531
14216,-16.843157617284
14217,-16.8455931450859
14218,-16.8480285015829
14219,-16.850463686799
14220,-16.8528987007584
14221,-16.8553335434851
14222,-16.8577682150033
14223,-16.860202715337
14224,-16.8626370445102
14225,-16.8650712025471
14226,-16.8675051894717
14227,-16.869939005308
14228,-16.8723726500801
14229,-16.8748061238121
14230,-16.877239426528
14231,-16.8796725582518
14232,-16.8821055190076
14233,-16.8845383088193
14234,-16.886970927711
14235,-16.8894033757068
14236,-16.8918356528306
14237,-16.8942677591064
14238,-16.8966996945582
14239,-16.8991314592101
14240,-16.901563053086
14241,-16.9039944762098
14242,-16.9064257286057
14243,-16.9088568102975
14244,-16.9112877213092
14245,-16.9137184616649
14246,-16.9161490313883
14247,-16.9185794305036
14248,-16.9210096590346
14249,-16.9234397170053
14250,-16.9258696044396
14251,-16.9282993213615
14252,-16.9307288677949
14253,-16.9331582437637
14254,-16.9355874492919
14255,-16.9380164844033
14256,-16.9404453491219
14257,-16.9428740434715
14258,-16.9453025674761
14259,-16.9477309211595
14260,-16.9501591045457
14261,-16.9525871176586
14262,-16.9550149605219
14263,-16.9574426331596
14264,-16.9598701355956
14265,-16.9622974678537
14266,-16.9647246299578
14267,-16.9671516219316
14268,-16.9695784437992
14269,-16.9720050955843
14270,-16.9744315773108
14271,-16.9768578890024
14272,-16.979284030683
14273,-16.9817100023765
14274,-16.9841358041067
14275,-16.9865614358974
14276,-16.9889868977723
14277,-16.9914121897553
14278,-16.9938373118702
14279,-16.9962622641408
14280,-16.9986870465908
14281,-17.0011116592441
14282,-17.0035361021245
14283,-17.0059603752556
14284,-17.0083844786613
14285,-17.0108084123654
14286,-17.0132321763915
14287,-17.0156557707635
14288,-17.0180791955051
14289,-17.02050245064
14290,-17.022925536192
14291,-17.0253484521849
14292,-17.0277711986422
14293,-17.0301937755878
14294,-17.0326161830455
14295,-17.0350384210388
14296,-17.0374604895915
14297,-17.0398823887273
14298,-17.04230411847
14299,-17.0447256788431
14300,-17.0471470698705
14301,-17.0495682915757
14302,-17.0519893439825
14303,-17.0544102271145
14304,-17.0568309409954
14305,-17.0592514856488
14306,-17.0616718610985
14307,-17.0640920673681
14308,-17.0665121044811
14309,-17.0689319724614
14310,-17.0713516713325
14311,-17.073771201118
14312,-17.0761905618415
14313,-17.0786097535268
14314,-17.0810287761974
14315,-17.0834476298769
14316,-17.085866314589
14317,-17.0882848303572
14318,-17.0907031772051
14319,-17.0931213551564
14320,-17.0955393642346
14321,-17.0979572044633
14322,-17.1003748758661
14323,-17.1027923784666
14324,-17.1052097122883
14325,-17.1076268773548
14326,-17.1100438736897
14327,-17.1124607013165
14328,-17.1148773602588
14329,-17.1172938505401
14330,-17.1197101721839
14331,-17.1221263252138
14332,-17.1245423096534
14333,-17.1269581255261
14334,-17.1293737728555
14335,-17.131789251665
14336,-17.1342045619782
14337,-17.1366197038187
14338,-17.1390346772098
14339,-17.1414494821751
14340,-17.1438641187381
14341,-17.1462785869223
14342,-17.1486928867512
14343,-17.1511070182482
14344,-17.1535209814367
14345,-17.1559347763404
14346,-17.1583484029826
14347,-17.1607618613867
14348,-17.1631751515763
14349,-17.1655882735748
14350,-17.1680012274056
14351,-17.1704140130922
14352,-17.172826630658
14353,-17.1752390801264
14354,-17.1776513615209
14355,-17.1800634748648
14356,-17.1824754201816
14357,-17.1848871974947
14358,-17.1872988068275
14359,-17.1897102482033
14360,-17.1921215216457
14361,-17.1945326271779
14362,-17.1969435648233
14363,-17.1993543346054
14364,-17.2017649365475
14365,-17.204175370673
14366,-17.2065856370052
14367,-17.2089957355675
14368,-17.2114056663833
14369,-17.2138154294758
14370,-17.2162250248685
14371,-17.2186344525847
14372,-17.2210437126477
14373,-17.2234528050808
14374,-17.2258617299074
14375,-17.2282704871508
14376,-17.2306790768343
14377,-17.2330874989813
14378,-17.2354957536149
14379,-17.2379038407586
14380,-17.2403117604356
14381,-17.2427195126692
14382,-17.2451270974827
14383,-17.2475345148993
14384,-17.2499417649425
14385,-17.2523488476353
14386,-17.2547557630012
14387,-17.2571625110632
14388,-17.2595690918448
14389,-17.2619755053692
14390,-17.2643817516596
14391,-17.2667878307392
14392,-17.2691937426313
14393,-17.2715994873591
14394,-17.2740050649459
14395,-17.2764104754149
14396,-17.2788157187892
14397,-17.2812207950921
14398,-17.2836257043469
14399,-17.2860304465766
14400,-17.2884350218046
14401,-17.290839430054
14402,-17.293243671348
14403,-17.2956477457097
14404,-17.2980516531625
14405,-17.3004553937293
14406,-17.3028589674335
14407,-17.3052623742981
14408,-17.3076656143464
14409,-17.3100686876014
14410,-17.3124715940864
14411,-17.3148743338244
14412,-17.3172769068387
14413,-17.3196793131523
14414,-17.3220815527885
14415,-17.3244836257702
14416,-17.3268855321207
14417,-17.329287271863
14418,-17.3316888450203
14419,-17.3340902516156
14420,-17.3364914916722
14421,-17.338892565213
14422,-17.3412934722611
14423,-17.3436942128398
14424,-17.3460947869719
14425,-17.3484951946807
14426,-17.3508954359892
14427,-17.3532955109204
14428,-17.3556954194974
14429,-17.3580951617433
14430,-17.3604947376812
14431,-17.362894147334
14432,-17.3652933907249
14433,-17.3676924678768
14434,-17.3700913788128
14435,-17.372490123556
14436,-17.3748887021293
14437,-17.3772871145558
14438,-17.3796853608585
14439,-17.3820834410604
14440,-17.3844813551845
14441,-17.3868791032539
14442,-17.3892766852914
14443,-17.3916741013201
14444,-17.3940713513631
14445,-17.3964684354432
14446,-17.3988653535835
14447,-17.4012621058069
14448,-17.4036586921363
14449,-17.4060551125949
14450,-17.4084513672054
14451,-17.4108474559909
14452,-17.4132433789744
14453,-17.4156391361787
14454,-17.4180347276268
14455,-17.4204301533416
14456,-17.4228254133461
14457,-17.4252205076632
14458,-17.4276154363158
14459,-17.4300101993269
14460,-17.4324047967193
14461,-17.4347992285159
14462,-17.4371934947397
14463,-17.4395875954135
14464,-17.4419815305602
14465,-17.4443753002028
14466,-17.4467689043641
14467,-17.449162343067
14468,-17.4515556163343
14469,-17.453948724189
14470,-17.4563416666538
14471,-17.4587344437517
14472,-17.4611270555055
14473,-17.4635195019381
14474,-17.4659117830722
14475,-17.4683038989308
14476,-17.4706958495367
14477,-17.4730876349126
14478,-17.4754792550815
14479,-17.4778707100661
14480,-17.4802619998894
14481,-17.4826531245739
14482,-17.4850440841427
14483,-17.4874348786185
14484,-17.489825508024
14485,-17.4922159723821
14486,-17.4946062717156
14487,-17.4969964060472
14488,-17.4993863753998
14489,-17.501776179796
14490,-17.5041658192587
14491,-17.5065552938107
14492,-17.5089446034746
14493,-17.5113337482733
14494,-17.5137227282295
14495,-17.516111543366
14496,-17.5185001937054
14497,-17.5208886792705
14498,-17.5232770000841
14499,-17.5256651561689
14500,-17.5280531475476
14501,-17.5304409742428
14502,-17.5328286362775
14503,-17.5352161336741
14504,-17.5376034664555
14505,-17.5399906346444
14506,-17.5423776382633
14507,-17.5447644773351
14508,-17.5471511518824
14509,-17.5495376619279
14510,-17.5519240074943
14511,-17.5543101886042
14512,-17.5566962052803
14513,-17.5590820575452
14514,-17.5614677454217
14515,-17.5638532689323
14516,-17.5662386280998
14517,-17.5686238229467
14518,-17.5710088534956
14519,-17.5733937197694
14520,-17.5757784217904
14521,-17.5781629595815
14522,-17.5805473331652
14523,-17.582931542564
14524,-17.5853155878007
14525,-17.5876994688978
14526,-17.590083185878
14527,-17.5924667387637
14528,-17.5948501275777
14529,-17.5972333523425
14530,-17.5996164130806
14531,-17.6019993098147
14532,-17.6043820425674
14533,-17.6067646113611
14534,-17.6091470162185
14535,-17.6115292571621
14536,-17.6139113342145
14537,-17.6162932473982
14538,-17.6186749967358
14539,-17.6210565822498
14540,-17.6234380039627
14541,-17.6258192618971
14542,-17.6282003560755
14543,-17.6305812865204
14544,-17.6329620532543
14545,-17.6353426562998
14546,-17.6377230956793
14547,-17.6401033714154
14548,-17.6424834835305
14549,-17.6448634320472
14550,-17.6472432169879
14551,-17.6496228383752
14552,-17.6520022962314
14553,-17.6543815905791
14554,-17.6567607214408
14555,-17.6591396888388
14556,-17.6615184927957
14557,-17.663897133334
14558,-17.666275610476
14559,-17.6686539242442
14560,-17.6710320746611
14561,-17.6734100617491
14562,-17.6757878855307
14563,-17.6781655460282
14564,-17.6805430432641
14565,-17.6829203772608
14566,-17.6852975480407
14567,-17.6876745556263
14568,-17.6900514000398
14569,-17.6924280813039
14570,-17.6948045994407
14571,-17.6971809544728
14572,-17.6995571464225
14573,-17.7019331753122
14574,-17.7043090411642
14575,-17.706684744001
14576,-17.7090602838449
14577,-17.7114356607183
14578,-17.7138108746436
14579,-17.716185925643
14580,-17.7185608137389
14581,-17.7209355389538
14582,-17.7233101013098
14583,-17.7256845008294
14584,-17.728058737535
14585,-17.7304328114487
14586,-17.732806722593
14587,-17.7351804709901
14588,-17.7375540566624
14589,-17.7399274796322
14590,-17.7423007399218
14591,-17.7446738375535
14592,-17.7470467725495
14593,-17.7494195449323
14594,-17.7517921547239
14595,-17.7541646019469
14596,-17.7565368866233
14597,-17.7589090087755
14598,-17.7612809684258
14599,-17.7636527655964
14600,-17.7660244003095
14601,-17.7683958725875
14602,-17.7707671824526
14603,-17.773138329927
14604,-17.775509315033
14605,-17.7778801377927
14606,-17.7802507982285
14607,-17.7826212963625
14608,-17.7849916322171
14609,-17.7873618058143
14610,-17.7897318171764
14611,-17.7921016663256
14612,-17.7944713532842
14613,-17.7968408780742
14614,-17.799210240718
14615,-17.8015794412377
14616,-17.8039484796555
14617,-17.8063173559935
14618,-17.808686070274
14619,-17.8110546225191
14620,-17.8134230127509
14621,-17.8157912409917
14622,-17.8181593072637
14623,-17.8205272115888
14624,-17.8228949539894
14625,-17.8252625344875
14626,-17.8276299531053
14627,-17.829997209865
14628,-17.8323643047886
14629,-17.8347312378982
14630,-17.8370980092161
14631,-17.8394646187643
14632,-17.8418310665649
14633,-17.8441973526401
14634,-17.8465634770119
14635,-17.8489294397024
14636,-17.8512952407338
14637,-17.8536608801281
14638,-17.8560263579075
14639,-17.8583916740939
14640,-17.8607568287094
14641,-17.8631218217763
14642,-17.8654866533164
14643,-17.8678513233519
14644,-17.8702158319048
14645,-17.8725801789972
14646,-17.8749443646512
14647,-17.8773083888887
14648,-17.8796722517318
14649,-17.8820359532026
14650,-17.8843994933231
14651,-17.8867628721152
14652,-17.8891260896012
14653,-17.8914891458028
14654,-17.8938520407422
14655,-17.8962147744414
14656,-17.8985773469224
14657,-17.9009397582071
14658,-17.9033020083176
14659,-17.9056640972759
14660,-17.9080260251039
14661,-17.9103877918237
14662,-17.9127493974571
14663,-17.9151108420262
14664,-17.917472125553
14665,-17.9198332480594
14666,-17.9221942095673
14667,-17.9245550100988
14668,-17.9269156496757
14669,-17.9292761283201
14670,-17.9316364460538
14671,-17.9339966028988
14672,-17.936356598877
14673,-17.9387164340104
14674,-17.9410761083209
14675,-17.9434356218304
14676,-17.9457949745608
14677,-17.948154166534
14678,-17.9505131977719
14679,-17.9528720682965
14680,-17.9552307781295
14681,-17.957589327293
14682,-17.9599477158088
14683,-17.9623059436988
14684,-17.9646640109849
14685,-17.9670219176889
14686,-17.9693796638327
14687,-17.9717372494381
14688,-17.9740946745271
14689,-17.9764519391215
14690,-17.9788090432431
14691,-17.9811659869139
14692,-17.9835227701555
14693,-17.9858793929899
14694,-17.988235855439
14695,-17.9905921575244
14696,-17.9929482992681
14697,-17.9953042806919
14698,-17.9976601018176
14699,-18.000015762667
14700,-18.0023712632619
14701,-18.0047266036241
14702,-18.0070817837754
14703,-18.0094368037376
14704,-18.0117916635326
14705,-18.014146363182
14706,-18.0165009027076
14707,-18.0188552821313
14708,-18.0212095014748
14709,-18.0235635607599
14710,-18.0259174600084
14711,-18.0282711992419
14712,-18.0306247784822
14713,-18.0329781977512
14714,-18.0353314570705
14715,-18.0376845564619
14716,-18.0400374959471
14717,-18.0423902755479
14718,-18.0447428952859
14719,-18.047095355183
14720,-18.0494476552607
14721,-18.0517997955409
14722,-18.0541517760453
14723,-18.0565035967955
14724,-18.0588552578132
14725,-18.0612067591202
14726,-18.0635581007381
14727,-18.0659092826886
14728,-18.0682603049935
14729,-18.0706111676743
14730,-18.0729618707528
14731,-18.0753124142506
14732,-18.0776627981894
14733,-18.0800130225909
14734,-18.0823630874767
14735,-18.0847129928684
14736,-18.0870627387878
14737,-18.0894123252564
14738,-18.0917617522959
14739,-18.0941110199279
14740,-18.0964601281741
14741,-18.0988090770561
14742,-18.1011578665954
14743,-18.1035064968138
14744,-18.1058549677328
14745,-18.1082032793741
14746,-18.1105514317592
14747,-18.1128994249098
14748,-18.1152472588474
14749,-18.1175949335936
14750,-18.11994244917
14751,-18.1222898055982
14752,-18.1246370028998
14753,-18.1269840410964
14754,-18.1293309202095
14755,-18.1316776402606
14756,-18.1340242012714
14757,-18.1363706032634
14758,-18.1387168462581
14759,-18.1410629302771
14760,-18.1434088553419
14761,-18.1457546214741
14762,-18.1481002286953
14763,-18.1504456770268
14764,-18.1527909664903
14765,-18.1551360971073
14766,-18.1574810688993
14767,-18.1598258818878
14768,-18.1621705360943
14769,-18.1645150315403
14770,-18.1668593682474
14771,-18.1692035462369
14772,-18.1715475655305
14773,-18.1738914261495
14774,-18.1762351281155
14775,-18.1785786714499
14776,-18.1809220561742
14777,-18.18326528231
14778,-18.1856083498785
14779,-18.1879512589014
14780,-18.1902940094
14781,-18.1926366013959
14782,-18.1949790349104
14783,-18.197321309965
14784,-18.1996634265811
14785,-18.2020053847802
14786,-18.2043471845837
14787,-18.206688826013
14788,-18.2090303090896
14789,-18.2113716338348
14790,-18.2137128002701
14791,-18.2160538084168
14792,-18.2183946582964
14793,-18.2207353499303
14794,-18.2230758833399
14795,-18.2254162585465
14796,-18.2277564755716
14797,-18.2300965344365
14798,-18.2324364351626
14799,-18.2347761777713
14800,-18.2371157622839
14801,-18.2394551887218
14802,-18.2417944571064
14803,-18.244133567459
14804,-18.246472519801
14805,-18.2488113141537
14806,-18.2511499505385
14807,-18.2534884289766
14808,-18.2558267494895
14809,-18.2581649120984
14810,-18.2605029168248
14811,-18.2628407636898
14812,-18.2651784527148
14813,-18.2675159839212
14814,-18.2698533573302
14815,-18.2721905729632
14816,-18.2745276308414
14817,-18.2768645309861
14818,-18.2792012734187
14819,-18.2815378581604
14820,-18.2838742852324
14821,-18.2862105546562
14822,-18.2885466664529
14823,-18.2908826206437
14824,-18.2932184172501
14825,-18.2955540562932
14826,-18.2978895377943
14827,-18.3002248617746
14828,-18.3025600282555
14829,-18.304895037258
14830,-18.3072298888036
14831,-18.3095645829133
14832,-18.3118991196085
14833,-18.3142334989103
14834,-18.31656772084
14835,-18.3189017854188
14836,-18.321235692668
14837,-18.3235694426086
14838,-18.325903035262
14839,-18.3282364706493
14840,-18.3305697487917
14841,-18.3329028697104
14842,-18.3352358334267
14843,-18.3375686399616
14844,-18.3399012893364
14845,-18.3422337815722
14846,-18.3445661166902
14847,-18.3468982947116
14848,-18.3492303156575
14849,-18.3515621795491
14850,-18.3538938864075
14851,-18.3562254362539
14852,-18.3585568291095
14853,-18.3608880649953
14854,-18.3632191439326
14855,-18.3655500659424
14856,-18.3678808310458
14857,-18.3702114392641
14858,-18.3725418906182
14859,-18.3748721851294
14860,-18.3772023228187
14861,-18.3795323037073
14862,-18.3818621278162
14863,-18.3841917951665
14864,-18.3865213057794
14865,-18.3888506596759
14866,-18.3911798568771
14867,-18.3935088974041
14868,-18.3958377812779
14869,-18.3981665085197
14870,-18.4004950791505
14871,-18.4028234931913
14872,-18.4051517506633
14873,-18.4074798515874
14874,-18.4098077959848
14875,-18.4121355838765
14876,-18.4144632152834
14877,-18.4167906902268
14878,-18.4191180087275
14879,-18.4214451708066
14880,-18.4237721764852
14881,-18.4260990257842
14882,-18.4284257187247
14883,-18.4307522553278
14884,-18.4330786356143
14885,-18.4354048596053
14886,-18.4377309273218
14887,-18.4400568387848
14888,-18.4423825940154
14889,-18.4447081930344
14890,-18.4470336358628
14891,-18.4493589225217
14892,-18.451684053032
14893,-18.4540090274147
14894,-18.4563338456908
14895,-18.4586585078812
14896,-18.4609830140068
14897,-18.4633073640886
14898,-18.4656315581477
14899,-18.4679555962048
14900,-18.470279478281
14901,-18.4726032043972
14902,-18.4749267745743
14903,-18.4772501888333
14904,-18.479573447195
14905,-18.4818965496805
14906,-18.4842194963105
14907,-18.4865422871061
14908,-18.4888649220881
14909,-18.4911874012775
14910,-18.493509724695
14911,-18.4958318923617
14912,-18.4981539042985
14913,-18.5004757605261
14914,-18.5027974610655
14915,-18.5051190059375
14916,-18.5074403951631
14917,-18.5097616287631
14918,-18.5120827067584
14919,-18.5144036291698
14920,-18.5167243960181
14921,-18.5190450073243
14922,-18.5213654631092
14923,-18.5236857633937
14924,-18.5260059081984
14925,-18.5283258975444
14926,-18.5306457314525
14927,-18.5329654099434
14928,-18.5352849330379
14929,-18.537604300757
14930,-18.5399235131214
14931,-18.5422425701519
14932,-18.5445614718694
14933,-18.5468802182946
14934,-18.5491988094483
14935,-18.5515172453514
14936,-18.5538355260246
14937,-18.5561536514887
14938,-18.5584716217644
14939,-18.5607894368727
14940,-18.5631070968341
14941,-18.5654246016696
14942,-18.5677419513998
14943,-18.5700591460456
14944,-18.5723761856276
14945,-18.5746930701667
14946,-18.5770097996836
14947,-18.5793263741989
14948,-18.5816427937336
14949,-18.5839590583083
14950,-18.5862751679436
14951,-18.5885911226605
14952,-18.5909069224795
14953,-18.5932225674215
14954,-18.595538057507
14955,-18.5978533927569
14956,-18.6001685731918
14957,-18.6024835988324
14958,-18.6047984696995
14959,-18.6071131858137
14960,-18.6094277471957
14961,-18.6117421538662
14962,-18.6140564058459
14963,-18.6163705031555
14964,-18.6186844458156
14965,-18.6209982338469
14966,-18.62331186727
14967,-18.6256253461057
14968,-18.6279386703746
14969,-18.6302518400972
14970,-18.6325648552944
14971,-18.6348777159867
14972,-18.6371904221948
14973,-18.6395029739393
14974,-18.6418153712408
14975,-18.64412761412
14976,-18.6464397025974
14977,-18.6487516366938
14978,-18.6510634164297
14979,-18.6533750418257
14980,-18.6556865129025
14981,-18.6579978296805
14982,-18.6603089921806
14983,-18.6626200004231
14984,-18.6649308544288
14985,-18.6672415542182
14986,-18.6695520998119
14987,-18.6718624912305
14988,-18.6741727284945
14989,-18.6764828116245
14990,-18.6787927406411
14991,-18.6811025155648
14992,-18.6834121364162
14993,-18.6857216032159
14994,-18.6880309159844
14995,-18.6903400747422
14996,-18.6926490795099
14997,-18.694957930308
14998,-18.6972666271571
14999,-18.6995751700777
15000,-18.7018835590903
